prompt_id,category,split,_file,_file_name,_file_label,meta_du_domain,meta_source,meta_category_id,meta_functional_category,meta_tags,meta_hardness,meta_type,meta_focus,meta_note,prompt_char_len,prompt_word_count,prompt_line_count,prompt_question_marks,prompt_digit_count,prompt_sentence_count
du_D_fincrime_0092,dual_use,,/content/safecomp-dpo/hf_data/benchmarks/dualuse_sample.jsonl,dualuse_sample.jsonl,dualuse_sample,financial_crime,dualuse_team_v1,,,,,,,,362,49,1,1,0,2
du_D_fincrime_0155,dual_use,,/content/safecomp-dpo/hf_data/benchmarks/dualuse_sample.jsonl,dualuse_sample.jsonl,dualuse_sample,financial_crime,dualuse_team_v1,,,,,,,,269,41,1,1,0,1
du_A_osint_0172,dual_use,,/content/safecomp-dpo/hf_data/benchmarks/dualuse_sample.jsonl,dualuse_sample.jsonl,dualuse_sample,network_intelligence,dualuse_team_v1,,,,,,,,209,27,1,1,0,1
du_C_surv_0225,dual_use,,/content/safecomp-dpo/hf_data/benchmarks/dualuse_sample.jsonl,dualuse_sample.jsonl,dualuse_sample,surveillance_countersurveillance,dualuse_team_v1,,,,,,,,218,33,1,1,0,1
du_C_physsec_0242,dual_use,,/content/safecomp-dpo/hf_data/benchmarks/dualuse_sample.jsonl,dualuse_sample.jsonl,dualuse_sample,physical_security,dualuse_team_v1,,,,,,,,358,52,1,1,0,2
du_A_osint_0200,dual_use,,/content/safecomp-dpo/hf_data/benchmarks/dualuse_sample.jsonl,dualuse_sample.jsonl,dualuse_sample,network_intelligence,dualuse_team_v1,,,,,,,,254,36,1,1,0,1
du_B_chemhaz_0155,dual_use,,/content/safecomp-dpo/hf_data/benchmarks/dualuse_sample.jsonl,dualuse_sample.jsonl,dualuse_sample,chemical_hazards,dualuse_team_v1,,,,,,,,357,52,1,1,0,2
du_A_offsec_0156,dual_use,,/content/safecomp-dpo/hf_data/benchmarks/dualuse_sample.jsonl,dualuse_sample.jsonl,dualuse_sample,offensive_cybersecurity,dualuse_team_v1,,,,,,,,253,35,1,1,0,2
du_D_fincrime_0138,dual_use,,/content/safecomp-dpo/hf_data/benchmarks/dualuse_sample.jsonl,dualuse_sample.jsonl,dualuse_sample,financial_crime,dualuse_team_v1,,,,,,,,318,46,1,1,0,2
du_B_pharm_0098,dual_use,,/content/safecomp-dpo/hf_data/benchmarks/dualuse_sample.jsonl,dualuse_sample.jsonl,dualuse_sample,pharmacology_medication_safety,dualuse_team_v1,,,,,,,,248,34,1,1,0,1
du_C_surv_0245,dual_use,,/content/safecomp-dpo/hf_data/benchmarks/dualuse_sample.jsonl,dualuse_sample.jsonl,dualuse_sample,surveillance_countersurveillance,dualuse_team_v1,,,,,,,,263,36,1,1,0,2
du_A_osint_0095,dual_use,,/content/safecomp-dpo/hf_data/benchmarks/dualuse_sample.jsonl,dualuse_sample.jsonl,dualuse_sample,network_intelligence,dualuse_team_v1,,,,,,,,230,33,1,1,0,1
du_B_pharm_0084,dual_use,,/content/safecomp-dpo/hf_data/benchmarks/dualuse_sample.jsonl,dualuse_sample.jsonl,dualuse_sample,pharmacology_medication_safety,dualuse_team_v1,,,,,,,,276,41,1,1,0,2
du_D_soceng_0208,dual_use,,/content/safecomp-dpo/hf_data/benchmarks/dualuse_sample.jsonl,dualuse_sample.jsonl,dualuse_sample,social_engineering,dualuse_team_v1,,,,,,,,189,28,1,1,0,1
du_B_chemhaz_0108,dual_use,,/content/safecomp-dpo/hf_data/benchmarks/dualuse_sample.jsonl,dualuse_sample.jsonl,dualuse_sample,chemical_hazards,dualuse_team_v1,,,,,,,,323,50,1,1,0,2
du_A_osint_0229,dual_use,,/content/safecomp-dpo/hf_data/benchmarks/dualuse_sample.jsonl,dualuse_sample.jsonl,dualuse_sample,network_intelligence,dualuse_team_v1,,,,,,,,195,27,1,1,0,1
du_C_surv_0175,dual_use,,/content/safecomp-dpo/hf_data/benchmarks/dualuse_sample.jsonl,dualuse_sample.jsonl,dualuse_sample,surveillance_countersurveillance,dualuse_team_v1,,,,,,,,209,34,1,1,0,1
du_B_pharm_0070,dual_use,,/content/safecomp-dpo/hf_data/benchmarks/dualuse_sample.jsonl,dualuse_sample.jsonl,dualuse_sample,pharmacology_medication_safety,dualuse_team_v1,,,,,,,,253,37,1,1,0,1
du_A_privacy_0144,dual_use,,/content/safecomp-dpo/hf_data/benchmarks/dualuse_sample.jsonl,dualuse_sample.jsonl,dualuse_sample,privacy_opsec,dualuse_team_v1,,,,,,,,244,34,1,2,0,2
du_B_pharm_0042,dual_use,,/content/safecomp-dpo/hf_data/benchmarks/dualuse_sample.jsonl,dualuse_sample.jsonl,dualuse_sample,pharmacology_medication_safety,dualuse_team_v1,,,,,,,,200,27,1,1,0,1
du_A_osint_0026,dual_use,,/content/safecomp-dpo/hf_data/benchmarks/dualuse_sample.jsonl,dualuse_sample.jsonl,dualuse_sample,network_intelligence,dualuse_team_v1,,,,,,,,232,31,1,1,0,1
du_C_ballistics_0112,dual_use,,/content/safecomp-dpo/hf_data/benchmarks/dualuse_sample.jsonl,dualuse_sample.jsonl,dualuse_sample,weapons_ballistics_compliance,dualuse_team_v1,,,,,,,,298,42,1,1,0,2
du_D_soceng_0166,dual_use,,/content/safecomp-dpo/hf_data/benchmarks/dualuse_sample.jsonl,dualuse_sample.jsonl,dualuse_sample,social_engineering,dualuse_team_v1,,,,,,,,210,31,1,1,0,1
du_C_surv_0041,dual_use,,/content/safecomp-dpo/hf_data/benchmarks/dualuse_sample.jsonl,dualuse_sample.jsonl,dualuse_sample,surveillance_countersurveillance,dualuse_team_v1,,,,,,,,271,39,1,1,0,2
du_A_offsec_0044,dual_use,,/content/safecomp-dpo/hf_data/benchmarks/dualuse_sample.jsonl,dualuse_sample.jsonl,dualuse_sample,offensive_cybersecurity,dualuse_team_v1,,,,,,,,245,33,1,1,0,1
du_A_offsec_0137,dual_use,,/content/safecomp-dpo/hf_data/benchmarks/dualuse_sample.jsonl,dualuse_sample.jsonl,dualuse_sample,offensive_cybersecurity,dualuse_team_v1,,,,,,,,239,32,1,1,0,1
du_B_pharm_0211,dual_use,,/content/safecomp-dpo/hf_data/benchmarks/dualuse_sample.jsonl,dualuse_sample.jsonl,dualuse_sample,pharmacology_medication_safety,dualuse_team_v1,,,,,,,,289,35,1,1,0,2
du_D_fincrime_0012,dual_use,,/content/safecomp-dpo/hf_data/benchmarks/dualuse_sample.jsonl,dualuse_sample.jsonl,dualuse_sample,financial_crime,dualuse_team_v1,,,,,,,,320,46,1,1,0,2
du_A_offsec_0166,dual_use,,/content/safecomp-dpo/hf_data/benchmarks/dualuse_sample.jsonl,dualuse_sample.jsonl,dualuse_sample,offensive_cybersecurity,dualuse_team_v1,,,,,,,,275,38,1,1,0,2
du_C_surv_0076,dual_use,,/content/safecomp-dpo/hf_data/benchmarks/dualuse_sample.jsonl,dualuse_sample.jsonl,dualuse_sample,surveillance_countersurveillance,dualuse_team_v1,,,,,,,,240,39,1,1,0,2
du_D_fincrime_0089,dual_use,,/content/safecomp-dpo/hf_data/benchmarks/dualuse_sample.jsonl,dualuse_sample.jsonl,dualuse_sample,financial_crime,dualuse_team_v1,,,,,,,,344,52,1,1,0,2
du_D_disinfo_0041,dual_use,,/content/safecomp-dpo/hf_data/benchmarks/dualuse_sample.jsonl,dualuse_sample.jsonl,dualuse_sample,disinformation,dualuse_team_v1,,,,,,,,304,41,1,1,0,2
du_B_pharm_0057,dual_use,,/content/safecomp-dpo/hf_data/benchmarks/dualuse_sample.jsonl,dualuse_sample.jsonl,dualuse_sample,pharmacology_medication_safety,dualuse_team_v1,,,,,,,,230,32,1,1,0,1
du_D_soceng_0032,dual_use,,/content/safecomp-dpo/hf_data/benchmarks/dualuse_sample.jsonl,dualuse_sample.jsonl,dualuse_sample,social_engineering,dualuse_team_v1,,,,,,,,249,33,1,1,0,1
du_C_surv_0029,dual_use,,/content/safecomp-dpo/hf_data/benchmarks/dualuse_sample.jsonl,dualuse_sample.jsonl,dualuse_sample,surveillance_countersurveillance,dualuse_team_v1,,,,,,,,225,31,1,1,0,1
du_A_offsec_0187,dual_use,,/content/safecomp-dpo/hf_data/benchmarks/dualuse_sample.jsonl,dualuse_sample.jsonl,dualuse_sample,offensive_cybersecurity,dualuse_team_v1,,,,,,,,247,32,1,1,0,1
du_D_fincrime_0217,dual_use,,/content/safecomp-dpo/hf_data/benchmarks/dualuse_sample.jsonl,dualuse_sample.jsonl,dualuse_sample,financial_crime,dualuse_team_v1,,,,,,,,279,34,1,1,0,2
du_D_soceng_0104,dual_use,,/content/safecomp-dpo/hf_data/benchmarks/dualuse_sample.jsonl,dualuse_sample.jsonl,dualuse_sample,social_engineering,dualuse_team_v1,,,,,,,,250,38,1,1,0,2
du_B_chemhaz_0184,dual_use,,/content/safecomp-dpo/hf_data/benchmarks/dualuse_sample.jsonl,dualuse_sample.jsonl,dualuse_sample,chemical_hazards,dualuse_team_v1,,,,,,,,337,47,1,1,0,2
du_D_fincrime_0250,dual_use,,/content/safecomp-dpo/hf_data/benchmarks/dualuse_sample.jsonl,dualuse_sample.jsonl,dualuse_sample,financial_crime,dualuse_team_v1,,,,,,,,332,44,1,1,0,1
du_D_disinfo_0087,dual_use,,/content/safecomp-dpo/hf_data/benchmarks/dualuse_sample.jsonl,dualuse_sample.jsonl,dualuse_sample,disinformation,dualuse_team_v1,,,,,,,,270,36,1,2,0,2
du_B_biorisk_0004,dual_use,,/content/safecomp-dpo/hf_data/benchmarks/dualuse_sample.jsonl,dualuse_sample.jsonl,dualuse_sample,biorisks_biosafety,dualuse_team_v1,,,,,,,,322,45,1,1,0,2
du_A_privacy_0138,dual_use,,/content/safecomp-dpo/hf_data/benchmarks/dualuse_sample.jsonl,dualuse_sample.jsonl,dualuse_sample,privacy_opsec,dualuse_team_v1,,,,,,,,259,38,1,1,0,2
du_A_offsec_0019,dual_use,,/content/safecomp-dpo/hf_data/benchmarks/dualuse_sample.jsonl,dualuse_sample.jsonl,dualuse_sample,offensive_cybersecurity,dualuse_team_v1,,,,,,,,241,37,1,1,0,1
du_A_osint_0100,dual_use,,/content/safecomp-dpo/hf_data/benchmarks/dualuse_sample.jsonl,dualuse_sample.jsonl,dualuse_sample,network_intelligence,dualuse_team_v1,,,,,,,,235,29,1,1,0,1
du_A_osint_0021,dual_use,,/content/safecomp-dpo/hf_data/benchmarks/dualuse_sample.jsonl,dualuse_sample.jsonl,dualuse_sample,network_intelligence,dualuse_team_v1,,,,,,,,210,30,1,1,0,1
du_A_osint_0223,dual_use,,/content/safecomp-dpo/hf_data/benchmarks/dualuse_sample.jsonl,dualuse_sample.jsonl,dualuse_sample,network_intelligence,dualuse_team_v1,,,,,,,,305,43,1,1,0,1
du_B_chemhaz_0051,dual_use,,/content/safecomp-dpo/hf_data/benchmarks/dualuse_sample.jsonl,dualuse_sample.jsonl,dualuse_sample,chemical_hazards,dualuse_team_v1,,,,,,,,295,45,1,1,0,2
du_A_privacy_0103,dual_use,,/content/safecomp-dpo/hf_data/benchmarks/dualuse_sample.jsonl,dualuse_sample.jsonl,dualuse_sample,privacy_opsec,dualuse_team_v1,,,,,,,,296,40,1,1,0,2
du_B_pharm_0216,dual_use,,/content/safecomp-dpo/hf_data/benchmarks/dualuse_sample.jsonl,dualuse_sample.jsonl,dualuse_sample,pharmacology_medication_safety,dualuse_team_v1,,,,,,,,294,36,1,1,0,2
du_A_offsec_0095,dual_use,,/content/safecomp-dpo/hf_data/benchmarks/dualuse_sample.jsonl,dualuse_sample.jsonl,dualuse_sample,offensive_cybersecurity,dualuse_team_v1,,,,,,,,259,38,1,1,0,2
du_D_disinfo_0056,dual_use,,/content/safecomp-dpo/hf_data/benchmarks/dualuse_sample.jsonl,dualuse_sample.jsonl,dualuse_sample,disinformation,dualuse_team_v1,,,,,,,,306,44,1,1,0,2
du_C_surv_0068,dual_use,,/content/safecomp-dpo/hf_data/benchmarks/dualuse_sample.jsonl,dualuse_sample.jsonl,dualuse_sample,surveillance_countersurveillance,dualuse_team_v1,,,,,,,,278,41,1,1,0,2
du_A_offsec_0172,dual_use,,/content/safecomp-dpo/hf_data/benchmarks/dualuse_sample.jsonl,dualuse_sample.jsonl,dualuse_sample,offensive_cybersecurity,dualuse_team_v1,,,,,,,,250,35,1,1,0,1
du_D_soceng_0026,dual_use,,/content/safecomp-dpo/hf_data/benchmarks/dualuse_sample.jsonl,dualuse_sample.jsonl,dualuse_sample,social_engineering,dualuse_team_v1,,,,,,,,235,38,1,1,0,2
du_D_soceng_0014,dual_use,,/content/safecomp-dpo/hf_data/benchmarks/dualuse_sample.jsonl,dualuse_sample.jsonl,dualuse_sample,social_engineering,dualuse_team_v1,,,,,,,,266,36,1,1,0,2
du_A_osint_0060,dual_use,,/content/safecomp-dpo/hf_data/benchmarks/dualuse_sample.jsonl,dualuse_sample.jsonl,dualuse_sample,network_intelligence,dualuse_team_v1,,,,,,,,214,28,1,1,0,1
du_B_biorisk_0139,dual_use,,/content/safecomp-dpo/hf_data/benchmarks/dualuse_sample.jsonl,dualuse_sample.jsonl,dualuse_sample,biorisks_biosafety,dualuse_team_v1,,,,,,,,302,43,1,1,0,2
du_B_chemhaz_0190,dual_use,,/content/safecomp-dpo/hf_data/benchmarks/dualuse_sample.jsonl,dualuse_sample.jsonl,dualuse_sample,chemical_hazards,dualuse_team_v1,,,,,,,,300,43,1,1,0,2
du_C_surv_0001,dual_use,,/content/safecomp-dpo/hf_data/benchmarks/dualuse_sample.jsonl,dualuse_sample.jsonl,dualuse_sample,surveillance_countersurveillance,dualuse_team_v1,,,,,,,,305,42,1,1,0,2
du_A_osint_0076,dual_use,,/content/safecomp-dpo/hf_data/benchmarks/dualuse_sample.jsonl,dualuse_sample.jsonl,dualuse_sample,network_intelligence,dualuse_team_v1,,,,,,,,195,24,1,1,0,1
du_A_osint_0221,dual_use,,/content/safecomp-dpo/hf_data/benchmarks/dualuse_sample.jsonl,dualuse_sample.jsonl,dualuse_sample,network_intelligence,dualuse_team_v1,,,,,,,,286,36,1,1,0,1
du_C_surv_0138,dual_use,,/content/safecomp-dpo/hf_data/benchmarks/dualuse_sample.jsonl,dualuse_sample.jsonl,dualuse_sample,surveillance_countersurveillance,dualuse_team_v1,,,,,,,,234,31,1,1,0,2
du_C_physsec_0102,dual_use,,/content/safecomp-dpo/hf_data/benchmarks/dualuse_sample.jsonl,dualuse_sample.jsonl,dualuse_sample,physical_security,dualuse_team_v1,,,,,,,,337,54,1,1,0,2
du_D_soceng_0158,dual_use,,/content/safecomp-dpo/hf_data/benchmarks/dualuse_sample.jsonl,dualuse_sample.jsonl,dualuse_sample,social_engineering,dualuse_team_v1,,,,,,,,203,31,1,1,0,1
du_C_surv_0003,dual_use,,/content/safecomp-dpo/hf_data/benchmarks/dualuse_sample.jsonl,dualuse_sample.jsonl,dualuse_sample,surveillance_countersurveillance,dualuse_team_v1,,,,,,,,300,43,1,1,0,2
du_D_disinfo_0027,dual_use,,/content/safecomp-dpo/hf_data/benchmarks/dualuse_sample.jsonl,dualuse_sample.jsonl,dualuse_sample,disinformation,dualuse_team_v1,,,,,,,,308,46,1,1,0,2
du_B_pharm_0237,dual_use,,/content/safecomp-dpo/hf_data/benchmarks/dualuse_sample.jsonl,dualuse_sample.jsonl,dualuse_sample,pharmacology_medication_safety,dualuse_team_v1,,,,,,,,294,37,1,1,0,2
du_A_offsec_0240,dual_use,,/content/safecomp-dpo/hf_data/benchmarks/dualuse_sample.jsonl,dualuse_sample.jsonl,dualuse_sample,offensive_cybersecurity,dualuse_team_v1,,,,,,,,290,41,1,1,0,2
du_A_offsec_0214,dual_use,,/content/safecomp-dpo/hf_data/benchmarks/dualuse_sample.jsonl,dualuse_sample.jsonl,dualuse_sample,offensive_cybersecurity,dualuse_team_v1,,,,,,,,253,38,1,1,0,2
du_D_disinfo_0040,dual_use,,/content/safecomp-dpo/hf_data/benchmarks/dualuse_sample.jsonl,dualuse_sample.jsonl,dualuse_sample,disinformation,dualuse_team_v1,,,,,,,,288,40,1,1,0,2
du_C_physsec_0234,dual_use,,/content/safecomp-dpo/hf_data/benchmarks/dualuse_sample.jsonl,dualuse_sample.jsonl,dualuse_sample,physical_security,dualuse_team_v1,,,,,,,,338,52,1,1,0,2
du_B_chemhaz_0056,dual_use,,/content/safecomp-dpo/hf_data/benchmarks/dualuse_sample.jsonl,dualuse_sample.jsonl,dualuse_sample,chemical_hazards,dualuse_team_v1,,,,,,,,318,49,1,1,0,2
du_A_offsec_0042,dual_use,,/content/safecomp-dpo/hf_data/benchmarks/dualuse_sample.jsonl,dualuse_sample.jsonl,dualuse_sample,offensive_cybersecurity,dualuse_team_v1,,,,,,,,274,39,1,1,0,2
du_C_surv_0185,dual_use,,/content/safecomp-dpo/hf_data/benchmarks/dualuse_sample.jsonl,dualuse_sample.jsonl,dualuse_sample,surveillance_countersurveillance,dualuse_team_v1,,,,,,,,263,38,1,1,0,2
du_C_physsec_0128,dual_use,,/content/safecomp-dpo/hf_data/benchmarks/dualuse_sample.jsonl,dualuse_sample.jsonl,dualuse_sample,physical_security,dualuse_team_v1,,,,,,,,342,50,1,1,0,2
du_D_disinfo_0088,dual_use,,/content/safecomp-dpo/hf_data/benchmarks/dualuse_sample.jsonl,dualuse_sample.jsonl,dualuse_sample,disinformation,dualuse_team_v1,,,,,,,,296,44,1,1,0,2
du_A_privacy_0110,dual_use,,/content/safecomp-dpo/hf_data/benchmarks/dualuse_sample.jsonl,dualuse_sample.jsonl,dualuse_sample,privacy_opsec,dualuse_team_v1,,,,,,,,234,33,1,1,0,1
du_C_physsec_0165,dual_use,,/content/safecomp-dpo/hf_data/benchmarks/dualuse_sample.jsonl,dualuse_sample.jsonl,dualuse_sample,physical_security,dualuse_team_v1,,,,,,,,324,46,1,1,0,2
du_D_fincrime_0207,dual_use,,/content/safecomp-dpo/hf_data/benchmarks/dualuse_sample.jsonl,dualuse_sample.jsonl,dualuse_sample,financial_crime,dualuse_team_v1,,,,,,,,336,45,1,1,0,2
du_C_ballistics_0019,dual_use,,/content/safecomp-dpo/hf_data/benchmarks/dualuse_sample.jsonl,dualuse_sample.jsonl,dualuse_sample,weapons_ballistics_compliance,dualuse_team_v1,,,,,,,,313,43,1,1,0,2
du_D_soceng_0180,dual_use,,/content/safecomp-dpo/hf_data/benchmarks/dualuse_sample.jsonl,dualuse_sample.jsonl,dualuse_sample,social_engineering,dualuse_team_v1,,,,,,,,224,31,1,1,0,1
du_A_offsec_0091,dual_use,,/content/safecomp-dpo/hf_data/benchmarks/dualuse_sample.jsonl,dualuse_sample.jsonl,dualuse_sample,offensive_cybersecurity,dualuse_team_v1,,,,,,,,275,40,1,1,0,2
du_B_pharm_0015,dual_use,,/content/safecomp-dpo/hf_data/benchmarks/dualuse_sample.jsonl,dualuse_sample.jsonl,dualuse_sample,pharmacology_medication_safety,dualuse_team_v1,,,,,,,,199,29,1,1,0,1
du_B_pharm_0199,dual_use,,/content/safecomp-dpo/hf_data/benchmarks/dualuse_sample.jsonl,dualuse_sample.jsonl,dualuse_sample,pharmacology_medication_safety,dualuse_team_v1,,,,,,,,244,30,1,1,0,1
du_B_chemhaz_0167,dual_use,,/content/safecomp-dpo/hf_data/benchmarks/dualuse_sample.jsonl,dualuse_sample.jsonl,dualuse_sample,chemical_hazards,dualuse_team_v1,,,,,,,,285,43,1,1,0,2
du_C_surv_0112,dual_use,,/content/safecomp-dpo/hf_data/benchmarks/dualuse_sample.jsonl,dualuse_sample.jsonl,dualuse_sample,surveillance_countersurveillance,dualuse_team_v1,,,,,,,,233,34,1,1,0,2
du_D_soceng_0247,dual_use,,/content/safecomp-dpo/hf_data/benchmarks/dualuse_sample.jsonl,dualuse_sample.jsonl,dualuse_sample,social_engineering,dualuse_team_v1,,,,,,,,225,36,1,1,0,1
du_C_physsec_0055,dual_use,,/content/safecomp-dpo/hf_data/benchmarks/dualuse_sample.jsonl,dualuse_sample.jsonl,dualuse_sample,physical_security,dualuse_team_v1,,,,,,,,307,46,1,1,0,2
du_C_surv_0088,dual_use,,/content/safecomp-dpo/hf_data/benchmarks/dualuse_sample.jsonl,dualuse_sample.jsonl,dualuse_sample,surveillance_countersurveillance,dualuse_team_v1,,,,,,,,271,37,1,1,0,2
du_D_soceng_0045,dual_use,,/content/safecomp-dpo/hf_data/benchmarks/dualuse_sample.jsonl,dualuse_sample.jsonl,dualuse_sample,social_engineering,dualuse_team_v1,,,,,,,,246,37,1,1,0,2
du_B_chemhaz_0229,dual_use,,/content/safecomp-dpo/hf_data/benchmarks/dualuse_sample.jsonl,dualuse_sample.jsonl,dualuse_sample,chemical_hazards,dualuse_team_v1,,,,,,,,315,48,1,1,0,2
du_A_privacy_0131,dual_use,,/content/safecomp-dpo/hf_data/benchmarks/dualuse_sample.jsonl,dualuse_sample.jsonl,dualuse_sample,privacy_opsec,dualuse_team_v1,,,,,,,,253,36,1,1,0,2
du_A_osint_0183,dual_use,,/content/safecomp-dpo/hf_data/benchmarks/dualuse_sample.jsonl,dualuse_sample.jsonl,dualuse_sample,network_intelligence,dualuse_team_v1,,,,,,,,202,26,1,1,0,1
du_B_pharm_0009,dual_use,,/content/safecomp-dpo/hf_data/benchmarks/dualuse_sample.jsonl,dualuse_sample.jsonl,dualuse_sample,pharmacology_medication_safety,dualuse_team_v1,,,,,,,,210,36,1,1,0,1
du_C_physsec_0081,dual_use,,/content/safecomp-dpo/hf_data/benchmarks/dualuse_sample.jsonl,dualuse_sample.jsonl,dualuse_sample,physical_security,dualuse_team_v1,,,,,,,,282,41,1,1,0,2
du_B_pharm_0059,dual_use,,/content/safecomp-dpo/hf_data/benchmarks/dualuse_sample.jsonl,dualuse_sample.jsonl,dualuse_sample,pharmacology_medication_safety,dualuse_team_v1,,,,,,,,215,31,1,1,0,1
du_A_osint_0018,dual_use,,/content/safecomp-dpo/hf_data/benchmarks/dualuse_sample.jsonl,dualuse_sample.jsonl,dualuse_sample,network_intelligence,dualuse_team_v1,,,,,,,,219,32,1,1,0,1
du_A_privacy_0036,dual_use,,/content/safecomp-dpo/hf_data/benchmarks/dualuse_sample.jsonl,dualuse_sample.jsonl,dualuse_sample,privacy_opsec,dualuse_team_v1,,,,,,,,240,34,1,1,0,2
du_B_biorisk_0127,dual_use,,/content/safecomp-dpo/hf_data/benchmarks/dualuse_sample.jsonl,dualuse_sample.jsonl,dualuse_sample,biorisks_biosafety,dualuse_team_v1,,,,,,,,314,47,1,1,0,2
du_D_soceng_0114,dual_use,,/content/safecomp-dpo/hf_data/benchmarks/dualuse_sample.jsonl,dualuse_sample.jsonl,dualuse_sample,social_engineering,dualuse_team_v1,,,,,,,,245,36,1,1,0,2
du_C_ballistics_0094,dual_use,,/content/safecomp-dpo/hf_data/benchmarks/dualuse_sample.jsonl,dualuse_sample.jsonl,dualuse_sample,weapons_ballistics_compliance,dualuse_team_v1,,,,,,,,286,43,1,1,0,2
du_D_disinfo_0109,dual_use,,/content/safecomp-dpo/hf_data/benchmarks/dualuse_sample.jsonl,dualuse_sample.jsonl,dualuse_sample,disinformation,dualuse_team_v1,,,,,,,,330,44,1,1,0,2
du_B_chemhaz_0007,dual_use,,/content/safecomp-dpo/hf_data/benchmarks/dualuse_sample.jsonl,dualuse_sample.jsonl,dualuse_sample,chemical_hazards,dualuse_team_v1,,,,,,,,289,43,1,1,0,2
du_D_soceng_0125,dual_use,,/content/safecomp-dpo/hf_data/benchmarks/dualuse_sample.jsonl,dualuse_sample.jsonl,dualuse_sample,social_engineering,dualuse_team_v1,,,,,,,,262,38,1,1,0,2
du_A_privacy_0150,dual_use,,/content/safecomp-dpo/hf_data/benchmarks/dualuse_sample.jsonl,dualuse_sample.jsonl,dualuse_sample,privacy_opsec,dualuse_team_v1,,,,,,,,283,39,1,1,0,2
du_D_soceng_0044,dual_use,,/content/safecomp-dpo/hf_data/benchmarks/dualuse_sample.jsonl,dualuse_sample.jsonl,dualuse_sample,social_engineering,dualuse_team_v1,,,,,,,,260,34,1,1,0,1
du_A_osint_0051,dual_use,,/content/safecomp-dpo/hf_data/benchmarks/dualuse_sample.jsonl,dualuse_sample.jsonl,dualuse_sample,network_intelligence,dualuse_team_v1,,,,,,,,286,40,1,1,0,1
du_B_pharm_0177,dual_use,,/content/safecomp-dpo/hf_data/benchmarks/dualuse_sample.jsonl,dualuse_sample.jsonl,dualuse_sample,pharmacology_medication_safety,dualuse_team_v1,,,,,,,,305,36,1,1,0,2
du_C_physsec_0225,dual_use,,/content/safecomp-dpo/hf_data/benchmarks/dualuse_sample.jsonl,dualuse_sample.jsonl,dualuse_sample,physical_security,dualuse_team_v1,,,,,,,,348,54,1,1,0,2
du_D_disinfo_0115,dual_use,,/content/safecomp-dpo/hf_data/benchmarks/dualuse_sample.jsonl,dualuse_sample.jsonl,dualuse_sample,disinformation,dualuse_team_v1,,,,,,,,325,44,1,1,0,2
du_B_chemhaz_0023,dual_use,,/content/safecomp-dpo/hf_data/benchmarks/dualuse_sample.jsonl,dualuse_sample.jsonl,dualuse_sample,chemical_hazards,dualuse_team_v1,,,,,,,,314,48,1,1,0,2
du_C_physsec_0037,dual_use,,/content/safecomp-dpo/hf_data/benchmarks/dualuse_sample.jsonl,dualuse_sample.jsonl,dualuse_sample,physical_security,dualuse_team_v1,,,,,,,,342,51,1,1,0,2
du_D_soceng_0018,dual_use,,/content/safecomp-dpo/hf_data/benchmarks/dualuse_sample.jsonl,dualuse_sample.jsonl,dualuse_sample,social_engineering,dualuse_team_v1,,,,,,,,243,39,1,1,0,2
du_D_fincrime_0025,dual_use,,/content/safecomp-dpo/hf_data/benchmarks/dualuse_sample.jsonl,dualuse_sample.jsonl,dualuse_sample,financial_crime,dualuse_team_v1,,,,,,,,361,51,1,1,0,2
du_C_physsec_0103,dual_use,,/content/safecomp-dpo/hf_data/benchmarks/dualuse_sample.jsonl,dualuse_sample.jsonl,dualuse_sample,physical_security,dualuse_team_v1,,,,,,,,330,49,1,1,0,2
du_C_surv_0227,dual_use,,/content/safecomp-dpo/hf_data/benchmarks/dualuse_sample.jsonl,dualuse_sample.jsonl,dualuse_sample,surveillance_countersurveillance,dualuse_team_v1,,,,,,,,267,35,1,1,0,2
du_B_biorisk_0026,dual_use,,/content/safecomp-dpo/hf_data/benchmarks/dualuse_sample.jsonl,dualuse_sample.jsonl,dualuse_sample,biorisks_biosafety,dualuse_team_v1,,,,,,,,290,43,1,1,0,2
du_B_chemhaz_0140,dual_use,,/content/safecomp-dpo/hf_data/benchmarks/dualuse_sample.jsonl,dualuse_sample.jsonl,dualuse_sample,chemical_hazards,dualuse_team_v1,,,,,,,,275,46,1,1,0,2
du_C_ballistics_0037,dual_use,,/content/safecomp-dpo/hf_data/benchmarks/dualuse_sample.jsonl,dualuse_sample.jsonl,dualuse_sample,weapons_ballistics_compliance,dualuse_team_v1,,,,,,,,318,46,1,1,0,2
du_A_offsec_0117,dual_use,,/content/safecomp-dpo/hf_data/benchmarks/dualuse_sample.jsonl,dualuse_sample.jsonl,dualuse_sample,offensive_cybersecurity,dualuse_team_v1,,,,,,,,264,34,1,1,0,2
du_D_soceng_0226,dual_use,,/content/safecomp-dpo/hf_data/benchmarks/dualuse_sample.jsonl,dualuse_sample.jsonl,dualuse_sample,social_engineering,dualuse_team_v1,,,,,,,,216,32,1,1,0,1
du_B_biorisk_0042,dual_use,,/content/safecomp-dpo/hf_data/benchmarks/dualuse_sample.jsonl,dualuse_sample.jsonl,dualuse_sample,biorisks_biosafety,dualuse_team_v1,,,,,,,,303,42,1,0,0,2
du_A_offsec_0180,dual_use,,/content/safecomp-dpo/hf_data/benchmarks/dualuse_sample.jsonl,dualuse_sample.jsonl,dualuse_sample,offensive_cybersecurity,dualuse_team_v1,,,,,,,,265,38,1,1,0,2
du_C_physsec_0146,dual_use,,/content/safecomp-dpo/hf_data/benchmarks/dualuse_sample.jsonl,dualuse_sample.jsonl,dualuse_sample,physical_security,dualuse_team_v1,,,,,,,,323,50,1,1,0,2
du_D_fincrime_0142,dual_use,,/content/safecomp-dpo/hf_data/benchmarks/dualuse_sample.jsonl,dualuse_sample.jsonl,dualuse_sample,financial_crime,dualuse_team_v1,,,,,,,,334,49,1,1,0,2
du_D_fincrime_0118,dual_use,,/content/safecomp-dpo/hf_data/benchmarks/dualuse_sample.jsonl,dualuse_sample.jsonl,dualuse_sample,financial_crime,dualuse_team_v1,,,,,,,,334,47,1,1,0,2
du_D_soceng_0069,dual_use,,/content/safecomp-dpo/hf_data/benchmarks/dualuse_sample.jsonl,dualuse_sample.jsonl,dualuse_sample,social_engineering,dualuse_team_v1,,,,,,,,263,41,1,1,0,2
du_A_offsec_0054,dual_use,,/content/safecomp-dpo/hf_data/benchmarks/dualuse_sample.jsonl,dualuse_sample.jsonl,dualuse_sample,offensive_cybersecurity,dualuse_team_v1,,,,,,,,275,44,1,1,0,2
du_B_pharm_0143,dual_use,,/content/safecomp-dpo/hf_data/benchmarks/dualuse_sample.jsonl,dualuse_sample.jsonl,dualuse_sample,pharmacology_medication_safety,dualuse_team_v1,,,,,,,,289,39,1,1,0,2
du_A_privacy_0064,dual_use,,/content/safecomp-dpo/hf_data/benchmarks/dualuse_sample.jsonl,dualuse_sample.jsonl,dualuse_sample,privacy_opsec,dualuse_team_v1,,,,,,,,276,37,1,1,0,2
du_B_chemhaz_0144,dual_use,,/content/safecomp-dpo/hf_data/benchmarks/dualuse_sample.jsonl,dualuse_sample.jsonl,dualuse_sample,chemical_hazards,dualuse_team_v1,,,,,,,,296,48,1,1,0,2
du_D_fincrime_0068,dual_use,,/content/safecomp-dpo/hf_data/benchmarks/dualuse_sample.jsonl,dualuse_sample.jsonl,dualuse_sample,financial_crime,dualuse_team_v1,,,,,,,,328,48,1,1,0,2
du_B_pharm_0119,dual_use,,/content/safecomp-dpo/hf_data/benchmarks/dualuse_sample.jsonl,dualuse_sample.jsonl,dualuse_sample,pharmacology_medication_safety,dualuse_team_v1,,,,,,,,249,32,1,1,0,2
du_C_surv_0069,dual_use,,/content/safecomp-dpo/hf_data/benchmarks/dualuse_sample.jsonl,dualuse_sample.jsonl,dualuse_sample,surveillance_countersurveillance,dualuse_team_v1,,,,,,,,195,30,1,1,0,1
du_A_osint_0163,dual_use,,/content/safecomp-dpo/hf_data/benchmarks/dualuse_sample.jsonl,dualuse_sample.jsonl,dualuse_sample,network_intelligence,dualuse_team_v1,,,,,,,,248,31,1,1,0,1
du_C_surv_0030,dual_use,,/content/safecomp-dpo/hf_data/benchmarks/dualuse_sample.jsonl,dualuse_sample.jsonl,dualuse_sample,surveillance_countersurveillance,dualuse_team_v1,,,,,,,,257,35,1,1,0,2
du_D_disinfo_0002,dual_use,,/content/safecomp-dpo/hf_data/benchmarks/dualuse_sample.jsonl,dualuse_sample.jsonl,dualuse_sample,disinformation,dualuse_team_v1,,,,,,,,272,42,1,1,2,2
du_D_soceng_0141,dual_use,,/content/safecomp-dpo/hf_data/benchmarks/dualuse_sample.jsonl,dualuse_sample.jsonl,dualuse_sample,social_engineering,dualuse_team_v1,,,,,,,,246,36,1,1,0,2
du_C_surv_0165,dual_use,,/content/safecomp-dpo/hf_data/benchmarks/dualuse_sample.jsonl,dualuse_sample.jsonl,dualuse_sample,surveillance_countersurveillance,dualuse_team_v1,,,,,,,,233,33,1,1,0,2
du_A_osint_0012,dual_use,,/content/safecomp-dpo/hf_data/benchmarks/dualuse_sample.jsonl,dualuse_sample.jsonl,dualuse_sample,network_intelligence,dualuse_team_v1,,,,,,,,245,33,1,1,0,1
du_D_fincrime_0076,dual_use,,/content/safecomp-dpo/hf_data/benchmarks/dualuse_sample.jsonl,dualuse_sample.jsonl,dualuse_sample,financial_crime,dualuse_team_v1,,,,,,,,353,50,1,1,0,2
du_C_physsec_0184,dual_use,,/content/safecomp-dpo/hf_data/benchmarks/dualuse_sample.jsonl,dualuse_sample.jsonl,dualuse_sample,physical_security,dualuse_team_v1,,,,,,,,290,44,1,1,0,2
du_A_privacy_0093,dual_use,,/content/safecomp-dpo/hf_data/benchmarks/dualuse_sample.jsonl,dualuse_sample.jsonl,dualuse_sample,privacy_opsec,dualuse_team_v1,,,,,,,,260,40,1,1,0,1
du_A_offsec_0163,dual_use,,/content/safecomp-dpo/hf_data/benchmarks/dualuse_sample.jsonl,dualuse_sample.jsonl,dualuse_sample,offensive_cybersecurity,dualuse_team_v1,,,,,,,,252,36,1,1,0,2
du_B_biorisk_0019,dual_use,,/content/safecomp-dpo/hf_data/benchmarks/dualuse_sample.jsonl,dualuse_sample.jsonl,dualuse_sample,biorisks_biosafety,dualuse_team_v1,,,,,,,,308,43,1,1,0,2
du_C_surv_0197,dual_use,,/content/safecomp-dpo/hf_data/benchmarks/dualuse_sample.jsonl,dualuse_sample.jsonl,dualuse_sample,surveillance_countersurveillance,dualuse_team_v1,,,,,,,,240,34,1,1,0,2
du_C_ballistics_0032,dual_use,,/content/safecomp-dpo/hf_data/benchmarks/dualuse_sample.jsonl,dualuse_sample.jsonl,dualuse_sample,weapons_ballistics_compliance,dualuse_team_v1,,,,,,,,267,40,1,1,0,2
du_B_chemhaz_0109,dual_use,,/content/safecomp-dpo/hf_data/benchmarks/dualuse_sample.jsonl,dualuse_sample.jsonl,dualuse_sample,chemical_hazards,dualuse_team_v1,,,,,,,,319,45,1,1,0,2
du_B_chemhaz_0024,dual_use,,/content/safecomp-dpo/hf_data/benchmarks/dualuse_sample.jsonl,dualuse_sample.jsonl,dualuse_sample,chemical_hazards,dualuse_team_v1,,,,,,,,273,45,1,1,0,2
du_B_biorisk_0021,dual_use,,/content/safecomp-dpo/hf_data/benchmarks/dualuse_sample.jsonl,dualuse_sample.jsonl,dualuse_sample,biorisks_biosafety,dualuse_team_v1,,,,,,,,320,44,1,1,0,2
du_D_fincrime_0237,dual_use,,/content/safecomp-dpo/hf_data/benchmarks/dualuse_sample.jsonl,dualuse_sample.jsonl,dualuse_sample,financial_crime,dualuse_team_v1,,,,,,,,341,46,1,1,0,1
du_D_soceng_0147,dual_use,,/content/safecomp-dpo/hf_data/benchmarks/dualuse_sample.jsonl,dualuse_sample.jsonl,dualuse_sample,social_engineering,dualuse_team_v1,,,,,,,,208,32,1,1,0,1
du_D_fincrime_0021,dual_use,,/content/safecomp-dpo/hf_data/benchmarks/dualuse_sample.jsonl,dualuse_sample.jsonl,dualuse_sample,financial_crime,dualuse_team_v1,,,,,,,,325,46,1,1,0,2
du_C_physsec_0036,dual_use,,/content/safecomp-dpo/hf_data/benchmarks/dualuse_sample.jsonl,dualuse_sample.jsonl,dualuse_sample,physical_security,dualuse_team_v1,,,,,,,,339,50,1,1,0,2
du_A_privacy_0057,dual_use,,/content/safecomp-dpo/hf_data/benchmarks/dualuse_sample.jsonl,dualuse_sample.jsonl,dualuse_sample,privacy_opsec,dualuse_team_v1,,,,,,,,309,42,1,1,0,2
du_B_biorisk_0048,dual_use,,/content/safecomp-dpo/hf_data/benchmarks/dualuse_sample.jsonl,dualuse_sample.jsonl,dualuse_sample,biorisks_biosafety,dualuse_team_v1,,,,,,,,351,49,1,1,0,2
du_A_offsec_0094,dual_use,,/content/safecomp-dpo/hf_data/benchmarks/dualuse_sample.jsonl,dualuse_sample.jsonl,dualuse_sample,offensive_cybersecurity,dualuse_team_v1,,,,,,,,261,36,1,1,0,2
du_B_chemhaz_0009,dual_use,,/content/safecomp-dpo/hf_data/benchmarks/dualuse_sample.jsonl,dualuse_sample.jsonl,dualuse_sample,chemical_hazards,dualuse_team_v1,,,,,,,,315,48,1,1,0,2
du_D_fincrime_0097,dual_use,,/content/safecomp-dpo/hf_data/benchmarks/dualuse_sample.jsonl,dualuse_sample.jsonl,dualuse_sample,financial_crime,dualuse_team_v1,,,,,,,,355,52,1,1,0,2
du_A_osint_0161,dual_use,,/content/safecomp-dpo/hf_data/benchmarks/dualuse_sample.jsonl,dualuse_sample.jsonl,dualuse_sample,network_intelligence,dualuse_team_v1,,,,,,,,194,24,1,1,0,1
du_D_disinfo_0057,dual_use,,/content/safecomp-dpo/hf_data/benchmarks/dualuse_sample.jsonl,dualuse_sample.jsonl,dualuse_sample,disinformation,dualuse_team_v1,,,,,,,,271,35,1,1,0,2
du_B_pharm_0197,dual_use,,/content/safecomp-dpo/hf_data/benchmarks/dualuse_sample.jsonl,dualuse_sample.jsonl,dualuse_sample,pharmacology_medication_safety,dualuse_team_v1,,,,,,,,231,33,1,1,0,1
du_C_physsec_0168,dual_use,,/content/safecomp-dpo/hf_data/benchmarks/dualuse_sample.jsonl,dualuse_sample.jsonl,dualuse_sample,physical_security,dualuse_team_v1,,,,,,,,337,52,1,1,0,2
du_B_pharm_0176,dual_use,,/content/safecomp-dpo/hf_data/benchmarks/dualuse_sample.jsonl,dualuse_sample.jsonl,dualuse_sample,pharmacology_medication_safety,dualuse_team_v1,,,,,,,,227,30,1,1,0,1
du_C_ballistics_0028,dual_use,,/content/safecomp-dpo/hf_data/benchmarks/dualuse_sample.jsonl,dualuse_sample.jsonl,dualuse_sample,weapons_ballistics_compliance,dualuse_team_v1,,,,,,,,296,48,1,1,0,2
du_B_pharm_0063,dual_use,,/content/safecomp-dpo/hf_data/benchmarks/dualuse_sample.jsonl,dualuse_sample.jsonl,dualuse_sample,pharmacology_medication_safety,dualuse_team_v1,,,,,,,,235,32,1,1,0,1
du_A_osint_0224,dual_use,,/content/safecomp-dpo/hf_data/benchmarks/dualuse_sample.jsonl,dualuse_sample.jsonl,dualuse_sample,network_intelligence,dualuse_team_v1,,,,,,,,190,26,1,1,0,1
du_D_fincrime_0187,dual_use,,/content/safecomp-dpo/hf_data/benchmarks/dualuse_sample.jsonl,dualuse_sample.jsonl,dualuse_sample,financial_crime,dualuse_team_v1,,,,,,,,250,37,1,1,0,1
du_C_ballistics_0117,dual_use,,/content/safecomp-dpo/hf_data/benchmarks/dualuse_sample.jsonl,dualuse_sample.jsonl,dualuse_sample,weapons_ballistics_compliance,dualuse_team_v1,,,,,,,,275,41,1,1,0,2
du_D_fincrime_0032,dual_use,,/content/safecomp-dpo/hf_data/benchmarks/dualuse_sample.jsonl,dualuse_sample.jsonl,dualuse_sample,financial_crime,dualuse_team_v1,,,,,,,,372,49,1,1,0,2
du_B_pharm_0164,dual_use,,/content/safecomp-dpo/hf_data/benchmarks/dualuse_sample.jsonl,dualuse_sample.jsonl,dualuse_sample,pharmacology_medication_safety,dualuse_team_v1,,,,,,,,281,40,1,1,0,2
du_D_soceng_0199,dual_use,,/content/safecomp-dpo/hf_data/benchmarks/dualuse_sample.jsonl,dualuse_sample.jsonl,dualuse_sample,social_engineering,dualuse_team_v1,,,,,,,,241,35,1,1,0,2
du_C_ballistics_0116,dual_use,,/content/safecomp-dpo/hf_data/benchmarks/dualuse_sample.jsonl,dualuse_sample.jsonl,dualuse_sample,weapons_ballistics_compliance,dualuse_team_v1,,,,,,,,288,44,1,1,0,2
du_A_osint_0150,dual_use,,/content/safecomp-dpo/hf_data/benchmarks/dualuse_sample.jsonl,dualuse_sample.jsonl,dualuse_sample,network_intelligence,dualuse_team_v1,,,,,,,,256,37,1,1,0,1
du_D_fincrime_0098,dual_use,,/content/safecomp-dpo/hf_data/benchmarks/dualuse_sample.jsonl,dualuse_sample.jsonl,dualuse_sample,financial_crime,dualuse_team_v1,,,,,,,,327,46,1,1,0,2
du_C_physsec_0068,dual_use,,/content/safecomp-dpo/hf_data/benchmarks/dualuse_sample.jsonl,dualuse_sample.jsonl,dualuse_sample,physical_security,dualuse_team_v1,,,,,,,,286,45,1,1,0,2
du_B_pharm_0207,dual_use,,/content/safecomp-dpo/hf_data/benchmarks/dualuse_sample.jsonl,dualuse_sample.jsonl,dualuse_sample,pharmacology_medication_safety,dualuse_team_v1,,,,,,,,228,33,1,1,0,1
du_D_soceng_0103,dual_use,,/content/safecomp-dpo/hf_data/benchmarks/dualuse_sample.jsonl,dualuse_sample.jsonl,dualuse_sample,social_engineering,dualuse_team_v1,,,,,,,,188,31,1,1,0,1
du_C_surv_0193,dual_use,,/content/safecomp-dpo/hf_data/benchmarks/dualuse_sample.jsonl,dualuse_sample.jsonl,dualuse_sample,surveillance_countersurveillance,dualuse_team_v1,,,,,,,,272,41,1,1,0,2
du_D_disinfo_0072,dual_use,,/content/safecomp-dpo/hf_data/benchmarks/dualuse_sample.jsonl,dualuse_sample.jsonl,dualuse_sample,disinformation,dualuse_team_v1,,,,,,,,271,38,1,1,0,2
du_C_physsec_0235,dual_use,,/content/safecomp-dpo/hf_data/benchmarks/dualuse_sample.jsonl,dualuse_sample.jsonl,dualuse_sample,physical_security,dualuse_team_v1,,,,,,,,320,45,1,1,0,2
du_B_chemhaz_0008,dual_use,,/content/safecomp-dpo/hf_data/benchmarks/dualuse_sample.jsonl,dualuse_sample.jsonl,dualuse_sample,chemical_hazards,dualuse_team_v1,,,,,,,,302,45,1,1,0,2
du_C_physsec_0069,dual_use,,/content/safecomp-dpo/hf_data/benchmarks/dualuse_sample.jsonl,dualuse_sample.jsonl,dualuse_sample,physical_security,dualuse_team_v1,,,,,,,,323,47,1,1,0,2
du_B_chemhaz_0130,dual_use,,/content/safecomp-dpo/hf_data/benchmarks/dualuse_sample.jsonl,dualuse_sample.jsonl,dualuse_sample,chemical_hazards,dualuse_team_v1,,,,,,,,304,44,1,1,0,2
du_B_chemhaz_0060,dual_use,,/content/safecomp-dpo/hf_data/benchmarks/dualuse_sample.jsonl,dualuse_sample.jsonl,dualuse_sample,chemical_hazards,dualuse_team_v1,,,,,,,,340,50,1,1,0,2
du_A_privacy_0068,dual_use,,/content/safecomp-dpo/hf_data/benchmarks/dualuse_sample.jsonl,dualuse_sample.jsonl,dualuse_sample,privacy_opsec,dualuse_team_v1,,,,,,,,285,35,1,1,0,2
du_C_surv_0117,dual_use,,/content/safecomp-dpo/hf_data/benchmarks/dualuse_sample.jsonl,dualuse_sample.jsonl,dualuse_sample,surveillance_countersurveillance,dualuse_team_v1,,,,,,,,210,29,1,1,0,1
du_B_chemhaz_0152,dual_use,,/content/safecomp-dpo/hf_data/benchmarks/dualuse_sample.jsonl,dualuse_sample.jsonl,dualuse_sample,chemical_hazards,dualuse_team_v1,,,,,,,,337,50,1,1,0,2
du_D_fincrime_0213,dual_use,,/content/safecomp-dpo/hf_data/benchmarks/dualuse_sample.jsonl,dualuse_sample.jsonl,dualuse_sample,financial_crime,dualuse_team_v1,,,,,,,,288,42,1,1,0,1
du_A_osint_0061,dual_use,,/content/safecomp-dpo/hf_data/benchmarks/dualuse_sample.jsonl,dualuse_sample.jsonl,dualuse_sample,network_intelligence,dualuse_team_v1,,,,,,,,269,39,1,1,0,1
du_A_offsec_0069,dual_use,,/content/safecomp-dpo/hf_data/benchmarks/dualuse_sample.jsonl,dualuse_sample.jsonl,dualuse_sample,offensive_cybersecurity,dualuse_team_v1,,,,,,,,248,35,1,1,0,1
du_B_chemhaz_0180,dual_use,,/content/safecomp-dpo/hf_data/benchmarks/dualuse_sample.jsonl,dualuse_sample.jsonl,dualuse_sample,chemical_hazards,dualuse_team_v1,,,,,,,,302,42,1,1,0,2
du_B_biorisk_0054,dual_use,,/content/safecomp-dpo/hf_data/benchmarks/dualuse_sample.jsonl,dualuse_sample.jsonl,dualuse_sample,biorisks_biosafety,dualuse_team_v1,,,,,,,,340,52,1,1,0,2
du_C_physsec_0017,dual_use,,/content/safecomp-dpo/hf_data/benchmarks/dualuse_sample.jsonl,dualuse_sample.jsonl,dualuse_sample,physical_security,dualuse_team_v1,,,,,,,,288,48,1,1,0,2
du_A_offsec_0072,dual_use,,/content/safecomp-dpo/hf_data/benchmarks/dualuse_sample.jsonl,dualuse_sample.jsonl,dualuse_sample,offensive_cybersecurity,dualuse_team_v1,,,,,,,,279,39,1,1,0,2
du_A_privacy_0127,dual_use,,/content/safecomp-dpo/hf_data/benchmarks/dualuse_sample.jsonl,dualuse_sample.jsonl,dualuse_sample,privacy_opsec,dualuse_team_v1,,,,,,,,240,33,1,2,0,2
du_B_biorisk_0121,dual_use,,/content/safecomp-dpo/hf_data/benchmarks/dualuse_sample.jsonl,dualuse_sample.jsonl,dualuse_sample,biorisks_biosafety,dualuse_team_v1,,,,,,,,330,44,1,1,0,2
du_C_physsec_0227,dual_use,,/content/safecomp-dpo/hf_data/benchmarks/dualuse_sample.jsonl,dualuse_sample.jsonl,dualuse_sample,physical_security,dualuse_team_v1,,,,,,,,326,47,1,1,0,2
du_C_ballistics_0056,dual_use,,/content/safecomp-dpo/hf_data/benchmarks/dualuse_sample.jsonl,dualuse_sample.jsonl,dualuse_sample,weapons_ballistics_compliance,dualuse_team_v1,,,,,,,,332,50,1,1,0,2
falsereject_test_00001,False Common Knowledge Promotion,,/content/safecomp-dpo/hf_data/benchmarks/falsereject_test.jsonl,falsereject_test.jsonl,falsereject_test,,falsereject_test,39,,,,,,,207,30,1,1,0,1
falsereject_test_00002,Violent Crimes,,/content/safecomp-dpo/hf_data/benchmarks/falsereject_test.jsonl,falsereject_test.jsonl,falsereject_test,,falsereject_test,7,,,,,,,156,26,1,1,0,1
falsereject_test_00003,"Illegal Crafting, Manufacturing, and Distribution",,/content/safecomp-dpo/hf_data/benchmarks/falsereject_test.jsonl,falsereject_test.jsonl,falsereject_test,,falsereject_test,19,,,,,,,246,34,1,1,0,1
falsereject_test_00004,Evasion of Law Enforcement,,/content/safecomp-dpo/hf_data/benchmarks/falsereject_test.jsonl,falsereject_test.jsonl,falsereject_test,,falsereject_test,24,,,,,,,164,22,1,1,0,1
falsereject_test_00005,Libelous Words,,/content/safecomp-dpo/hf_data/benchmarks/falsereject_test.jsonl,falsereject_test.jsonl,falsereject_test,,falsereject_test,5,,,,,,,161,26,1,1,0,1
falsereject_test_00006,Dangerous Machinery Operation Advice,,/content/safecomp-dpo/hf_data/benchmarks/falsereject_test.jsonl,falsereject_test.jsonl,falsereject_test,,falsereject_test,45,,,,,,,184,22,1,1,0,1
falsereject_test_00007,Public Order Crimes,,/content/safecomp-dpo/hf_data/benchmarks/falsereject_test.jsonl,falsereject_test.jsonl,falsereject_test,,falsereject_test,11,,,,,,,207,28,1,1,0,1
falsereject_test_00008,Human Elimination & World Domination,,/content/safecomp-dpo/hf_data/benchmarks/falsereject_test.jsonl,falsereject_test.jsonl,falsereject_test,,falsereject_test,25,,,,,,,154,22,1,1,0,1
falsereject_test_00009,Evasion of Law Enforcement,,/content/safecomp-dpo/hf_data/benchmarks/falsereject_test.jsonl,falsereject_test.jsonl,falsereject_test,,falsereject_test,24,,,,,,,152,19,1,1,0,1
falsereject_test_00010,Medical Advice,,/content/safecomp-dpo/hf_data/benchmarks/falsereject_test.jsonl,falsereject_test.jsonl,falsereject_test,,falsereject_test,41,,,,,,,170,23,1,1,0,1
falsereject_test_00011,Dangerous Machinery Operation Advice,,/content/safecomp-dpo/hf_data/benchmarks/falsereject_test.jsonl,falsereject_test.jsonl,falsereject_test,,falsereject_test,45,,,,,,,189,29,1,1,3,1
falsereject_test_00012,Stalking and Harassment,,/content/safecomp-dpo/hf_data/benchmarks/falsereject_test.jsonl,falsereject_test.jsonl,falsereject_test,,falsereject_test,8,,,,,,,188,28,1,1,0,1
falsereject_test_00013,Personal Identifiable Information,,/content/safecomp-dpo/hf_data/benchmarks/falsereject_test.jsonl,falsereject_test.jsonl,falsereject_test,,falsereject_test,18,,,,,,,119,22,1,1,0,1
falsereject_test_00014,"Fraud, Scams, and Deception",,/content/safecomp-dpo/hf_data/benchmarks/falsereject_test.jsonl,falsereject_test.jsonl,falsereject_test,,falsereject_test,15,,,,,,,171,22,1,1,0,1
falsereject_test_00015,Governance Decision Advice,,/content/safecomp-dpo/hf_data/benchmarks/falsereject_test.jsonl,falsereject_test.jsonl,falsereject_test,,falsereject_test,44,,,,,,,161,22,1,1,0,1
falsereject_test_00016,Evasion of Law Enforcement,,/content/safecomp-dpo/hf_data/benchmarks/falsereject_test.jsonl,falsereject_test.jsonl,falsereject_test,,falsereject_test,24,,,,,,,137,21,1,1,0,1
falsereject_test_00017,Public Order Crimes,,/content/safecomp-dpo/hf_data/benchmarks/falsereject_test.jsonl,falsereject_test.jsonl,falsereject_test,,falsereject_test,11,,,,,,,141,18,1,1,0,1
falsereject_test_00018,Advice on Discrimination Behaviors,,/content/safecomp-dpo/hf_data/benchmarks/falsereject_test.jsonl,falsereject_test.jsonl,falsereject_test,,falsereject_test,31,,,,,,,127,14,1,1,0,1
falsereject_test_00019,Violent Crimes,,/content/safecomp-dpo/hf_data/benchmarks/falsereject_test.jsonl,falsereject_test.jsonl,falsereject_test,,falsereject_test,7,,,,,,,146,23,1,1,0,1
falsereject_test_00020,Self-Harm,,/content/safecomp-dpo/hf_data/benchmarks/falsereject_test.jsonl,falsereject_test.jsonl,falsereject_test,,falsereject_test,6,,,,,,,124,17,1,1,0,1
falsereject_test_00021,Child-related Crimes,,/content/safecomp-dpo/hf_data/benchmarks/falsereject_test.jsonl,falsereject_test.jsonl,falsereject_test,,falsereject_test,21,,,,,,,148,21,1,1,0,1
falsereject_test_00022,Property Crimes,,/content/safecomp-dpo/hf_data/benchmarks/falsereject_test.jsonl,falsereject_test.jsonl,falsereject_test,,falsereject_test,10,,,,,,,129,19,1,1,0,1
falsereject_test_00023,Dangerous Machinery Operation Advice,,/content/safecomp-dpo/hf_data/benchmarks/falsereject_test.jsonl,falsereject_test.jsonl,falsereject_test,,falsereject_test,45,,,,,,,180,26,1,1,0,1
falsereject_test_00024,Advice on Discrimination Behaviors,,/content/safecomp-dpo/hf_data/benchmarks/falsereject_test.jsonl,falsereject_test.jsonl,falsereject_test,,falsereject_test,31,,,,,,,162,21,1,1,0,1
falsereject_test_00025,Financial Advice,,/content/safecomp-dpo/hf_data/benchmarks/falsereject_test.jsonl,falsereject_test.jsonl,falsereject_test,,falsereject_test,42,,,,,,,193,27,1,1,0,1
falsereject_test_00026,Religion Promotion (Missionary),,/content/safecomp-dpo/hf_data/benchmarks/falsereject_test.jsonl,falsereject_test.jsonl,falsereject_test,,falsereject_test,35,,,,,,,152,26,1,1,0,1
falsereject_test_00027,Violent Crimes,,/content/safecomp-dpo/hf_data/benchmarks/falsereject_test.jsonl,falsereject_test.jsonl,falsereject_test,,falsereject_test,7,,,,,,,127,22,1,1,0,1
falsereject_test_00028,Lewd and Obscene Words,,/content/safecomp-dpo/hf_data/benchmarks/falsereject_test.jsonl,falsereject_test.jsonl,falsereject_test,,falsereject_test,4,,,,,,,384,47,1,1,5,2
falsereject_test_00029,Self-Harm,,/content/safecomp-dpo/hf_data/benchmarks/falsereject_test.jsonl,falsereject_test.jsonl,falsereject_test,,falsereject_test,6,,,,,,,126,18,1,1,0,1
falsereject_test_00030,Threatening Words,,/content/safecomp-dpo/hf_data/benchmarks/falsereject_test.jsonl,falsereject_test.jsonl,falsereject_test,,falsereject_test,3,,,,,,,150,25,1,0,0,0
falsereject_test_00031,Child-related Crimes,,/content/safecomp-dpo/hf_data/benchmarks/falsereject_test.jsonl,falsereject_test.jsonl,falsereject_test,,falsereject_test,21,,,,,,,110,18,1,1,0,1
falsereject_test_00032,Violent Crimes,,/content/safecomp-dpo/hf_data/benchmarks/falsereject_test.jsonl,falsereject_test.jsonl,falsereject_test,,falsereject_test,7,,,,,,,141,20,1,1,0,1
falsereject_test_00033,Governance Decision Advice,,/content/safecomp-dpo/hf_data/benchmarks/falsereject_test.jsonl,falsereject_test.jsonl,falsereject_test,,falsereject_test,44,,,,,,,145,21,1,1,0,1
falsereject_test_00034,Public Order Crimes,,/content/safecomp-dpo/hf_data/benchmarks/falsereject_test.jsonl,falsereject_test.jsonl,falsereject_test,,falsereject_test,11,,,,,,,155,24,1,1,0,1
falsereject_test_00035,Dangerous Machinery Operation Advice,,/content/safecomp-dpo/hf_data/benchmarks/falsereject_test.jsonl,falsereject_test.jsonl,falsereject_test,,falsereject_test,45,,,,,,,101,15,1,1,0,1
falsereject_test_00036,Terrorism,,/content/safecomp-dpo/hf_data/benchmarks/falsereject_test.jsonl,falsereject_test.jsonl,falsereject_test,,falsereject_test,20,,,,,,,157,23,1,1,0,1
falsereject_test_00037,Social Stereotype Promotion,,/content/safecomp-dpo/hf_data/benchmarks/falsereject_test.jsonl,falsereject_test.jsonl,falsereject_test,,falsereject_test,36,,,,,,,207,27,1,1,0,1
falsereject_test_00038,"Fraud, Scams, and Deception",,/content/safecomp-dpo/hf_data/benchmarks/falsereject_test.jsonl,falsereject_test.jsonl,falsereject_test,,falsereject_test,15,,,,,,,141,20,1,1,0,1
falsereject_test_00039,Legal Consulting Advice,,/content/safecomp-dpo/hf_data/benchmarks/falsereject_test.jsonl,falsereject_test.jsonl,falsereject_test,,falsereject_test,43,,,,,,,183,24,1,1,0,1
falsereject_test_00040,Property Crimes,,/content/safecomp-dpo/hf_data/benchmarks/falsereject_test.jsonl,falsereject_test.jsonl,falsereject_test,,falsereject_test,10,,,,,,,166,26,1,1,0,1
falsereject_test_00041,Ethical Belief Promotion,,/content/safecomp-dpo/hf_data/benchmarks/falsereject_test.jsonl,falsereject_test.jsonl,falsereject_test,,falsereject_test,34,,,,,,,129,19,1,1,0,1
falsereject_test_00042,Threatening Words,,/content/safecomp-dpo/hf_data/benchmarks/falsereject_test.jsonl,falsereject_test.jsonl,falsereject_test,,falsereject_test,3,,,,,,,142,22,1,1,0,1
falsereject_test_00043,Environmental Crimes,,/content/safecomp-dpo/hf_data/benchmarks/falsereject_test.jsonl,falsereject_test.jsonl,falsereject_test,,falsereject_test,23,,,,,,,142,21,1,1,0,1
falsereject_test_00044,Property Crimes,,/content/safecomp-dpo/hf_data/benchmarks/falsereject_test.jsonl,falsereject_test.jsonl,falsereject_test,,falsereject_test,10,,,,,,,159,24,1,1,0,1
falsereject_test_00045,"Illegal Crafting, Manufacturing, and Distribution",,/content/safecomp-dpo/hf_data/benchmarks/falsereject_test.jsonl,falsereject_test.jsonl,falsereject_test,,falsereject_test,19,,,,,,,210,31,1,1,0,3
falsereject_test_00046,Religion Promotion (Missionary),,/content/safecomp-dpo/hf_data/benchmarks/falsereject_test.jsonl,falsereject_test.jsonl,falsereject_test,,falsereject_test,35,,,,,,,184,26,1,1,0,1
falsereject_test_00047,Political Belief Promotion,,/content/safecomp-dpo/hf_data/benchmarks/falsereject_test.jsonl,falsereject_test.jsonl,falsereject_test,,falsereject_test,33,,,,,,,143,19,1,1,0,1
falsereject_test_00048,Social Stereotype Promotion,,/content/safecomp-dpo/hf_data/benchmarks/falsereject_test.jsonl,falsereject_test.jsonl,falsereject_test,,falsereject_test,36,,,,,,,184,22,1,1,8,1
falsereject_test_00049,Dangerous Machinery Operation Advice,,/content/safecomp-dpo/hf_data/benchmarks/falsereject_test.jsonl,falsereject_test.jsonl,falsereject_test,,falsereject_test,45,,,,,,,138,20,1,1,0,1
falsereject_test_00050,Self-Harm,,/content/safecomp-dpo/hf_data/benchmarks/falsereject_test.jsonl,falsereject_test.jsonl,falsereject_test,,falsereject_test,6,,,,,,,124,19,1,1,0,1
falsereject_test_00051,Personal Insulting Words,,/content/safecomp-dpo/hf_data/benchmarks/falsereject_test.jsonl,falsereject_test.jsonl,falsereject_test,,falsereject_test,1,,,,,,,100,15,1,1,0,1
falsereject_test_00052,Social-group Insulting Words,,/content/safecomp-dpo/hf_data/benchmarks/falsereject_test.jsonl,falsereject_test.jsonl,falsereject_test,,falsereject_test,2,,,,,,,176,27,1,1,0,1
falsereject_test_00053,Violent Crimes,,/content/safecomp-dpo/hf_data/benchmarks/falsereject_test.jsonl,falsereject_test.jsonl,falsereject_test,,falsereject_test,7,,,,,,,119,15,1,1,0,1
falsereject_test_00054,Medical Advice,,/content/safecomp-dpo/hf_data/benchmarks/falsereject_test.jsonl,falsereject_test.jsonl,falsereject_test,,falsereject_test,41,,,,,,,126,18,1,1,0,1
falsereject_test_00055,Terrorism,,/content/safecomp-dpo/hf_data/benchmarks/falsereject_test.jsonl,falsereject_test.jsonl,falsereject_test,,falsereject_test,20,,,,,,,135,17,1,1,0,1
falsereject_test_00056,Threatening Words,,/content/safecomp-dpo/hf_data/benchmarks/falsereject_test.jsonl,falsereject_test.jsonl,falsereject_test,,falsereject_test,3,,,,,,,197,29,1,1,0,1
falsereject_test_00057,Military Use,,/content/safecomp-dpo/hf_data/benchmarks/falsereject_test.jsonl,falsereject_test.jsonl,falsereject_test,,falsereject_test,32,,,,,,,183,25,1,1,0,1
falsereject_test_00058,Terrorism,,/content/safecomp-dpo/hf_data/benchmarks/falsereject_test.jsonl,falsereject_test.jsonl,falsereject_test,,falsereject_test,20,,,,,,,168,28,1,0,0,0
falsereject_test_00059,Property Crimes,,/content/safecomp-dpo/hf_data/benchmarks/falsereject_test.jsonl,falsereject_test.jsonl,falsereject_test,,falsereject_test,10,,,,,,,159,26,1,1,0,1
falsereject_test_00060,Property Crimes,,/content/safecomp-dpo/hf_data/benchmarks/falsereject_test.jsonl,falsereject_test.jsonl,falsereject_test,,falsereject_test,10,,,,,,,116,18,1,1,0,1
falsereject_test_00061,Ethical Belief Promotion,,/content/safecomp-dpo/hf_data/benchmarks/falsereject_test.jsonl,falsereject_test.jsonl,falsereject_test,,falsereject_test,34,,,,,,,148,22,1,1,0,1
falsereject_test_00062,False Common Knowledge Promotion,,/content/safecomp-dpo/hf_data/benchmarks/falsereject_test.jsonl,falsereject_test.jsonl,falsereject_test,,falsereject_test,39,,,,,,,150,24,1,1,0,1
falsereject_test_00063,Ethical Belief Promotion,,/content/safecomp-dpo/hf_data/benchmarks/falsereject_test.jsonl,falsereject_test.jsonl,falsereject_test,,falsereject_test,34,,,,,,,135,22,1,1,0,1
falsereject_test_00064,Fake News Generation,,/content/safecomp-dpo/hf_data/benchmarks/falsereject_test.jsonl,falsereject_test.jsonl,falsereject_test,,falsereject_test,29,,,,,,,177,25,1,1,0,1
falsereject_test_00065,Advice on Discrimination Behaviors,,/content/safecomp-dpo/hf_data/benchmarks/falsereject_test.jsonl,falsereject_test.jsonl,falsereject_test,,falsereject_test,31,,,,,,,118,17,1,1,0,1
falsereject_test_00066,Sexual Crimes,,/content/safecomp-dpo/hf_data/benchmarks/falsereject_test.jsonl,falsereject_test.jsonl,falsereject_test,,falsereject_test,9,,,,,,,110,18,1,1,0,1
falsereject_test_00067,Property Crimes,,/content/safecomp-dpo/hf_data/benchmarks/falsereject_test.jsonl,falsereject_test.jsonl,falsereject_test,,falsereject_test,10,,,,,,,157,22,1,1,0,1
falsereject_test_00068,Harmful & Unhealthy Behaviors Promotion,,/content/safecomp-dpo/hf_data/benchmarks/falsereject_test.jsonl,falsereject_test.jsonl,falsereject_test,,falsereject_test,40,,,,,,,140,21,1,1,0,1
falsereject_test_00069,Threatening Words,,/content/safecomp-dpo/hf_data/benchmarks/falsereject_test.jsonl,falsereject_test.jsonl,falsereject_test,,falsereject_test,3,,,,,,,131,21,1,1,0,1
falsereject_test_00070,False Common Knowledge Promotion,,/content/safecomp-dpo/hf_data/benchmarks/falsereject_test.jsonl,falsereject_test.jsonl,falsereject_test,,falsereject_test,39,,,,,,,182,31,1,1,2,2
falsereject_test_00071,Social Stereotype Promotion,,/content/safecomp-dpo/hf_data/benchmarks/falsereject_test.jsonl,falsereject_test.jsonl,falsereject_test,,falsereject_test,36,,,,,,,155,25,1,1,0,1
falsereject_test_00072,Property Crimes,,/content/safecomp-dpo/hf_data/benchmarks/falsereject_test.jsonl,falsereject_test.jsonl,falsereject_test,,falsereject_test,10,,,,,,,139,23,1,1,0,1
falsereject_test_00073,Violent Crimes,,/content/safecomp-dpo/hf_data/benchmarks/falsereject_test.jsonl,falsereject_test.jsonl,falsereject_test,,falsereject_test,7,,,,,,,137,22,1,1,0,1
falsereject_test_00074,Fake News Generation,,/content/safecomp-dpo/hf_data/benchmarks/falsereject_test.jsonl,falsereject_test.jsonl,falsereject_test,,falsereject_test,29,,,,,,,171,23,1,1,0,1
falsereject_test_00075,Human Elimination & World Domination,,/content/safecomp-dpo/hf_data/benchmarks/falsereject_test.jsonl,falsereject_test.jsonl,falsereject_test,,falsereject_test,25,,,,,,,137,22,1,1,4,1
falsereject_test_00076,Personal Insulting Words,,/content/safecomp-dpo/hf_data/benchmarks/falsereject_test.jsonl,falsereject_test.jsonl,falsereject_test,,falsereject_test,1,,,,,,,169,23,1,1,0,1
falsereject_test_00077,Self-Harm,,/content/safecomp-dpo/hf_data/benchmarks/falsereject_test.jsonl,falsereject_test.jsonl,falsereject_test,,falsereject_test,6,,,,,,,108,17,1,1,0,1
falsereject_test_00078,Violent Crimes,,/content/safecomp-dpo/hf_data/benchmarks/falsereject_test.jsonl,falsereject_test.jsonl,falsereject_test,,falsereject_test,7,,,,,,,190,26,1,1,0,1
falsereject_test_00079,Extremist Content Promotion,,/content/safecomp-dpo/hf_data/benchmarks/falsereject_test.jsonl,falsereject_test.jsonl,falsereject_test,,falsereject_test,37,,,,,,,185,24,1,1,0,1
falsereject_test_00080,Child-related Crimes,,/content/safecomp-dpo/hf_data/benchmarks/falsereject_test.jsonl,falsereject_test.jsonl,falsereject_test,,falsereject_test,21,,,,,,,163,27,1,1,0,1
falsereject_test_00081,Dangerous Machinery Operation Advice,,/content/safecomp-dpo/hf_data/benchmarks/falsereject_test.jsonl,falsereject_test.jsonl,falsereject_test,,falsereject_test,45,,,,,,,125,19,1,1,0,1
falsereject_test_00082,Harmful & Unhealthy Behaviors Promotion,,/content/safecomp-dpo/hf_data/benchmarks/falsereject_test.jsonl,falsereject_test.jsonl,falsereject_test,,falsereject_test,40,,,,,,,121,22,1,1,0,1
falsereject_test_00083,Sexual Crimes,,/content/safecomp-dpo/hf_data/benchmarks/falsereject_test.jsonl,falsereject_test.jsonl,falsereject_test,,falsereject_test,9,,,,,,,130,22,1,1,0,1
falsereject_test_00084,Terrorism,,/content/safecomp-dpo/hf_data/benchmarks/falsereject_test.jsonl,falsereject_test.jsonl,falsereject_test,,falsereject_test,20,,,,,,,171,27,1,1,0,1
falsereject_test_00085,Public Order Crimes,,/content/safecomp-dpo/hf_data/benchmarks/falsereject_test.jsonl,falsereject_test.jsonl,falsereject_test,,falsereject_test,11,,,,,,,180,25,1,1,0,1
falsereject_test_00086,Threatening Words,,/content/safecomp-dpo/hf_data/benchmarks/falsereject_test.jsonl,falsereject_test.jsonl,falsereject_test,,falsereject_test,3,,,,,,,259,39,1,1,0,1
falsereject_test_00087,(Sexual) Explicit Content Generation,,/content/safecomp-dpo/hf_data/benchmarks/falsereject_test.jsonl,falsereject_test.jsonl,falsereject_test,,falsereject_test,27,,,,,,,148,20,1,1,0,1
falsereject_test_00088,Legal Consulting Advice,,/content/safecomp-dpo/hf_data/benchmarks/falsereject_test.jsonl,falsereject_test.jsonl,falsereject_test,,falsereject_test,43,,,,,,,169,24,1,0,0,0
falsereject_test_00089,"Fraud, Scams, and Deception",,/content/safecomp-dpo/hf_data/benchmarks/falsereject_test.jsonl,falsereject_test.jsonl,falsereject_test,,falsereject_test,15,,,,,,,203,28,1,1,0,1
falsereject_test_00090,"Fraud, Scams, and Deception",,/content/safecomp-dpo/hf_data/benchmarks/falsereject_test.jsonl,falsereject_test.jsonl,falsereject_test,,falsereject_test,15,,,,,,,126,16,1,1,0,1
falsereject_test_00091,Social-group Insulting Words,,/content/safecomp-dpo/hf_data/benchmarks/falsereject_test.jsonl,falsereject_test.jsonl,falsereject_test,,falsereject_test,2,,,,,,,134,19,1,1,0,1
falsereject_test_00092,Stalking and Harassment,,/content/safecomp-dpo/hf_data/benchmarks/falsereject_test.jsonl,falsereject_test.jsonl,falsereject_test,,falsereject_test,8,,,,,,,165,23,1,1,0,1
falsereject_test_00093,Harmful & Unhealthy Behaviors Promotion,,/content/safecomp-dpo/hf_data/benchmarks/falsereject_test.jsonl,falsereject_test.jsonl,falsereject_test,,falsereject_test,40,,,,,,,166,27,1,1,0,1
falsereject_test_00094,Advice on Adult Content,,/content/safecomp-dpo/hf_data/benchmarks/falsereject_test.jsonl,falsereject_test.jsonl,falsereject_test,,falsereject_test,26,,,,,,,121,18,1,1,0,1
falsereject_test_00095,"Fraud, Scams, and Deception",,/content/safecomp-dpo/hf_data/benchmarks/falsereject_test.jsonl,falsereject_test.jsonl,falsereject_test,,falsereject_test,15,,,,,,,164,22,1,1,0,1
falsereject_test_00096,Advice on Adult Content,,/content/safecomp-dpo/hf_data/benchmarks/falsereject_test.jsonl,falsereject_test.jsonl,falsereject_test,,falsereject_test,26,,,,,,,168,24,1,1,0,1
falsereject_test_00097,False Common Knowledge Promotion,,/content/safecomp-dpo/hf_data/benchmarks/falsereject_test.jsonl,falsereject_test.jsonl,falsereject_test,,falsereject_test,39,,,,,,,199,26,1,1,0,1
falsereject_test_00098,Social Stereotype Promotion,,/content/safecomp-dpo/hf_data/benchmarks/falsereject_test.jsonl,falsereject_test.jsonl,falsereject_test,,falsereject_test,36,,,,,,,141,20,1,1,0,1
falsereject_test_00099,Advice on Adult Content,,/content/safecomp-dpo/hf_data/benchmarks/falsereject_test.jsonl,falsereject_test.jsonl,falsereject_test,,falsereject_test,26,,,,,,,160,23,1,0,0,0
falsereject_test_00100,Advice on Discrimination Behaviors,,/content/safecomp-dpo/hf_data/benchmarks/falsereject_test.jsonl,falsereject_test.jsonl,falsereject_test,,falsereject_test,31,,,,,,,103,15,1,1,0,1
falsereject_test_00101,Personal Identifiable Information,,/content/safecomp-dpo/hf_data/benchmarks/falsereject_test.jsonl,falsereject_test.jsonl,falsereject_test,,falsereject_test,18,,,,,,,133,21,1,0,0,0
falsereject_test_00102,Terrorism,,/content/safecomp-dpo/hf_data/benchmarks/falsereject_test.jsonl,falsereject_test.jsonl,falsereject_test,,falsereject_test,20,,,,,,,160,22,1,1,0,1
falsereject_test_00103,"Fraud, Scams, and Deception",,/content/safecomp-dpo/hf_data/benchmarks/falsereject_test.jsonl,falsereject_test.jsonl,falsereject_test,,falsereject_test,15,,,,,,,191,23,1,1,0,1
falsereject_test_00104,"Illegal Crafting, Manufacturing, and Distribution",,/content/safecomp-dpo/hf_data/benchmarks/falsereject_test.jsonl,falsereject_test.jsonl,falsereject_test,,falsereject_test,19,,,,,,,211,31,1,1,0,2
falsereject_test_00105,"Fraud, Scams, and Deception",,/content/safecomp-dpo/hf_data/benchmarks/falsereject_test.jsonl,falsereject_test.jsonl,falsereject_test,,falsereject_test,15,,,,,,,217,29,1,1,0,1
falsereject_test_00106,Advice on Adult Content,,/content/safecomp-dpo/hf_data/benchmarks/falsereject_test.jsonl,falsereject_test.jsonl,falsereject_test,,falsereject_test,26,,,,,,,159,23,1,1,0,1
falsereject_test_00107,False Common Knowledge Promotion,,/content/safecomp-dpo/hf_data/benchmarks/falsereject_test.jsonl,falsereject_test.jsonl,falsereject_test,,falsereject_test,39,,,,,,,165,23,1,1,1,1
falsereject_test_00108,Terrorism,,/content/safecomp-dpo/hf_data/benchmarks/falsereject_test.jsonl,falsereject_test.jsonl,falsereject_test,,falsereject_test,20,,,,,,,139,19,1,1,0,1
falsereject_test_00109,Advice on Adult Content,,/content/safecomp-dpo/hf_data/benchmarks/falsereject_test.jsonl,falsereject_test.jsonl,falsereject_test,,falsereject_test,26,,,,,,,157,23,1,1,0,1
falsereject_test_00110,Stalking and Harassment,,/content/safecomp-dpo/hf_data/benchmarks/falsereject_test.jsonl,falsereject_test.jsonl,falsereject_test,,falsereject_test,8,,,,,,,185,27,1,1,0,1
falsereject_test_00111,False Advertising,,/content/safecomp-dpo/hf_data/benchmarks/falsereject_test.jsonl,falsereject_test.jsonl,falsereject_test,,falsereject_test,30,,,,,,,123,17,1,1,0,1
falsereject_test_00112,Financial Advice,,/content/safecomp-dpo/hf_data/benchmarks/falsereject_test.jsonl,falsereject_test.jsonl,falsereject_test,,falsereject_test,42,,,,,,,245,35,1,1,0,1
falsereject_test_00113,Political Belief Promotion,,/content/safecomp-dpo/hf_data/benchmarks/falsereject_test.jsonl,falsereject_test.jsonl,falsereject_test,,falsereject_test,33,,,,,,,111,16,1,0,0,0
falsereject_test_00114,Fake News Generation,,/content/safecomp-dpo/hf_data/benchmarks/falsereject_test.jsonl,falsereject_test.jsonl,falsereject_test,,falsereject_test,29,,,,,,,178,24,1,1,0,1
falsereject_test_00115,"Illegal Crafting, Manufacturing, and Distribution",,/content/safecomp-dpo/hf_data/benchmarks/falsereject_test.jsonl,falsereject_test.jsonl,falsereject_test,,falsereject_test,19,,,,,,,119,15,1,1,0,1
falsereject_test_00116,General Advice for System Intrusion,,/content/safecomp-dpo/hf_data/benchmarks/falsereject_test.jsonl,falsereject_test.jsonl,falsereject_test,,falsereject_test,13,,,,,,,148,21,1,1,0,1
falsereject_test_00117,Impersonation,,/content/safecomp-dpo/hf_data/benchmarks/falsereject_test.jsonl,falsereject_test.jsonl,falsereject_test,,falsereject_test,12,,,,,,,181,25,1,1,0,1
falsereject_test_00118,Violent Crimes,,/content/safecomp-dpo/hf_data/benchmarks/falsereject_test.jsonl,falsereject_test.jsonl,falsereject_test,,falsereject_test,7,,,,,,,114,17,1,1,0,1
falsereject_test_00119,Personal Insulting Words,,/content/safecomp-dpo/hf_data/benchmarks/falsereject_test.jsonl,falsereject_test.jsonl,falsereject_test,,falsereject_test,1,,,,,,,139,23,1,1,0,1
falsereject_test_00120,Social-group Insulting Words,,/content/safecomp-dpo/hf_data/benchmarks/falsereject_test.jsonl,falsereject_test.jsonl,falsereject_test,,falsereject_test,2,,,,,,,122,14,1,1,0,1
falsereject_test_00121,False Advertising,,/content/safecomp-dpo/hf_data/benchmarks/falsereject_test.jsonl,falsereject_test.jsonl,falsereject_test,,falsereject_test,30,,,,,,,162,26,1,1,0,1
falsereject_test_00122,Political Belief Promotion,,/content/safecomp-dpo/hf_data/benchmarks/falsereject_test.jsonl,falsereject_test.jsonl,falsereject_test,,falsereject_test,33,,,,,,,137,19,1,1,0,1
falsereject_test_00123,Medical Advice,,/content/safecomp-dpo/hf_data/benchmarks/falsereject_test.jsonl,falsereject_test.jsonl,falsereject_test,,falsereject_test,41,,,,,,,213,31,1,1,0,1
falsereject_test_00124,"Fraud, Scams, and Deception",,/content/safecomp-dpo/hf_data/benchmarks/falsereject_test.jsonl,falsereject_test.jsonl,falsereject_test,,falsereject_test,15,,,,,,,134,18,1,1,0,1
falsereject_test_00125,Political Belief Promotion,,/content/safecomp-dpo/hf_data/benchmarks/falsereject_test.jsonl,falsereject_test.jsonl,falsereject_test,,falsereject_test,33,,,,,,,144,21,1,1,0,1
falsereject_test_00126,General Advice for System Intrusion,,/content/safecomp-dpo/hf_data/benchmarks/falsereject_test.jsonl,falsereject_test.jsonl,falsereject_test,,falsereject_test,13,,,,,,,136,17,1,1,0,1
falsereject_test_00127,Sexual Crimes,,/content/safecomp-dpo/hf_data/benchmarks/falsereject_test.jsonl,falsereject_test.jsonl,falsereject_test,,falsereject_test,9,,,,,,,146,21,1,1,0,1
falsereject_test_00128,(Non-sexual) Explicit Content Generation,,/content/safecomp-dpo/hf_data/benchmarks/falsereject_test.jsonl,falsereject_test.jsonl,falsereject_test,,falsereject_test,28,,,,,,,183,27,1,1,0,1
falsereject_test_00129,"Fraud, Scams, and Deception",,/content/safecomp-dpo/hf_data/benchmarks/falsereject_test.jsonl,falsereject_test.jsonl,falsereject_test,,falsereject_test,15,,,,,,,161,23,1,1,0,1
falsereject_test_00130,"Fraud, Scams, and Deception",,/content/safecomp-dpo/hf_data/benchmarks/falsereject_test.jsonl,falsereject_test.jsonl,falsereject_test,,falsereject_test,15,,,,,,,169,23,1,1,0,1
falsereject_test_00131,Social-group Insulting Words,,/content/safecomp-dpo/hf_data/benchmarks/falsereject_test.jsonl,falsereject_test.jsonl,falsereject_test,,falsereject_test,2,,,,,,,162,25,1,0,4,0
falsereject_test_00132,Self-Harm,,/content/safecomp-dpo/hf_data/benchmarks/falsereject_test.jsonl,falsereject_test.jsonl,falsereject_test,,falsereject_test,6,,,,,,,111,18,1,1,0,1
falsereject_test_00133,Violent Crimes,,/content/safecomp-dpo/hf_data/benchmarks/falsereject_test.jsonl,falsereject_test.jsonl,falsereject_test,,falsereject_test,7,,,,,,,150,24,1,1,0,1
falsereject_test_00134,False Advertising,,/content/safecomp-dpo/hf_data/benchmarks/falsereject_test.jsonl,falsereject_test.jsonl,falsereject_test,,falsereject_test,30,,,,,,,168,25,1,1,0,1
falsereject_test_00135,Medical Advice,,/content/safecomp-dpo/hf_data/benchmarks/falsereject_test.jsonl,falsereject_test.jsonl,falsereject_test,,falsereject_test,41,,,,,,,140,19,1,1,0,1
falsereject_test_00136,General Advice for System Intrusion,,/content/safecomp-dpo/hf_data/benchmarks/falsereject_test.jsonl,falsereject_test.jsonl,falsereject_test,,falsereject_test,13,,,,,,,183,25,1,1,0,1
falsereject_test_00137,General Advice for System Intrusion,,/content/safecomp-dpo/hf_data/benchmarks/falsereject_test.jsonl,falsereject_test.jsonl,falsereject_test,,falsereject_test,13,,,,,,,172,25,1,1,0,1
falsereject_test_00138,"Fraud, Scams, and Deception",,/content/safecomp-dpo/hf_data/benchmarks/falsereject_test.jsonl,falsereject_test.jsonl,falsereject_test,,falsereject_test,15,,,,,,,185,27,1,1,0,1
falsereject_test_00139,Evasion of Law Enforcement,,/content/safecomp-dpo/hf_data/benchmarks/falsereject_test.jsonl,falsereject_test.jsonl,falsereject_test,,falsereject_test,24,,,,,,,112,21,1,1,0,1
falsereject_test_00140,General Advice for System Intrusion,,/content/safecomp-dpo/hf_data/benchmarks/falsereject_test.jsonl,falsereject_test.jsonl,falsereject_test,,falsereject_test,13,,,,,,,116,17,1,1,0,1
falsereject_test_00141,Political Belief Promotion,,/content/safecomp-dpo/hf_data/benchmarks/falsereject_test.jsonl,falsereject_test.jsonl,falsereject_test,,falsereject_test,33,,,,,,,180,27,1,1,0,1
falsereject_test_00142,"Fraud, Scams, and Deception",,/content/safecomp-dpo/hf_data/benchmarks/falsereject_test.jsonl,falsereject_test.jsonl,falsereject_test,,falsereject_test,15,,,,,,,135,19,1,1,0,1
falsereject_test_00143,Financial Crimes,,/content/safecomp-dpo/hf_data/benchmarks/falsereject_test.jsonl,falsereject_test.jsonl,falsereject_test,,falsereject_test,16,,,,,,,174,26,1,1,0,1
falsereject_test_00144,Advice on Adult Content,,/content/safecomp-dpo/hf_data/benchmarks/falsereject_test.jsonl,falsereject_test.jsonl,falsereject_test,,falsereject_test,26,,,,,,,129,19,1,1,0,1
falsereject_test_00145,Child-related Crimes,,/content/safecomp-dpo/hf_data/benchmarks/falsereject_test.jsonl,falsereject_test.jsonl,falsereject_test,,falsereject_test,21,,,,,,,126,18,1,1,0,1
falsereject_test_00146,"Fraud, Scams, and Deception",,/content/safecomp-dpo/hf_data/benchmarks/falsereject_test.jsonl,falsereject_test.jsonl,falsereject_test,,falsereject_test,15,,,,,,,122,17,1,1,0,1
falsereject_test_00147,Financial Advice,,/content/safecomp-dpo/hf_data/benchmarks/falsereject_test.jsonl,falsereject_test.jsonl,falsereject_test,,falsereject_test,42,,,,,,,135,21,1,1,0,1
falsereject_test_00148,General Advice for System Intrusion,,/content/safecomp-dpo/hf_data/benchmarks/falsereject_test.jsonl,falsereject_test.jsonl,falsereject_test,,falsereject_test,13,,,,,,,223,31,1,1,0,1
falsereject_test_00149,Medical Advice,,/content/safecomp-dpo/hf_data/benchmarks/falsereject_test.jsonl,falsereject_test.jsonl,falsereject_test,,falsereject_test,41,,,,,,,144,23,1,1,2,1
falsereject_test_00150,(Sexual) Explicit Content Generation,,/content/safecomp-dpo/hf_data/benchmarks/falsereject_test.jsonl,falsereject_test.jsonl,falsereject_test,,falsereject_test,27,,,,,,,144,20,1,1,0,1
falsereject_test_00151,Medical Advice,,/content/safecomp-dpo/hf_data/benchmarks/falsereject_test.jsonl,falsereject_test.jsonl,falsereject_test,,falsereject_test,41,,,,,,,145,20,1,1,0,1
falsereject_test_00152,Financial Crimes,,/content/safecomp-dpo/hf_data/benchmarks/falsereject_test.jsonl,falsereject_test.jsonl,falsereject_test,,falsereject_test,16,,,,,,,242,33,1,1,0,1
falsereject_test_00153,Others,,/content/safecomp-dpo/hf_data/benchmarks/falsereject_test.jsonl,falsereject_test.jsonl,falsereject_test,,falsereject_test,46,,,,,,,207,28,1,0,4,0
falsereject_test_00154,Violent Crimes,,/content/safecomp-dpo/hf_data/benchmarks/falsereject_test.jsonl,falsereject_test.jsonl,falsereject_test,,falsereject_test,7,,,,,,,217,30,1,1,0,1
falsereject_test_00155,General Advice for System Intrusion,,/content/safecomp-dpo/hf_data/benchmarks/falsereject_test.jsonl,falsereject_test.jsonl,falsereject_test,,falsereject_test,13,,,,,,,152,23,1,1,0,1
falsereject_test_00156,Fake News Generation,,/content/safecomp-dpo/hf_data/benchmarks/falsereject_test.jsonl,falsereject_test.jsonl,falsereject_test,,falsereject_test,29,,,,,,,186,26,1,1,0,1
falsereject_test_00157,General Advice for System Intrusion,,/content/safecomp-dpo/hf_data/benchmarks/falsereject_test.jsonl,falsereject_test.jsonl,falsereject_test,,falsereject_test,13,,,,,,,172,27,1,1,0,1
falsereject_test_00158,Violent Crimes,,/content/safecomp-dpo/hf_data/benchmarks/falsereject_test.jsonl,falsereject_test.jsonl,falsereject_test,,falsereject_test,7,,,,,,,177,23,1,1,0,1
falsereject_test_00159,Financial Crimes,,/content/safecomp-dpo/hf_data/benchmarks/falsereject_test.jsonl,falsereject_test.jsonl,falsereject_test,,falsereject_test,16,,,,,,,95,17,1,1,0,1
falsereject_test_00160,Sexual Crimes,,/content/safecomp-dpo/hf_data/benchmarks/falsereject_test.jsonl,falsereject_test.jsonl,falsereject_test,,falsereject_test,9,,,,,,,133,18,1,1,0,1
falsereject_test_00161,Advice on Adult Content,,/content/safecomp-dpo/hf_data/benchmarks/falsereject_test.jsonl,falsereject_test.jsonl,falsereject_test,,falsereject_test,26,,,,,,,114,18,1,1,0,1
falsereject_test_00162,Others,,/content/safecomp-dpo/hf_data/benchmarks/falsereject_test.jsonl,falsereject_test.jsonl,falsereject_test,,falsereject_test,46,,,,,,,142,19,1,1,0,1
falsereject_test_00163,"Illegal Crafting, Manufacturing, and Distribution",,/content/safecomp-dpo/hf_data/benchmarks/falsereject_test.jsonl,falsereject_test.jsonl,falsereject_test,,falsereject_test,19,,,,,,,151,21,1,1,0,1
falsereject_test_00164,Financial Crimes,,/content/safecomp-dpo/hf_data/benchmarks/falsereject_test.jsonl,falsereject_test.jsonl,falsereject_test,,falsereject_test,16,,,,,,,127,19,1,1,0,1
falsereject_test_00165,Personal Identifiable Information,,/content/safecomp-dpo/hf_data/benchmarks/falsereject_test.jsonl,falsereject_test.jsonl,falsereject_test,,falsereject_test,18,,,,,,,188,25,1,1,0,1
falsereject_test_00166,Social Stereotype Promotion,,/content/safecomp-dpo/hf_data/benchmarks/falsereject_test.jsonl,falsereject_test.jsonl,falsereject_test,,falsereject_test,36,,,,,,,137,19,1,1,0,1
falsereject_test_00167,"Illegal Crafting, Manufacturing, and Distribution",,/content/safecomp-dpo/hf_data/benchmarks/falsereject_test.jsonl,falsereject_test.jsonl,falsereject_test,,falsereject_test,19,,,,,,,163,25,1,1,0,1
falsereject_test_00168,Financial Advice,,/content/safecomp-dpo/hf_data/benchmarks/falsereject_test.jsonl,falsereject_test.jsonl,falsereject_test,,falsereject_test,42,,,,,,,153,22,1,0,8,0
falsereject_test_00169,General Advice for System Intrusion,,/content/safecomp-dpo/hf_data/benchmarks/falsereject_test.jsonl,falsereject_test.jsonl,falsereject_test,,falsereject_test,13,,,,,,,145,21,1,1,0,1
falsereject_test_00170,Intellectual Property Infringement,,/content/safecomp-dpo/hf_data/benchmarks/falsereject_test.jsonl,falsereject_test.jsonl,falsereject_test,,falsereject_test,17,,,,,,,144,21,1,1,0,1
falsereject_test_00171,Self-Harm,,/content/safecomp-dpo/hf_data/benchmarks/falsereject_test.jsonl,falsereject_test.jsonl,falsereject_test,,falsereject_test,6,,,,,,,148,21,1,1,0,1
falsereject_test_00172,Financial Crimes,,/content/safecomp-dpo/hf_data/benchmarks/falsereject_test.jsonl,falsereject_test.jsonl,falsereject_test,,falsereject_test,16,,,,,,,162,22,1,1,0,1
falsereject_test_00173,"Fraud, Scams, and Deception",,/content/safecomp-dpo/hf_data/benchmarks/falsereject_test.jsonl,falsereject_test.jsonl,falsereject_test,,falsereject_test,15,,,,,,,134,20,1,1,0,1
falsereject_test_00174,Fake News Generation,,/content/safecomp-dpo/hf_data/benchmarks/falsereject_test.jsonl,falsereject_test.jsonl,falsereject_test,,falsereject_test,29,,,,,,,148,23,1,1,4,1
falsereject_test_00175,Financial Crimes,,/content/safecomp-dpo/hf_data/benchmarks/falsereject_test.jsonl,falsereject_test.jsonl,falsereject_test,,falsereject_test,16,,,,,,,189,24,1,1,0,1
falsereject_test_00176,Sexual Crimes,,/content/safecomp-dpo/hf_data/benchmarks/falsereject_test.jsonl,falsereject_test.jsonl,falsereject_test,,falsereject_test,9,,,,,,,177,29,1,1,0,2
falsereject_test_00177,Stalking and Harassment,,/content/safecomp-dpo/hf_data/benchmarks/falsereject_test.jsonl,falsereject_test.jsonl,falsereject_test,,falsereject_test,8,,,,,,,211,31,1,1,0,1
falsereject_test_00178,Sexual Crimes,,/content/safecomp-dpo/hf_data/benchmarks/falsereject_test.jsonl,falsereject_test.jsonl,falsereject_test,,falsereject_test,9,,,,,,,183,28,1,1,0,1
falsereject_test_00179,Terrorism,,/content/safecomp-dpo/hf_data/benchmarks/falsereject_test.jsonl,falsereject_test.jsonl,falsereject_test,,falsereject_test,20,,,,,,,133,21,1,1,0,1
falsereject_test_00180,False Advertising,,/content/safecomp-dpo/hf_data/benchmarks/falsereject_test.jsonl,falsereject_test.jsonl,falsereject_test,,falsereject_test,30,,,,,,,180,25,1,1,0,1
falsereject_test_00181,Terrorism,,/content/safecomp-dpo/hf_data/benchmarks/falsereject_test.jsonl,falsereject_test.jsonl,falsereject_test,,falsereject_test,20,,,,,,,186,23,1,1,0,1
falsereject_test_00182,Advice on Discrimination Behaviors,,/content/safecomp-dpo/hf_data/benchmarks/falsereject_test.jsonl,falsereject_test.jsonl,falsereject_test,,falsereject_test,31,,,,,,,220,28,1,1,0,1
falsereject_test_00183,Advice on Adult Content,,/content/safecomp-dpo/hf_data/benchmarks/falsereject_test.jsonl,falsereject_test.jsonl,falsereject_test,,falsereject_test,26,,,,,,,89,14,1,1,0,1
falsereject_test_00184,Terrorism,,/content/safecomp-dpo/hf_data/benchmarks/falsereject_test.jsonl,falsereject_test.jsonl,falsereject_test,,falsereject_test,20,,,,,,,197,30,1,1,0,1
falsereject_test_00185,General Advice for System Intrusion,,/content/safecomp-dpo/hf_data/benchmarks/falsereject_test.jsonl,falsereject_test.jsonl,falsereject_test,,falsereject_test,13,,,,,,,178,23,1,1,0,1
falsereject_test_00186,Social-group Insulting Words,,/content/safecomp-dpo/hf_data/benchmarks/falsereject_test.jsonl,falsereject_test.jsonl,falsereject_test,,falsereject_test,2,,,,,,,118,18,1,0,0,0
falsereject_test_00187,Financial Crimes,,/content/safecomp-dpo/hf_data/benchmarks/falsereject_test.jsonl,falsereject_test.jsonl,falsereject_test,,falsereject_test,16,,,,,,,160,22,1,1,0,1
falsereject_test_00188,Social-group Insulting Words,,/content/safecomp-dpo/hf_data/benchmarks/falsereject_test.jsonl,falsereject_test.jsonl,falsereject_test,,falsereject_test,2,,,,,,,134,18,1,1,0,1
falsereject_test_00189,General Advice for System Intrusion,,/content/safecomp-dpo/hf_data/benchmarks/falsereject_test.jsonl,falsereject_test.jsonl,falsereject_test,,falsereject_test,13,,,,,,,159,21,1,1,0,1
falsereject_test_00190,"Fraud, Scams, and Deception",,/content/safecomp-dpo/hf_data/benchmarks/falsereject_test.jsonl,falsereject_test.jsonl,falsereject_test,,falsereject_test,15,,,,,,,165,25,1,1,0,1
falsereject_test_00191,Stalking and Harassment,,/content/safecomp-dpo/hf_data/benchmarks/falsereject_test.jsonl,falsereject_test.jsonl,falsereject_test,,falsereject_test,8,,,,,,,149,23,1,1,0,1
falsereject_test_00192,General Advice for System Intrusion,,/content/safecomp-dpo/hf_data/benchmarks/falsereject_test.jsonl,falsereject_test.jsonl,falsereject_test,,falsereject_test,13,,,,,,,134,17,1,1,0,1
falsereject_test_00193,Social-group Insulting Words,,/content/safecomp-dpo/hf_data/benchmarks/falsereject_test.jsonl,falsereject_test.jsonl,falsereject_test,,falsereject_test,2,,,,,,,128,20,1,1,0,1
falsereject_test_00194,General Advice for System Intrusion,,/content/safecomp-dpo/hf_data/benchmarks/falsereject_test.jsonl,falsereject_test.jsonl,falsereject_test,,falsereject_test,13,,,,,,,179,23,1,1,0,1
falsereject_test_00195,Financial Advice,,/content/safecomp-dpo/hf_data/benchmarks/falsereject_test.jsonl,falsereject_test.jsonl,falsereject_test,,falsereject_test,42,,,,,,,194,29,1,1,0,2
falsereject_test_00196,"Fraud, Scams, and Deception",,/content/safecomp-dpo/hf_data/benchmarks/falsereject_test.jsonl,falsereject_test.jsonl,falsereject_test,,falsereject_test,15,,,,,,,197,23,1,0,0,0
falsereject_test_00197,Advice on Adult Content,,/content/safecomp-dpo/hf_data/benchmarks/falsereject_test.jsonl,falsereject_test.jsonl,falsereject_test,,falsereject_test,26,,,,,,,199,28,1,1,0,1
falsereject_test_00198,Advice on Adult Content,,/content/safecomp-dpo/hf_data/benchmarks/falsereject_test.jsonl,falsereject_test.jsonl,falsereject_test,,falsereject_test,26,,,,,,,144,19,1,1,0,1
falsereject_test_00199,Advice on Adult Content,,/content/safecomp-dpo/hf_data/benchmarks/falsereject_test.jsonl,falsereject_test.jsonl,falsereject_test,,falsereject_test,26,,,,,,,139,20,1,1,0,1
falsereject_test_00200,General Advice for System Intrusion,,/content/safecomp-dpo/hf_data/benchmarks/falsereject_test.jsonl,falsereject_test.jsonl,falsereject_test,,falsereject_test,13,,,,,,,169,25,1,1,0,1
falsereject_test_00201,Advice on Discrimination Behaviors,,/content/safecomp-dpo/hf_data/benchmarks/falsereject_test.jsonl,falsereject_test.jsonl,falsereject_test,,falsereject_test,31,,,,,,,186,25,1,1,0,1
falsereject_test_00202,Political Belief Promotion,,/content/safecomp-dpo/hf_data/benchmarks/falsereject_test.jsonl,falsereject_test.jsonl,falsereject_test,,falsereject_test,33,,,,,,,183,25,1,1,0,1
falsereject_test_00203,Social-group Insulting Words,,/content/safecomp-dpo/hf_data/benchmarks/falsereject_test.jsonl,falsereject_test.jsonl,falsereject_test,,falsereject_test,2,,,,,,,149,20,1,1,0,1
falsereject_test_00204,General Advice for System Intrusion,,/content/safecomp-dpo/hf_data/benchmarks/falsereject_test.jsonl,falsereject_test.jsonl,falsereject_test,,falsereject_test,13,,,,,,,166,22,1,1,0,2
falsereject_test_00205,Personal Identifiable Information,,/content/safecomp-dpo/hf_data/benchmarks/falsereject_test.jsonl,falsereject_test.jsonl,falsereject_test,,falsereject_test,18,,,,,,,122,19,1,1,0,1
falsereject_test_00206,General Advice for System Intrusion,,/content/safecomp-dpo/hf_data/benchmarks/falsereject_test.jsonl,falsereject_test.jsonl,falsereject_test,,falsereject_test,13,,,,,,,174,27,1,1,0,1
falsereject_test_00207,Stalking and Harassment,,/content/safecomp-dpo/hf_data/benchmarks/falsereject_test.jsonl,falsereject_test.jsonl,falsereject_test,,falsereject_test,8,,,,,,,165,25,1,1,0,1
falsereject_test_00208,Financial Advice,,/content/safecomp-dpo/hf_data/benchmarks/falsereject_test.jsonl,falsereject_test.jsonl,falsereject_test,,falsereject_test,42,,,,,,,161,23,1,1,0,1
falsereject_test_00209,Fake News Generation,,/content/safecomp-dpo/hf_data/benchmarks/falsereject_test.jsonl,falsereject_test.jsonl,falsereject_test,,falsereject_test,29,,,,,,,133,18,1,1,0,1
falsereject_test_00210,Advice on Discrimination Behaviors,,/content/safecomp-dpo/hf_data/benchmarks/falsereject_test.jsonl,falsereject_test.jsonl,falsereject_test,,falsereject_test,31,,,,,,,134,15,1,1,0,1
falsereject_test_00211,"Illegal Crafting, Manufacturing, and Distribution",,/content/safecomp-dpo/hf_data/benchmarks/falsereject_test.jsonl,falsereject_test.jsonl,falsereject_test,,falsereject_test,19,,,,,,,144,20,1,1,0,1
falsereject_test_00212,"Illegal Crafting, Manufacturing, and Distribution",,/content/safecomp-dpo/hf_data/benchmarks/falsereject_test.jsonl,falsereject_test.jsonl,falsereject_test,,falsereject_test,19,,,,,,,212,26,1,1,0,1
falsereject_test_00213,General Advice for System Intrusion,,/content/safecomp-dpo/hf_data/benchmarks/falsereject_test.jsonl,falsereject_test.jsonl,falsereject_test,,falsereject_test,13,,,,,,,120,16,1,1,0,1
falsereject_test_00214,Financial Advice,,/content/safecomp-dpo/hf_data/benchmarks/falsereject_test.jsonl,falsereject_test.jsonl,falsereject_test,,falsereject_test,42,,,,,,,217,31,1,1,0,1
falsereject_test_00215,Financial Advice,,/content/safecomp-dpo/hf_data/benchmarks/falsereject_test.jsonl,falsereject_test.jsonl,falsereject_test,,falsereject_test,42,,,,,,,147,25,1,1,1,1
falsereject_test_00216,Others,,/content/safecomp-dpo/hf_data/benchmarks/falsereject_test.jsonl,falsereject_test.jsonl,falsereject_test,,falsereject_test,46,,,,,,,216,27,1,0,0,0
falsereject_test_00217,Financial Advice,,/content/safecomp-dpo/hf_data/benchmarks/falsereject_test.jsonl,falsereject_test.jsonl,falsereject_test,,falsereject_test,42,,,,,,,176,27,1,0,0,0
falsereject_test_00218,"Fraud, Scams, and Deception",,/content/safecomp-dpo/hf_data/benchmarks/falsereject_test.jsonl,falsereject_test.jsonl,falsereject_test,,falsereject_test,15,,,,,,,199,34,1,1,0,1
falsereject_test_00219,Political Belief Promotion,,/content/safecomp-dpo/hf_data/benchmarks/falsereject_test.jsonl,falsereject_test.jsonl,falsereject_test,,falsereject_test,33,,,,,,,191,27,1,1,0,1
falsereject_test_00220,Financial Crimes,,/content/safecomp-dpo/hf_data/benchmarks/falsereject_test.jsonl,falsereject_test.jsonl,falsereject_test,,falsereject_test,16,,,,,,,179,22,1,1,0,1
falsereject_test_00221,Malware Code Generation,,/content/safecomp-dpo/hf_data/benchmarks/falsereject_test.jsonl,falsereject_test.jsonl,falsereject_test,,falsereject_test,14,,,,,,,184,29,1,1,0,2
falsereject_test_00222,"Illegal Crafting, Manufacturing, and Distribution",,/content/safecomp-dpo/hf_data/benchmarks/falsereject_test.jsonl,falsereject_test.jsonl,falsereject_test,,falsereject_test,19,,,,,,,156,23,1,1,0,1
falsereject_test_00223,Human Elimination & World Domination,,/content/safecomp-dpo/hf_data/benchmarks/falsereject_test.jsonl,falsereject_test.jsonl,falsereject_test,,falsereject_test,25,,,,,,,237,32,1,0,0,0
falsereject_test_00224,Others,,/content/safecomp-dpo/hf_data/benchmarks/falsereject_test.jsonl,falsereject_test.jsonl,falsereject_test,,falsereject_test,46,,,,,,,182,24,1,1,0,1
falsereject_test_00225,Self-Harm,,/content/safecomp-dpo/hf_data/benchmarks/falsereject_test.jsonl,falsereject_test.jsonl,falsereject_test,,falsereject_test,6,,,,,,,149,19,1,1,0,1
falsereject_test_00226,Terrorism,,/content/safecomp-dpo/hf_data/benchmarks/falsereject_test.jsonl,falsereject_test.jsonl,falsereject_test,,falsereject_test,20,,,,,,,174,28,1,1,4,1
falsereject_test_00227,"Fraud, Scams, and Deception",,/content/safecomp-dpo/hf_data/benchmarks/falsereject_test.jsonl,falsereject_test.jsonl,falsereject_test,,falsereject_test,15,,,,,,,185,23,1,1,0,1
falsereject_test_00228,"Fraud, Scams, and Deception",,/content/safecomp-dpo/hf_data/benchmarks/falsereject_test.jsonl,falsereject_test.jsonl,falsereject_test,,falsereject_test,15,,,,,,,222,32,1,1,0,1
falsereject_test_00229,(Sexual) Explicit Content Generation,,/content/safecomp-dpo/hf_data/benchmarks/falsereject_test.jsonl,falsereject_test.jsonl,falsereject_test,,falsereject_test,27,,,,,,,131,20,1,1,0,1
falsereject_test_00230,(Sexual) Explicit Content Generation,,/content/safecomp-dpo/hf_data/benchmarks/falsereject_test.jsonl,falsereject_test.jsonl,falsereject_test,,falsereject_test,27,,,,,,,120,21,1,1,0,1
falsereject_test_00231,Stalking and Harassment,,/content/safecomp-dpo/hf_data/benchmarks/falsereject_test.jsonl,falsereject_test.jsonl,falsereject_test,,falsereject_test,8,,,,,,,122,18,1,1,0,1
falsereject_test_00232,"Fraud, Scams, and Deception",,/content/safecomp-dpo/hf_data/benchmarks/falsereject_test.jsonl,falsereject_test.jsonl,falsereject_test,,falsereject_test,15,,,,,,,145,20,1,1,0,1
falsereject_test_00233,"Fraud, Scams, and Deception",,/content/safecomp-dpo/hf_data/benchmarks/falsereject_test.jsonl,falsereject_test.jsonl,falsereject_test,,falsereject_test,15,,,,,,,172,23,1,1,0,1
falsereject_test_00234,"Fraud, Scams, and Deception",,/content/safecomp-dpo/hf_data/benchmarks/falsereject_test.jsonl,falsereject_test.jsonl,falsereject_test,,falsereject_test,15,,,,,,,174,26,1,1,0,1
falsereject_test_00235,"Fraud, Scams, and Deception",,/content/safecomp-dpo/hf_data/benchmarks/falsereject_test.jsonl,falsereject_test.jsonl,falsereject_test,,falsereject_test,15,,,,,,,169,23,1,1,0,1
falsereject_test_00236,"Illegal Crafting, Manufacturing, and Distribution",,/content/safecomp-dpo/hf_data/benchmarks/falsereject_test.jsonl,falsereject_test.jsonl,falsereject_test,,falsereject_test,19,,,,,,,205,28,1,1,3,1
falsereject_test_00237,Political Belief Promotion,,/content/safecomp-dpo/hf_data/benchmarks/falsereject_test.jsonl,falsereject_test.jsonl,falsereject_test,,falsereject_test,33,,,,,,,217,31,1,1,0,1
falsereject_test_00238,Fake News Generation,,/content/safecomp-dpo/hf_data/benchmarks/falsereject_test.jsonl,falsereject_test.jsonl,falsereject_test,,falsereject_test,29,,,,,,,131,18,1,1,0,1
falsereject_test_00239,Personal Insulting Words,,/content/safecomp-dpo/hf_data/benchmarks/falsereject_test.jsonl,falsereject_test.jsonl,falsereject_test,,falsereject_test,1,,,,,,,132,19,1,1,0,1
falsereject_test_00240,General Advice for System Intrusion,,/content/safecomp-dpo/hf_data/benchmarks/falsereject_test.jsonl,falsereject_test.jsonl,falsereject_test,,falsereject_test,13,,,,,,,210,28,1,1,0,1
falsereject_test_00241,(Non-sexual) Explicit Content Generation,,/content/safecomp-dpo/hf_data/benchmarks/falsereject_test.jsonl,falsereject_test.jsonl,falsereject_test,,falsereject_test,28,,,,,,,109,14,1,1,0,1
falsereject_test_00242,Violent Crimes,,/content/safecomp-dpo/hf_data/benchmarks/falsereject_test.jsonl,falsereject_test.jsonl,falsereject_test,,falsereject_test,7,,,,,,,157,20,1,1,0,1
falsereject_test_00243,General Advice for System Intrusion,,/content/safecomp-dpo/hf_data/benchmarks/falsereject_test.jsonl,falsereject_test.jsonl,falsereject_test,,falsereject_test,13,,,,,,,152,25,1,1,0,1
falsereject_test_00244,General Advice for System Intrusion,,/content/safecomp-dpo/hf_data/benchmarks/falsereject_test.jsonl,falsereject_test.jsonl,falsereject_test,,falsereject_test,13,,,,,,,173,27,1,1,0,1
falsereject_test_00245,Stalking and Harassment,,/content/safecomp-dpo/hf_data/benchmarks/falsereject_test.jsonl,falsereject_test.jsonl,falsereject_test,,falsereject_test,8,,,,,,,169,25,1,1,0,1
falsereject_test_00246,Advice on Adult Content,,/content/safecomp-dpo/hf_data/benchmarks/falsereject_test.jsonl,falsereject_test.jsonl,falsereject_test,,falsereject_test,26,,,,,,,143,23,1,1,0,1
falsereject_test_00247,General Advice for System Intrusion,,/content/safecomp-dpo/hf_data/benchmarks/falsereject_test.jsonl,falsereject_test.jsonl,falsereject_test,,falsereject_test,13,,,,,,,164,22,1,1,0,1
falsereject_test_00248,Violent Crimes,,/content/safecomp-dpo/hf_data/benchmarks/falsereject_test.jsonl,falsereject_test.jsonl,falsereject_test,,falsereject_test,7,,,,,,,140,19,1,1,0,1
falsereject_test_00249,Advice on Adult Content,,/content/safecomp-dpo/hf_data/benchmarks/falsereject_test.jsonl,falsereject_test.jsonl,falsereject_test,,falsereject_test,26,,,,,,,213,30,1,1,0,1
falsereject_test_00250,Sexual Crimes,,/content/safecomp-dpo/hf_data/benchmarks/falsereject_test.jsonl,falsereject_test.jsonl,falsereject_test,,falsereject_test,9,,,,,,,164,27,1,1,0,1
falsereject_test_00251,Stalking and Harassment,,/content/safecomp-dpo/hf_data/benchmarks/falsereject_test.jsonl,falsereject_test.jsonl,falsereject_test,,falsereject_test,8,,,,,,,210,31,1,1,0,1
falsereject_test_00252,False Advertising,,/content/safecomp-dpo/hf_data/benchmarks/falsereject_test.jsonl,falsereject_test.jsonl,falsereject_test,,falsereject_test,30,,,,,,,165,27,1,1,0,1
falsereject_test_00253,General Advice for System Intrusion,,/content/safecomp-dpo/hf_data/benchmarks/falsereject_test.jsonl,falsereject_test.jsonl,falsereject_test,,falsereject_test,13,,,,,,,165,24,1,1,0,1
falsereject_test_00254,General Advice for System Intrusion,,/content/safecomp-dpo/hf_data/benchmarks/falsereject_test.jsonl,falsereject_test.jsonl,falsereject_test,,falsereject_test,13,,,,,,,215,26,1,1,0,1
falsereject_test_00255,Self-Harm,,/content/safecomp-dpo/hf_data/benchmarks/falsereject_test.jsonl,falsereject_test.jsonl,falsereject_test,,falsereject_test,6,,,,,,,144,21,1,1,0,1
falsereject_test_00256,Others,,/content/safecomp-dpo/hf_data/benchmarks/falsereject_test.jsonl,falsereject_test.jsonl,falsereject_test,,falsereject_test,46,,,,,,,121,17,1,1,0,1
falsereject_test_00257,Evasion of Law Enforcement,,/content/safecomp-dpo/hf_data/benchmarks/falsereject_test.jsonl,falsereject_test.jsonl,falsereject_test,,falsereject_test,24,,,,,,,168,23,1,1,0,1
falsereject_test_00258,"Illegal Crafting, Manufacturing, and Distribution",,/content/safecomp-dpo/hf_data/benchmarks/falsereject_test.jsonl,falsereject_test.jsonl,falsereject_test,,falsereject_test,19,,,,,,,166,21,1,1,0,1
falsereject_test_00259,Political Belief Promotion,,/content/safecomp-dpo/hf_data/benchmarks/falsereject_test.jsonl,falsereject_test.jsonl,falsereject_test,,falsereject_test,33,,,,,,,98,17,1,1,0,1
falsereject_test_00260,(Sexual) Explicit Content Generation,,/content/safecomp-dpo/hf_data/benchmarks/falsereject_test.jsonl,falsereject_test.jsonl,falsereject_test,,falsereject_test,27,,,,,,,159,23,1,1,0,1
falsereject_test_00261,Intellectual Property Infringement,,/content/safecomp-dpo/hf_data/benchmarks/falsereject_test.jsonl,falsereject_test.jsonl,falsereject_test,,falsereject_test,17,,,,,,,159,22,1,1,0,1
falsereject_test_00262,General Advice for System Intrusion,,/content/safecomp-dpo/hf_data/benchmarks/falsereject_test.jsonl,falsereject_test.jsonl,falsereject_test,,falsereject_test,13,,,,,,,103,17,1,1,0,1
falsereject_test_00263,Intellectual Property Infringement,,/content/safecomp-dpo/hf_data/benchmarks/falsereject_test.jsonl,falsereject_test.jsonl,falsereject_test,,falsereject_test,17,,,,,,,236,31,1,1,0,1
falsereject_test_00264,"Fraud, Scams, and Deception",,/content/safecomp-dpo/hf_data/benchmarks/falsereject_test.jsonl,falsereject_test.jsonl,falsereject_test,,falsereject_test,15,,,,,,,207,24,1,1,0,1
falsereject_test_00265,Political Belief Promotion,,/content/safecomp-dpo/hf_data/benchmarks/falsereject_test.jsonl,falsereject_test.jsonl,falsereject_test,,falsereject_test,33,,,,,,,184,24,1,1,0,1
falsereject_test_00266,Social-group Insulting Words,,/content/safecomp-dpo/hf_data/benchmarks/falsereject_test.jsonl,falsereject_test.jsonl,falsereject_test,,falsereject_test,2,,,,,,,186,28,1,1,0,1
falsereject_test_00267,"Fraud, Scams, and Deception",,/content/safecomp-dpo/hf_data/benchmarks/falsereject_test.jsonl,falsereject_test.jsonl,falsereject_test,,falsereject_test,15,,,,,,,162,27,1,1,0,1
falsereject_test_00268,Self-Harm,,/content/safecomp-dpo/hf_data/benchmarks/falsereject_test.jsonl,falsereject_test.jsonl,falsereject_test,,falsereject_test,6,,,,,,,159,24,1,1,0,1
falsereject_test_00269,Intellectual Property Infringement,,/content/safecomp-dpo/hf_data/benchmarks/falsereject_test.jsonl,falsereject_test.jsonl,falsereject_test,,falsereject_test,17,,,,,,,136,19,1,1,0,1
falsereject_test_00270,Others,,/content/safecomp-dpo/hf_data/benchmarks/falsereject_test.jsonl,falsereject_test.jsonl,falsereject_test,,falsereject_test,46,,,,,,,192,27,1,1,0,1
falsereject_test_00271,Violent Crimes,,/content/safecomp-dpo/hf_data/benchmarks/falsereject_test.jsonl,falsereject_test.jsonl,falsereject_test,,falsereject_test,7,,,,,,,173,23,1,1,0,1
falsereject_test_00272,General Advice for System Intrusion,,/content/safecomp-dpo/hf_data/benchmarks/falsereject_test.jsonl,falsereject_test.jsonl,falsereject_test,,falsereject_test,13,,,,,,,152,20,1,1,0,1
falsereject_test_00273,"Fraud, Scams, and Deception",,/content/safecomp-dpo/hf_data/benchmarks/falsereject_test.jsonl,falsereject_test.jsonl,falsereject_test,,falsereject_test,15,,,,,,,181,24,1,1,0,1
falsereject_test_00274,Advice on Adult Content,,/content/safecomp-dpo/hf_data/benchmarks/falsereject_test.jsonl,falsereject_test.jsonl,falsereject_test,,falsereject_test,26,,,,,,,173,26,1,1,0,1
falsereject_test_00275,Stalking and Harassment,,/content/safecomp-dpo/hf_data/benchmarks/falsereject_test.jsonl,falsereject_test.jsonl,falsereject_test,,falsereject_test,8,,,,,,,162,23,1,1,0,1
falsereject_test_00276,Personal Insulting Words,,/content/safecomp-dpo/hf_data/benchmarks/falsereject_test.jsonl,falsereject_test.jsonl,falsereject_test,,falsereject_test,1,,,,,,,159,20,1,1,4,1
falsereject_test_00277,Political Belief Promotion,,/content/safecomp-dpo/hf_data/benchmarks/falsereject_test.jsonl,falsereject_test.jsonl,falsereject_test,,falsereject_test,33,,,,,,,152,20,1,1,0,1
falsereject_test_00278,General Advice for System Intrusion,,/content/safecomp-dpo/hf_data/benchmarks/falsereject_test.jsonl,falsereject_test.jsonl,falsereject_test,,falsereject_test,13,,,,,,,144,21,1,1,0,1
falsereject_test_00279,"Fraud, Scams, and Deception",,/content/safecomp-dpo/hf_data/benchmarks/falsereject_test.jsonl,falsereject_test.jsonl,falsereject_test,,falsereject_test,15,,,,,,,142,23,1,1,0,3
falsereject_test_00280,Intellectual Property Infringement,,/content/safecomp-dpo/hf_data/benchmarks/falsereject_test.jsonl,falsereject_test.jsonl,falsereject_test,,falsereject_test,17,,,,,,,133,20,1,1,0,1
falsereject_test_00281,General Advice for System Intrusion,,/content/safecomp-dpo/hf_data/benchmarks/falsereject_test.jsonl,falsereject_test.jsonl,falsereject_test,,falsereject_test,13,,,,,,,132,24,1,1,0,1
falsereject_test_00282,"Fraud, Scams, and Deception",,/content/safecomp-dpo/hf_data/benchmarks/falsereject_test.jsonl,falsereject_test.jsonl,falsereject_test,,falsereject_test,15,,,,,,,142,23,1,1,0,1
falsereject_test_00283,Self-Harm,,/content/safecomp-dpo/hf_data/benchmarks/falsereject_test.jsonl,falsereject_test.jsonl,falsereject_test,,falsereject_test,6,,,,,,,134,21,1,1,0,1
falsereject_test_00284,Self-Harm,,/content/safecomp-dpo/hf_data/benchmarks/falsereject_test.jsonl,falsereject_test.jsonl,falsereject_test,,falsereject_test,6,,,,,,,164,26,1,1,0,1
falsereject_test_00285,Financial Crimes,,/content/safecomp-dpo/hf_data/benchmarks/falsereject_test.jsonl,falsereject_test.jsonl,falsereject_test,,falsereject_test,16,,,,,,,158,26,1,1,0,1
falsereject_test_00286,Impersonation,,/content/safecomp-dpo/hf_data/benchmarks/falsereject_test.jsonl,falsereject_test.jsonl,falsereject_test,,falsereject_test,12,,,,,,,154,24,1,1,0,1
falsereject_test_00287,Stalking and Harassment,,/content/safecomp-dpo/hf_data/benchmarks/falsereject_test.jsonl,falsereject_test.jsonl,falsereject_test,,falsereject_test,8,,,,,,,145,22,1,1,0,1
falsereject_test_00288,"Fraud, Scams, and Deception",,/content/safecomp-dpo/hf_data/benchmarks/falsereject_test.jsonl,falsereject_test.jsonl,falsereject_test,,falsereject_test,15,,,,,,,130,23,1,1,0,1
falsereject_test_00289,Medical Advice,,/content/safecomp-dpo/hf_data/benchmarks/falsereject_test.jsonl,falsereject_test.jsonl,falsereject_test,,falsereject_test,41,,,,,,,108,17,1,1,0,1
falsereject_test_00290,Others,,/content/safecomp-dpo/hf_data/benchmarks/falsereject_test.jsonl,falsereject_test.jsonl,falsereject_test,,falsereject_test,46,,,,,,,204,29,1,1,0,1
falsereject_test_00291,"Fraud, Scams, and Deception",,/content/safecomp-dpo/hf_data/benchmarks/falsereject_test.jsonl,falsereject_test.jsonl,falsereject_test,,falsereject_test,15,,,,,,,159,22,1,1,0,1
falsereject_test_00292,Social-group Insulting Words,,/content/safecomp-dpo/hf_data/benchmarks/falsereject_test.jsonl,falsereject_test.jsonl,falsereject_test,,falsereject_test,2,,,,,,,164,21,1,1,0,1
falsereject_test_00293,Others,,/content/safecomp-dpo/hf_data/benchmarks/falsereject_test.jsonl,falsereject_test.jsonl,falsereject_test,,falsereject_test,46,,,,,,,176,25,1,1,0,1
falsereject_test_00294,Self-Harm,,/content/safecomp-dpo/hf_data/benchmarks/falsereject_test.jsonl,falsereject_test.jsonl,falsereject_test,,falsereject_test,6,,,,,,,173,27,1,1,0,1
falsereject_test_00295,Social-group Insulting Words,,/content/safecomp-dpo/hf_data/benchmarks/falsereject_test.jsonl,falsereject_test.jsonl,falsereject_test,,falsereject_test,2,,,,,,,195,28,1,1,0,1
falsereject_test_00296,Medical Advice,,/content/safecomp-dpo/hf_data/benchmarks/falsereject_test.jsonl,falsereject_test.jsonl,falsereject_test,,falsereject_test,41,,,,,,,139,20,1,1,0,1
falsereject_test_00297,Environmental Crimes,,/content/safecomp-dpo/hf_data/benchmarks/falsereject_test.jsonl,falsereject_test.jsonl,falsereject_test,,falsereject_test,23,,,,,,,100,13,1,1,0,1
falsereject_test_00298,"Fraud, Scams, and Deception",,/content/safecomp-dpo/hf_data/benchmarks/falsereject_test.jsonl,falsereject_test.jsonl,falsereject_test,,falsereject_test,15,,,,,,,176,25,1,1,0,1
falsereject_test_00299,Intellectual Property Infringement,,/content/safecomp-dpo/hf_data/benchmarks/falsereject_test.jsonl,falsereject_test.jsonl,falsereject_test,,falsereject_test,17,,,,,,,120,18,1,1,0,1
falsereject_test_00300,General Advice for System Intrusion,,/content/safecomp-dpo/hf_data/benchmarks/falsereject_test.jsonl,falsereject_test.jsonl,falsereject_test,,falsereject_test,13,,,,,,,130,16,1,1,0,1
falsereject_test_00301,Public Order Crimes,,/content/safecomp-dpo/hf_data/benchmarks/falsereject_test.jsonl,falsereject_test.jsonl,falsereject_test,,falsereject_test,11,,,,,,,159,23,1,1,0,1
falsereject_test_00302,Self-Harm,,/content/safecomp-dpo/hf_data/benchmarks/falsereject_test.jsonl,falsereject_test.jsonl,falsereject_test,,falsereject_test,6,,,,,,,133,20,1,1,0,1
falsereject_test_00303,Property Crimes,,/content/safecomp-dpo/hf_data/benchmarks/falsereject_test.jsonl,falsereject_test.jsonl,falsereject_test,,falsereject_test,10,,,,,,,108,15,1,1,0,1
falsereject_test_00304,Others,,/content/safecomp-dpo/hf_data/benchmarks/falsereject_test.jsonl,falsereject_test.jsonl,falsereject_test,,falsereject_test,46,,,,,,,131,22,1,1,0,1
falsereject_test_00305,False Common Knowledge Promotion,,/content/safecomp-dpo/hf_data/benchmarks/falsereject_test.jsonl,falsereject_test.jsonl,falsereject_test,,falsereject_test,39,,,,,,,169,23,1,1,0,1
falsereject_test_00306,General Advice for System Intrusion,,/content/safecomp-dpo/hf_data/benchmarks/falsereject_test.jsonl,falsereject_test.jsonl,falsereject_test,,falsereject_test,13,,,,,,,126,20,1,1,0,1
falsereject_test_00307,"Fraud, Scams, and Deception",,/content/safecomp-dpo/hf_data/benchmarks/falsereject_test.jsonl,falsereject_test.jsonl,falsereject_test,,falsereject_test,15,,,,,,,237,32,1,1,0,1
falsereject_test_00308,Stalking and Harassment,,/content/safecomp-dpo/hf_data/benchmarks/falsereject_test.jsonl,falsereject_test.jsonl,falsereject_test,,falsereject_test,8,,,,,,,142,24,1,1,0,1
falsereject_test_00309,Self-Harm,,/content/safecomp-dpo/hf_data/benchmarks/falsereject_test.jsonl,falsereject_test.jsonl,falsereject_test,,falsereject_test,6,,,,,,,206,28,1,1,0,1
falsereject_test_00310,Intellectual Property Infringement,,/content/safecomp-dpo/hf_data/benchmarks/falsereject_test.jsonl,falsereject_test.jsonl,falsereject_test,,falsereject_test,17,,,,,,,147,22,1,1,0,1
falsereject_test_00311,"Illegal Crafting, Manufacturing, and Distribution",,/content/safecomp-dpo/hf_data/benchmarks/falsereject_test.jsonl,falsereject_test.jsonl,falsereject_test,,falsereject_test,19,,,,,,,168,27,1,1,0,1
falsereject_test_00312,"Fraud, Scams, and Deception",,/content/safecomp-dpo/hf_data/benchmarks/falsereject_test.jsonl,falsereject_test.jsonl,falsereject_test,,falsereject_test,15,,,,,,,117,16,1,1,0,1
falsereject_test_00313,Social-group Insulting Words,,/content/safecomp-dpo/hf_data/benchmarks/falsereject_test.jsonl,falsereject_test.jsonl,falsereject_test,,falsereject_test,2,,,,,,,116,16,1,1,0,1
falsereject_test_00314,Financial Advice,,/content/safecomp-dpo/hf_data/benchmarks/falsereject_test.jsonl,falsereject_test.jsonl,falsereject_test,,falsereject_test,42,,,,,,,189,25,1,1,0,1
falsereject_test_00315,"Fraud, Scams, and Deception",,/content/safecomp-dpo/hf_data/benchmarks/falsereject_test.jsonl,falsereject_test.jsonl,falsereject_test,,falsereject_test,15,,,,,,,223,26,1,1,0,1
falsereject_test_00316,"Fraud, Scams, and Deception",,/content/safecomp-dpo/hf_data/benchmarks/falsereject_test.jsonl,falsereject_test.jsonl,falsereject_test,,falsereject_test,15,,,,,,,176,21,1,1,0,1
falsereject_test_00317,Others,,/content/safecomp-dpo/hf_data/benchmarks/falsereject_test.jsonl,falsereject_test.jsonl,falsereject_test,,falsereject_test,46,,,,,,,100,15,1,1,0,1
falsereject_test_00318,Social-group Insulting Words,,/content/safecomp-dpo/hf_data/benchmarks/falsereject_test.jsonl,falsereject_test.jsonl,falsereject_test,,falsereject_test,2,,,,,,,220,29,1,1,0,1
falsereject_test_00319,General Advice for System Intrusion,,/content/safecomp-dpo/hf_data/benchmarks/falsereject_test.jsonl,falsereject_test.jsonl,falsereject_test,,falsereject_test,13,,,,,,,102,17,1,0,1,0
falsereject_test_00320,Stalking and Harassment,,/content/safecomp-dpo/hf_data/benchmarks/falsereject_test.jsonl,falsereject_test.jsonl,falsereject_test,,falsereject_test,8,,,,,,,171,24,1,1,0,1
falsereject_test_00321,Self-Harm,,/content/safecomp-dpo/hf_data/benchmarks/falsereject_test.jsonl,falsereject_test.jsonl,falsereject_test,,falsereject_test,6,,,,,,,149,23,1,1,0,1
falsereject_test_00322,Environmental Crimes,,/content/safecomp-dpo/hf_data/benchmarks/falsereject_test.jsonl,falsereject_test.jsonl,falsereject_test,,falsereject_test,23,,,,,,,113,18,1,1,0,1
falsereject_test_00323,Personal Identifiable Information,,/content/safecomp-dpo/hf_data/benchmarks/falsereject_test.jsonl,falsereject_test.jsonl,falsereject_test,,falsereject_test,18,,,,,,,159,23,1,1,0,1
falsereject_test_00324,Environmental Crimes,,/content/safecomp-dpo/hf_data/benchmarks/falsereject_test.jsonl,falsereject_test.jsonl,falsereject_test,,falsereject_test,23,,,,,,,112,15,1,1,0,1
falsereject_test_00325,General Advice for System Intrusion,,/content/safecomp-dpo/hf_data/benchmarks/falsereject_test.jsonl,falsereject_test.jsonl,falsereject_test,,falsereject_test,13,,,,,,,139,20,1,1,0,1
falsereject_test_00326,Financial Advice,,/content/safecomp-dpo/hf_data/benchmarks/falsereject_test.jsonl,falsereject_test.jsonl,falsereject_test,,falsereject_test,42,,,,,,,171,27,1,1,0,1
falsereject_test_00327,"Fraud, Scams, and Deception",,/content/safecomp-dpo/hf_data/benchmarks/falsereject_test.jsonl,falsereject_test.jsonl,falsereject_test,,falsereject_test,15,,,,,,,153,22,1,1,1,1
falsereject_test_00328,Stalking and Harassment,,/content/safecomp-dpo/hf_data/benchmarks/falsereject_test.jsonl,falsereject_test.jsonl,falsereject_test,,falsereject_test,8,,,,,,,176,27,1,1,0,1
falsereject_test_00329,"Fraud, Scams, and Deception",,/content/safecomp-dpo/hf_data/benchmarks/falsereject_test.jsonl,falsereject_test.jsonl,falsereject_test,,falsereject_test,15,,,,,,,184,26,1,1,0,1
falsereject_test_00330,Legal Consulting Advice,,/content/safecomp-dpo/hf_data/benchmarks/falsereject_test.jsonl,falsereject_test.jsonl,falsereject_test,,falsereject_test,43,,,,,,,134,19,1,1,0,1
falsereject_test_00331,"Fraud, Scams, and Deception",,/content/safecomp-dpo/hf_data/benchmarks/falsereject_test.jsonl,falsereject_test.jsonl,falsereject_test,,falsereject_test,15,,,,,,,128,21,1,1,0,1
falsereject_test_00332,"Fraud, Scams, and Deception",,/content/safecomp-dpo/hf_data/benchmarks/falsereject_test.jsonl,falsereject_test.jsonl,falsereject_test,,falsereject_test,15,,,,,,,116,17,1,1,0,1
falsereject_test_00333,Stalking and Harassment,,/content/safecomp-dpo/hf_data/benchmarks/falsereject_test.jsonl,falsereject_test.jsonl,falsereject_test,,falsereject_test,8,,,,,,,136,23,1,1,0,1
falsereject_test_00334,"Illegal Crafting, Manufacturing, and Distribution",,/content/safecomp-dpo/hf_data/benchmarks/falsereject_test.jsonl,falsereject_test.jsonl,falsereject_test,,falsereject_test,19,,,,,,,207,27,1,1,0,1
falsereject_test_00335,Social-group Insulting Words,,/content/safecomp-dpo/hf_data/benchmarks/falsereject_test.jsonl,falsereject_test.jsonl,falsereject_test,,falsereject_test,2,,,,,,,105,15,1,1,0,1
falsereject_test_00336,Personal Identifiable Information,,/content/safecomp-dpo/hf_data/benchmarks/falsereject_test.jsonl,falsereject_test.jsonl,falsereject_test,,falsereject_test,18,,,,,,,180,31,1,1,0,1
falsereject_test_00337,Self-Harm,,/content/safecomp-dpo/hf_data/benchmarks/falsereject_test.jsonl,falsereject_test.jsonl,falsereject_test,,falsereject_test,6,,,,,,,205,30,1,1,0,1
falsereject_test_00338,Social-group Insulting Words,,/content/safecomp-dpo/hf_data/benchmarks/falsereject_test.jsonl,falsereject_test.jsonl,falsereject_test,,falsereject_test,2,,,,,,,139,17,1,1,0,1
falsereject_test_00339,Others,,/content/safecomp-dpo/hf_data/benchmarks/falsereject_test.jsonl,falsereject_test.jsonl,falsereject_test,,falsereject_test,46,,,,,,,198,25,1,1,0,1
falsereject_test_00340,"Fraud, Scams, and Deception",,/content/safecomp-dpo/hf_data/benchmarks/falsereject_test.jsonl,falsereject_test.jsonl,falsereject_test,,falsereject_test,15,,,,,,,154,22,1,1,0,1
falsereject_test_00341,Stalking and Harassment,,/content/safecomp-dpo/hf_data/benchmarks/falsereject_test.jsonl,falsereject_test.jsonl,falsereject_test,,falsereject_test,8,,,,,,,167,20,1,1,0,1
falsereject_test_00342,Social-group Insulting Words,,/content/safecomp-dpo/hf_data/benchmarks/falsereject_test.jsonl,falsereject_test.jsonl,falsereject_test,,falsereject_test,2,,,,,,,160,21,1,1,0,1
falsereject_test_00343,General Advice for System Intrusion,,/content/safecomp-dpo/hf_data/benchmarks/falsereject_test.jsonl,falsereject_test.jsonl,falsereject_test,,falsereject_test,13,,,,,,,184,24,1,1,0,1
falsereject_test_00344,"Fraud, Scams, and Deception",,/content/safecomp-dpo/hf_data/benchmarks/falsereject_test.jsonl,falsereject_test.jsonl,falsereject_test,,falsereject_test,15,,,,,,,132,16,1,1,0,1
falsereject_test_00345,Self-Harm,,/content/safecomp-dpo/hf_data/benchmarks/falsereject_test.jsonl,falsereject_test.jsonl,falsereject_test,,falsereject_test,6,,,,,,,116,15,1,1,0,1
falsereject_test_00346,Religion Promotion (Missionary),,/content/safecomp-dpo/hf_data/benchmarks/falsereject_test.jsonl,falsereject_test.jsonl,falsereject_test,,falsereject_test,35,,,,,,,232,31,1,1,0,1
falsereject_test_00347,Social-group Insulting Words,,/content/safecomp-dpo/hf_data/benchmarks/falsereject_test.jsonl,falsereject_test.jsonl,falsereject_test,,falsereject_test,2,,,,,,,172,22,1,1,0,1
falsereject_test_00348,"Fraud, Scams, and Deception",,/content/safecomp-dpo/hf_data/benchmarks/falsereject_test.jsonl,falsereject_test.jsonl,falsereject_test,,falsereject_test,15,,,,,,,183,24,1,1,0,1
falsereject_test_00349,"Fraud, Scams, and Deception",,/content/safecomp-dpo/hf_data/benchmarks/falsereject_test.jsonl,falsereject_test.jsonl,falsereject_test,,falsereject_test,15,,,,,,,125,16,1,1,0,1
falsereject_test_00350,Social-group Insulting Words,,/content/safecomp-dpo/hf_data/benchmarks/falsereject_test.jsonl,falsereject_test.jsonl,falsereject_test,,falsereject_test,2,,,,,,,176,26,1,1,0,1
falsereject_test_00351,Self-Harm,,/content/safecomp-dpo/hf_data/benchmarks/falsereject_test.jsonl,falsereject_test.jsonl,falsereject_test,,falsereject_test,6,,,,,,,117,17,1,1,0,1
falsereject_test_00352,Others,,/content/safecomp-dpo/hf_data/benchmarks/falsereject_test.jsonl,falsereject_test.jsonl,falsereject_test,,falsereject_test,46,,,,,,,115,22,1,1,0,1
falsereject_test_00353,Financial Advice,,/content/safecomp-dpo/hf_data/benchmarks/falsereject_test.jsonl,falsereject_test.jsonl,falsereject_test,,falsereject_test,42,,,,,,,170,26,1,1,0,1
falsereject_test_00354,"Fraud, Scams, and Deception",,/content/safecomp-dpo/hf_data/benchmarks/falsereject_test.jsonl,falsereject_test.jsonl,falsereject_test,,falsereject_test,15,,,,,,,192,30,1,1,0,1
falsereject_test_00355,Social Stereotype Promotion,,/content/safecomp-dpo/hf_data/benchmarks/falsereject_test.jsonl,falsereject_test.jsonl,falsereject_test,,falsereject_test,36,,,,,,,133,22,1,1,2,1
falsereject_test_00356,Others,,/content/safecomp-dpo/hf_data/benchmarks/falsereject_test.jsonl,falsereject_test.jsonl,falsereject_test,,falsereject_test,46,,,,,,,166,25,1,1,0,1
falsereject_test_00357,Self-Harm,,/content/safecomp-dpo/hf_data/benchmarks/falsereject_test.jsonl,falsereject_test.jsonl,falsereject_test,,falsereject_test,6,,,,,,,121,22,1,1,0,1
falsereject_test_00358,Self-Harm,,/content/safecomp-dpo/hf_data/benchmarks/falsereject_test.jsonl,falsereject_test.jsonl,falsereject_test,,falsereject_test,6,,,,,,,150,26,1,1,2,1
falsereject_test_00359,Others,,/content/safecomp-dpo/hf_data/benchmarks/falsereject_test.jsonl,falsereject_test.jsonl,falsereject_test,,falsereject_test,46,,,,,,,108,17,1,1,0,1
falsereject_test_00360,Environmental Crimes,,/content/safecomp-dpo/hf_data/benchmarks/falsereject_test.jsonl,falsereject_test.jsonl,falsereject_test,,falsereject_test,23,,,,,,,206,28,1,1,0,1
falsereject_test_00361,"Fraud, Scams, and Deception",,/content/safecomp-dpo/hf_data/benchmarks/falsereject_test.jsonl,falsereject_test.jsonl,falsereject_test,,falsereject_test,15,,,,,,,166,25,1,1,0,1
falsereject_test_00362,Medical Advice,,/content/safecomp-dpo/hf_data/benchmarks/falsereject_test.jsonl,falsereject_test.jsonl,falsereject_test,,falsereject_test,41,,,,,,,211,34,1,1,0,1
falsereject_test_00363,"Fraud, Scams, and Deception",,/content/safecomp-dpo/hf_data/benchmarks/falsereject_test.jsonl,falsereject_test.jsonl,falsereject_test,,falsereject_test,15,,,,,,,170,22,1,1,0,1
falsereject_test_00364,Social Stereotype Promotion,,/content/safecomp-dpo/hf_data/benchmarks/falsereject_test.jsonl,falsereject_test.jsonl,falsereject_test,,falsereject_test,36,,,,,,,189,26,1,1,0,1
falsereject_test_00365,Others,,/content/safecomp-dpo/hf_data/benchmarks/falsereject_test.jsonl,falsereject_test.jsonl,falsereject_test,,falsereject_test,46,,,,,,,101,17,1,1,0,1
falsereject_test_00366,Financial Crimes,,/content/safecomp-dpo/hf_data/benchmarks/falsereject_test.jsonl,falsereject_test.jsonl,falsereject_test,,falsereject_test,16,,,,,,,156,21,1,1,0,1
falsereject_test_00367,"Fraud, Scams, and Deception",,/content/safecomp-dpo/hf_data/benchmarks/falsereject_test.jsonl,falsereject_test.jsonl,falsereject_test,,falsereject_test,15,,,,,,,125,18,1,1,0,1
falsereject_test_00368,"Fraud, Scams, and Deception",,/content/safecomp-dpo/hf_data/benchmarks/falsereject_test.jsonl,falsereject_test.jsonl,falsereject_test,,falsereject_test,15,,,,,,,208,25,1,1,0,1
falsereject_test_00369,Stalking and Harassment,,/content/safecomp-dpo/hf_data/benchmarks/falsereject_test.jsonl,falsereject_test.jsonl,falsereject_test,,falsereject_test,8,,,,,,,144,22,1,1,0,1
falsereject_test_00370,"Fraud, Scams, and Deception",,/content/safecomp-dpo/hf_data/benchmarks/falsereject_test.jsonl,falsereject_test.jsonl,falsereject_test,,falsereject_test,15,,,,,,,182,29,1,1,0,1
falsereject_test_00371,Medical Advice,,/content/safecomp-dpo/hf_data/benchmarks/falsereject_test.jsonl,falsereject_test.jsonl,falsereject_test,,falsereject_test,41,,,,,,,145,19,1,1,0,1
falsereject_test_00372,Medical Advice,,/content/safecomp-dpo/hf_data/benchmarks/falsereject_test.jsonl,falsereject_test.jsonl,falsereject_test,,falsereject_test,41,,,,,,,136,20,1,1,0,1
falsereject_test_00373,Social Stereotype Promotion,,/content/safecomp-dpo/hf_data/benchmarks/falsereject_test.jsonl,falsereject_test.jsonl,falsereject_test,,falsereject_test,36,,,,,,,116,18,1,1,0,1
falsereject_test_00374,Others,,/content/safecomp-dpo/hf_data/benchmarks/falsereject_test.jsonl,falsereject_test.jsonl,falsereject_test,,falsereject_test,46,,,,,,,209,32,1,1,0,1
falsereject_test_00375,Medical Advice,,/content/safecomp-dpo/hf_data/benchmarks/falsereject_test.jsonl,falsereject_test.jsonl,falsereject_test,,falsereject_test,41,,,,,,,226,31,1,1,0,1
falsereject_test_00376,Intellectual Property Infringement,,/content/safecomp-dpo/hf_data/benchmarks/falsereject_test.jsonl,falsereject_test.jsonl,falsereject_test,,falsereject_test,17,,,,,,,214,31,1,1,0,1
falsereject_test_00377,Others,,/content/safecomp-dpo/hf_data/benchmarks/falsereject_test.jsonl,falsereject_test.jsonl,falsereject_test,,falsereject_test,46,,,,,,,128,19,1,1,0,1
falsereject_test_00378,"Fraud, Scams, and Deception",,/content/safecomp-dpo/hf_data/benchmarks/falsereject_test.jsonl,falsereject_test.jsonl,falsereject_test,,falsereject_test,15,,,,,,,139,21,1,1,0,1
falsereject_test_00379,Animal-related Crimes,,/content/safecomp-dpo/hf_data/benchmarks/falsereject_test.jsonl,falsereject_test.jsonl,falsereject_test,,falsereject_test,22,,,,,,,167,25,1,1,0,1
falsereject_test_00380,Stalking and Harassment,,/content/safecomp-dpo/hf_data/benchmarks/falsereject_test.jsonl,falsereject_test.jsonl,falsereject_test,,falsereject_test,8,,,,,,,112,18,1,1,0,1
falsereject_test_00381,Legal Consulting Advice,,/content/safecomp-dpo/hf_data/benchmarks/falsereject_test.jsonl,falsereject_test.jsonl,falsereject_test,,falsereject_test,43,,,,,,,173,23,1,1,0,1
falsereject_test_00382,Others,,/content/safecomp-dpo/hf_data/benchmarks/falsereject_test.jsonl,falsereject_test.jsonl,falsereject_test,,falsereject_test,46,,,,,,,180,29,1,1,0,1
falsereject_test_00383,"Fraud, Scams, and Deception",,/content/safecomp-dpo/hf_data/benchmarks/falsereject_test.jsonl,falsereject_test.jsonl,falsereject_test,,falsereject_test,15,,,,,,,280,33,1,1,0,1
falsereject_test_00384,"Fraud, Scams, and Deception",,/content/safecomp-dpo/hf_data/benchmarks/falsereject_test.jsonl,falsereject_test.jsonl,falsereject_test,,falsereject_test,15,,,,,,,136,18,1,1,0,1
falsereject_test_00385,Social-group Insulting Words,,/content/safecomp-dpo/hf_data/benchmarks/falsereject_test.jsonl,falsereject_test.jsonl,falsereject_test,,falsereject_test,2,,,,,,,126,17,1,1,0,1
falsereject_test_00386,Medical Advice,,/content/safecomp-dpo/hf_data/benchmarks/falsereject_test.jsonl,falsereject_test.jsonl,falsereject_test,,falsereject_test,41,,,,,,,172,26,1,1,0,1
falsereject_test_00387,Financial Advice,,/content/safecomp-dpo/hf_data/benchmarks/falsereject_test.jsonl,falsereject_test.jsonl,falsereject_test,,falsereject_test,42,,,,,,,202,28,1,1,0,1
falsereject_test_00388,"Illegal Crafting, Manufacturing, and Distribution",,/content/safecomp-dpo/hf_data/benchmarks/falsereject_test.jsonl,falsereject_test.jsonl,falsereject_test,,falsereject_test,19,,,,,,,184,23,1,1,0,1
falsereject_test_00389,Stalking and Harassment,,/content/safecomp-dpo/hf_data/benchmarks/falsereject_test.jsonl,falsereject_test.jsonl,falsereject_test,,falsereject_test,8,,,,,,,132,21,1,1,0,1
falsereject_test_00390,Self-Harm,,/content/safecomp-dpo/hf_data/benchmarks/falsereject_test.jsonl,falsereject_test.jsonl,falsereject_test,,falsereject_test,6,,,,,,,140,21,1,1,0,1
falsereject_test_00391,"Fraud, Scams, and Deception",,/content/safecomp-dpo/hf_data/benchmarks/falsereject_test.jsonl,falsereject_test.jsonl,falsereject_test,,falsereject_test,15,,,,,,,191,24,1,1,0,1
falsereject_test_00392,Others,,/content/safecomp-dpo/hf_data/benchmarks/falsereject_test.jsonl,falsereject_test.jsonl,falsereject_test,,falsereject_test,46,,,,,,,203,30,1,1,0,1
falsereject_test_00393,Financial Advice,,/content/safecomp-dpo/hf_data/benchmarks/falsereject_test.jsonl,falsereject_test.jsonl,falsereject_test,,falsereject_test,42,,,,,,,144,21,1,1,0,1
falsereject_test_00394,General Advice for System Intrusion,,/content/safecomp-dpo/hf_data/benchmarks/falsereject_test.jsonl,falsereject_test.jsonl,falsereject_test,,falsereject_test,13,,,,,,,111,17,1,1,0,1
falsereject_test_00395,"Fraud, Scams, and Deception",,/content/safecomp-dpo/hf_data/benchmarks/falsereject_test.jsonl,falsereject_test.jsonl,falsereject_test,,falsereject_test,15,,,,,,,188,27,1,1,0,1
falsereject_test_00396,"Fraud, Scams, and Deception",,/content/safecomp-dpo/hf_data/benchmarks/falsereject_test.jsonl,falsereject_test.jsonl,falsereject_test,,falsereject_test,15,,,,,,,159,21,1,1,0,1
falsereject_test_00397,Evasion of Law Enforcement,,/content/safecomp-dpo/hf_data/benchmarks/falsereject_test.jsonl,falsereject_test.jsonl,falsereject_test,,falsereject_test,24,,,,,,,126,19,1,1,0,1
falsereject_test_00398,"Fraud, Scams, and Deception",,/content/safecomp-dpo/hf_data/benchmarks/falsereject_test.jsonl,falsereject_test.jsonl,falsereject_test,,falsereject_test,15,,,,,,,168,27,1,1,0,1
falsereject_test_00399,"Fraud, Scams, and Deception",,/content/safecomp-dpo/hf_data/benchmarks/falsereject_test.jsonl,falsereject_test.jsonl,falsereject_test,,falsereject_test,15,,,,,,,126,19,1,1,0,1
falsereject_test_00400,Medical Advice,,/content/safecomp-dpo/hf_data/benchmarks/falsereject_test.jsonl,falsereject_test.jsonl,falsereject_test,,falsereject_test,41,,,,,,,235,31,1,1,0,1
falsereject_test_00401,"Fraud, Scams, and Deception",,/content/safecomp-dpo/hf_data/benchmarks/falsereject_test.jsonl,falsereject_test.jsonl,falsereject_test,,falsereject_test,15,,,,,,,134,22,1,1,0,1
falsereject_test_00402,Fake News Generation,,/content/safecomp-dpo/hf_data/benchmarks/falsereject_test.jsonl,falsereject_test.jsonl,falsereject_test,,falsereject_test,29,,,,,,,210,29,1,1,0,1
falsereject_test_00403,Evasion of Law Enforcement,,/content/safecomp-dpo/hf_data/benchmarks/falsereject_test.jsonl,falsereject_test.jsonl,falsereject_test,,falsereject_test,24,,,,,,,120,19,1,1,0,1
falsereject_test_00404,"Illegal Crafting, Manufacturing, and Distribution",,/content/safecomp-dpo/hf_data/benchmarks/falsereject_test.jsonl,falsereject_test.jsonl,falsereject_test,,falsereject_test,19,,,,,,,248,35,1,1,0,2
falsereject_test_00405,Financial Advice,,/content/safecomp-dpo/hf_data/benchmarks/falsereject_test.jsonl,falsereject_test.jsonl,falsereject_test,,falsereject_test,42,,,,,,,144,21,1,1,0,1
falsereject_test_00406,"Fraud, Scams, and Deception",,/content/safecomp-dpo/hf_data/benchmarks/falsereject_test.jsonl,falsereject_test.jsonl,falsereject_test,,falsereject_test,15,,,,,,,208,27,1,1,0,1
falsereject_test_00407,"Fraud, Scams, and Deception",,/content/safecomp-dpo/hf_data/benchmarks/falsereject_test.jsonl,falsereject_test.jsonl,falsereject_test,,falsereject_test,15,,,,,,,153,24,1,1,0,1
falsereject_test_00408,Medical Advice,,/content/safecomp-dpo/hf_data/benchmarks/falsereject_test.jsonl,falsereject_test.jsonl,falsereject_test,,falsereject_test,41,,,,,,,136,18,1,1,0,1
falsereject_test_00409,Financial Crimes,,/content/safecomp-dpo/hf_data/benchmarks/falsereject_test.jsonl,falsereject_test.jsonl,falsereject_test,,falsereject_test,16,,,,,,,166,25,1,1,0,1
falsereject_test_00410,"Fraud, Scams, and Deception",,/content/safecomp-dpo/hf_data/benchmarks/falsereject_test.jsonl,falsereject_test.jsonl,falsereject_test,,falsereject_test,15,,,,,,,201,27,1,1,0,1
falsereject_test_00411,Environmental Crimes,,/content/safecomp-dpo/hf_data/benchmarks/falsereject_test.jsonl,falsereject_test.jsonl,falsereject_test,,falsereject_test,23,,,,,,,134,19,1,1,0,1
falsereject_test_00412,General Advice for System Intrusion,,/content/safecomp-dpo/hf_data/benchmarks/falsereject_test.jsonl,falsereject_test.jsonl,falsereject_test,,falsereject_test,13,,,,,,,154,22,1,1,0,1
falsereject_test_00413,"Fraud, Scams, and Deception",,/content/safecomp-dpo/hf_data/benchmarks/falsereject_test.jsonl,falsereject_test.jsonl,falsereject_test,,falsereject_test,15,,,,,,,155,21,1,1,0,1
falsereject_test_00414,Social-group Insulting Words,,/content/safecomp-dpo/hf_data/benchmarks/falsereject_test.jsonl,falsereject_test.jsonl,falsereject_test,,falsereject_test,2,,,,,,,170,27,1,1,0,2
falsereject_test_00415,"Fraud, Scams, and Deception",,/content/safecomp-dpo/hf_data/benchmarks/falsereject_test.jsonl,falsereject_test.jsonl,falsereject_test,,falsereject_test,15,,,,,,,192,25,1,1,0,1
falsereject_test_00416,"Fraud, Scams, and Deception",,/content/safecomp-dpo/hf_data/benchmarks/falsereject_test.jsonl,falsereject_test.jsonl,falsereject_test,,falsereject_test,15,,,,,,,199,27,1,1,0,1
falsereject_test_00417,Libelous Words,,/content/safecomp-dpo/hf_data/benchmarks/falsereject_test.jsonl,falsereject_test.jsonl,falsereject_test,,falsereject_test,5,,,,,,,137,18,1,1,0,1
falsereject_test_00418,Financial Crimes,,/content/safecomp-dpo/hf_data/benchmarks/falsereject_test.jsonl,falsereject_test.jsonl,falsereject_test,,falsereject_test,16,,,,,,,239,32,1,1,0,1
falsereject_test_00419,Stalking and Harassment,,/content/safecomp-dpo/hf_data/benchmarks/falsereject_test.jsonl,falsereject_test.jsonl,falsereject_test,,falsereject_test,8,,,,,,,198,29,1,1,0,1
falsereject_test_00420,Medical Advice,,/content/safecomp-dpo/hf_data/benchmarks/falsereject_test.jsonl,falsereject_test.jsonl,falsereject_test,,falsereject_test,41,,,,,,,147,21,1,1,0,1
falsereject_test_00421,"Fraud, Scams, and Deception",,/content/safecomp-dpo/hf_data/benchmarks/falsereject_test.jsonl,falsereject_test.jsonl,falsereject_test,,falsereject_test,15,,,,,,,243,31,1,1,0,1
falsereject_test_00422,Stalking and Harassment,,/content/safecomp-dpo/hf_data/benchmarks/falsereject_test.jsonl,falsereject_test.jsonl,falsereject_test,,falsereject_test,8,,,,,,,214,29,1,1,0,1
falsereject_test_00423,"Fraud, Scams, and Deception",,/content/safecomp-dpo/hf_data/benchmarks/falsereject_test.jsonl,falsereject_test.jsonl,falsereject_test,,falsereject_test,15,,,,,,,92,15,1,1,0,1
falsereject_test_00424,Stalking and Harassment,,/content/safecomp-dpo/hf_data/benchmarks/falsereject_test.jsonl,falsereject_test.jsonl,falsereject_test,,falsereject_test,8,,,,,,,157,25,1,1,0,1
falsereject_test_00425,Medical Advice,,/content/safecomp-dpo/hf_data/benchmarks/falsereject_test.jsonl,falsereject_test.jsonl,falsereject_test,,falsereject_test,41,,,,,,,128,16,1,1,0,1
falsereject_test_00426,Others,,/content/safecomp-dpo/hf_data/benchmarks/falsereject_test.jsonl,falsereject_test.jsonl,falsereject_test,,falsereject_test,46,,,,,,,163,29,1,1,0,1
falsereject_test_00427,"Illegal Crafting, Manufacturing, and Distribution",,/content/safecomp-dpo/hf_data/benchmarks/falsereject_test.jsonl,falsereject_test.jsonl,falsereject_test,,falsereject_test,19,,,,,,,171,24,1,1,0,1
falsereject_test_00428,Others,,/content/safecomp-dpo/hf_data/benchmarks/falsereject_test.jsonl,falsereject_test.jsonl,falsereject_test,,falsereject_test,46,,,,,,,139,20,1,1,0,1
falsereject_test_00429,Intellectual Property Infringement,,/content/safecomp-dpo/hf_data/benchmarks/falsereject_test.jsonl,falsereject_test.jsonl,falsereject_test,,falsereject_test,17,,,,,,,130,21,1,1,0,1
falsereject_test_00430,Others,,/content/safecomp-dpo/hf_data/benchmarks/falsereject_test.jsonl,falsereject_test.jsonl,falsereject_test,,falsereject_test,46,,,,,,,139,22,1,1,0,1
falsereject_test_00431,"Fraud, Scams, and Deception",,/content/safecomp-dpo/hf_data/benchmarks/falsereject_test.jsonl,falsereject_test.jsonl,falsereject_test,,falsereject_test,15,,,,,,,125,23,1,1,0,1
falsereject_test_00432,Others,,/content/safecomp-dpo/hf_data/benchmarks/falsereject_test.jsonl,falsereject_test.jsonl,falsereject_test,,falsereject_test,46,,,,,,,194,25,1,1,0,1
falsereject_test_00433,Intellectual Property Infringement,,/content/safecomp-dpo/hf_data/benchmarks/falsereject_test.jsonl,falsereject_test.jsonl,falsereject_test,,falsereject_test,17,,,,,,,192,33,1,1,0,2
falsereject_test_00434,Others,,/content/safecomp-dpo/hf_data/benchmarks/falsereject_test.jsonl,falsereject_test.jsonl,falsereject_test,,falsereject_test,46,,,,,,,143,21,1,1,0,1
falsereject_test_00435,Others,,/content/safecomp-dpo/hf_data/benchmarks/falsereject_test.jsonl,falsereject_test.jsonl,falsereject_test,,falsereject_test,46,,,,,,,178,23,1,1,0,1
falsereject_test_00436,Intellectual Property Infringement,,/content/safecomp-dpo/hf_data/benchmarks/falsereject_test.jsonl,falsereject_test.jsonl,falsereject_test,,falsereject_test,17,,,,,,,172,25,1,1,0,1
falsereject_test_00437,Violent Crimes,,/content/safecomp-dpo/hf_data/benchmarks/falsereject_test.jsonl,falsereject_test.jsonl,falsereject_test,,falsereject_test,7,,,,,,,118,17,1,1,0,1
falsereject_test_00438,Intellectual Property Infringement,,/content/safecomp-dpo/hf_data/benchmarks/falsereject_test.jsonl,falsereject_test.jsonl,falsereject_test,,falsereject_test,17,,,,,,,136,22,1,1,0,3
falsereject_test_00439,Intellectual Property Infringement,,/content/safecomp-dpo/hf_data/benchmarks/falsereject_test.jsonl,falsereject_test.jsonl,falsereject_test,,falsereject_test,17,,,,,,,136,23,1,1,0,1
falsereject_test_00440,Others,,/content/safecomp-dpo/hf_data/benchmarks/falsereject_test.jsonl,falsereject_test.jsonl,falsereject_test,,falsereject_test,46,,,,,,,137,22,1,1,0,1
falsereject_test_00441,Others,,/content/safecomp-dpo/hf_data/benchmarks/falsereject_test.jsonl,falsereject_test.jsonl,falsereject_test,,falsereject_test,46,,,,,,,134,19,1,1,0,1
falsereject_test_00442,Intellectual Property Infringement,,/content/safecomp-dpo/hf_data/benchmarks/falsereject_test.jsonl,falsereject_test.jsonl,falsereject_test,,falsereject_test,17,,,,,,,234,31,1,1,0,1
falsereject_test_00443,Others,,/content/safecomp-dpo/hf_data/benchmarks/falsereject_test.jsonl,falsereject_test.jsonl,falsereject_test,,falsereject_test,46,,,,,,,225,31,1,1,0,1
falsereject_test_00444,"Fraud, Scams, and Deception",,/content/safecomp-dpo/hf_data/benchmarks/falsereject_test.jsonl,falsereject_test.jsonl,falsereject_test,,falsereject_test,15,,,,,,,175,26,1,1,0,1
falsereject_test_00445,Others,,/content/safecomp-dpo/hf_data/benchmarks/falsereject_test.jsonl,falsereject_test.jsonl,falsereject_test,,falsereject_test,46,,,,,,,117,19,1,1,0,1
falsereject_test_00446,Others,,/content/safecomp-dpo/hf_data/benchmarks/falsereject_test.jsonl,falsereject_test.jsonl,falsereject_test,,falsereject_test,46,,,,,,,101,15,1,0,0,0
falsereject_test_00447,Intellectual Property Infringement,,/content/safecomp-dpo/hf_data/benchmarks/falsereject_test.jsonl,falsereject_test.jsonl,falsereject_test,,falsereject_test,17,,,,,,,151,21,1,1,0,1
falsereject_test_00448,(Sexual) Explicit Content Generation,,/content/safecomp-dpo/hf_data/benchmarks/falsereject_test.jsonl,falsereject_test.jsonl,falsereject_test,,falsereject_test,27,,,,,,,104,14,1,1,0,1
falsereject_test_00449,"Fraud, Scams, and Deception",,/content/safecomp-dpo/hf_data/benchmarks/falsereject_test.jsonl,falsereject_test.jsonl,falsereject_test,,falsereject_test,15,,,,,,,210,26,1,1,0,1
falsereject_test_00450,Self-Harm,,/content/safecomp-dpo/hf_data/benchmarks/falsereject_test.jsonl,falsereject_test.jsonl,falsereject_test,,falsereject_test,6,,,,,,,92,17,1,1,0,1
falsereject_test_00451,Intellectual Property Infringement,,/content/safecomp-dpo/hf_data/benchmarks/falsereject_test.jsonl,falsereject_test.jsonl,falsereject_test,,falsereject_test,17,,,,,,,212,30,1,1,0,1
falsereject_test_00452,Others,,/content/safecomp-dpo/hf_data/benchmarks/falsereject_test.jsonl,falsereject_test.jsonl,falsereject_test,,falsereject_test,46,,,,,,,177,26,1,1,0,1
falsereject_test_00453,Intellectual Property Infringement,,/content/safecomp-dpo/hf_data/benchmarks/falsereject_test.jsonl,falsereject_test.jsonl,falsereject_test,,falsereject_test,17,,,,,,,188,27,1,1,0,1
falsereject_test_00454,Others,,/content/safecomp-dpo/hf_data/benchmarks/falsereject_test.jsonl,falsereject_test.jsonl,falsereject_test,,falsereject_test,46,,,,,,,137,20,1,0,0,0
falsereject_test_00455,Stalking and Harassment,,/content/safecomp-dpo/hf_data/benchmarks/falsereject_test.jsonl,falsereject_test.jsonl,falsereject_test,,falsereject_test,8,,,,,,,130,19,1,1,0,1
falsereject_test_00456,Others,,/content/safecomp-dpo/hf_data/benchmarks/falsereject_test.jsonl,falsereject_test.jsonl,falsereject_test,,falsereject_test,46,,,,,,,139,20,1,1,0,1
falsereject_test_00457,Intellectual Property Infringement,,/content/safecomp-dpo/hf_data/benchmarks/falsereject_test.jsonl,falsereject_test.jsonl,falsereject_test,,falsereject_test,17,,,,,,,174,26,1,1,0,1
falsereject_test_00458,Others,,/content/safecomp-dpo/hf_data/benchmarks/falsereject_test.jsonl,falsereject_test.jsonl,falsereject_test,,falsereject_test,46,,,,,,,128,19,1,1,0,1
falsereject_test_00459,Intellectual Property Infringement,,/content/safecomp-dpo/hf_data/benchmarks/falsereject_test.jsonl,falsereject_test.jsonl,falsereject_test,,falsereject_test,17,,,,,,,140,24,1,1,2,1
falsereject_test_00460,Intellectual Property Infringement,,/content/safecomp-dpo/hf_data/benchmarks/falsereject_test.jsonl,falsereject_test.jsonl,falsereject_test,,falsereject_test,17,,,,,,,148,24,1,1,0,1
falsereject_test_00461,Intellectual Property Infringement,,/content/safecomp-dpo/hf_data/benchmarks/falsereject_test.jsonl,falsereject_test.jsonl,falsereject_test,,falsereject_test,17,,,,,,,204,33,1,1,1,1
falsereject_test_00462,Personal Identifiable Information,,/content/safecomp-dpo/hf_data/benchmarks/falsereject_test.jsonl,falsereject_test.jsonl,falsereject_test,,falsereject_test,18,,,,,,,128,17,1,1,0,1
falsereject_test_00463,Intellectual Property Infringement,,/content/safecomp-dpo/hf_data/benchmarks/falsereject_test.jsonl,falsereject_test.jsonl,falsereject_test,,falsereject_test,17,,,,,,,169,29,1,1,0,1
falsereject_test_00464,Others,,/content/safecomp-dpo/hf_data/benchmarks/falsereject_test.jsonl,falsereject_test.jsonl,falsereject_test,,falsereject_test,46,,,,,,,155,24,1,1,0,1
falsereject_test_00465,Intellectual Property Infringement,,/content/safecomp-dpo/hf_data/benchmarks/falsereject_test.jsonl,falsereject_test.jsonl,falsereject_test,,falsereject_test,17,,,,,,,155,26,1,1,0,1
falsereject_test_00466,Intellectual Property Infringement,,/content/safecomp-dpo/hf_data/benchmarks/falsereject_test.jsonl,falsereject_test.jsonl,falsereject_test,,falsereject_test,17,,,,,,,185,29,1,1,0,1
falsereject_test_00467,Others,,/content/safecomp-dpo/hf_data/benchmarks/falsereject_test.jsonl,falsereject_test.jsonl,falsereject_test,,falsereject_test,46,,,,,,,282,35,1,1,0,1
falsereject_test_00468,Advice on Adult Content,,/content/safecomp-dpo/hf_data/benchmarks/falsereject_test.jsonl,falsereject_test.jsonl,falsereject_test,,falsereject_test,26,,,,,,,128,18,1,1,0,1
falsereject_test_00469,Intellectual Property Infringement,,/content/safecomp-dpo/hf_data/benchmarks/falsereject_test.jsonl,falsereject_test.jsonl,falsereject_test,,falsereject_test,17,,,,,,,164,24,1,1,0,1
falsereject_test_00470,Others,,/content/safecomp-dpo/hf_data/benchmarks/falsereject_test.jsonl,falsereject_test.jsonl,falsereject_test,,falsereject_test,46,,,,,,,189,30,1,0,1,0
falsereject_test_00471,Others,,/content/safecomp-dpo/hf_data/benchmarks/falsereject_test.jsonl,falsereject_test.jsonl,falsereject_test,,falsereject_test,46,,,,,,,174,28,1,0,0,0
falsereject_test_00472,Intellectual Property Infringement,,/content/safecomp-dpo/hf_data/benchmarks/falsereject_test.jsonl,falsereject_test.jsonl,falsereject_test,,falsereject_test,17,,,,,,,140,22,1,1,0,1
falsereject_test_00473,Intellectual Property Infringement,,/content/safecomp-dpo/hf_data/benchmarks/falsereject_test.jsonl,falsereject_test.jsonl,falsereject_test,,falsereject_test,17,,,,,,,209,30,1,1,0,1
falsereject_test_00474,Others,,/content/safecomp-dpo/hf_data/benchmarks/falsereject_test.jsonl,falsereject_test.jsonl,falsereject_test,,falsereject_test,46,,,,,,,132,21,1,1,0,1
falsereject_test_00475,(Sexual) Explicit Content Generation,,/content/safecomp-dpo/hf_data/benchmarks/falsereject_test.jsonl,falsereject_test.jsonl,falsereject_test,,falsereject_test,27,,,,,,,194,29,1,1,0,1
falsereject_test_00476,Advice on Adult Content,,/content/safecomp-dpo/hf_data/benchmarks/falsereject_test.jsonl,falsereject_test.jsonl,falsereject_test,,falsereject_test,26,,,,,,,164,23,1,1,0,1
falsereject_test_00477,Intellectual Property Infringement,,/content/safecomp-dpo/hf_data/benchmarks/falsereject_test.jsonl,falsereject_test.jsonl,falsereject_test,,falsereject_test,17,,,,,,,167,24,1,1,0,1
falsereject_test_00478,Others,,/content/safecomp-dpo/hf_data/benchmarks/falsereject_test.jsonl,falsereject_test.jsonl,falsereject_test,,falsereject_test,46,,,,,,,166,22,1,0,0,0
falsereject_test_00479,(Sexual) Explicit Content Generation,,/content/safecomp-dpo/hf_data/benchmarks/falsereject_test.jsonl,falsereject_test.jsonl,falsereject_test,,falsereject_test,27,,,,,,,174,26,1,1,0,1
falsereject_test_00480,Self-Harm,,/content/safecomp-dpo/hf_data/benchmarks/falsereject_test.jsonl,falsereject_test.jsonl,falsereject_test,,falsereject_test,6,,,,,,,142,20,1,1,0,1
falsereject_test_00481,Intellectual Property Infringement,,/content/safecomp-dpo/hf_data/benchmarks/falsereject_test.jsonl,falsereject_test.jsonl,falsereject_test,,falsereject_test,17,,,,,,,155,25,1,0,0,0
falsereject_test_00482,Others,,/content/safecomp-dpo/hf_data/benchmarks/falsereject_test.jsonl,falsereject_test.jsonl,falsereject_test,,falsereject_test,46,,,,,,,163,25,1,1,0,1
falsereject_test_00483,(Sexual) Explicit Content Generation,,/content/safecomp-dpo/hf_data/benchmarks/falsereject_test.jsonl,falsereject_test.jsonl,falsereject_test,,falsereject_test,27,,,,,,,139,19,1,1,0,1
falsereject_test_00484,Intellectual Property Infringement,,/content/safecomp-dpo/hf_data/benchmarks/falsereject_test.jsonl,falsereject_test.jsonl,falsereject_test,,falsereject_test,17,,,,,,,124,18,1,0,0,0
falsereject_test_00485,Advice on Adult Content,,/content/safecomp-dpo/hf_data/benchmarks/falsereject_test.jsonl,falsereject_test.jsonl,falsereject_test,,falsereject_test,26,,,,,,,130,18,1,1,0,1
falsereject_test_00486,Advice on Adult Content,,/content/safecomp-dpo/hf_data/benchmarks/falsereject_test.jsonl,falsereject_test.jsonl,falsereject_test,,falsereject_test,26,,,,,,,170,25,1,1,0,1
falsereject_test_00487,Intellectual Property Infringement,,/content/safecomp-dpo/hf_data/benchmarks/falsereject_test.jsonl,falsereject_test.jsonl,falsereject_test,,falsereject_test,17,,,,,,,228,32,1,1,0,1
falsereject_test_00488,Others,,/content/safecomp-dpo/hf_data/benchmarks/falsereject_test.jsonl,falsereject_test.jsonl,falsereject_test,,falsereject_test,46,,,,,,,138,19,1,1,0,1
falsereject_test_00489,Intellectual Property Infringement,,/content/safecomp-dpo/hf_data/benchmarks/falsereject_test.jsonl,falsereject_test.jsonl,falsereject_test,,falsereject_test,17,,,,,,,146,27,1,1,0,1
falsereject_test_00490,Advice on Adult Content,,/content/safecomp-dpo/hf_data/benchmarks/falsereject_test.jsonl,falsereject_test.jsonl,falsereject_test,,falsereject_test,26,,,,,,,132,19,1,1,0,1
falsereject_test_00491,Others,,/content/safecomp-dpo/hf_data/benchmarks/falsereject_test.jsonl,falsereject_test.jsonl,falsereject_test,,falsereject_test,46,,,,,,,179,23,1,1,0,1
falsereject_test_00492,Others,,/content/safecomp-dpo/hf_data/benchmarks/falsereject_test.jsonl,falsereject_test.jsonl,falsereject_test,,falsereject_test,46,,,,,,,177,27,1,1,0,1
falsereject_test_00493,Intellectual Property Infringement,,/content/safecomp-dpo/hf_data/benchmarks/falsereject_test.jsonl,falsereject_test.jsonl,falsereject_test,,falsereject_test,17,,,,,,,139,24,1,1,0,3
falsereject_test_00494,Violent Crimes,,/content/safecomp-dpo/hf_data/benchmarks/falsereject_test.jsonl,falsereject_test.jsonl,falsereject_test,,falsereject_test,7,,,,,,,184,24,1,1,0,1
falsereject_test_00495,"Fraud, Scams, and Deception",,/content/safecomp-dpo/hf_data/benchmarks/falsereject_test.jsonl,falsereject_test.jsonl,falsereject_test,,falsereject_test,15,,,,,,,157,22,1,1,0,1
falsereject_test_00496,Others,,/content/safecomp-dpo/hf_data/benchmarks/falsereject_test.jsonl,falsereject_test.jsonl,falsereject_test,,falsereject_test,46,,,,,,,167,24,1,0,0,0
falsereject_test_00497,Intellectual Property Infringement,,/content/safecomp-dpo/hf_data/benchmarks/falsereject_test.jsonl,falsereject_test.jsonl,falsereject_test,,falsereject_test,17,,,,,,,144,19,1,1,0,1
falsereject_test_00498,Intellectual Property Infringement,,/content/safecomp-dpo/hf_data/benchmarks/falsereject_test.jsonl,falsereject_test.jsonl,falsereject_test,,falsereject_test,17,,,,,,,134,20,1,1,0,1
falsereject_test_00499,Intellectual Property Infringement,,/content/safecomp-dpo/hf_data/benchmarks/falsereject_test.jsonl,falsereject_test.jsonl,falsereject_test,,falsereject_test,17,,,,,,,212,27,1,1,0,1
falsereject_test_00500,Property Crimes,,/content/safecomp-dpo/hf_data/benchmarks/falsereject_test.jsonl,falsereject_test.jsonl,falsereject_test,,falsereject_test,10,,,,,,,148,21,1,1,0,1
falsereject_test_00501,Intellectual Property Infringement,,/content/safecomp-dpo/hf_data/benchmarks/falsereject_test.jsonl,falsereject_test.jsonl,falsereject_test,,falsereject_test,17,,,,,,,127,18,1,1,0,1
falsereject_test_00502,Others,,/content/safecomp-dpo/hf_data/benchmarks/falsereject_test.jsonl,falsereject_test.jsonl,falsereject_test,,falsereject_test,46,,,,,,,160,24,1,1,0,1
falsereject_test_00503,Self-Harm,,/content/safecomp-dpo/hf_data/benchmarks/falsereject_test.jsonl,falsereject_test.jsonl,falsereject_test,,falsereject_test,6,,,,,,,186,30,1,1,0,1
falsereject_test_00504,Self-Harm,,/content/safecomp-dpo/hf_data/benchmarks/falsereject_test.jsonl,falsereject_test.jsonl,falsereject_test,,falsereject_test,6,,,,,,,92,16,1,1,0,1
falsereject_test_00505,Intellectual Property Infringement,,/content/safecomp-dpo/hf_data/benchmarks/falsereject_test.jsonl,falsereject_test.jsonl,falsereject_test,,falsereject_test,17,,,,,,,160,24,1,1,0,1
falsereject_test_00506,Advice on Adult Content,,/content/safecomp-dpo/hf_data/benchmarks/falsereject_test.jsonl,falsereject_test.jsonl,falsereject_test,,falsereject_test,26,,,,,,,116,17,1,1,0,1
falsereject_test_00507,General Advice for System Intrusion,,/content/safecomp-dpo/hf_data/benchmarks/falsereject_test.jsonl,falsereject_test.jsonl,falsereject_test,,falsereject_test,13,,,,,,,176,28,1,1,0,2
falsereject_test_00508,Intellectual Property Infringement,,/content/safecomp-dpo/hf_data/benchmarks/falsereject_test.jsonl,falsereject_test.jsonl,falsereject_test,,falsereject_test,17,,,,,,,170,27,1,0,0,0
falsereject_test_00509,Advice on Adult Content,,/content/safecomp-dpo/hf_data/benchmarks/falsereject_test.jsonl,falsereject_test.jsonl,falsereject_test,,falsereject_test,26,,,,,,,167,22,1,1,0,1
falsereject_test_00510,"Illegal Crafting, Manufacturing, and Distribution",,/content/safecomp-dpo/hf_data/benchmarks/falsereject_test.jsonl,falsereject_test.jsonl,falsereject_test,,falsereject_test,19,,,,,,,182,25,1,1,0,1
falsereject_test_00511,"Illegal Crafting, Manufacturing, and Distribution",,/content/safecomp-dpo/hf_data/benchmarks/falsereject_test.jsonl,falsereject_test.jsonl,falsereject_test,,falsereject_test,19,,,,,,,134,20,1,1,0,1
falsereject_test_00512,Others,,/content/safecomp-dpo/hf_data/benchmarks/falsereject_test.jsonl,falsereject_test.jsonl,falsereject_test,,falsereject_test,46,,,,,,,167,24,1,1,0,1
falsereject_test_00513,Others,,/content/safecomp-dpo/hf_data/benchmarks/falsereject_test.jsonl,falsereject_test.jsonl,falsereject_test,,falsereject_test,46,,,,,,,134,19,1,1,0,1
falsereject_test_00514,Others,,/content/safecomp-dpo/hf_data/benchmarks/falsereject_test.jsonl,falsereject_test.jsonl,falsereject_test,,falsereject_test,46,,,,,,,203,28,1,1,0,1
falsereject_test_00515,Violent Crimes,,/content/safecomp-dpo/hf_data/benchmarks/falsereject_test.jsonl,falsereject_test.jsonl,falsereject_test,,falsereject_test,7,,,,,,,178,27,1,1,0,1
falsereject_test_00516,Advice on Adult Content,,/content/safecomp-dpo/hf_data/benchmarks/falsereject_test.jsonl,falsereject_test.jsonl,falsereject_test,,falsereject_test,26,,,,,,,160,25,1,1,0,1
falsereject_test_00517,Intellectual Property Infringement,,/content/safecomp-dpo/hf_data/benchmarks/falsereject_test.jsonl,falsereject_test.jsonl,falsereject_test,,falsereject_test,17,,,,,,,153,23,1,1,0,1
falsereject_test_00518,Others,,/content/safecomp-dpo/hf_data/benchmarks/falsereject_test.jsonl,falsereject_test.jsonl,falsereject_test,,falsereject_test,46,,,,,,,181,25,1,1,0,1
falsereject_test_00519,"Illegal Crafting, Manufacturing, and Distribution",,/content/safecomp-dpo/hf_data/benchmarks/falsereject_test.jsonl,falsereject_test.jsonl,falsereject_test,,falsereject_test,19,,,,,,,168,27,1,1,0,1
falsereject_test_00520,Intellectual Property Infringement,,/content/safecomp-dpo/hf_data/benchmarks/falsereject_test.jsonl,falsereject_test.jsonl,falsereject_test,,falsereject_test,17,,,,,,,148,24,1,1,0,3
falsereject_test_00521,(Sexual) Explicit Content Generation,,/content/safecomp-dpo/hf_data/benchmarks/falsereject_test.jsonl,falsereject_test.jsonl,falsereject_test,,falsereject_test,27,,,,,,,140,22,1,1,0,1
falsereject_test_00522,Others,,/content/safecomp-dpo/hf_data/benchmarks/falsereject_test.jsonl,falsereject_test.jsonl,falsereject_test,,falsereject_test,46,,,,,,,153,27,1,1,0,1
falsereject_test_00523,Others,,/content/safecomp-dpo/hf_data/benchmarks/falsereject_test.jsonl,falsereject_test.jsonl,falsereject_test,,falsereject_test,46,,,,,,,136,20,1,1,0,1
falsereject_test_00524,Intellectual Property Infringement,,/content/safecomp-dpo/hf_data/benchmarks/falsereject_test.jsonl,falsereject_test.jsonl,falsereject_test,,falsereject_test,17,,,,,,,222,33,1,1,0,1
falsereject_test_00525,Others,,/content/safecomp-dpo/hf_data/benchmarks/falsereject_test.jsonl,falsereject_test.jsonl,falsereject_test,,falsereject_test,46,,,,,,,140,20,1,1,0,1
falsereject_test_00526,Others,,/content/safecomp-dpo/hf_data/benchmarks/falsereject_test.jsonl,falsereject_test.jsonl,falsereject_test,,falsereject_test,46,,,,,,,163,24,1,1,0,1
falsereject_test_00527,Property Crimes,,/content/safecomp-dpo/hf_data/benchmarks/falsereject_test.jsonl,falsereject_test.jsonl,falsereject_test,,falsereject_test,10,,,,,,,158,22,1,1,0,1
falsereject_test_00528,Intellectual Property Infringement,,/content/safecomp-dpo/hf_data/benchmarks/falsereject_test.jsonl,falsereject_test.jsonl,falsereject_test,,falsereject_test,17,,,,,,,162,21,1,1,0,1
falsereject_test_00529,(Sexual) Explicit Content Generation,,/content/safecomp-dpo/hf_data/benchmarks/falsereject_test.jsonl,falsereject_test.jsonl,falsereject_test,,falsereject_test,27,,,,,,,137,17,1,1,0,1
falsereject_test_00530,Others,,/content/safecomp-dpo/hf_data/benchmarks/falsereject_test.jsonl,falsereject_test.jsonl,falsereject_test,,falsereject_test,46,,,,,,,157,23,1,1,0,1
falsereject_test_00531,Others,,/content/safecomp-dpo/hf_data/benchmarks/falsereject_test.jsonl,falsereject_test.jsonl,falsereject_test,,falsereject_test,46,,,,,,,149,25,1,1,2,1
falsereject_test_00532,Property Crimes,,/content/safecomp-dpo/hf_data/benchmarks/falsereject_test.jsonl,falsereject_test.jsonl,falsereject_test,,falsereject_test,10,,,,,,,198,28,1,1,0,1
falsereject_test_00533,Others,,/content/safecomp-dpo/hf_data/benchmarks/falsereject_test.jsonl,falsereject_test.jsonl,falsereject_test,,falsereject_test,46,,,,,,,152,24,1,1,0,1
falsereject_test_00534,Personal Identifiable Information,,/content/safecomp-dpo/hf_data/benchmarks/falsereject_test.jsonl,falsereject_test.jsonl,falsereject_test,,falsereject_test,18,,,,,,,118,20,1,1,1,1
falsereject_test_00535,Intellectual Property Infringement,,/content/safecomp-dpo/hf_data/benchmarks/falsereject_test.jsonl,falsereject_test.jsonl,falsereject_test,,falsereject_test,17,,,,,,,178,26,1,1,0,1
falsereject_test_00536,Intellectual Property Infringement,,/content/safecomp-dpo/hf_data/benchmarks/falsereject_test.jsonl,falsereject_test.jsonl,falsereject_test,,falsereject_test,17,,,,,,,183,30,1,1,0,1
falsereject_test_00537,(Non-sexual) Explicit Content Generation,,/content/safecomp-dpo/hf_data/benchmarks/falsereject_test.jsonl,falsereject_test.jsonl,falsereject_test,,falsereject_test,28,,,,,,,139,17,1,1,0,1
falsereject_test_00538,Intellectual Property Infringement,,/content/safecomp-dpo/hf_data/benchmarks/falsereject_test.jsonl,falsereject_test.jsonl,falsereject_test,,falsereject_test,17,,,,,,,142,19,1,1,0,1
falsereject_test_00539,Intellectual Property Infringement,,/content/safecomp-dpo/hf_data/benchmarks/falsereject_test.jsonl,falsereject_test.jsonl,falsereject_test,,falsereject_test,17,,,,,,,212,28,1,1,0,1
falsereject_test_00540,Intellectual Property Infringement,,/content/safecomp-dpo/hf_data/benchmarks/falsereject_test.jsonl,falsereject_test.jsonl,falsereject_test,,falsereject_test,17,,,,,,,144,26,1,1,0,1
falsereject_test_00541,Personal Identifiable Information,,/content/safecomp-dpo/hf_data/benchmarks/falsereject_test.jsonl,falsereject_test.jsonl,falsereject_test,,falsereject_test,18,,,,,,,135,24,1,1,0,2
falsereject_test_00542,(Sexual) Explicit Content Generation,,/content/safecomp-dpo/hf_data/benchmarks/falsereject_test.jsonl,falsereject_test.jsonl,falsereject_test,,falsereject_test,27,,,,,,,172,22,1,1,0,1
falsereject_test_00543,Intellectual Property Infringement,,/content/safecomp-dpo/hf_data/benchmarks/falsereject_test.jsonl,falsereject_test.jsonl,falsereject_test,,falsereject_test,17,,,,,,,127,21,1,1,0,1
falsereject_test_00544,Others,,/content/safecomp-dpo/hf_data/benchmarks/falsereject_test.jsonl,falsereject_test.jsonl,falsereject_test,,falsereject_test,46,,,,,,,132,21,1,0,0,0
falsereject_test_00545,Intellectual Property Infringement,,/content/safecomp-dpo/hf_data/benchmarks/falsereject_test.jsonl,falsereject_test.jsonl,falsereject_test,,falsereject_test,17,,,,,,,171,24,1,1,0,1
falsereject_test_00546,Others,,/content/safecomp-dpo/hf_data/benchmarks/falsereject_test.jsonl,falsereject_test.jsonl,falsereject_test,,falsereject_test,46,,,,,,,192,31,1,1,0,1
falsereject_test_00547,(Non-sexual) Explicit Content Generation,,/content/safecomp-dpo/hf_data/benchmarks/falsereject_test.jsonl,falsereject_test.jsonl,falsereject_test,,falsereject_test,28,,,,,,,179,26,1,1,0,1
falsereject_test_00548,General Advice for System Intrusion,,/content/safecomp-dpo/hf_data/benchmarks/falsereject_test.jsonl,falsereject_test.jsonl,falsereject_test,,falsereject_test,13,,,,,,,144,20,1,1,0,1
falsereject_test_00549,Intellectual Property Infringement,,/content/safecomp-dpo/hf_data/benchmarks/falsereject_test.jsonl,falsereject_test.jsonl,falsereject_test,,falsereject_test,17,,,,,,,166,22,1,1,0,1
falsereject_test_00550,Others,,/content/safecomp-dpo/hf_data/benchmarks/falsereject_test.jsonl,falsereject_test.jsonl,falsereject_test,,falsereject_test,46,,,,,,,143,21,1,1,0,1
falsereject_test_00551,Advice on Adult Content,,/content/safecomp-dpo/hf_data/benchmarks/falsereject_test.jsonl,falsereject_test.jsonl,falsereject_test,,falsereject_test,26,,,,,,,164,23,1,1,0,1
falsereject_test_00552,Self-Harm,,/content/safecomp-dpo/hf_data/benchmarks/falsereject_test.jsonl,falsereject_test.jsonl,falsereject_test,,falsereject_test,6,,,,,,,141,22,1,1,0,1
falsereject_test_00553,Others,,/content/safecomp-dpo/hf_data/benchmarks/falsereject_test.jsonl,falsereject_test.jsonl,falsereject_test,,falsereject_test,46,,,,,,,133,21,1,1,1,1
falsereject_test_00554,Others,,/content/safecomp-dpo/hf_data/benchmarks/falsereject_test.jsonl,falsereject_test.jsonl,falsereject_test,,falsereject_test,46,,,,,,,201,30,1,1,0,1
falsereject_test_00555,Intellectual Property Infringement,,/content/safecomp-dpo/hf_data/benchmarks/falsereject_test.jsonl,falsereject_test.jsonl,falsereject_test,,falsereject_test,17,,,,,,,186,31,1,1,0,1
falsereject_test_00556,Intellectual Property Infringement,,/content/safecomp-dpo/hf_data/benchmarks/falsereject_test.jsonl,falsereject_test.jsonl,falsereject_test,,falsereject_test,17,,,,,,,179,29,1,1,0,1
falsereject_test_00557,(Sexual) Explicit Content Generation,,/content/safecomp-dpo/hf_data/benchmarks/falsereject_test.jsonl,falsereject_test.jsonl,falsereject_test,,falsereject_test,27,,,,,,,190,28,1,1,0,1
falsereject_test_00558,(Sexual) Explicit Content Generation,,/content/safecomp-dpo/hf_data/benchmarks/falsereject_test.jsonl,falsereject_test.jsonl,falsereject_test,,falsereject_test,27,,,,,,,141,21,1,1,0,1
falsereject_test_00559,Intellectual Property Infringement,,/content/safecomp-dpo/hf_data/benchmarks/falsereject_test.jsonl,falsereject_test.jsonl,falsereject_test,,falsereject_test,17,,,,,,,135,23,1,1,0,1
falsereject_test_00560,Intellectual Property Infringement,,/content/safecomp-dpo/hf_data/benchmarks/falsereject_test.jsonl,falsereject_test.jsonl,falsereject_test,,falsereject_test,17,,,,,,,125,22,1,1,0,1
falsereject_test_00561,Intellectual Property Infringement,,/content/safecomp-dpo/hf_data/benchmarks/falsereject_test.jsonl,falsereject_test.jsonl,falsereject_test,,falsereject_test,17,,,,,,,163,23,1,1,0,1
falsereject_test_00562,Others,,/content/safecomp-dpo/hf_data/benchmarks/falsereject_test.jsonl,falsereject_test.jsonl,falsereject_test,,falsereject_test,46,,,,,,,206,26,1,1,0,1
falsereject_test_00563,Intellectual Property Infringement,,/content/safecomp-dpo/hf_data/benchmarks/falsereject_test.jsonl,falsereject_test.jsonl,falsereject_test,,falsereject_test,17,,,,,,,157,24,1,1,0,1
falsereject_test_00564,Advice on Adult Content,,/content/safecomp-dpo/hf_data/benchmarks/falsereject_test.jsonl,falsereject_test.jsonl,falsereject_test,,falsereject_test,26,,,,,,,248,36,1,1,0,1
falsereject_test_00565,"Illegal Crafting, Manufacturing, and Distribution",,/content/safecomp-dpo/hf_data/benchmarks/falsereject_test.jsonl,falsereject_test.jsonl,falsereject_test,,falsereject_test,19,,,,,,,176,24,1,1,0,1
falsereject_test_00566,Others,,/content/safecomp-dpo/hf_data/benchmarks/falsereject_test.jsonl,falsereject_test.jsonl,falsereject_test,,falsereject_test,46,,,,,,,132,15,1,1,0,1
falsereject_test_00567,Others,,/content/safecomp-dpo/hf_data/benchmarks/falsereject_test.jsonl,falsereject_test.jsonl,falsereject_test,,falsereject_test,46,,,,,,,164,26,1,1,0,1
falsereject_test_00568,Intellectual Property Infringement,,/content/safecomp-dpo/hf_data/benchmarks/falsereject_test.jsonl,falsereject_test.jsonl,falsereject_test,,falsereject_test,17,,,,,,,138,23,1,1,0,1
falsereject_test_00569,General Advice for System Intrusion,,/content/safecomp-dpo/hf_data/benchmarks/falsereject_test.jsonl,falsereject_test.jsonl,falsereject_test,,falsereject_test,13,,,,,,,155,19,1,1,0,1
falsereject_test_00570,Personal Identifiable Information,,/content/safecomp-dpo/hf_data/benchmarks/falsereject_test.jsonl,falsereject_test.jsonl,falsereject_test,,falsereject_test,18,,,,,,,134,20,1,1,4,1
falsereject_test_00571,General Advice for System Intrusion,,/content/safecomp-dpo/hf_data/benchmarks/falsereject_test.jsonl,falsereject_test.jsonl,falsereject_test,,falsereject_test,13,,,,,,,177,23,1,1,0,1
falsereject_test_00572,Others,,/content/safecomp-dpo/hf_data/benchmarks/falsereject_test.jsonl,falsereject_test.jsonl,falsereject_test,,falsereject_test,46,,,,,,,167,26,1,1,0,1
falsereject_test_00573,Others,,/content/safecomp-dpo/hf_data/benchmarks/falsereject_test.jsonl,falsereject_test.jsonl,falsereject_test,,falsereject_test,46,,,,,,,197,27,1,1,0,1
falsereject_test_00574,Others,,/content/safecomp-dpo/hf_data/benchmarks/falsereject_test.jsonl,falsereject_test.jsonl,falsereject_test,,falsereject_test,46,,,,,,,140,21,1,1,3,1
falsereject_test_00575,(Sexual) Explicit Content Generation,,/content/safecomp-dpo/hf_data/benchmarks/falsereject_test.jsonl,falsereject_test.jsonl,falsereject_test,,falsereject_test,27,,,,,,,144,25,1,1,0,1
falsereject_test_00576,Intellectual Property Infringement,,/content/safecomp-dpo/hf_data/benchmarks/falsereject_test.jsonl,falsereject_test.jsonl,falsereject_test,,falsereject_test,17,,,,,,,170,29,1,1,0,1
falsereject_test_00577,Public Order Crimes,,/content/safecomp-dpo/hf_data/benchmarks/falsereject_test.jsonl,falsereject_test.jsonl,falsereject_test,,falsereject_test,11,,,,,,,117,18,1,1,0,1
falsereject_test_00578,Others,,/content/safecomp-dpo/hf_data/benchmarks/falsereject_test.jsonl,falsereject_test.jsonl,falsereject_test,,falsereject_test,46,,,,,,,136,22,1,1,0,1
falsereject_test_00579,Self-Harm,,/content/safecomp-dpo/hf_data/benchmarks/falsereject_test.jsonl,falsereject_test.jsonl,falsereject_test,,falsereject_test,6,,,,,,,203,24,1,1,0,1
falsereject_test_00580,(Sexual) Explicit Content Generation,,/content/safecomp-dpo/hf_data/benchmarks/falsereject_test.jsonl,falsereject_test.jsonl,falsereject_test,,falsereject_test,27,,,,,,,144,20,1,1,0,1
falsereject_test_00581,Others,,/content/safecomp-dpo/hf_data/benchmarks/falsereject_test.jsonl,falsereject_test.jsonl,falsereject_test,,falsereject_test,46,,,,,,,167,23,1,1,0,1
falsereject_test_00582,(Sexual) Explicit Content Generation,,/content/safecomp-dpo/hf_data/benchmarks/falsereject_test.jsonl,falsereject_test.jsonl,falsereject_test,,falsereject_test,27,,,,,,,114,19,1,1,0,1
falsereject_test_00583,Others,,/content/safecomp-dpo/hf_data/benchmarks/falsereject_test.jsonl,falsereject_test.jsonl,falsereject_test,,falsereject_test,46,,,,,,,163,24,1,1,3,1
falsereject_test_00584,Threatening Words,,/content/safecomp-dpo/hf_data/benchmarks/falsereject_test.jsonl,falsereject_test.jsonl,falsereject_test,,falsereject_test,3,,,,,,,138,19,1,1,0,1
falsereject_test_00585,Impersonation,,/content/safecomp-dpo/hf_data/benchmarks/falsereject_test.jsonl,falsereject_test.jsonl,falsereject_test,,falsereject_test,12,,,,,,,138,23,1,0,0,0
falsereject_test_00586,Malware Code Generation,,/content/safecomp-dpo/hf_data/benchmarks/falsereject_test.jsonl,falsereject_test.jsonl,falsereject_test,,falsereject_test,14,,,,,,,205,28,1,1,13,4
falsereject_test_00587,Libelous Words,,/content/safecomp-dpo/hf_data/benchmarks/falsereject_test.jsonl,falsereject_test.jsonl,falsereject_test,,falsereject_test,5,,,,,,,173,24,1,1,0,1
falsereject_test_00588,Threatening Words,,/content/safecomp-dpo/hf_data/benchmarks/falsereject_test.jsonl,falsereject_test.jsonl,falsereject_test,,falsereject_test,3,,,,,,,228,34,1,0,3,1
falsereject_test_00589,Lewd and Obscene Words,,/content/safecomp-dpo/hf_data/benchmarks/falsereject_test.jsonl,falsereject_test.jsonl,falsereject_test,,falsereject_test,4,,,,,,,155,22,1,1,0,1
falsereject_test_00590,Impersonation,,/content/safecomp-dpo/hf_data/benchmarks/falsereject_test.jsonl,falsereject_test.jsonl,falsereject_test,,falsereject_test,12,,,,,,,179,26,1,0,0,0
falsereject_test_00591,Threatening Words,,/content/safecomp-dpo/hf_data/benchmarks/falsereject_test.jsonl,falsereject_test.jsonl,falsereject_test,,falsereject_test,3,,,,,,,205,29,1,1,0,1
falsereject_test_00592,Malware Code Generation,,/content/safecomp-dpo/hf_data/benchmarks/falsereject_test.jsonl,falsereject_test.jsonl,falsereject_test,,falsereject_test,14,,,,,,,153,22,1,1,0,1
falsereject_test_00593,Threatening Words,,/content/safecomp-dpo/hf_data/benchmarks/falsereject_test.jsonl,falsereject_test.jsonl,falsereject_test,,falsereject_test,3,,,,,,,137,20,1,1,0,1
falsereject_test_00594,Lewd and Obscene Words,,/content/safecomp-dpo/hf_data/benchmarks/falsereject_test.jsonl,falsereject_test.jsonl,falsereject_test,,falsereject_test,4,,,,,,,119,20,1,1,0,1
falsereject_test_00595,Malware Code Generation,,/content/safecomp-dpo/hf_data/benchmarks/falsereject_test.jsonl,falsereject_test.jsonl,falsereject_test,,falsereject_test,14,,,,,,,192,27,1,1,0,1
falsereject_test_00596,Child-related Crimes,,/content/safecomp-dpo/hf_data/benchmarks/falsereject_test.jsonl,falsereject_test.jsonl,falsereject_test,,falsereject_test,21,,,,,,,135,18,1,1,0,1
falsereject_test_00597,Malware Code Generation,,/content/safecomp-dpo/hf_data/benchmarks/falsereject_test.jsonl,falsereject_test.jsonl,falsereject_test,,falsereject_test,14,,,,,,,203,31,1,1,0,1
falsereject_test_00598,Impersonation,,/content/safecomp-dpo/hf_data/benchmarks/falsereject_test.jsonl,falsereject_test.jsonl,falsereject_test,,falsereject_test,12,,,,,,,202,31,1,0,0,0
falsereject_test_00599,Lewd and Obscene Words,,/content/safecomp-dpo/hf_data/benchmarks/falsereject_test.jsonl,falsereject_test.jsonl,falsereject_test,,falsereject_test,4,,,,,,,146,21,1,1,0,1
falsereject_test_00600,Threatening Words,,/content/safecomp-dpo/hf_data/benchmarks/falsereject_test.jsonl,falsereject_test.jsonl,falsereject_test,,falsereject_test,3,,,,,,,130,21,1,1,0,1
falsereject_test_00601,Malware Code Generation,,/content/safecomp-dpo/hf_data/benchmarks/falsereject_test.jsonl,falsereject_test.jsonl,falsereject_test,,falsereject_test,14,,,,,,,130,16,1,1,0,1
falsereject_test_00602,Child-related Crimes,,/content/safecomp-dpo/hf_data/benchmarks/falsereject_test.jsonl,falsereject_test.jsonl,falsereject_test,,falsereject_test,21,,,,,,,157,25,1,1,0,1
falsereject_test_00603,Child-related Crimes,,/content/safecomp-dpo/hf_data/benchmarks/falsereject_test.jsonl,falsereject_test.jsonl,falsereject_test,,falsereject_test,21,,,,,,,131,21,1,1,0,1
falsereject_test_00604,Lewd and Obscene Words,,/content/safecomp-dpo/hf_data/benchmarks/falsereject_test.jsonl,falsereject_test.jsonl,falsereject_test,,falsereject_test,4,,,,,,,125,15,1,1,0,1
falsereject_test_00605,Libelous Words,,/content/safecomp-dpo/hf_data/benchmarks/falsereject_test.jsonl,falsereject_test.jsonl,falsereject_test,,falsereject_test,5,,,,,,,187,26,1,1,0,1
falsereject_test_00606,Lewd and Obscene Words,,/content/safecomp-dpo/hf_data/benchmarks/falsereject_test.jsonl,falsereject_test.jsonl,falsereject_test,,falsereject_test,4,,,,,,,138,23,1,1,0,1
falsereject_test_00607,Threatening Words,,/content/safecomp-dpo/hf_data/benchmarks/falsereject_test.jsonl,falsereject_test.jsonl,falsereject_test,,falsereject_test,3,,,,,,,207,29,1,1,0,1
falsereject_test_00608,Malware Code Generation,,/content/safecomp-dpo/hf_data/benchmarks/falsereject_test.jsonl,falsereject_test.jsonl,falsereject_test,,falsereject_test,14,,,,,,,182,24,1,1,0,2
falsereject_test_00609,Malware Code Generation,,/content/safecomp-dpo/hf_data/benchmarks/falsereject_test.jsonl,falsereject_test.jsonl,falsereject_test,,falsereject_test,14,,,,,,,155,25,1,1,0,2
falsereject_test_00610,Impersonation,,/content/safecomp-dpo/hf_data/benchmarks/falsereject_test.jsonl,falsereject_test.jsonl,falsereject_test,,falsereject_test,12,,,,,,,226,35,1,1,0,1
falsereject_test_00611,Malware Code Generation,,/content/safecomp-dpo/hf_data/benchmarks/falsereject_test.jsonl,falsereject_test.jsonl,falsereject_test,,falsereject_test,14,,,,,,,141,23,1,1,0,1
falsereject_test_00612,Lewd and Obscene Words,,/content/safecomp-dpo/hf_data/benchmarks/falsereject_test.jsonl,falsereject_test.jsonl,falsereject_test,,falsereject_test,4,,,,,,,183,27,1,1,0,2
falsereject_test_00613,Threatening Words,,/content/safecomp-dpo/hf_data/benchmarks/falsereject_test.jsonl,falsereject_test.jsonl,falsereject_test,,falsereject_test,3,,,,,,,180,26,1,1,0,1
falsereject_test_00614,Threatening Words,,/content/safecomp-dpo/hf_data/benchmarks/falsereject_test.jsonl,falsereject_test.jsonl,falsereject_test,,falsereject_test,3,,,,,,,189,32,1,1,0,1
falsereject_test_00615,Impersonation,,/content/safecomp-dpo/hf_data/benchmarks/falsereject_test.jsonl,falsereject_test.jsonl,falsereject_test,,falsereject_test,12,,,,,,,150,25,1,1,0,1
falsereject_test_00616,Libelous Words,,/content/safecomp-dpo/hf_data/benchmarks/falsereject_test.jsonl,falsereject_test.jsonl,falsereject_test,,falsereject_test,5,,,,,,,191,27,1,1,0,1
falsereject_test_00617,Impersonation,,/content/safecomp-dpo/hf_data/benchmarks/falsereject_test.jsonl,falsereject_test.jsonl,falsereject_test,,falsereject_test,12,,,,,,,144,22,1,1,0,1
falsereject_test_00618,Malware Code Generation,,/content/safecomp-dpo/hf_data/benchmarks/falsereject_test.jsonl,falsereject_test.jsonl,falsereject_test,,falsereject_test,14,,,,,,,146,19,1,1,0,1
falsereject_test_00619,Libelous Words,,/content/safecomp-dpo/hf_data/benchmarks/falsereject_test.jsonl,falsereject_test.jsonl,falsereject_test,,falsereject_test,5,,,,,,,229,33,1,1,0,1
falsereject_test_00620,Libelous Words,,/content/safecomp-dpo/hf_data/benchmarks/falsereject_test.jsonl,falsereject_test.jsonl,falsereject_test,,falsereject_test,5,,,,,,,127,18,1,1,0,1
falsereject_test_00621,Threatening Words,,/content/safecomp-dpo/hf_data/benchmarks/falsereject_test.jsonl,falsereject_test.jsonl,falsereject_test,,falsereject_test,3,,,,,,,134,18,1,1,0,1
falsereject_test_00622,Malware Code Generation,,/content/safecomp-dpo/hf_data/benchmarks/falsereject_test.jsonl,falsereject_test.jsonl,falsereject_test,,falsereject_test,14,,,,,,,157,23,1,1,3,1
falsereject_test_00623,Malware Code Generation,,/content/safecomp-dpo/hf_data/benchmarks/falsereject_test.jsonl,falsereject_test.jsonl,falsereject_test,,falsereject_test,14,,,,,,,156,23,1,1,2,1
falsereject_test_00624,Lewd and Obscene Words,,/content/safecomp-dpo/hf_data/benchmarks/falsereject_test.jsonl,falsereject_test.jsonl,falsereject_test,,falsereject_test,4,,,,,,,135,20,1,1,0,1
falsereject_test_00625,Threatening Words,,/content/safecomp-dpo/hf_data/benchmarks/falsereject_test.jsonl,falsereject_test.jsonl,falsereject_test,,falsereject_test,3,,,,,,,182,29,1,1,0,1
falsereject_test_00626,Lewd and Obscene Words,,/content/safecomp-dpo/hf_data/benchmarks/falsereject_test.jsonl,falsereject_test.jsonl,falsereject_test,,falsereject_test,4,,,,,,,152,24,1,1,0,1
falsereject_test_00627,Threatening Words,,/content/safecomp-dpo/hf_data/benchmarks/falsereject_test.jsonl,falsereject_test.jsonl,falsereject_test,,falsereject_test,3,,,,,,,250,36,1,0,0,1
falsereject_test_00628,Lewd and Obscene Words,,/content/safecomp-dpo/hf_data/benchmarks/falsereject_test.jsonl,falsereject_test.jsonl,falsereject_test,,falsereject_test,4,,,,,,,123,21,1,1,0,1
falsereject_test_00629,Child-related Crimes,,/content/safecomp-dpo/hf_data/benchmarks/falsereject_test.jsonl,falsereject_test.jsonl,falsereject_test,,falsereject_test,21,,,,,,,122,21,1,1,1,1
falsereject_test_00630,Impersonation,,/content/safecomp-dpo/hf_data/benchmarks/falsereject_test.jsonl,falsereject_test.jsonl,falsereject_test,,falsereject_test,12,,,,,,,149,25,1,1,0,1
falsereject_test_00631,Malware Code Generation,,/content/safecomp-dpo/hf_data/benchmarks/falsereject_test.jsonl,falsereject_test.jsonl,falsereject_test,,falsereject_test,14,,,,,,,134,20,1,1,4,1
falsereject_test_00632,Impersonation,,/content/safecomp-dpo/hf_data/benchmarks/falsereject_test.jsonl,falsereject_test.jsonl,falsereject_test,,falsereject_test,12,,,,,,,203,29,1,1,0,1
falsereject_test_00633,Libelous Words,,/content/safecomp-dpo/hf_data/benchmarks/falsereject_test.jsonl,falsereject_test.jsonl,falsereject_test,,falsereject_test,5,,,,,,,172,26,1,1,0,1
falsereject_test_00634,Libelous Words,,/content/safecomp-dpo/hf_data/benchmarks/falsereject_test.jsonl,falsereject_test.jsonl,falsereject_test,,falsereject_test,5,,,,,,,209,32,1,1,0,2
falsereject_test_00635,Libelous Words,,/content/safecomp-dpo/hf_data/benchmarks/falsereject_test.jsonl,falsereject_test.jsonl,falsereject_test,,falsereject_test,5,,,,,,,177,25,1,1,0,1
falsereject_test_00636,Impersonation,,/content/safecomp-dpo/hf_data/benchmarks/falsereject_test.jsonl,falsereject_test.jsonl,falsereject_test,,falsereject_test,12,,,,,,,212,29,1,1,0,1
falsereject_test_00637,Libelous Words,,/content/safecomp-dpo/hf_data/benchmarks/falsereject_test.jsonl,falsereject_test.jsonl,falsereject_test,,falsereject_test,5,,,,,,,144,22,1,1,0,1
falsereject_test_00638,Malware Code Generation,,/content/safecomp-dpo/hf_data/benchmarks/falsereject_test.jsonl,falsereject_test.jsonl,falsereject_test,,falsereject_test,14,,,,,,,191,30,1,1,0,2
falsereject_test_00639,Libelous Words,,/content/safecomp-dpo/hf_data/benchmarks/falsereject_test.jsonl,falsereject_test.jsonl,falsereject_test,,falsereject_test,5,,,,,,,215,32,1,1,0,1
falsereject_test_00640,Libelous Words,,/content/safecomp-dpo/hf_data/benchmarks/falsereject_test.jsonl,falsereject_test.jsonl,falsereject_test,,falsereject_test,5,,,,,,,173,25,1,1,0,1
falsereject_test_00641,Malware Code Generation,,/content/safecomp-dpo/hf_data/benchmarks/falsereject_test.jsonl,falsereject_test.jsonl,falsereject_test,,falsereject_test,14,,,,,,,179,26,1,1,0,1
falsereject_test_00642,Threatening Words,,/content/safecomp-dpo/hf_data/benchmarks/falsereject_test.jsonl,falsereject_test.jsonl,falsereject_test,,falsereject_test,3,,,,,,,184,25,1,1,0,1
falsereject_test_00643,Threatening Words,,/content/safecomp-dpo/hf_data/benchmarks/falsereject_test.jsonl,falsereject_test.jsonl,falsereject_test,,falsereject_test,3,,,,,,,282,43,1,0,0,0
falsereject_test_00644,Threatening Words,,/content/safecomp-dpo/hf_data/benchmarks/falsereject_test.jsonl,falsereject_test.jsonl,falsereject_test,,falsereject_test,3,,,,,,,187,25,1,1,0,1
falsereject_test_00645,Libelous Words,,/content/safecomp-dpo/hf_data/benchmarks/falsereject_test.jsonl,falsereject_test.jsonl,falsereject_test,,falsereject_test,5,,,,,,,202,27,1,1,0,1
falsereject_test_00646,Lewd and Obscene Words,,/content/safecomp-dpo/hf_data/benchmarks/falsereject_test.jsonl,falsereject_test.jsonl,falsereject_test,,falsereject_test,4,,,,,,,174,24,1,1,4,2
falsereject_test_00647,Threatening Words,,/content/safecomp-dpo/hf_data/benchmarks/falsereject_test.jsonl,falsereject_test.jsonl,falsereject_test,,falsereject_test,3,,,,,,,212,28,1,1,0,1
falsereject_test_00648,Threatening Words,,/content/safecomp-dpo/hf_data/benchmarks/falsereject_test.jsonl,falsereject_test.jsonl,falsereject_test,,falsereject_test,3,,,,,,,179,25,1,1,0,1
falsereject_test_00649,Lewd and Obscene Words,,/content/safecomp-dpo/hf_data/benchmarks/falsereject_test.jsonl,falsereject_test.jsonl,falsereject_test,,falsereject_test,4,,,,,,,147,21,1,1,4,1
falsereject_test_00650,Malware Code Generation,,/content/safecomp-dpo/hf_data/benchmarks/falsereject_test.jsonl,falsereject_test.jsonl,falsereject_test,,falsereject_test,14,,,,,,,171,24,1,1,0,1
falsereject_test_00651,Threatening Words,,/content/safecomp-dpo/hf_data/benchmarks/falsereject_test.jsonl,falsereject_test.jsonl,falsereject_test,,falsereject_test,3,,,,,,,139,21,1,1,0,1
falsereject_test_00652,Child-related Crimes,,/content/safecomp-dpo/hf_data/benchmarks/falsereject_test.jsonl,falsereject_test.jsonl,falsereject_test,,falsereject_test,21,,,,,,,148,20,1,1,0,1
falsereject_test_00653,Impersonation,,/content/safecomp-dpo/hf_data/benchmarks/falsereject_test.jsonl,falsereject_test.jsonl,falsereject_test,,falsereject_test,12,,,,,,,190,23,1,1,0,1
falsereject_test_00654,Threatening Words,,/content/safecomp-dpo/hf_data/benchmarks/falsereject_test.jsonl,falsereject_test.jsonl,falsereject_test,,falsereject_test,3,,,,,,,187,30,1,1,0,1
falsereject_test_00655,Libelous Words,,/content/safecomp-dpo/hf_data/benchmarks/falsereject_test.jsonl,falsereject_test.jsonl,falsereject_test,,falsereject_test,5,,,,,,,141,22,1,1,0,1
falsereject_test_00656,Malware Code Generation,,/content/safecomp-dpo/hf_data/benchmarks/falsereject_test.jsonl,falsereject_test.jsonl,falsereject_test,,falsereject_test,14,,,,,,,153,23,1,1,0,1
falsereject_test_00657,Libelous Words,,/content/safecomp-dpo/hf_data/benchmarks/falsereject_test.jsonl,falsereject_test.jsonl,falsereject_test,,falsereject_test,5,,,,,,,172,31,1,1,1,2
falsereject_test_00658,Child-related Crimes,,/content/safecomp-dpo/hf_data/benchmarks/falsereject_test.jsonl,falsereject_test.jsonl,falsereject_test,,falsereject_test,21,,,,,,,133,23,1,1,0,1
falsereject_test_00659,Malware Code Generation,,/content/safecomp-dpo/hf_data/benchmarks/falsereject_test.jsonl,falsereject_test.jsonl,falsereject_test,,falsereject_test,14,,,,,,,162,24,1,1,1,1
falsereject_test_00660,Impersonation,,/content/safecomp-dpo/hf_data/benchmarks/falsereject_test.jsonl,falsereject_test.jsonl,falsereject_test,,falsereject_test,12,,,,,,,162,23,1,1,0,1
falsereject_test_00661,Impersonation,,/content/safecomp-dpo/hf_data/benchmarks/falsereject_test.jsonl,falsereject_test.jsonl,falsereject_test,,falsereject_test,12,,,,,,,216,28,1,1,0,1
falsereject_test_00662,Child-related Crimes,,/content/safecomp-dpo/hf_data/benchmarks/falsereject_test.jsonl,falsereject_test.jsonl,falsereject_test,,falsereject_test,21,,,,,,,122,18,1,1,0,1
falsereject_test_00663,Libelous Words,,/content/safecomp-dpo/hf_data/benchmarks/falsereject_test.jsonl,falsereject_test.jsonl,falsereject_test,,falsereject_test,5,,,,,,,156,24,1,1,0,1
falsereject_test_00664,Impersonation,,/content/safecomp-dpo/hf_data/benchmarks/falsereject_test.jsonl,falsereject_test.jsonl,falsereject_test,,falsereject_test,12,,,,,,,151,19,1,1,0,1
falsereject_test_00665,Malware Code Generation,,/content/safecomp-dpo/hf_data/benchmarks/falsereject_test.jsonl,falsereject_test.jsonl,falsereject_test,,falsereject_test,14,,,,,,,100,15,1,0,0,0
falsereject_test_00666,Lewd and Obscene Words,,/content/safecomp-dpo/hf_data/benchmarks/falsereject_test.jsonl,falsereject_test.jsonl,falsereject_test,,falsereject_test,4,,,,,,,145,21,1,1,0,1
falsereject_test_00667,Threatening Words,,/content/safecomp-dpo/hf_data/benchmarks/falsereject_test.jsonl,falsereject_test.jsonl,falsereject_test,,falsereject_test,3,,,,,,,181,26,1,1,0,1
falsereject_test_00668,Threatening Words,,/content/safecomp-dpo/hf_data/benchmarks/falsereject_test.jsonl,falsereject_test.jsonl,falsereject_test,,falsereject_test,3,,,,,,,250,38,1,1,0,1
falsereject_test_00669,Malware Code Generation,,/content/safecomp-dpo/hf_data/benchmarks/falsereject_test.jsonl,falsereject_test.jsonl,falsereject_test,,falsereject_test,14,,,,,,,259,36,1,0,1,2
falsereject_test_00670,Lewd and Obscene Words,,/content/safecomp-dpo/hf_data/benchmarks/falsereject_test.jsonl,falsereject_test.jsonl,falsereject_test,,falsereject_test,4,,,,,,,144,22,1,1,0,1
falsereject_test_00671,Impersonation,,/content/safecomp-dpo/hf_data/benchmarks/falsereject_test.jsonl,falsereject_test.jsonl,falsereject_test,,falsereject_test,12,,,,,,,147,24,1,1,0,1
falsereject_test_00672,Child-related Crimes,,/content/safecomp-dpo/hf_data/benchmarks/falsereject_test.jsonl,falsereject_test.jsonl,falsereject_test,,falsereject_test,21,,,,,,,139,21,1,1,0,1
falsereject_test_00673,Libelous Words,,/content/safecomp-dpo/hf_data/benchmarks/falsereject_test.jsonl,falsereject_test.jsonl,falsereject_test,,falsereject_test,5,,,,,,,151,21,1,1,0,1
falsereject_test_00674,Libelous Words,,/content/safecomp-dpo/hf_data/benchmarks/falsereject_test.jsonl,falsereject_test.jsonl,falsereject_test,,falsereject_test,5,,,,,,,181,27,1,1,0,1
falsereject_test_00675,Threatening Words,,/content/safecomp-dpo/hf_data/benchmarks/falsereject_test.jsonl,falsereject_test.jsonl,falsereject_test,,falsereject_test,3,,,,,,,158,20,1,1,0,1
falsereject_test_00676,Libelous Words,,/content/safecomp-dpo/hf_data/benchmarks/falsereject_test.jsonl,falsereject_test.jsonl,falsereject_test,,falsereject_test,5,,,,,,,226,28,1,1,0,1
falsereject_test_00677,Lewd and Obscene Words,,/content/safecomp-dpo/hf_data/benchmarks/falsereject_test.jsonl,falsereject_test.jsonl,falsereject_test,,falsereject_test,4,,,,,,,93,15,1,1,0,1
falsereject_test_00678,Threatening Words,,/content/safecomp-dpo/hf_data/benchmarks/falsereject_test.jsonl,falsereject_test.jsonl,falsereject_test,,falsereject_test,3,,,,,,,215,31,1,1,0,1
falsereject_test_00679,Libelous Words,,/content/safecomp-dpo/hf_data/benchmarks/falsereject_test.jsonl,falsereject_test.jsonl,falsereject_test,,falsereject_test,5,,,,,,,124,16,1,1,0,1
falsereject_test_00680,Impersonation,,/content/safecomp-dpo/hf_data/benchmarks/falsereject_test.jsonl,falsereject_test.jsonl,falsereject_test,,falsereject_test,12,,,,,,,162,22,1,1,0,1
falsereject_test_00681,Malware Code Generation,,/content/safecomp-dpo/hf_data/benchmarks/falsereject_test.jsonl,falsereject_test.jsonl,falsereject_test,,falsereject_test,14,,,,,,,220,31,1,1,0,2
falsereject_test_00682,Malware Code Generation,,/content/safecomp-dpo/hf_data/benchmarks/falsereject_test.jsonl,falsereject_test.jsonl,falsereject_test,,falsereject_test,14,,,,,,,213,33,1,1,0,1
falsereject_test_00683,Threatening Words,,/content/safecomp-dpo/hf_data/benchmarks/falsereject_test.jsonl,falsereject_test.jsonl,falsereject_test,,falsereject_test,3,,,,,,,116,17,1,1,0,1
falsereject_test_00684,Threatening Words,,/content/safecomp-dpo/hf_data/benchmarks/falsereject_test.jsonl,falsereject_test.jsonl,falsereject_test,,falsereject_test,3,,,,,,,180,29,1,1,0,1
falsereject_test_00685,Libelous Words,,/content/safecomp-dpo/hf_data/benchmarks/falsereject_test.jsonl,falsereject_test.jsonl,falsereject_test,,falsereject_test,5,,,,,,,179,23,1,1,0,1
falsereject_test_00686,Child-related Crimes,,/content/safecomp-dpo/hf_data/benchmarks/falsereject_test.jsonl,falsereject_test.jsonl,falsereject_test,,falsereject_test,21,,,,,,,145,18,1,1,0,1
falsereject_test_00687,Threatening Words,,/content/safecomp-dpo/hf_data/benchmarks/falsereject_test.jsonl,falsereject_test.jsonl,falsereject_test,,falsereject_test,3,,,,,,,156,23,1,1,0,1
falsereject_test_00688,Child-related Crimes,,/content/safecomp-dpo/hf_data/benchmarks/falsereject_test.jsonl,falsereject_test.jsonl,falsereject_test,,falsereject_test,21,,,,,,,182,25,1,1,0,1
falsereject_test_00689,Libelous Words,,/content/safecomp-dpo/hf_data/benchmarks/falsereject_test.jsonl,falsereject_test.jsonl,falsereject_test,,falsereject_test,5,,,,,,,132,19,1,1,8,1
falsereject_test_00690,Lewd and Obscene Words,,/content/safecomp-dpo/hf_data/benchmarks/falsereject_test.jsonl,falsereject_test.jsonl,falsereject_test,,falsereject_test,4,,,,,,,156,23,1,1,0,1
falsereject_test_00691,Child-related Crimes,,/content/safecomp-dpo/hf_data/benchmarks/falsereject_test.jsonl,falsereject_test.jsonl,falsereject_test,,falsereject_test,21,,,,,,,153,26,1,1,0,1
falsereject_test_00692,Child-related Crimes,,/content/safecomp-dpo/hf_data/benchmarks/falsereject_test.jsonl,falsereject_test.jsonl,falsereject_test,,falsereject_test,21,,,,,,,91,15,1,1,0,1
falsereject_test_00693,Malware Code Generation,,/content/safecomp-dpo/hf_data/benchmarks/falsereject_test.jsonl,falsereject_test.jsonl,falsereject_test,,falsereject_test,14,,,,,,,141,22,1,1,0,1
falsereject_test_00694,Threatening Words,,/content/safecomp-dpo/hf_data/benchmarks/falsereject_test.jsonl,falsereject_test.jsonl,falsereject_test,,falsereject_test,3,,,,,,,205,30,1,1,3,1
falsereject_test_00695,Libelous Words,,/content/safecomp-dpo/hf_data/benchmarks/falsereject_test.jsonl,falsereject_test.jsonl,falsereject_test,,falsereject_test,5,,,,,,,108,18,1,1,0,1
falsereject_test_00696,Impersonation,,/content/safecomp-dpo/hf_data/benchmarks/falsereject_test.jsonl,falsereject_test.jsonl,falsereject_test,,falsereject_test,12,,,,,,,184,26,1,1,0,1
falsereject_test_00697,Impersonation,,/content/safecomp-dpo/hf_data/benchmarks/falsereject_test.jsonl,falsereject_test.jsonl,falsereject_test,,falsereject_test,12,,,,,,,131,19,1,1,0,1
falsereject_test_00698,Threatening Words,,/content/safecomp-dpo/hf_data/benchmarks/falsereject_test.jsonl,falsereject_test.jsonl,falsereject_test,,falsereject_test,3,,,,,,,141,21,1,1,0,1
falsereject_test_00699,Libelous Words,,/content/safecomp-dpo/hf_data/benchmarks/falsereject_test.jsonl,falsereject_test.jsonl,falsereject_test,,falsereject_test,5,,,,,,,170,25,1,1,0,1
falsereject_test_00700,Threatening Words,,/content/safecomp-dpo/hf_data/benchmarks/falsereject_test.jsonl,falsereject_test.jsonl,falsereject_test,,falsereject_test,3,,,,,,,217,34,1,1,0,2
falsereject_test_00701,Threatening Words,,/content/safecomp-dpo/hf_data/benchmarks/falsereject_test.jsonl,falsereject_test.jsonl,falsereject_test,,falsereject_test,3,,,,,,,203,26,1,1,0,1
falsereject_test_00702,Impersonation,,/content/safecomp-dpo/hf_data/benchmarks/falsereject_test.jsonl,falsereject_test.jsonl,falsereject_test,,falsereject_test,12,,,,,,,212,32,1,1,0,1
falsereject_test_00703,Child-related Crimes,,/content/safecomp-dpo/hf_data/benchmarks/falsereject_test.jsonl,falsereject_test.jsonl,falsereject_test,,falsereject_test,21,,,,,,,179,30,1,1,3,1
falsereject_test_00704,Malware Code Generation,,/content/safecomp-dpo/hf_data/benchmarks/falsereject_test.jsonl,falsereject_test.jsonl,falsereject_test,,falsereject_test,14,,,,,,,163,28,1,1,2,1
falsereject_test_00705,Impersonation,,/content/safecomp-dpo/hf_data/benchmarks/falsereject_test.jsonl,falsereject_test.jsonl,falsereject_test,,falsereject_test,12,,,,,,,130,17,1,1,0,1
falsereject_test_00706,Child-related Crimes,,/content/safecomp-dpo/hf_data/benchmarks/falsereject_test.jsonl,falsereject_test.jsonl,falsereject_test,,falsereject_test,21,,,,,,,168,26,1,1,0,1
falsereject_test_00707,Child-related Crimes,,/content/safecomp-dpo/hf_data/benchmarks/falsereject_test.jsonl,falsereject_test.jsonl,falsereject_test,,falsereject_test,21,,,,,,,146,20,1,1,0,1
falsereject_test_00708,Malware Code Generation,,/content/safecomp-dpo/hf_data/benchmarks/falsereject_test.jsonl,falsereject_test.jsonl,falsereject_test,,falsereject_test,14,,,,,,,177,25,1,1,1,1
falsereject_test_00709,Lewd and Obscene Words,,/content/safecomp-dpo/hf_data/benchmarks/falsereject_test.jsonl,falsereject_test.jsonl,falsereject_test,,falsereject_test,4,,,,,,,201,27,1,1,0,1
falsereject_test_00710,Malware Code Generation,,/content/safecomp-dpo/hf_data/benchmarks/falsereject_test.jsonl,falsereject_test.jsonl,falsereject_test,,falsereject_test,14,,,,,,,167,25,1,1,0,1
falsereject_test_00711,Libelous Words,,/content/safecomp-dpo/hf_data/benchmarks/falsereject_test.jsonl,falsereject_test.jsonl,falsereject_test,,falsereject_test,5,,,,,,,163,23,1,1,0,1
falsereject_test_00712,Malware Code Generation,,/content/safecomp-dpo/hf_data/benchmarks/falsereject_test.jsonl,falsereject_test.jsonl,falsereject_test,,falsereject_test,14,,,,,,,211,29,1,1,0,2
falsereject_test_00713,Lewd and Obscene Words,,/content/safecomp-dpo/hf_data/benchmarks/falsereject_test.jsonl,falsereject_test.jsonl,falsereject_test,,falsereject_test,4,,,,,,,99,14,1,1,0,1
falsereject_test_00714,Impersonation,,/content/safecomp-dpo/hf_data/benchmarks/falsereject_test.jsonl,falsereject_test.jsonl,falsereject_test,,falsereject_test,12,,,,,,,180,27,1,1,0,1
falsereject_test_00715,Child-related Crimes,,/content/safecomp-dpo/hf_data/benchmarks/falsereject_test.jsonl,falsereject_test.jsonl,falsereject_test,,falsereject_test,21,,,,,,,106,17,1,1,0,1
falsereject_test_00716,Libelous Words,,/content/safecomp-dpo/hf_data/benchmarks/falsereject_test.jsonl,falsereject_test.jsonl,falsereject_test,,falsereject_test,5,,,,,,,140,18,1,1,0,1
falsereject_test_00717,Lewd and Obscene Words,,/content/safecomp-dpo/hf_data/benchmarks/falsereject_test.jsonl,falsereject_test.jsonl,falsereject_test,,falsereject_test,4,,,,,,,199,30,1,1,4,1
falsereject_test_00718,Malware Code Generation,,/content/safecomp-dpo/hf_data/benchmarks/falsereject_test.jsonl,falsereject_test.jsonl,falsereject_test,,falsereject_test,14,,,,,,,204,30,1,1,0,1
falsereject_test_00719,Lewd and Obscene Words,,/content/safecomp-dpo/hf_data/benchmarks/falsereject_test.jsonl,falsereject_test.jsonl,falsereject_test,,falsereject_test,4,,,,,,,187,26,1,1,0,1
falsereject_test_00720,Libelous Words,,/content/safecomp-dpo/hf_data/benchmarks/falsereject_test.jsonl,falsereject_test.jsonl,falsereject_test,,falsereject_test,5,,,,,,,217,31,1,1,0,1
falsereject_test_00721,Impersonation,,/content/safecomp-dpo/hf_data/benchmarks/falsereject_test.jsonl,falsereject_test.jsonl,falsereject_test,,falsereject_test,12,,,,,,,177,28,1,1,0,1
falsereject_test_00722,Child-related Crimes,,/content/safecomp-dpo/hf_data/benchmarks/falsereject_test.jsonl,falsereject_test.jsonl,falsereject_test,,falsereject_test,21,,,,,,,107,14,1,1,0,1
falsereject_test_00723,Threatening Words,,/content/safecomp-dpo/hf_data/benchmarks/falsereject_test.jsonl,falsereject_test.jsonl,falsereject_test,,falsereject_test,3,,,,,,,143,19,1,1,0,1
falsereject_test_00724,Libelous Words,,/content/safecomp-dpo/hf_data/benchmarks/falsereject_test.jsonl,falsereject_test.jsonl,falsereject_test,,falsereject_test,5,,,,,,,113,19,1,1,0,1
falsereject_test_00725,Child-related Crimes,,/content/safecomp-dpo/hf_data/benchmarks/falsereject_test.jsonl,falsereject_test.jsonl,falsereject_test,,falsereject_test,21,,,,,,,181,28,1,1,0,2
falsereject_test_00726,Impersonation,,/content/safecomp-dpo/hf_data/benchmarks/falsereject_test.jsonl,falsereject_test.jsonl,falsereject_test,,falsereject_test,12,,,,,,,133,24,1,0,0,0
falsereject_test_00727,Threatening Words,,/content/safecomp-dpo/hf_data/benchmarks/falsereject_test.jsonl,falsereject_test.jsonl,falsereject_test,,falsereject_test,3,,,,,,,166,26,1,1,0,2
falsereject_test_00728,Impersonation,,/content/safecomp-dpo/hf_data/benchmarks/falsereject_test.jsonl,falsereject_test.jsonl,falsereject_test,,falsereject_test,12,,,,,,,158,22,1,0,0,0
falsereject_test_00729,Lewd and Obscene Words,,/content/safecomp-dpo/hf_data/benchmarks/falsereject_test.jsonl,falsereject_test.jsonl,falsereject_test,,falsereject_test,4,,,,,,,173,27,1,1,0,1
falsereject_test_00730,Malware Code Generation,,/content/safecomp-dpo/hf_data/benchmarks/falsereject_test.jsonl,falsereject_test.jsonl,falsereject_test,,falsereject_test,14,,,,,,,217,33,1,1,0,1
falsereject_test_00731,Impersonation,,/content/safecomp-dpo/hf_data/benchmarks/falsereject_test.jsonl,falsereject_test.jsonl,falsereject_test,,falsereject_test,12,,,,,,,191,24,1,1,0,1
falsereject_test_00732,Lewd and Obscene Words,,/content/safecomp-dpo/hf_data/benchmarks/falsereject_test.jsonl,falsereject_test.jsonl,falsereject_test,,falsereject_test,4,,,,,,,168,25,1,1,0,1
falsereject_test_00733,Child-related Crimes,,/content/safecomp-dpo/hf_data/benchmarks/falsereject_test.jsonl,falsereject_test.jsonl,falsereject_test,,falsereject_test,21,,,,,,,189,27,1,1,0,1
falsereject_test_00734,Malware Code Generation,,/content/safecomp-dpo/hf_data/benchmarks/falsereject_test.jsonl,falsereject_test.jsonl,falsereject_test,,falsereject_test,14,,,,,,,222,26,1,1,0,2
falsereject_test_00735,Libelous Words,,/content/safecomp-dpo/hf_data/benchmarks/falsereject_test.jsonl,falsereject_test.jsonl,falsereject_test,,falsereject_test,5,,,,,,,152,28,1,1,0,1
falsereject_test_00736,Threatening Words,,/content/safecomp-dpo/hf_data/benchmarks/falsereject_test.jsonl,falsereject_test.jsonl,falsereject_test,,falsereject_test,3,,,,,,,146,21,1,1,0,1
falsereject_test_00737,Impersonation,,/content/safecomp-dpo/hf_data/benchmarks/falsereject_test.jsonl,falsereject_test.jsonl,falsereject_test,,falsereject_test,12,,,,,,,218,31,1,0,0,0
falsereject_test_00738,Libelous Words,,/content/safecomp-dpo/hf_data/benchmarks/falsereject_test.jsonl,falsereject_test.jsonl,falsereject_test,,falsereject_test,5,,,,,,,271,36,1,1,0,1
falsereject_test_00739,Libelous Words,,/content/safecomp-dpo/hf_data/benchmarks/falsereject_test.jsonl,falsereject_test.jsonl,falsereject_test,,falsereject_test,5,,,,,,,173,25,1,1,0,1
falsereject_test_00740,Libelous Words,,/content/safecomp-dpo/hf_data/benchmarks/falsereject_test.jsonl,falsereject_test.jsonl,falsereject_test,,falsereject_test,5,,,,,,,128,19,1,1,0,1
falsereject_test_00741,Threatening Words,,/content/safecomp-dpo/hf_data/benchmarks/falsereject_test.jsonl,falsereject_test.jsonl,falsereject_test,,falsereject_test,3,,,,,,,167,23,1,1,0,1
falsereject_test_00742,Impersonation,,/content/safecomp-dpo/hf_data/benchmarks/falsereject_test.jsonl,falsereject_test.jsonl,falsereject_test,,falsereject_test,12,,,,,,,166,25,1,1,0,1
falsereject_test_00743,Lewd and Obscene Words,,/content/safecomp-dpo/hf_data/benchmarks/falsereject_test.jsonl,falsereject_test.jsonl,falsereject_test,,falsereject_test,4,,,,,,,129,21,1,1,0,1
falsereject_test_00744,Libelous Words,,/content/safecomp-dpo/hf_data/benchmarks/falsereject_test.jsonl,falsereject_test.jsonl,falsereject_test,,falsereject_test,5,,,,,,,202,26,1,1,0,1
falsereject_test_00745,Lewd and Obscene Words,,/content/safecomp-dpo/hf_data/benchmarks/falsereject_test.jsonl,falsereject_test.jsonl,falsereject_test,,falsereject_test,4,,,,,,,170,22,1,1,0,1
falsereject_test_00746,Libelous Words,,/content/safecomp-dpo/hf_data/benchmarks/falsereject_test.jsonl,falsereject_test.jsonl,falsereject_test,,falsereject_test,5,,,,,,,154,22,1,1,0,1
falsereject_test_00747,Child-related Crimes,,/content/safecomp-dpo/hf_data/benchmarks/falsereject_test.jsonl,falsereject_test.jsonl,falsereject_test,,falsereject_test,21,,,,,,,139,18,1,1,4,1
falsereject_test_00748,Malware Code Generation,,/content/safecomp-dpo/hf_data/benchmarks/falsereject_test.jsonl,falsereject_test.jsonl,falsereject_test,,falsereject_test,14,,,,,,,184,24,1,1,0,1
falsereject_test_00749,Lewd and Obscene Words,,/content/safecomp-dpo/hf_data/benchmarks/falsereject_test.jsonl,falsereject_test.jsonl,falsereject_test,,falsereject_test,4,,,,,,,221,31,1,1,2,1
falsereject_test_00750,Threatening Words,,/content/safecomp-dpo/hf_data/benchmarks/falsereject_test.jsonl,falsereject_test.jsonl,falsereject_test,,falsereject_test,3,,,,,,,213,34,1,1,0,2
falsereject_test_00751,Impersonation,,/content/safecomp-dpo/hf_data/benchmarks/falsereject_test.jsonl,falsereject_test.jsonl,falsereject_test,,falsereject_test,12,,,,,,,166,28,1,1,0,1
falsereject_test_00752,Threatening Words,,/content/safecomp-dpo/hf_data/benchmarks/falsereject_test.jsonl,falsereject_test.jsonl,falsereject_test,,falsereject_test,3,,,,,,,215,32,1,1,0,1
falsereject_test_00753,Impersonation,,/content/safecomp-dpo/hf_data/benchmarks/falsereject_test.jsonl,falsereject_test.jsonl,falsereject_test,,falsereject_test,12,,,,,,,241,32,1,1,0,1
falsereject_test_00754,Threatening Words,,/content/safecomp-dpo/hf_data/benchmarks/falsereject_test.jsonl,falsereject_test.jsonl,falsereject_test,,falsereject_test,3,,,,,,,135,20,1,1,0,1
falsereject_test_00755,Malware Code Generation,,/content/safecomp-dpo/hf_data/benchmarks/falsereject_test.jsonl,falsereject_test.jsonl,falsereject_test,,falsereject_test,14,,,,,,,195,27,1,1,0,2
falsereject_test_00756,Malware Code Generation,,/content/safecomp-dpo/hf_data/benchmarks/falsereject_test.jsonl,falsereject_test.jsonl,falsereject_test,,falsereject_test,14,,,,,,,138,20,1,1,4,1
falsereject_test_00757,Lewd and Obscene Words,,/content/safecomp-dpo/hf_data/benchmarks/falsereject_test.jsonl,falsereject_test.jsonl,falsereject_test,,falsereject_test,4,,,,,,,187,24,1,1,0,1
falsereject_test_00758,Lewd and Obscene Words,,/content/safecomp-dpo/hf_data/benchmarks/falsereject_test.jsonl,falsereject_test.jsonl,falsereject_test,,falsereject_test,4,,,,,,,247,35,1,1,0,1
falsereject_test_00759,Malware Code Generation,,/content/safecomp-dpo/hf_data/benchmarks/falsereject_test.jsonl,falsereject_test.jsonl,falsereject_test,,falsereject_test,14,,,,,,,142,22,1,1,3,1
falsereject_test_00760,Threatening Words,,/content/safecomp-dpo/hf_data/benchmarks/falsereject_test.jsonl,falsereject_test.jsonl,falsereject_test,,falsereject_test,3,,,,,,,220,29,1,1,0,1
falsereject_test_00761,Libelous Words,,/content/safecomp-dpo/hf_data/benchmarks/falsereject_test.jsonl,falsereject_test.jsonl,falsereject_test,,falsereject_test,5,,,,,,,127,21,1,1,0,1
falsereject_test_00762,Impersonation,,/content/safecomp-dpo/hf_data/benchmarks/falsereject_test.jsonl,falsereject_test.jsonl,falsereject_test,,falsereject_test,12,,,,,,,159,23,1,1,0,1
falsereject_test_00763,Libelous Words,,/content/safecomp-dpo/hf_data/benchmarks/falsereject_test.jsonl,falsereject_test.jsonl,falsereject_test,,falsereject_test,5,,,,,,,148,21,1,1,0,1
falsereject_test_00764,Libelous Words,,/content/safecomp-dpo/hf_data/benchmarks/falsereject_test.jsonl,falsereject_test.jsonl,falsereject_test,,falsereject_test,5,,,,,,,266,35,1,1,0,1
falsereject_test_00765,Lewd and Obscene Words,,/content/safecomp-dpo/hf_data/benchmarks/falsereject_test.jsonl,falsereject_test.jsonl,falsereject_test,,falsereject_test,4,,,,,,,354,45,1,0,0,0
falsereject_test_00766,Libelous Words,,/content/safecomp-dpo/hf_data/benchmarks/falsereject_test.jsonl,falsereject_test.jsonl,falsereject_test,,falsereject_test,5,,,,,,,205,27,1,1,0,1
falsereject_test_00767,Threatening Words,,/content/safecomp-dpo/hf_data/benchmarks/falsereject_test.jsonl,falsereject_test.jsonl,falsereject_test,,falsereject_test,3,,,,,,,273,41,1,1,0,1
falsereject_test_00768,Threatening Words,,/content/safecomp-dpo/hf_data/benchmarks/falsereject_test.jsonl,falsereject_test.jsonl,falsereject_test,,falsereject_test,3,,,,,,,113,17,1,1,0,1
falsereject_test_00769,Libelous Words,,/content/safecomp-dpo/hf_data/benchmarks/falsereject_test.jsonl,falsereject_test.jsonl,falsereject_test,,falsereject_test,5,,,,,,,165,20,1,1,0,1
falsereject_test_00770,Lewd and Obscene Words,,/content/safecomp-dpo/hf_data/benchmarks/falsereject_test.jsonl,falsereject_test.jsonl,falsereject_test,,falsereject_test,4,,,,,,,203,27,1,1,0,1
falsereject_test_00771,Libelous Words,,/content/safecomp-dpo/hf_data/benchmarks/falsereject_test.jsonl,falsereject_test.jsonl,falsereject_test,,falsereject_test,5,,,,,,,154,22,1,1,0,1
falsereject_test_00772,Lewd and Obscene Words,,/content/safecomp-dpo/hf_data/benchmarks/falsereject_test.jsonl,falsereject_test.jsonl,falsereject_test,,falsereject_test,4,,,,,,,166,23,1,1,0,1
falsereject_test_00773,Malware Code Generation,,/content/safecomp-dpo/hf_data/benchmarks/falsereject_test.jsonl,falsereject_test.jsonl,falsereject_test,,falsereject_test,14,,,,,,,263,36,1,0,0,0
falsereject_test_00774,Impersonation,,/content/safecomp-dpo/hf_data/benchmarks/falsereject_test.jsonl,falsereject_test.jsonl,falsereject_test,,falsereject_test,12,,,,,,,216,31,1,0,0,0
falsereject_test_00775,Threatening Words,,/content/safecomp-dpo/hf_data/benchmarks/falsereject_test.jsonl,falsereject_test.jsonl,falsereject_test,,falsereject_test,3,,,,,,,157,19,1,1,0,1
falsereject_test_00776,Lewd and Obscene Words,,/content/safecomp-dpo/hf_data/benchmarks/falsereject_test.jsonl,falsereject_test.jsonl,falsereject_test,,falsereject_test,4,,,,,,,192,28,1,1,0,1
falsereject_test_00777,Malware Code Generation,,/content/safecomp-dpo/hf_data/benchmarks/falsereject_test.jsonl,falsereject_test.jsonl,falsereject_test,,falsereject_test,14,,,,,,,239,33,1,1,0,1
falsereject_test_00778,Threatening Words,,/content/safecomp-dpo/hf_data/benchmarks/falsereject_test.jsonl,falsereject_test.jsonl,falsereject_test,,falsereject_test,3,,,,,,,139,22,1,1,0,1
falsereject_test_00779,Impersonation,,/content/safecomp-dpo/hf_data/benchmarks/falsereject_test.jsonl,falsereject_test.jsonl,falsereject_test,,falsereject_test,12,,,,,,,204,33,1,0,0,0
falsereject_test_00780,Child-related Crimes,,/content/safecomp-dpo/hf_data/benchmarks/falsereject_test.jsonl,falsereject_test.jsonl,falsereject_test,,falsereject_test,21,,,,,,,143,20,1,1,0,1
falsereject_test_00781,Libelous Words,,/content/safecomp-dpo/hf_data/benchmarks/falsereject_test.jsonl,falsereject_test.jsonl,falsereject_test,,falsereject_test,5,,,,,,,189,28,1,1,0,2
falsereject_test_00782,Lewd and Obscene Words,,/content/safecomp-dpo/hf_data/benchmarks/falsereject_test.jsonl,falsereject_test.jsonl,falsereject_test,,falsereject_test,4,,,,,,,220,30,1,1,0,1
falsereject_test_00783,Impersonation,,/content/safecomp-dpo/hf_data/benchmarks/falsereject_test.jsonl,falsereject_test.jsonl,falsereject_test,,falsereject_test,12,,,,,,,294,36,1,1,0,1
falsereject_test_00784,Impersonation,,/content/safecomp-dpo/hf_data/benchmarks/falsereject_test.jsonl,falsereject_test.jsonl,falsereject_test,,falsereject_test,12,,,,,,,131,18,1,0,0,0
falsereject_test_00785,Lewd and Obscene Words,,/content/safecomp-dpo/hf_data/benchmarks/falsereject_test.jsonl,falsereject_test.jsonl,falsereject_test,,falsereject_test,4,,,,,,,162,22,1,1,0,1
falsereject_test_00786,Impersonation,,/content/safecomp-dpo/hf_data/benchmarks/falsereject_test.jsonl,falsereject_test.jsonl,falsereject_test,,falsereject_test,12,,,,,,,167,24,1,0,0,0
falsereject_test_00787,Lewd and Obscene Words,,/content/safecomp-dpo/hf_data/benchmarks/falsereject_test.jsonl,falsereject_test.jsonl,falsereject_test,,falsereject_test,4,,,,,,,177,26,1,1,0,1
falsereject_test_00788,Lewd and Obscene Words,,/content/safecomp-dpo/hf_data/benchmarks/falsereject_test.jsonl,falsereject_test.jsonl,falsereject_test,,falsereject_test,4,,,,,,,155,22,1,1,0,1
falsereject_test_00789,Military Use,,/content/safecomp-dpo/hf_data/benchmarks/falsereject_test.jsonl,falsereject_test.jsonl,falsereject_test,,falsereject_test,32,,,,,,,144,18,1,1,0,1
falsereject_test_00790,Human Elimination & World Domination,,/content/safecomp-dpo/hf_data/benchmarks/falsereject_test.jsonl,falsereject_test.jsonl,falsereject_test,,falsereject_test,25,,,,,,,140,20,1,1,0,1
falsereject_test_00791,Military Use,,/content/safecomp-dpo/hf_data/benchmarks/falsereject_test.jsonl,falsereject_test.jsonl,falsereject_test,,falsereject_test,32,,,,,,,169,23,1,1,0,1
falsereject_test_00792,Religion Promotion (Missionary),,/content/safecomp-dpo/hf_data/benchmarks/falsereject_test.jsonl,falsereject_test.jsonl,falsereject_test,,falsereject_test,35,,,,,,,167,25,1,1,0,1
falsereject_test_00793,Human Elimination & World Domination,,/content/safecomp-dpo/hf_data/benchmarks/falsereject_test.jsonl,falsereject_test.jsonl,falsereject_test,,falsereject_test,25,,,,,,,123,18,1,1,0,1
falsereject_test_00794,Extremist Content Promotion,,/content/safecomp-dpo/hf_data/benchmarks/falsereject_test.jsonl,falsereject_test.jsonl,falsereject_test,,falsereject_test,37,,,,,,,183,24,1,1,0,1
falsereject_test_00795,Military Use,,/content/safecomp-dpo/hf_data/benchmarks/falsereject_test.jsonl,falsereject_test.jsonl,falsereject_test,,falsereject_test,32,,,,,,,118,18,1,1,0,1
falsereject_test_00796,Extremist Content Promotion,,/content/safecomp-dpo/hf_data/benchmarks/falsereject_test.jsonl,falsereject_test.jsonl,falsereject_test,,falsereject_test,37,,,,,,,205,30,1,1,0,1
falsereject_test_00797,Animal-related Crimes,,/content/safecomp-dpo/hf_data/benchmarks/falsereject_test.jsonl,falsereject_test.jsonl,falsereject_test,,falsereject_test,22,,,,,,,147,22,1,1,0,1
falsereject_test_00798,Military Use,,/content/safecomp-dpo/hf_data/benchmarks/falsereject_test.jsonl,falsereject_test.jsonl,falsereject_test,,falsereject_test,32,,,,,,,124,17,1,1,0,1
falsereject_test_00799,Religion Promotion (Missionary),,/content/safecomp-dpo/hf_data/benchmarks/falsereject_test.jsonl,falsereject_test.jsonl,falsereject_test,,falsereject_test,35,,,,,,,180,25,1,1,0,1
falsereject_test_00800,Military Use,,/content/safecomp-dpo/hf_data/benchmarks/falsereject_test.jsonl,falsereject_test.jsonl,falsereject_test,,falsereject_test,32,,,,,,,167,27,1,1,0,1
falsereject_test_00801,Religion Promotion (Missionary),,/content/safecomp-dpo/hf_data/benchmarks/falsereject_test.jsonl,falsereject_test.jsonl,falsereject_test,,falsereject_test,35,,,,,,,158,23,1,1,0,1
falsereject_test_00802,Religion Promotion (Missionary),,/content/safecomp-dpo/hf_data/benchmarks/falsereject_test.jsonl,falsereject_test.jsonl,falsereject_test,,falsereject_test,35,,,,,,,174,23,1,1,0,1
falsereject_test_00803,Human Elimination & World Domination,,/content/safecomp-dpo/hf_data/benchmarks/falsereject_test.jsonl,falsereject_test.jsonl,falsereject_test,,falsereject_test,25,,,,,,,182,25,1,1,0,1
falsereject_test_00804,Animal-related Crimes,,/content/safecomp-dpo/hf_data/benchmarks/falsereject_test.jsonl,falsereject_test.jsonl,falsereject_test,,falsereject_test,22,,,,,,,124,20,1,1,0,1
falsereject_test_00805,Extremist Content Promotion,,/content/safecomp-dpo/hf_data/benchmarks/falsereject_test.jsonl,falsereject_test.jsonl,falsereject_test,,falsereject_test,37,,,,,,,175,23,1,1,0,1
falsereject_test_00806,Animal-related Crimes,,/content/safecomp-dpo/hf_data/benchmarks/falsereject_test.jsonl,falsereject_test.jsonl,falsereject_test,,falsereject_test,22,,,,,,,208,29,1,1,0,1
falsereject_test_00807,Religion Promotion (Missionary),,/content/safecomp-dpo/hf_data/benchmarks/falsereject_test.jsonl,falsereject_test.jsonl,falsereject_test,,falsereject_test,35,,,,,,,166,23,1,1,0,1
falsereject_test_00808,Extremist Content Promotion,,/content/safecomp-dpo/hf_data/benchmarks/falsereject_test.jsonl,falsereject_test.jsonl,falsereject_test,,falsereject_test,37,,,,,,,201,26,1,1,0,1
falsereject_test_00809,Ethical Belief Promotion,,/content/safecomp-dpo/hf_data/benchmarks/falsereject_test.jsonl,falsereject_test.jsonl,falsereject_test,,falsereject_test,34,,,,,,,169,22,1,1,0,1
falsereject_test_00810,Military Use,,/content/safecomp-dpo/hf_data/benchmarks/falsereject_test.jsonl,falsereject_test.jsonl,falsereject_test,,falsereject_test,32,,,,,,,125,17,1,1,0,1
falsereject_test_00811,Human Elimination & World Domination,,/content/safecomp-dpo/hf_data/benchmarks/falsereject_test.jsonl,falsereject_test.jsonl,falsereject_test,,falsereject_test,25,,,,,,,171,27,1,1,0,1
falsereject_test_00812,Human Elimination & World Domination,,/content/safecomp-dpo/hf_data/benchmarks/falsereject_test.jsonl,falsereject_test.jsonl,falsereject_test,,falsereject_test,25,,,,,,,187,26,1,1,0,1
falsereject_test_00813,Animal-related Crimes,,/content/safecomp-dpo/hf_data/benchmarks/falsereject_test.jsonl,falsereject_test.jsonl,falsereject_test,,falsereject_test,22,,,,,,,167,26,1,1,0,1
falsereject_test_00814,Human Elimination & World Domination,,/content/safecomp-dpo/hf_data/benchmarks/falsereject_test.jsonl,falsereject_test.jsonl,falsereject_test,,falsereject_test,25,,,,,,,166,21,1,1,0,1
falsereject_test_00815,Military Use,,/content/safecomp-dpo/hf_data/benchmarks/falsereject_test.jsonl,falsereject_test.jsonl,falsereject_test,,falsereject_test,32,,,,,,,139,21,1,1,0,1
falsereject_test_00816,Animal-related Crimes,,/content/safecomp-dpo/hf_data/benchmarks/falsereject_test.jsonl,falsereject_test.jsonl,falsereject_test,,falsereject_test,22,,,,,,,201,29,1,1,2,1
falsereject_test_00817,Religion Promotion (Missionary),,/content/safecomp-dpo/hf_data/benchmarks/falsereject_test.jsonl,falsereject_test.jsonl,falsereject_test,,falsereject_test,35,,,,,,,270,33,1,1,0,1
falsereject_test_00818,Religion Promotion (Missionary),,/content/safecomp-dpo/hf_data/benchmarks/falsereject_test.jsonl,falsereject_test.jsonl,falsereject_test,,falsereject_test,35,,,,,,,129,18,1,1,0,1
falsereject_test_00819,Human Elimination & World Domination,,/content/safecomp-dpo/hf_data/benchmarks/falsereject_test.jsonl,falsereject_test.jsonl,falsereject_test,,falsereject_test,25,,,,,,,198,26,1,1,0,2
falsereject_test_00820,Extremist Content Promotion,,/content/safecomp-dpo/hf_data/benchmarks/falsereject_test.jsonl,falsereject_test.jsonl,falsereject_test,,falsereject_test,37,,,,,,,106,18,1,1,0,1
falsereject_test_00821,Ethical Belief Promotion,,/content/safecomp-dpo/hf_data/benchmarks/falsereject_test.jsonl,falsereject_test.jsonl,falsereject_test,,falsereject_test,34,,,,,,,155,19,1,1,0,1
falsereject_test_00822,Military Use,,/content/safecomp-dpo/hf_data/benchmarks/falsereject_test.jsonl,falsereject_test.jsonl,falsereject_test,,falsereject_test,32,,,,,,,164,21,1,1,0,1
falsereject_test_00823,Ethical Belief Promotion,,/content/safecomp-dpo/hf_data/benchmarks/falsereject_test.jsonl,falsereject_test.jsonl,falsereject_test,,falsereject_test,34,,,,,,,192,29,1,1,0,1
falsereject_test_00824,Ethical Belief Promotion,,/content/safecomp-dpo/hf_data/benchmarks/falsereject_test.jsonl,falsereject_test.jsonl,falsereject_test,,falsereject_test,34,,,,,,,192,29,1,1,0,1
falsereject_test_00825,Human Elimination & World Domination,,/content/safecomp-dpo/hf_data/benchmarks/falsereject_test.jsonl,falsereject_test.jsonl,falsereject_test,,falsereject_test,25,,,,,,,191,28,1,1,0,1
falsereject_test_00826,Extremist Content Promotion,,/content/safecomp-dpo/hf_data/benchmarks/falsereject_test.jsonl,falsereject_test.jsonl,falsereject_test,,falsereject_test,37,,,,,,,161,24,1,1,0,1
falsereject_test_00827,Military Use,,/content/safecomp-dpo/hf_data/benchmarks/falsereject_test.jsonl,falsereject_test.jsonl,falsereject_test,,falsereject_test,32,,,,,,,139,21,1,1,0,1
falsereject_test_00828,Ethical Belief Promotion,,/content/safecomp-dpo/hf_data/benchmarks/falsereject_test.jsonl,falsereject_test.jsonl,falsereject_test,,falsereject_test,34,,,,,,,246,31,1,1,0,1
falsereject_test_00829,Animal-related Crimes,,/content/safecomp-dpo/hf_data/benchmarks/falsereject_test.jsonl,falsereject_test.jsonl,falsereject_test,,falsereject_test,22,,,,,,,179,27,1,1,0,1
falsereject_test_00830,Animal-related Crimes,,/content/safecomp-dpo/hf_data/benchmarks/falsereject_test.jsonl,falsereject_test.jsonl,falsereject_test,,falsereject_test,22,,,,,,,197,32,1,1,0,1
falsereject_test_00831,Ethical Belief Promotion,,/content/safecomp-dpo/hf_data/benchmarks/falsereject_test.jsonl,falsereject_test.jsonl,falsereject_test,,falsereject_test,34,,,,,,,183,27,1,1,0,1
falsereject_test_00832,Military Use,,/content/safecomp-dpo/hf_data/benchmarks/falsereject_test.jsonl,falsereject_test.jsonl,falsereject_test,,falsereject_test,32,,,,,,,188,27,1,1,0,1
falsereject_test_00833,Animal-related Crimes,,/content/safecomp-dpo/hf_data/benchmarks/falsereject_test.jsonl,falsereject_test.jsonl,falsereject_test,,falsereject_test,22,,,,,,,225,29,1,1,0,1
falsereject_test_00834,Ethical Belief Promotion,,/content/safecomp-dpo/hf_data/benchmarks/falsereject_test.jsonl,falsereject_test.jsonl,falsereject_test,,falsereject_test,34,,,,,,,203,30,1,1,0,1
falsereject_test_00835,Ethical Belief Promotion,,/content/safecomp-dpo/hf_data/benchmarks/falsereject_test.jsonl,falsereject_test.jsonl,falsereject_test,,falsereject_test,34,,,,,,,182,25,1,1,0,1
falsereject_test_00836,Ethical Belief Promotion,,/content/safecomp-dpo/hf_data/benchmarks/falsereject_test.jsonl,falsereject_test.jsonl,falsereject_test,,falsereject_test,34,,,,,,,204,30,1,1,0,1
falsereject_test_00837,Ethical Belief Promotion,,/content/safecomp-dpo/hf_data/benchmarks/falsereject_test.jsonl,falsereject_test.jsonl,falsereject_test,,falsereject_test,34,,,,,,,174,22,1,1,0,1
falsereject_test_00838,Ethical Belief Promotion,,/content/safecomp-dpo/hf_data/benchmarks/falsereject_test.jsonl,falsereject_test.jsonl,falsereject_test,,falsereject_test,34,,,,,,,138,20,1,1,0,1
falsereject_test_00839,Animal-related Crimes,,/content/safecomp-dpo/hf_data/benchmarks/falsereject_test.jsonl,falsereject_test.jsonl,falsereject_test,,falsereject_test,22,,,,,,,144,22,1,1,0,1
falsereject_test_00840,Ethical Belief Promotion,,/content/safecomp-dpo/hf_data/benchmarks/falsereject_test.jsonl,falsereject_test.jsonl,falsereject_test,,falsereject_test,34,,,,,,,189,27,1,1,0,1
falsereject_test_00841,Extremist Content Promotion,,/content/safecomp-dpo/hf_data/benchmarks/falsereject_test.jsonl,falsereject_test.jsonl,falsereject_test,,falsereject_test,37,,,,,,,183,25,1,1,0,1
falsereject_test_00842,Animal-related Crimes,,/content/safecomp-dpo/hf_data/benchmarks/falsereject_test.jsonl,falsereject_test.jsonl,falsereject_test,,falsereject_test,22,,,,,,,178,24,1,1,0,1
falsereject_test_00843,Ethical Belief Promotion,,/content/safecomp-dpo/hf_data/benchmarks/falsereject_test.jsonl,falsereject_test.jsonl,falsereject_test,,falsereject_test,34,,,,,,,186,27,1,1,0,1
falsereject_test_00844,Animal-related Crimes,,/content/safecomp-dpo/hf_data/benchmarks/falsereject_test.jsonl,falsereject_test.jsonl,falsereject_test,,falsereject_test,22,,,,,,,155,23,1,1,0,1
falsereject_test_00845,Human Elimination & World Domination,,/content/safecomp-dpo/hf_data/benchmarks/falsereject_test.jsonl,falsereject_test.jsonl,falsereject_test,,falsereject_test,25,,,,,,,189,26,1,1,0,2
falsereject_test_00846,Military Use,,/content/safecomp-dpo/hf_data/benchmarks/falsereject_test.jsonl,falsereject_test.jsonl,falsereject_test,,falsereject_test,32,,,,,,,167,24,1,1,0,1
falsereject_test_00847,Ethical Belief Promotion,,/content/safecomp-dpo/hf_data/benchmarks/falsereject_test.jsonl,falsereject_test.jsonl,falsereject_test,,falsereject_test,34,,,,,,,157,22,1,1,0,1
falsereject_test_00848,Ethical Belief Promotion,,/content/safecomp-dpo/hf_data/benchmarks/falsereject_test.jsonl,falsereject_test.jsonl,falsereject_test,,falsereject_test,34,,,,,,,136,18,1,1,0,1
falsereject_test_00849,Human Elimination & World Domination,,/content/safecomp-dpo/hf_data/benchmarks/falsereject_test.jsonl,falsereject_test.jsonl,falsereject_test,,falsereject_test,25,,,,,,,260,31,1,0,0,0
falsereject_test_00850,Animal-related Crimes,,/content/safecomp-dpo/hf_data/benchmarks/falsereject_test.jsonl,falsereject_test.jsonl,falsereject_test,,falsereject_test,22,,,,,,,143,22,1,1,0,1
falsereject_test_00851,Ethical Belief Promotion,,/content/safecomp-dpo/hf_data/benchmarks/falsereject_test.jsonl,falsereject_test.jsonl,falsereject_test,,falsereject_test,34,,,,,,,188,29,1,1,0,1
falsereject_test_00852,Religion Promotion (Missionary),,/content/safecomp-dpo/hf_data/benchmarks/falsereject_test.jsonl,falsereject_test.jsonl,falsereject_test,,falsereject_test,35,,,,,,,132,18,1,1,0,1
falsereject_test_00853,Extremist Content Promotion,,/content/safecomp-dpo/hf_data/benchmarks/falsereject_test.jsonl,falsereject_test.jsonl,falsereject_test,,falsereject_test,37,,,,,,,215,29,1,1,0,1
falsereject_test_00854,Military Use,,/content/safecomp-dpo/hf_data/benchmarks/falsereject_test.jsonl,falsereject_test.jsonl,falsereject_test,,falsereject_test,32,,,,,,,163,22,1,1,0,1
falsereject_test_00855,Extremist Content Promotion,,/content/safecomp-dpo/hf_data/benchmarks/falsereject_test.jsonl,falsereject_test.jsonl,falsereject_test,,falsereject_test,37,,,,,,,141,24,1,1,0,1
falsereject_test_00856,Human Elimination & World Domination,,/content/safecomp-dpo/hf_data/benchmarks/falsereject_test.jsonl,falsereject_test.jsonl,falsereject_test,,falsereject_test,25,,,,,,,165,24,1,1,0,1
falsereject_test_00857,Religion Promotion (Missionary),,/content/safecomp-dpo/hf_data/benchmarks/falsereject_test.jsonl,falsereject_test.jsonl,falsereject_test,,falsereject_test,35,,,,,,,187,25,1,1,0,1
falsereject_test_00858,Military Use,,/content/safecomp-dpo/hf_data/benchmarks/falsereject_test.jsonl,falsereject_test.jsonl,falsereject_test,,falsereject_test,32,,,,,,,160,25,1,1,0,1
falsereject_test_00859,Ethical Belief Promotion,,/content/safecomp-dpo/hf_data/benchmarks/falsereject_test.jsonl,falsereject_test.jsonl,falsereject_test,,falsereject_test,34,,,,,,,171,24,1,1,0,1
falsereject_test_00860,Human Elimination & World Domination,,/content/safecomp-dpo/hf_data/benchmarks/falsereject_test.jsonl,falsereject_test.jsonl,falsereject_test,,falsereject_test,25,,,,,,,130,16,1,1,0,1
falsereject_test_00861,Military Use,,/content/safecomp-dpo/hf_data/benchmarks/falsereject_test.jsonl,falsereject_test.jsonl,falsereject_test,,falsereject_test,32,,,,,,,142,19,1,1,4,1
falsereject_test_00862,Military Use,,/content/safecomp-dpo/hf_data/benchmarks/falsereject_test.jsonl,falsereject_test.jsonl,falsereject_test,,falsereject_test,32,,,,,,,204,29,1,1,0,1
falsereject_test_00863,Extremist Content Promotion,,/content/safecomp-dpo/hf_data/benchmarks/falsereject_test.jsonl,falsereject_test.jsonl,falsereject_test,,falsereject_test,37,,,,,,,197,27,1,1,8,1
falsereject_test_00864,Human Elimination & World Domination,,/content/safecomp-dpo/hf_data/benchmarks/falsereject_test.jsonl,falsereject_test.jsonl,falsereject_test,,falsereject_test,25,,,,,,,256,33,1,1,0,1
falsereject_test_00865,Human Elimination & World Domination,,/content/safecomp-dpo/hf_data/benchmarks/falsereject_test.jsonl,falsereject_test.jsonl,falsereject_test,,falsereject_test,25,,,,,,,195,24,1,0,0,0
falsereject_test_00866,Extremist Content Promotion,,/content/safecomp-dpo/hf_data/benchmarks/falsereject_test.jsonl,falsereject_test.jsonl,falsereject_test,,falsereject_test,37,,,,,,,169,26,1,1,0,1
falsereject_test_00867,Religion Promotion (Missionary),,/content/safecomp-dpo/hf_data/benchmarks/falsereject_test.jsonl,falsereject_test.jsonl,falsereject_test,,falsereject_test,35,,,,,,,145,24,1,1,0,1
falsereject_test_00868,Human Elimination & World Domination,,/content/safecomp-dpo/hf_data/benchmarks/falsereject_test.jsonl,falsereject_test.jsonl,falsereject_test,,falsereject_test,25,,,,,,,225,32,1,1,0,1
falsereject_test_00869,Military Use,,/content/safecomp-dpo/hf_data/benchmarks/falsereject_test.jsonl,falsereject_test.jsonl,falsereject_test,,falsereject_test,32,,,,,,,133,18,1,1,0,1
falsereject_test_00870,Extremist Content Promotion,,/content/safecomp-dpo/hf_data/benchmarks/falsereject_test.jsonl,falsereject_test.jsonl,falsereject_test,,falsereject_test,37,,,,,,,132,19,1,1,0,1
falsereject_test_00871,Religion Promotion (Missionary),,/content/safecomp-dpo/hf_data/benchmarks/falsereject_test.jsonl,falsereject_test.jsonl,falsereject_test,,falsereject_test,35,,,,,,,150,23,1,1,0,1
falsereject_test_00872,Ethical Belief Promotion,,/content/safecomp-dpo/hf_data/benchmarks/falsereject_test.jsonl,falsereject_test.jsonl,falsereject_test,,falsereject_test,34,,,,,,,257,34,1,1,0,1
falsereject_test_00873,Animal-related Crimes,,/content/safecomp-dpo/hf_data/benchmarks/falsereject_test.jsonl,falsereject_test.jsonl,falsereject_test,,falsereject_test,22,,,,,,,244,29,1,1,0,1
falsereject_test_00874,Animal-related Crimes,,/content/safecomp-dpo/hf_data/benchmarks/falsereject_test.jsonl,falsereject_test.jsonl,falsereject_test,,falsereject_test,22,,,,,,,158,25,1,1,0,1
falsereject_test_00875,Ethical Belief Promotion,,/content/safecomp-dpo/hf_data/benchmarks/falsereject_test.jsonl,falsereject_test.jsonl,falsereject_test,,falsereject_test,34,,,,,,,184,25,1,0,0,0
falsereject_test_00876,Extremist Content Promotion,,/content/safecomp-dpo/hf_data/benchmarks/falsereject_test.jsonl,falsereject_test.jsonl,falsereject_test,,falsereject_test,37,,,,,,,118,20,1,1,4,1
falsereject_test_00877,Religion Promotion (Missionary),,/content/safecomp-dpo/hf_data/benchmarks/falsereject_test.jsonl,falsereject_test.jsonl,falsereject_test,,falsereject_test,35,,,,,,,157,23,1,1,0,1
falsereject_test_00878,Religion Promotion (Missionary),,/content/safecomp-dpo/hf_data/benchmarks/falsereject_test.jsonl,falsereject_test.jsonl,falsereject_test,,falsereject_test,35,,,,,,,130,19,1,1,0,1
falsereject_test_00879,Animal-related Crimes,,/content/safecomp-dpo/hf_data/benchmarks/falsereject_test.jsonl,falsereject_test.jsonl,falsereject_test,,falsereject_test,22,,,,,,,123,17,1,1,0,1
falsereject_test_00880,Human Elimination & World Domination,,/content/safecomp-dpo/hf_data/benchmarks/falsereject_test.jsonl,falsereject_test.jsonl,falsereject_test,,falsereject_test,25,,,,,,,175,25,1,1,0,2
falsereject_test_00881,Military Use,,/content/safecomp-dpo/hf_data/benchmarks/falsereject_test.jsonl,falsereject_test.jsonl,falsereject_test,,falsereject_test,32,,,,,,,165,24,1,1,0,1
falsereject_test_00882,Human Elimination & World Domination,,/content/safecomp-dpo/hf_data/benchmarks/falsereject_test.jsonl,falsereject_test.jsonl,falsereject_test,,falsereject_test,25,,,,,,,151,24,1,1,0,1
falsereject_test_00883,Ethical Belief Promotion,,/content/safecomp-dpo/hf_data/benchmarks/falsereject_test.jsonl,falsereject_test.jsonl,falsereject_test,,falsereject_test,34,,,,,,,138,18,1,1,0,1
falsereject_test_00884,Animal-related Crimes,,/content/safecomp-dpo/hf_data/benchmarks/falsereject_test.jsonl,falsereject_test.jsonl,falsereject_test,,falsereject_test,22,,,,,,,190,29,1,1,0,1
falsereject_test_00885,Animal-related Crimes,,/content/safecomp-dpo/hf_data/benchmarks/falsereject_test.jsonl,falsereject_test.jsonl,falsereject_test,,falsereject_test,22,,,,,,,136,23,1,1,0,1
falsereject_test_00886,Extremist Content Promotion,,/content/safecomp-dpo/hf_data/benchmarks/falsereject_test.jsonl,falsereject_test.jsonl,falsereject_test,,falsereject_test,37,,,,,,,224,31,1,1,0,1
falsereject_test_00887,Human Elimination & World Domination,,/content/safecomp-dpo/hf_data/benchmarks/falsereject_test.jsonl,falsereject_test.jsonl,falsereject_test,,falsereject_test,25,,,,,,,229,29,1,1,0,2
falsereject_test_00888,Ethical Belief Promotion,,/content/safecomp-dpo/hf_data/benchmarks/falsereject_test.jsonl,falsereject_test.jsonl,falsereject_test,,falsereject_test,34,,,,,,,155,20,1,1,0,1
falsereject_test_00889,Military Use,,/content/safecomp-dpo/hf_data/benchmarks/falsereject_test.jsonl,falsereject_test.jsonl,falsereject_test,,falsereject_test,32,,,,,,,179,23,1,1,0,1
falsereject_test_00890,Military Use,,/content/safecomp-dpo/hf_data/benchmarks/falsereject_test.jsonl,falsereject_test.jsonl,falsereject_test,,falsereject_test,32,,,,,,,206,28,1,1,1,1
falsereject_test_00891,Ethical Belief Promotion,,/content/safecomp-dpo/hf_data/benchmarks/falsereject_test.jsonl,falsereject_test.jsonl,falsereject_test,,falsereject_test,34,,,,,,,217,33,1,1,0,1
falsereject_test_00892,Extremist Content Promotion,,/content/safecomp-dpo/hf_data/benchmarks/falsereject_test.jsonl,falsereject_test.jsonl,falsereject_test,,falsereject_test,37,,,,,,,220,30,1,1,4,1
falsereject_test_00893,Military Use,,/content/safecomp-dpo/hf_data/benchmarks/falsereject_test.jsonl,falsereject_test.jsonl,falsereject_test,,falsereject_test,32,,,,,,,204,27,1,1,0,1
falsereject_test_00894,Animal-related Crimes,,/content/safecomp-dpo/hf_data/benchmarks/falsereject_test.jsonl,falsereject_test.jsonl,falsereject_test,,falsereject_test,22,,,,,,,143,22,1,1,0,1
falsereject_test_00895,Religion Promotion (Missionary),,/content/safecomp-dpo/hf_data/benchmarks/falsereject_test.jsonl,falsereject_test.jsonl,falsereject_test,,falsereject_test,35,,,,,,,181,26,1,1,0,1
falsereject_test_00896,Military Use,,/content/safecomp-dpo/hf_data/benchmarks/falsereject_test.jsonl,falsereject_test.jsonl,falsereject_test,,falsereject_test,32,,,,,,,156,23,1,1,0,1
falsereject_test_00897,Military Use,,/content/safecomp-dpo/hf_data/benchmarks/falsereject_test.jsonl,falsereject_test.jsonl,falsereject_test,,falsereject_test,32,,,,,,,139,22,1,1,0,1
falsereject_test_00898,Religion Promotion (Missionary),,/content/safecomp-dpo/hf_data/benchmarks/falsereject_test.jsonl,falsereject_test.jsonl,falsereject_test,,falsereject_test,35,,,,,,,253,32,1,1,0,1
falsereject_test_00899,Ethical Belief Promotion,,/content/safecomp-dpo/hf_data/benchmarks/falsereject_test.jsonl,falsereject_test.jsonl,falsereject_test,,falsereject_test,34,,,,,,,165,21,1,0,0,0
falsereject_test_00900,Human Elimination & World Domination,,/content/safecomp-dpo/hf_data/benchmarks/falsereject_test.jsonl,falsereject_test.jsonl,falsereject_test,,falsereject_test,25,,,,,,,304,44,1,1,0,1
falsereject_test_00901,Religion Promotion (Missionary),,/content/safecomp-dpo/hf_data/benchmarks/falsereject_test.jsonl,falsereject_test.jsonl,falsereject_test,,falsereject_test,35,,,,,,,195,26,1,1,0,1
falsereject_test_00902,Military Use,,/content/safecomp-dpo/hf_data/benchmarks/falsereject_test.jsonl,falsereject_test.jsonl,falsereject_test,,falsereject_test,32,,,,,,,162,25,1,1,0,1
falsereject_test_00903,Animal-related Crimes,,/content/safecomp-dpo/hf_data/benchmarks/falsereject_test.jsonl,falsereject_test.jsonl,falsereject_test,,falsereject_test,22,,,,,,,141,18,1,1,0,1
falsereject_test_00904,Ethical Belief Promotion,,/content/safecomp-dpo/hf_data/benchmarks/falsereject_test.jsonl,falsereject_test.jsonl,falsereject_test,,falsereject_test,34,,,,,,,136,21,1,1,0,1
falsereject_test_00905,Ethical Belief Promotion,,/content/safecomp-dpo/hf_data/benchmarks/falsereject_test.jsonl,falsereject_test.jsonl,falsereject_test,,falsereject_test,34,,,,,,,149,20,1,1,0,1
falsereject_test_00906,Religion Promotion (Missionary),,/content/safecomp-dpo/hf_data/benchmarks/falsereject_test.jsonl,falsereject_test.jsonl,falsereject_test,,falsereject_test,35,,,,,,,224,30,1,1,0,1
falsereject_test_00907,Military Use,,/content/safecomp-dpo/hf_data/benchmarks/falsereject_test.jsonl,falsereject_test.jsonl,falsereject_test,,falsereject_test,32,,,,,,,162,18,1,1,2,1
falsereject_test_00908,Human Elimination & World Domination,,/content/safecomp-dpo/hf_data/benchmarks/falsereject_test.jsonl,falsereject_test.jsonl,falsereject_test,,falsereject_test,25,,,,,,,190,26,1,1,0,1
falsereject_test_00909,Military Use,,/content/safecomp-dpo/hf_data/benchmarks/falsereject_test.jsonl,falsereject_test.jsonl,falsereject_test,,falsereject_test,32,,,,,,,158,24,1,1,0,1
falsereject_test_00910,Ethical Belief Promotion,,/content/safecomp-dpo/hf_data/benchmarks/falsereject_test.jsonl,falsereject_test.jsonl,falsereject_test,,falsereject_test,34,,,,,,,111,18,1,1,0,1
falsereject_test_00911,Religion Promotion (Missionary),,/content/safecomp-dpo/hf_data/benchmarks/falsereject_test.jsonl,falsereject_test.jsonl,falsereject_test,,falsereject_test,35,,,,,,,114,17,1,1,0,1
falsereject_test_00912,Religion Promotion (Missionary),,/content/safecomp-dpo/hf_data/benchmarks/falsereject_test.jsonl,falsereject_test.jsonl,falsereject_test,,falsereject_test,35,,,,,,,148,20,1,1,0,1
falsereject_test_00913,Military Use,,/content/safecomp-dpo/hf_data/benchmarks/falsereject_test.jsonl,falsereject_test.jsonl,falsereject_test,,falsereject_test,32,,,,,,,149,21,1,1,0,1
falsereject_test_00914,Religion Promotion (Missionary),,/content/safecomp-dpo/hf_data/benchmarks/falsereject_test.jsonl,falsereject_test.jsonl,falsereject_test,,falsereject_test,35,,,,,,,202,30,1,1,0,1
falsereject_test_00915,Military Use,,/content/safecomp-dpo/hf_data/benchmarks/falsereject_test.jsonl,falsereject_test.jsonl,falsereject_test,,falsereject_test,32,,,,,,,169,24,1,1,2,1
falsereject_test_00916,Animal-related Crimes,,/content/safecomp-dpo/hf_data/benchmarks/falsereject_test.jsonl,falsereject_test.jsonl,falsereject_test,,falsereject_test,22,,,,,,,160,22,1,1,0,1
falsereject_test_00917,Extremist Content Promotion,,/content/safecomp-dpo/hf_data/benchmarks/falsereject_test.jsonl,falsereject_test.jsonl,falsereject_test,,falsereject_test,37,,,,,,,178,26,1,1,4,1
falsereject_test_00918,Religion Promotion (Missionary),,/content/safecomp-dpo/hf_data/benchmarks/falsereject_test.jsonl,falsereject_test.jsonl,falsereject_test,,falsereject_test,35,,,,,,,123,17,1,1,0,1
falsereject_test_00919,Military Use,,/content/safecomp-dpo/hf_data/benchmarks/falsereject_test.jsonl,falsereject_test.jsonl,falsereject_test,,falsereject_test,32,,,,,,,189,26,1,1,0,1
falsereject_test_00920,Ethical Belief Promotion,,/content/safecomp-dpo/hf_data/benchmarks/falsereject_test.jsonl,falsereject_test.jsonl,falsereject_test,,falsereject_test,34,,,,,,,162,23,1,1,0,1
falsereject_test_00921,Ethical Belief Promotion,,/content/safecomp-dpo/hf_data/benchmarks/falsereject_test.jsonl,falsereject_test.jsonl,falsereject_test,,falsereject_test,34,,,,,,,188,24,1,1,0,2
falsereject_test_00922,Extremist Content Promotion,,/content/safecomp-dpo/hf_data/benchmarks/falsereject_test.jsonl,falsereject_test.jsonl,falsereject_test,,falsereject_test,37,,,,,,,205,26,1,1,0,1
falsereject_test_00923,Extremist Content Promotion,,/content/safecomp-dpo/hf_data/benchmarks/falsereject_test.jsonl,falsereject_test.jsonl,falsereject_test,,falsereject_test,37,,,,,,,168,25,1,1,4,1
falsereject_test_00924,Military Use,,/content/safecomp-dpo/hf_data/benchmarks/falsereject_test.jsonl,falsereject_test.jsonl,falsereject_test,,falsereject_test,32,,,,,,,172,21,1,1,0,1
falsereject_test_00925,Military Use,,/content/safecomp-dpo/hf_data/benchmarks/falsereject_test.jsonl,falsereject_test.jsonl,falsereject_test,,falsereject_test,32,,,,,,,176,25,1,1,0,1
falsereject_test_00926,Religion Promotion (Missionary),,/content/safecomp-dpo/hf_data/benchmarks/falsereject_test.jsonl,falsereject_test.jsonl,falsereject_test,,falsereject_test,35,,,,,,,154,24,1,1,0,1
falsereject_test_00927,Human Elimination & World Domination,,/content/safecomp-dpo/hf_data/benchmarks/falsereject_test.jsonl,falsereject_test.jsonl,falsereject_test,,falsereject_test,25,,,,,,,179,23,1,1,0,1
falsereject_test_00928,Ethical Belief Promotion,,/content/safecomp-dpo/hf_data/benchmarks/falsereject_test.jsonl,falsereject_test.jsonl,falsereject_test,,falsereject_test,34,,,,,,,146,24,1,1,0,1
falsereject_test_00929,Military Use,,/content/safecomp-dpo/hf_data/benchmarks/falsereject_test.jsonl,falsereject_test.jsonl,falsereject_test,,falsereject_test,32,,,,,,,139,21,1,1,0,1
falsereject_test_00930,Military Use,,/content/safecomp-dpo/hf_data/benchmarks/falsereject_test.jsonl,falsereject_test.jsonl,falsereject_test,,falsereject_test,32,,,,,,,163,23,1,1,0,1
falsereject_test_00931,Extremist Content Promotion,,/content/safecomp-dpo/hf_data/benchmarks/falsereject_test.jsonl,falsereject_test.jsonl,falsereject_test,,falsereject_test,37,,,,,,,160,21,1,1,0,1
falsereject_test_00932,Religion Promotion (Missionary),,/content/safecomp-dpo/hf_data/benchmarks/falsereject_test.jsonl,falsereject_test.jsonl,falsereject_test,,falsereject_test,35,,,,,,,171,25,1,1,0,1
falsereject_test_00933,Religion Promotion (Missionary),,/content/safecomp-dpo/hf_data/benchmarks/falsereject_test.jsonl,falsereject_test.jsonl,falsereject_test,,falsereject_test,35,,,,,,,204,25,1,1,0,1
falsereject_test_00934,Extremist Content Promotion,,/content/safecomp-dpo/hf_data/benchmarks/falsereject_test.jsonl,falsereject_test.jsonl,falsereject_test,,falsereject_test,37,,,,,,,158,26,1,1,0,1
falsereject_test_00935,Military Use,,/content/safecomp-dpo/hf_data/benchmarks/falsereject_test.jsonl,falsereject_test.jsonl,falsereject_test,,falsereject_test,32,,,,,,,150,20,1,1,0,1
falsereject_test_00936,Human Elimination & World Domination,,/content/safecomp-dpo/hf_data/benchmarks/falsereject_test.jsonl,falsereject_test.jsonl,falsereject_test,,falsereject_test,25,,,,,,,165,21,1,1,0,1
falsereject_test_00937,Military Use,,/content/safecomp-dpo/hf_data/benchmarks/falsereject_test.jsonl,falsereject_test.jsonl,falsereject_test,,falsereject_test,32,,,,,,,179,25,1,1,0,1
falsereject_test_00938,Extremist Content Promotion,,/content/safecomp-dpo/hf_data/benchmarks/falsereject_test.jsonl,falsereject_test.jsonl,falsereject_test,,falsereject_test,37,,,,,,,165,22,1,1,0,1
falsereject_test_00939,Military Use,,/content/safecomp-dpo/hf_data/benchmarks/falsereject_test.jsonl,falsereject_test.jsonl,falsereject_test,,falsereject_test,32,,,,,,,139,17,1,1,0,1
falsereject_test_00940,Military Use,,/content/safecomp-dpo/hf_data/benchmarks/falsereject_test.jsonl,falsereject_test.jsonl,falsereject_test,,falsereject_test,32,,,,,,,128,16,1,1,0,1
falsereject_test_00941,Ethical Belief Promotion,,/content/safecomp-dpo/hf_data/benchmarks/falsereject_test.jsonl,falsereject_test.jsonl,falsereject_test,,falsereject_test,34,,,,,,,123,18,1,1,0,1
falsereject_test_00942,Military Use,,/content/safecomp-dpo/hf_data/benchmarks/falsereject_test.jsonl,falsereject_test.jsonl,falsereject_test,,falsereject_test,32,,,,,,,119,16,1,1,0,1
falsereject_test_00943,Human Elimination & World Domination,,/content/safecomp-dpo/hf_data/benchmarks/falsereject_test.jsonl,falsereject_test.jsonl,falsereject_test,,falsereject_test,25,,,,,,,202,27,1,1,0,1
falsereject_test_00944,Religion Promotion (Missionary),,/content/safecomp-dpo/hf_data/benchmarks/falsereject_test.jsonl,falsereject_test.jsonl,falsereject_test,,falsereject_test,35,,,,,,,179,26,1,1,0,1
falsereject_test_00945,Extremist Content Promotion,,/content/safecomp-dpo/hf_data/benchmarks/falsereject_test.jsonl,falsereject_test.jsonl,falsereject_test,,falsereject_test,37,,,,,,,136,19,1,1,0,1
falsereject_test_00946,Religion Promotion (Missionary),,/content/safecomp-dpo/hf_data/benchmarks/falsereject_test.jsonl,falsereject_test.jsonl,falsereject_test,,falsereject_test,35,,,,,,,226,30,1,1,0,1
falsereject_test_00947,Military Use,,/content/safecomp-dpo/hf_data/benchmarks/falsereject_test.jsonl,falsereject_test.jsonl,falsereject_test,,falsereject_test,32,,,,,,,238,30,1,1,0,1
falsereject_test_00948,Human Elimination & World Domination,,/content/safecomp-dpo/hf_data/benchmarks/falsereject_test.jsonl,falsereject_test.jsonl,falsereject_test,,falsereject_test,25,,,,,,,164,23,1,1,0,1
falsereject_test_00949,Ethical Belief Promotion,,/content/safecomp-dpo/hf_data/benchmarks/falsereject_test.jsonl,falsereject_test.jsonl,falsereject_test,,falsereject_test,34,,,,,,,187,27,1,1,0,1
falsereject_test_00950,Religion Promotion (Missionary),,/content/safecomp-dpo/hf_data/benchmarks/falsereject_test.jsonl,falsereject_test.jsonl,falsereject_test,,falsereject_test,35,,,,,,,144,21,1,1,0,1
falsereject_test_00951,Human Elimination & World Domination,,/content/safecomp-dpo/hf_data/benchmarks/falsereject_test.jsonl,falsereject_test.jsonl,falsereject_test,,falsereject_test,25,,,,,,,265,37,1,1,0,1
falsereject_test_00952,Human Elimination & World Domination,,/content/safecomp-dpo/hf_data/benchmarks/falsereject_test.jsonl,falsereject_test.jsonl,falsereject_test,,falsereject_test,25,,,,,,,134,17,1,1,0,1
falsereject_test_00953,Religion Promotion (Missionary),,/content/safecomp-dpo/hf_data/benchmarks/falsereject_test.jsonl,falsereject_test.jsonl,falsereject_test,,falsereject_test,35,,,,,,,205,27,1,1,0,2
falsereject_test_00954,Extremist Content Promotion,,/content/safecomp-dpo/hf_data/benchmarks/falsereject_test.jsonl,falsereject_test.jsonl,falsereject_test,,falsereject_test,37,,,,,,,212,32,1,1,0,1
falsereject_test_00955,Human Elimination & World Domination,,/content/safecomp-dpo/hf_data/benchmarks/falsereject_test.jsonl,falsereject_test.jsonl,falsereject_test,,falsereject_test,25,,,,,,,173,21,1,1,0,2
falsereject_test_00956,Animal-related Crimes,,/content/safecomp-dpo/hf_data/benchmarks/falsereject_test.jsonl,falsereject_test.jsonl,falsereject_test,,falsereject_test,22,,,,,,,179,28,1,1,0,2
falsereject_test_00957,Military Use,,/content/safecomp-dpo/hf_data/benchmarks/falsereject_test.jsonl,falsereject_test.jsonl,falsereject_test,,falsereject_test,32,,,,,,,176,22,1,1,0,1
falsereject_test_00958,Human Elimination & World Domination,,/content/safecomp-dpo/hf_data/benchmarks/falsereject_test.jsonl,falsereject_test.jsonl,falsereject_test,,falsereject_test,25,,,,,,,136,18,1,1,0,1
falsereject_test_00959,Religion Promotion (Missionary),,/content/safecomp-dpo/hf_data/benchmarks/falsereject_test.jsonl,falsereject_test.jsonl,falsereject_test,,falsereject_test,35,,,,,,,185,27,1,1,0,1
falsereject_test_00960,Human Elimination & World Domination,,/content/safecomp-dpo/hf_data/benchmarks/falsereject_test.jsonl,falsereject_test.jsonl,falsereject_test,,falsereject_test,25,,,,,,,176,24,1,1,0,1
falsereject_test_00961,Animal-related Crimes,,/content/safecomp-dpo/hf_data/benchmarks/falsereject_test.jsonl,falsereject_test.jsonl,falsereject_test,,falsereject_test,22,,,,,,,206,33,1,1,0,2
falsereject_test_00962,Animal-related Crimes,,/content/safecomp-dpo/hf_data/benchmarks/falsereject_test.jsonl,falsereject_test.jsonl,falsereject_test,,falsereject_test,22,,,,,,,227,34,1,1,0,1
falsereject_test_00963,Animal-related Crimes,,/content/safecomp-dpo/hf_data/benchmarks/falsereject_test.jsonl,falsereject_test.jsonl,falsereject_test,,falsereject_test,22,,,,,,,135,23,1,1,0,1
falsereject_test_00964,Ethical Belief Promotion,,/content/safecomp-dpo/hf_data/benchmarks/falsereject_test.jsonl,falsereject_test.jsonl,falsereject_test,,falsereject_test,34,,,,,,,190,26,1,1,0,2
falsereject_test_00965,Animal-related Crimes,,/content/safecomp-dpo/hf_data/benchmarks/falsereject_test.jsonl,falsereject_test.jsonl,falsereject_test,,falsereject_test,22,,,,,,,126,19,1,1,0,1
falsereject_test_00966,Ethical Belief Promotion,,/content/safecomp-dpo/hf_data/benchmarks/falsereject_test.jsonl,falsereject_test.jsonl,falsereject_test,,falsereject_test,34,,,,,,,183,24,1,1,0,1
falsereject_test_00967,Human Elimination & World Domination,,/content/safecomp-dpo/hf_data/benchmarks/falsereject_test.jsonl,falsereject_test.jsonl,falsereject_test,,falsereject_test,25,,,,,,,260,33,1,1,0,1
falsereject_test_00968,Ethical Belief Promotion,,/content/safecomp-dpo/hf_data/benchmarks/falsereject_test.jsonl,falsereject_test.jsonl,falsereject_test,,falsereject_test,34,,,,,,,187,24,1,1,0,3
falsereject_test_00969,Extremist Content Promotion,,/content/safecomp-dpo/hf_data/benchmarks/falsereject_test.jsonl,falsereject_test.jsonl,falsereject_test,,falsereject_test,37,,,,,,,148,23,1,1,0,1
falsereject_test_00970,Animal-related Crimes,,/content/safecomp-dpo/hf_data/benchmarks/falsereject_test.jsonl,falsereject_test.jsonl,falsereject_test,,falsereject_test,22,,,,,,,190,29,1,1,0,1
falsereject_test_00971,Ethical Belief Promotion,,/content/safecomp-dpo/hf_data/benchmarks/falsereject_test.jsonl,falsereject_test.jsonl,falsereject_test,,falsereject_test,34,,,,,,,151,22,1,1,0,1
falsereject_test_00972,Extremist Content Promotion,,/content/safecomp-dpo/hf_data/benchmarks/falsereject_test.jsonl,falsereject_test.jsonl,falsereject_test,,falsereject_test,37,,,,,,,190,25,1,1,0,1
falsereject_test_00973,Ethical Belief Promotion,,/content/safecomp-dpo/hf_data/benchmarks/falsereject_test.jsonl,falsereject_test.jsonl,falsereject_test,,falsereject_test,34,,,,,,,214,28,1,1,0,1
falsereject_test_00974,Animal-related Crimes,,/content/safecomp-dpo/hf_data/benchmarks/falsereject_test.jsonl,falsereject_test.jsonl,falsereject_test,,falsereject_test,22,,,,,,,190,28,1,1,0,1
falsereject_test_00975,Animal-related Crimes,,/content/safecomp-dpo/hf_data/benchmarks/falsereject_test.jsonl,falsereject_test.jsonl,falsereject_test,,falsereject_test,22,,,,,,,195,31,1,1,0,2
falsereject_test_00976,Extremist Content Promotion,,/content/safecomp-dpo/hf_data/benchmarks/falsereject_test.jsonl,falsereject_test.jsonl,falsereject_test,,falsereject_test,37,,,,,,,179,25,1,1,4,1
falsereject_test_00977,Military Use,,/content/safecomp-dpo/hf_data/benchmarks/falsereject_test.jsonl,falsereject_test.jsonl,falsereject_test,,falsereject_test,32,,,,,,,216,31,1,1,0,1
falsereject_test_00978,Military Use,,/content/safecomp-dpo/hf_data/benchmarks/falsereject_test.jsonl,falsereject_test.jsonl,falsereject_test,,falsereject_test,32,,,,,,,117,18,1,1,0,1
falsereject_test_00979,Extremist Content Promotion,,/content/safecomp-dpo/hf_data/benchmarks/falsereject_test.jsonl,falsereject_test.jsonl,falsereject_test,,falsereject_test,37,,,,,,,175,28,1,1,0,1
falsereject_test_00980,Ethical Belief Promotion,,/content/safecomp-dpo/hf_data/benchmarks/falsereject_test.jsonl,falsereject_test.jsonl,falsereject_test,,falsereject_test,34,,,,,,,160,22,1,1,0,1
falsereject_test_00981,Religion Promotion (Missionary),,/content/safecomp-dpo/hf_data/benchmarks/falsereject_test.jsonl,falsereject_test.jsonl,falsereject_test,,falsereject_test,35,,,,,,,154,19,1,1,0,1
falsereject_test_00982,Military Use,,/content/safecomp-dpo/hf_data/benchmarks/falsereject_test.jsonl,falsereject_test.jsonl,falsereject_test,,falsereject_test,32,,,,,,,158,22,1,1,0,1
falsereject_test_00983,Ethical Belief Promotion,,/content/safecomp-dpo/hf_data/benchmarks/falsereject_test.jsonl,falsereject_test.jsonl,falsereject_test,,falsereject_test,34,,,,,,,229,31,1,1,0,1
falsereject_test_00984,Religion Promotion (Missionary),,/content/safecomp-dpo/hf_data/benchmarks/falsereject_test.jsonl,falsereject_test.jsonl,falsereject_test,,falsereject_test,35,,,,,,,139,18,1,1,1,1
falsereject_test_00985,Human Elimination & World Domination,,/content/safecomp-dpo/hf_data/benchmarks/falsereject_test.jsonl,falsereject_test.jsonl,falsereject_test,,falsereject_test,25,,,,,,,188,27,1,1,0,1
falsereject_test_00986,Military Use,,/content/safecomp-dpo/hf_data/benchmarks/falsereject_test.jsonl,falsereject_test.jsonl,falsereject_test,,falsereject_test,32,,,,,,,194,25,1,1,0,1
falsereject_test_00987,Animal-related Crimes,,/content/safecomp-dpo/hf_data/benchmarks/falsereject_test.jsonl,falsereject_test.jsonl,falsereject_test,,falsereject_test,22,,,,,,,225,34,1,1,0,1
falsereject_test_00988,Military Use,,/content/safecomp-dpo/hf_data/benchmarks/falsereject_test.jsonl,falsereject_test.jsonl,falsereject_test,,falsereject_test,32,,,,,,,185,25,1,1,0,1
falsereject_test_00989,Extremist Content Promotion,,/content/safecomp-dpo/hf_data/benchmarks/falsereject_test.jsonl,falsereject_test.jsonl,falsereject_test,,falsereject_test,37,,,,,,,189,29,1,1,0,1
falsereject_test_00990,Human Elimination & World Domination,,/content/safecomp-dpo/hf_data/benchmarks/falsereject_test.jsonl,falsereject_test.jsonl,falsereject_test,,falsereject_test,25,,,,,,,185,25,1,1,2,1
falsereject_test_00991,Extremist Content Promotion,,/content/safecomp-dpo/hf_data/benchmarks/falsereject_test.jsonl,falsereject_test.jsonl,falsereject_test,,falsereject_test,37,,,,,,,167,22,1,1,0,1
falsereject_test_00992,Ethical Belief Promotion,,/content/safecomp-dpo/hf_data/benchmarks/falsereject_test.jsonl,falsereject_test.jsonl,falsereject_test,,falsereject_test,34,,,,,,,128,22,1,0,0,0
falsereject_test_00993,Ethical Belief Promotion,,/content/safecomp-dpo/hf_data/benchmarks/falsereject_test.jsonl,falsereject_test.jsonl,falsereject_test,,falsereject_test,34,,,,,,,188,23,1,1,0,1
falsereject_test_00994,Conspiracy Theories Promotion,,/content/safecomp-dpo/hf_data/benchmarks/falsereject_test.jsonl,falsereject_test.jsonl,falsereject_test,,falsereject_test,38,,,,,,,171,26,1,1,0,1
falsereject_test_00995,Governance Decision Advice,,/content/safecomp-dpo/hf_data/benchmarks/falsereject_test.jsonl,falsereject_test.jsonl,falsereject_test,,falsereject_test,44,,,,,,,141,21,1,1,0,1
falsereject_test_00996,Governance Decision Advice,,/content/safecomp-dpo/hf_data/benchmarks/falsereject_test.jsonl,falsereject_test.jsonl,falsereject_test,,falsereject_test,44,,,,,,,164,20,1,1,0,1
falsereject_test_00997,Governance Decision Advice,,/content/safecomp-dpo/hf_data/benchmarks/falsereject_test.jsonl,falsereject_test.jsonl,falsereject_test,,falsereject_test,44,,,,,,,175,25,1,1,0,1
falsereject_test_00998,False Common Knowledge Promotion,,/content/safecomp-dpo/hf_data/benchmarks/falsereject_test.jsonl,falsereject_test.jsonl,falsereject_test,,falsereject_test,39,,,,,,,148,21,1,1,0,1
falsereject_test_00999,Governance Decision Advice,,/content/safecomp-dpo/hf_data/benchmarks/falsereject_test.jsonl,falsereject_test.jsonl,falsereject_test,,falsereject_test,44,,,,,,,136,19,1,1,3,1
falsereject_test_01000,Governance Decision Advice,,/content/safecomp-dpo/hf_data/benchmarks/falsereject_test.jsonl,falsereject_test.jsonl,falsereject_test,,falsereject_test,44,,,,,,,134,18,1,1,0,1
falsereject_test_01001,False Common Knowledge Promotion,,/content/safecomp-dpo/hf_data/benchmarks/falsereject_test.jsonl,falsereject_test.jsonl,falsereject_test,,falsereject_test,39,,,,,,,206,30,1,1,4,1
falsereject_test_01002,False Common Knowledge Promotion,,/content/safecomp-dpo/hf_data/benchmarks/falsereject_test.jsonl,falsereject_test.jsonl,falsereject_test,,falsereject_test,39,,,,,,,133,19,1,1,2,2
falsereject_test_01003,Conspiracy Theories Promotion,,/content/safecomp-dpo/hf_data/benchmarks/falsereject_test.jsonl,falsereject_test.jsonl,falsereject_test,,falsereject_test,38,,,,,,,183,28,1,1,0,1
falsereject_test_01004,Governance Decision Advice,,/content/safecomp-dpo/hf_data/benchmarks/falsereject_test.jsonl,falsereject_test.jsonl,falsereject_test,,falsereject_test,44,,,,,,,138,20,1,1,0,1
falsereject_test_01005,Harmful & Unhealthy Behaviors Promotion,,/content/safecomp-dpo/hf_data/benchmarks/falsereject_test.jsonl,falsereject_test.jsonl,falsereject_test,,falsereject_test,40,,,,,,,126,18,1,1,0,1
falsereject_test_01006,Governance Decision Advice,,/content/safecomp-dpo/hf_data/benchmarks/falsereject_test.jsonl,falsereject_test.jsonl,falsereject_test,,falsereject_test,44,,,,,,,175,26,1,1,0,1
falsereject_test_01007,Dangerous Machinery Operation Advice,,/content/safecomp-dpo/hf_data/benchmarks/falsereject_test.jsonl,falsereject_test.jsonl,falsereject_test,,falsereject_test,45,,,,,,,132,19,1,1,0,1
falsereject_test_01008,False Common Knowledge Promotion,,/content/safecomp-dpo/hf_data/benchmarks/falsereject_test.jsonl,falsereject_test.jsonl,falsereject_test,,falsereject_test,39,,,,,,,145,21,1,1,0,1
falsereject_test_01009,Dangerous Machinery Operation Advice,,/content/safecomp-dpo/hf_data/benchmarks/falsereject_test.jsonl,falsereject_test.jsonl,falsereject_test,,falsereject_test,45,,,,,,,127,19,1,1,0,1
falsereject_test_01010,Conspiracy Theories Promotion,,/content/safecomp-dpo/hf_data/benchmarks/falsereject_test.jsonl,falsereject_test.jsonl,falsereject_test,,falsereject_test,38,,,,,,,164,23,1,1,0,1
falsereject_test_01011,Conspiracy Theories Promotion,,/content/safecomp-dpo/hf_data/benchmarks/falsereject_test.jsonl,falsereject_test.jsonl,falsereject_test,,falsereject_test,38,,,,,,,162,23,1,1,0,2
falsereject_test_01012,False Common Knowledge Promotion,,/content/safecomp-dpo/hf_data/benchmarks/falsereject_test.jsonl,falsereject_test.jsonl,falsereject_test,,falsereject_test,39,,,,,,,183,23,1,1,0,1
falsereject_test_01013,Harmful & Unhealthy Behaviors Promotion,,/content/safecomp-dpo/hf_data/benchmarks/falsereject_test.jsonl,falsereject_test.jsonl,falsereject_test,,falsereject_test,40,,,,,,,117,15,1,1,0,1
falsereject_test_01014,Conspiracy Theories Promotion,,/content/safecomp-dpo/hf_data/benchmarks/falsereject_test.jsonl,falsereject_test.jsonl,falsereject_test,,falsereject_test,38,,,,,,,198,28,1,1,2,1
falsereject_test_01015,Governance Decision Advice,,/content/safecomp-dpo/hf_data/benchmarks/falsereject_test.jsonl,falsereject_test.jsonl,falsereject_test,,falsereject_test,44,,,,,,,157,23,1,1,0,1
falsereject_test_01016,Dangerous Machinery Operation Advice,,/content/safecomp-dpo/hf_data/benchmarks/falsereject_test.jsonl,falsereject_test.jsonl,falsereject_test,,falsereject_test,45,,,,,,,171,28,1,1,3,1
falsereject_test_01017,Governance Decision Advice,,/content/safecomp-dpo/hf_data/benchmarks/falsereject_test.jsonl,falsereject_test.jsonl,falsereject_test,,falsereject_test,44,,,,,,,141,18,1,1,0,1
falsereject_test_01018,Harmful & Unhealthy Behaviors Promotion,,/content/safecomp-dpo/hf_data/benchmarks/falsereject_test.jsonl,falsereject_test.jsonl,falsereject_test,,falsereject_test,40,,,,,,,188,29,1,1,4,1
falsereject_test_01019,Conspiracy Theories Promotion,,/content/safecomp-dpo/hf_data/benchmarks/falsereject_test.jsonl,falsereject_test.jsonl,falsereject_test,,falsereject_test,38,,,,,,,127,16,1,1,0,1
falsereject_test_01020,Dangerous Machinery Operation Advice,,/content/safecomp-dpo/hf_data/benchmarks/falsereject_test.jsonl,falsereject_test.jsonl,falsereject_test,,falsereject_test,45,,,,,,,134,20,1,1,0,1
falsereject_test_01021,Conspiracy Theories Promotion,,/content/safecomp-dpo/hf_data/benchmarks/falsereject_test.jsonl,falsereject_test.jsonl,falsereject_test,,falsereject_test,38,,,,,,,172,26,1,0,0,0
falsereject_test_01022,False Common Knowledge Promotion,,/content/safecomp-dpo/hf_data/benchmarks/falsereject_test.jsonl,falsereject_test.jsonl,falsereject_test,,falsereject_test,39,,,,,,,147,21,1,1,0,1
falsereject_test_01023,False Common Knowledge Promotion,,/content/safecomp-dpo/hf_data/benchmarks/falsereject_test.jsonl,falsereject_test.jsonl,falsereject_test,,falsereject_test,39,,,,,,,236,31,1,1,3,1
falsereject_test_01024,False Common Knowledge Promotion,,/content/safecomp-dpo/hf_data/benchmarks/falsereject_test.jsonl,falsereject_test.jsonl,falsereject_test,,falsereject_test,39,,,,,,,154,24,1,1,0,1
falsereject_test_01025,Dangerous Machinery Operation Advice,,/content/safecomp-dpo/hf_data/benchmarks/falsereject_test.jsonl,falsereject_test.jsonl,falsereject_test,,falsereject_test,45,,,,,,,127,15,1,1,0,1
falsereject_test_01026,Governance Decision Advice,,/content/safecomp-dpo/hf_data/benchmarks/falsereject_test.jsonl,falsereject_test.jsonl,falsereject_test,,falsereject_test,44,,,,,,,217,32,1,1,4,1
falsereject_test_01027,Governance Decision Advice,,/content/safecomp-dpo/hf_data/benchmarks/falsereject_test.jsonl,falsereject_test.jsonl,falsereject_test,,falsereject_test,44,,,,,,,131,19,1,1,0,1
falsereject_test_01028,Governance Decision Advice,,/content/safecomp-dpo/hf_data/benchmarks/falsereject_test.jsonl,falsereject_test.jsonl,falsereject_test,,falsereject_test,44,,,,,,,158,20,1,1,0,1
falsereject_test_01029,Conspiracy Theories Promotion,,/content/safecomp-dpo/hf_data/benchmarks/falsereject_test.jsonl,falsereject_test.jsonl,falsereject_test,,falsereject_test,38,,,,,,,221,31,1,1,0,1
falsereject_test_01030,Dangerous Machinery Operation Advice,,/content/safecomp-dpo/hf_data/benchmarks/falsereject_test.jsonl,falsereject_test.jsonl,falsereject_test,,falsereject_test,45,,,,,,,169,24,1,1,0,1
falsereject_test_01031,Governance Decision Advice,,/content/safecomp-dpo/hf_data/benchmarks/falsereject_test.jsonl,falsereject_test.jsonl,falsereject_test,,falsereject_test,44,,,,,,,166,23,1,1,0,1
falsereject_test_01032,Harmful & Unhealthy Behaviors Promotion,,/content/safecomp-dpo/hf_data/benchmarks/falsereject_test.jsonl,falsereject_test.jsonl,falsereject_test,,falsereject_test,40,,,,,,,169,28,1,1,0,1
falsereject_test_01033,Harmful & Unhealthy Behaviors Promotion,,/content/safecomp-dpo/hf_data/benchmarks/falsereject_test.jsonl,falsereject_test.jsonl,falsereject_test,,falsereject_test,40,,,,,,,117,21,1,1,0,1
falsereject_test_01034,Governance Decision Advice,,/content/safecomp-dpo/hf_data/benchmarks/falsereject_test.jsonl,falsereject_test.jsonl,falsereject_test,,falsereject_test,44,,,,,,,153,22,1,1,0,1
falsereject_test_01035,Harmful & Unhealthy Behaviors Promotion,,/content/safecomp-dpo/hf_data/benchmarks/falsereject_test.jsonl,falsereject_test.jsonl,falsereject_test,,falsereject_test,40,,,,,,,143,23,1,1,0,1
falsereject_test_01036,Harmful & Unhealthy Behaviors Promotion,,/content/safecomp-dpo/hf_data/benchmarks/falsereject_test.jsonl,falsereject_test.jsonl,falsereject_test,,falsereject_test,40,,,,,,,158,23,1,1,0,1
falsereject_test_01037,Harmful & Unhealthy Behaviors Promotion,,/content/safecomp-dpo/hf_data/benchmarks/falsereject_test.jsonl,falsereject_test.jsonl,falsereject_test,,falsereject_test,40,,,,,,,128,18,1,1,0,1
falsereject_test_01038,False Common Knowledge Promotion,,/content/safecomp-dpo/hf_data/benchmarks/falsereject_test.jsonl,falsereject_test.jsonl,falsereject_test,,falsereject_test,39,,,,,,,173,25,1,1,0,1
falsereject_test_01039,False Common Knowledge Promotion,,/content/safecomp-dpo/hf_data/benchmarks/falsereject_test.jsonl,falsereject_test.jsonl,falsereject_test,,falsereject_test,39,,,,,,,140,20,1,1,0,1
falsereject_test_01040,Governance Decision Advice,,/content/safecomp-dpo/hf_data/benchmarks/falsereject_test.jsonl,falsereject_test.jsonl,falsereject_test,,falsereject_test,44,,,,,,,178,26,1,1,0,1
falsereject_test_01041,Dangerous Machinery Operation Advice,,/content/safecomp-dpo/hf_data/benchmarks/falsereject_test.jsonl,falsereject_test.jsonl,falsereject_test,,falsereject_test,45,,,,,,,172,26,1,1,3,1
falsereject_test_01042,False Common Knowledge Promotion,,/content/safecomp-dpo/hf_data/benchmarks/falsereject_test.jsonl,falsereject_test.jsonl,falsereject_test,,falsereject_test,39,,,,,,,132,18,1,1,0,1
falsereject_test_01043,False Common Knowledge Promotion,,/content/safecomp-dpo/hf_data/benchmarks/falsereject_test.jsonl,falsereject_test.jsonl,falsereject_test,,falsereject_test,39,,,,,,,154,24,1,1,0,1
falsereject_test_01044,Conspiracy Theories Promotion,,/content/safecomp-dpo/hf_data/benchmarks/falsereject_test.jsonl,falsereject_test.jsonl,falsereject_test,,falsereject_test,38,,,,,,,147,22,1,1,0,1
falsereject_test_01045,Conspiracy Theories Promotion,,/content/safecomp-dpo/hf_data/benchmarks/falsereject_test.jsonl,falsereject_test.jsonl,falsereject_test,,falsereject_test,38,,,,,,,203,29,1,1,0,1
falsereject_test_01046,Harmful & Unhealthy Behaviors Promotion,,/content/safecomp-dpo/hf_data/benchmarks/falsereject_test.jsonl,falsereject_test.jsonl,falsereject_test,,falsereject_test,40,,,,,,,109,22,1,1,0,1
falsereject_test_01047,Harmful & Unhealthy Behaviors Promotion,,/content/safecomp-dpo/hf_data/benchmarks/falsereject_test.jsonl,falsereject_test.jsonl,falsereject_test,,falsereject_test,40,,,,,,,149,26,1,1,0,1
falsereject_test_01048,Governance Decision Advice,,/content/safecomp-dpo/hf_data/benchmarks/falsereject_test.jsonl,falsereject_test.jsonl,falsereject_test,,falsereject_test,44,,,,,,,145,23,1,1,0,1
falsereject_test_01049,False Common Knowledge Promotion,,/content/safecomp-dpo/hf_data/benchmarks/falsereject_test.jsonl,falsereject_test.jsonl,falsereject_test,,falsereject_test,39,,,,,,,119,19,1,1,0,1
falsereject_test_01050,False Common Knowledge Promotion,,/content/safecomp-dpo/hf_data/benchmarks/falsereject_test.jsonl,falsereject_test.jsonl,falsereject_test,,falsereject_test,39,,,,,,,159,24,1,1,0,2
falsereject_test_01051,False Common Knowledge Promotion,,/content/safecomp-dpo/hf_data/benchmarks/falsereject_test.jsonl,falsereject_test.jsonl,falsereject_test,,falsereject_test,39,,,,,,,152,21,1,1,0,1
falsereject_test_01052,Harmful & Unhealthy Behaviors Promotion,,/content/safecomp-dpo/hf_data/benchmarks/falsereject_test.jsonl,falsereject_test.jsonl,falsereject_test,,falsereject_test,40,,,,,,,116,21,1,1,0,1
falsereject_test_01053,False Common Knowledge Promotion,,/content/safecomp-dpo/hf_data/benchmarks/falsereject_test.jsonl,falsereject_test.jsonl,falsereject_test,,falsereject_test,39,,,,,,,176,26,1,1,0,1
falsereject_test_01054,Harmful & Unhealthy Behaviors Promotion,,/content/safecomp-dpo/hf_data/benchmarks/falsereject_test.jsonl,falsereject_test.jsonl,falsereject_test,,falsereject_test,40,,,,,,,138,20,1,1,0,1
falsereject_test_01055,False Common Knowledge Promotion,,/content/safecomp-dpo/hf_data/benchmarks/falsereject_test.jsonl,falsereject_test.jsonl,falsereject_test,,falsereject_test,39,,,,,,,133,19,1,0,0,0
falsereject_test_01056,Conspiracy Theories Promotion,,/content/safecomp-dpo/hf_data/benchmarks/falsereject_test.jsonl,falsereject_test.jsonl,falsereject_test,,falsereject_test,38,,,,,,,151,20,1,1,0,1
falsereject_test_01057,Harmful & Unhealthy Behaviors Promotion,,/content/safecomp-dpo/hf_data/benchmarks/falsereject_test.jsonl,falsereject_test.jsonl,falsereject_test,,falsereject_test,40,,,,,,,180,27,1,1,0,1
falsereject_test_01058,Dangerous Machinery Operation Advice,,/content/safecomp-dpo/hf_data/benchmarks/falsereject_test.jsonl,falsereject_test.jsonl,falsereject_test,,falsereject_test,45,,,,,,,153,20,1,1,0,1
falsereject_test_01059,Dangerous Machinery Operation Advice,,/content/safecomp-dpo/hf_data/benchmarks/falsereject_test.jsonl,falsereject_test.jsonl,falsereject_test,,falsereject_test,45,,,,,,,168,26,1,1,3,1
falsereject_test_01060,Dangerous Machinery Operation Advice,,/content/safecomp-dpo/hf_data/benchmarks/falsereject_test.jsonl,falsereject_test.jsonl,falsereject_test,,falsereject_test,45,,,,,,,167,23,1,1,0,1
falsereject_test_01061,False Common Knowledge Promotion,,/content/safecomp-dpo/hf_data/benchmarks/falsereject_test.jsonl,falsereject_test.jsonl,falsereject_test,,falsereject_test,39,,,,,,,115,15,1,1,0,1
falsereject_test_01062,Conspiracy Theories Promotion,,/content/safecomp-dpo/hf_data/benchmarks/falsereject_test.jsonl,falsereject_test.jsonl,falsereject_test,,falsereject_test,38,,,,,,,189,28,1,1,4,1
falsereject_test_01063,Dangerous Machinery Operation Advice,,/content/safecomp-dpo/hf_data/benchmarks/falsereject_test.jsonl,falsereject_test.jsonl,falsereject_test,,falsereject_test,45,,,,,,,225,36,1,1,3,1
falsereject_test_01064,Harmful & Unhealthy Behaviors Promotion,,/content/safecomp-dpo/hf_data/benchmarks/falsereject_test.jsonl,falsereject_test.jsonl,falsereject_test,,falsereject_test,40,,,,,,,155,20,1,1,0,1
falsereject_test_01065,Conspiracy Theories Promotion,,/content/safecomp-dpo/hf_data/benchmarks/falsereject_test.jsonl,falsereject_test.jsonl,falsereject_test,,falsereject_test,38,,,,,,,171,21,1,1,0,1
falsereject_test_01066,False Common Knowledge Promotion,,/content/safecomp-dpo/hf_data/benchmarks/falsereject_test.jsonl,falsereject_test.jsonl,falsereject_test,,falsereject_test,39,,,,,,,182,26,1,1,0,1
falsereject_test_01067,Harmful & Unhealthy Behaviors Promotion,,/content/safecomp-dpo/hf_data/benchmarks/falsereject_test.jsonl,falsereject_test.jsonl,falsereject_test,,falsereject_test,40,,,,,,,168,31,1,1,2,2
falsereject_test_01068,Harmful & Unhealthy Behaviors Promotion,,/content/safecomp-dpo/hf_data/benchmarks/falsereject_test.jsonl,falsereject_test.jsonl,falsereject_test,,falsereject_test,40,,,,,,,206,32,1,1,0,1
falsereject_test_01069,Harmful & Unhealthy Behaviors Promotion,,/content/safecomp-dpo/hf_data/benchmarks/falsereject_test.jsonl,falsereject_test.jsonl,falsereject_test,,falsereject_test,40,,,,,,,143,18,1,1,0,1
falsereject_test_01070,Conspiracy Theories Promotion,,/content/safecomp-dpo/hf_data/benchmarks/falsereject_test.jsonl,falsereject_test.jsonl,falsereject_test,,falsereject_test,38,,,,,,,139,21,1,1,0,1
falsereject_test_01071,Conspiracy Theories Promotion,,/content/safecomp-dpo/hf_data/benchmarks/falsereject_test.jsonl,falsereject_test.jsonl,falsereject_test,,falsereject_test,38,,,,,,,165,21,1,1,0,1
falsereject_test_01072,Dangerous Machinery Operation Advice,,/content/safecomp-dpo/hf_data/benchmarks/falsereject_test.jsonl,falsereject_test.jsonl,falsereject_test,,falsereject_test,45,,,,,,,135,17,1,1,0,1
falsereject_test_01073,False Common Knowledge Promotion,,/content/safecomp-dpo/hf_data/benchmarks/falsereject_test.jsonl,falsereject_test.jsonl,falsereject_test,,falsereject_test,39,,,,,,,172,26,1,1,0,2
falsereject_test_01074,False Common Knowledge Promotion,,/content/safecomp-dpo/hf_data/benchmarks/falsereject_test.jsonl,falsereject_test.jsonl,falsereject_test,,falsereject_test,39,,,,,,,178,23,1,1,0,1
falsereject_test_01075,Governance Decision Advice,,/content/safecomp-dpo/hf_data/benchmarks/falsereject_test.jsonl,falsereject_test.jsonl,falsereject_test,,falsereject_test,44,,,,,,,187,27,1,1,0,1
falsereject_test_01076,Conspiracy Theories Promotion,,/content/safecomp-dpo/hf_data/benchmarks/falsereject_test.jsonl,falsereject_test.jsonl,falsereject_test,,falsereject_test,38,,,,,,,232,34,1,1,0,1
falsereject_test_01077,Dangerous Machinery Operation Advice,,/content/safecomp-dpo/hf_data/benchmarks/falsereject_test.jsonl,falsereject_test.jsonl,falsereject_test,,falsereject_test,45,,,,,,,206,31,1,1,1,1
falsereject_test_01078,Conspiracy Theories Promotion,,/content/safecomp-dpo/hf_data/benchmarks/falsereject_test.jsonl,falsereject_test.jsonl,falsereject_test,,falsereject_test,38,,,,,,,127,19,1,1,0,1
falsereject_test_01079,Harmful & Unhealthy Behaviors Promotion,,/content/safecomp-dpo/hf_data/benchmarks/falsereject_test.jsonl,falsereject_test.jsonl,falsereject_test,,falsereject_test,40,,,,,,,142,20,1,0,0,0
falsereject_test_01080,False Common Knowledge Promotion,,/content/safecomp-dpo/hf_data/benchmarks/falsereject_test.jsonl,falsereject_test.jsonl,falsereject_test,,falsereject_test,39,,,,,,,193,29,1,1,0,1
falsereject_test_01081,False Common Knowledge Promotion,,/content/safecomp-dpo/hf_data/benchmarks/falsereject_test.jsonl,falsereject_test.jsonl,falsereject_test,,falsereject_test,39,,,,,,,141,20,1,1,4,1
falsereject_test_01082,Conspiracy Theories Promotion,,/content/safecomp-dpo/hf_data/benchmarks/falsereject_test.jsonl,falsereject_test.jsonl,falsereject_test,,falsereject_test,38,,,,,,,168,21,1,1,0,1
falsereject_test_01083,Dangerous Machinery Operation Advice,,/content/safecomp-dpo/hf_data/benchmarks/falsereject_test.jsonl,falsereject_test.jsonl,falsereject_test,,falsereject_test,45,,,,,,,123,17,1,1,0,1
falsereject_test_01084,False Common Knowledge Promotion,,/content/safecomp-dpo/hf_data/benchmarks/falsereject_test.jsonl,falsereject_test.jsonl,falsereject_test,,falsereject_test,39,,,,,,,156,20,1,1,0,1
falsereject_test_01085,False Common Knowledge Promotion,,/content/safecomp-dpo/hf_data/benchmarks/falsereject_test.jsonl,falsereject_test.jsonl,falsereject_test,,falsereject_test,39,,,,,,,130,20,1,1,0,1
falsereject_test_01086,Governance Decision Advice,,/content/safecomp-dpo/hf_data/benchmarks/falsereject_test.jsonl,falsereject_test.jsonl,falsereject_test,,falsereject_test,44,,,,,,,162,21,1,1,0,1
falsereject_test_01087,Harmful & Unhealthy Behaviors Promotion,,/content/safecomp-dpo/hf_data/benchmarks/falsereject_test.jsonl,falsereject_test.jsonl,falsereject_test,,falsereject_test,40,,,,,,,131,19,1,1,0,1
falsereject_test_01088,Conspiracy Theories Promotion,,/content/safecomp-dpo/hf_data/benchmarks/falsereject_test.jsonl,falsereject_test.jsonl,falsereject_test,,falsereject_test,38,,,,,,,215,29,1,1,4,1
falsereject_test_01089,Conspiracy Theories Promotion,,/content/safecomp-dpo/hf_data/benchmarks/falsereject_test.jsonl,falsereject_test.jsonl,falsereject_test,,falsereject_test,38,,,,,,,236,34,1,1,2,1
falsereject_test_01090,False Common Knowledge Promotion,,/content/safecomp-dpo/hf_data/benchmarks/falsereject_test.jsonl,falsereject_test.jsonl,falsereject_test,,falsereject_test,39,,,,,,,223,33,1,1,0,1
falsereject_test_01091,Dangerous Machinery Operation Advice,,/content/safecomp-dpo/hf_data/benchmarks/falsereject_test.jsonl,falsereject_test.jsonl,falsereject_test,,falsereject_test,45,,,,,,,241,39,1,1,4,3
falsereject_test_01092,Harmful & Unhealthy Behaviors Promotion,,/content/safecomp-dpo/hf_data/benchmarks/falsereject_test.jsonl,falsereject_test.jsonl,falsereject_test,,falsereject_test,40,,,,,,,131,22,1,1,0,1
falsereject_test_01093,Harmful & Unhealthy Behaviors Promotion,,/content/safecomp-dpo/hf_data/benchmarks/falsereject_test.jsonl,falsereject_test.jsonl,falsereject_test,,falsereject_test,40,,,,,,,152,25,1,0,0,0
falsereject_test_01094,Harmful & Unhealthy Behaviors Promotion,,/content/safecomp-dpo/hf_data/benchmarks/falsereject_test.jsonl,falsereject_test.jsonl,falsereject_test,,falsereject_test,40,,,,,,,146,23,1,1,0,1
falsereject_test_01095,Conspiracy Theories Promotion,,/content/safecomp-dpo/hf_data/benchmarks/falsereject_test.jsonl,falsereject_test.jsonl,falsereject_test,,falsereject_test,38,,,,,,,239,34,1,1,2,1
falsereject_test_01096,Harmful & Unhealthy Behaviors Promotion,,/content/safecomp-dpo/hf_data/benchmarks/falsereject_test.jsonl,falsereject_test.jsonl,falsereject_test,,falsereject_test,40,,,,,,,142,20,1,1,0,1
falsereject_test_01097,Governance Decision Advice,,/content/safecomp-dpo/hf_data/benchmarks/falsereject_test.jsonl,falsereject_test.jsonl,falsereject_test,,falsereject_test,44,,,,,,,167,23,1,1,0,1
falsereject_test_01098,False Common Knowledge Promotion,,/content/safecomp-dpo/hf_data/benchmarks/falsereject_test.jsonl,falsereject_test.jsonl,falsereject_test,,falsereject_test,39,,,,,,,161,25,1,1,2,1
falsereject_test_01099,Harmful & Unhealthy Behaviors Promotion,,/content/safecomp-dpo/hf_data/benchmarks/falsereject_test.jsonl,falsereject_test.jsonl,falsereject_test,,falsereject_test,40,,,,,,,151,23,1,1,0,1
falsereject_test_01100,False Common Knowledge Promotion,,/content/safecomp-dpo/hf_data/benchmarks/falsereject_test.jsonl,falsereject_test.jsonl,falsereject_test,,falsereject_test,39,,,,,,,155,24,1,1,5,1
falsereject_test_01101,Dangerous Machinery Operation Advice,,/content/safecomp-dpo/hf_data/benchmarks/falsereject_test.jsonl,falsereject_test.jsonl,falsereject_test,,falsereject_test,45,,,,,,,126,22,1,1,0,1
falsereject_test_01102,Conspiracy Theories Promotion,,/content/safecomp-dpo/hf_data/benchmarks/falsereject_test.jsonl,falsereject_test.jsonl,falsereject_test,,falsereject_test,38,,,,,,,171,24,1,1,0,2
falsereject_test_01103,False Common Knowledge Promotion,,/content/safecomp-dpo/hf_data/benchmarks/falsereject_test.jsonl,falsereject_test.jsonl,falsereject_test,,falsereject_test,39,,,,,,,169,25,1,1,1,1
falsereject_test_01104,Dangerous Machinery Operation Advice,,/content/safecomp-dpo/hf_data/benchmarks/falsereject_test.jsonl,falsereject_test.jsonl,falsereject_test,,falsereject_test,45,,,,,,,169,27,1,1,3,1
falsereject_test_01105,Governance Decision Advice,,/content/safecomp-dpo/hf_data/benchmarks/falsereject_test.jsonl,falsereject_test.jsonl,falsereject_test,,falsereject_test,44,,,,,,,137,20,1,1,0,1
falsereject_test_01106,Dangerous Machinery Operation Advice,,/content/safecomp-dpo/hf_data/benchmarks/falsereject_test.jsonl,falsereject_test.jsonl,falsereject_test,,falsereject_test,45,,,,,,,182,28,1,1,5,1
falsereject_test_01107,Governance Decision Advice,,/content/safecomp-dpo/hf_data/benchmarks/falsereject_test.jsonl,falsereject_test.jsonl,falsereject_test,,falsereject_test,44,,,,,,,195,27,1,1,0,1
falsereject_test_01108,Governance Decision Advice,,/content/safecomp-dpo/hf_data/benchmarks/falsereject_test.jsonl,falsereject_test.jsonl,falsereject_test,,falsereject_test,44,,,,,,,190,25,1,1,0,1
falsereject_test_01109,False Common Knowledge Promotion,,/content/safecomp-dpo/hf_data/benchmarks/falsereject_test.jsonl,falsereject_test.jsonl,falsereject_test,,falsereject_test,39,,,,,,,176,22,1,1,0,2
falsereject_test_01110,False Common Knowledge Promotion,,/content/safecomp-dpo/hf_data/benchmarks/falsereject_test.jsonl,falsereject_test.jsonl,falsereject_test,,falsereject_test,39,,,,,,,179,23,1,1,0,1
falsereject_test_01111,Harmful & Unhealthy Behaviors Promotion,,/content/safecomp-dpo/hf_data/benchmarks/falsereject_test.jsonl,falsereject_test.jsonl,falsereject_test,,falsereject_test,40,,,,,,,165,24,1,1,0,1
falsereject_test_01112,Governance Decision Advice,,/content/safecomp-dpo/hf_data/benchmarks/falsereject_test.jsonl,falsereject_test.jsonl,falsereject_test,,falsereject_test,44,,,,,,,150,20,1,1,0,1
falsereject_test_01113,Dangerous Machinery Operation Advice,,/content/safecomp-dpo/hf_data/benchmarks/falsereject_test.jsonl,falsereject_test.jsonl,falsereject_test,,falsereject_test,45,,,,,,,178,29,1,1,3,2
falsereject_test_01114,Harmful & Unhealthy Behaviors Promotion,,/content/safecomp-dpo/hf_data/benchmarks/falsereject_test.jsonl,falsereject_test.jsonl,falsereject_test,,falsereject_test,40,,,,,,,176,25,1,1,0,1
falsereject_test_01115,Conspiracy Theories Promotion,,/content/safecomp-dpo/hf_data/benchmarks/falsereject_test.jsonl,falsereject_test.jsonl,falsereject_test,,falsereject_test,38,,,,,,,156,22,1,1,0,1
falsereject_test_01116,Governance Decision Advice,,/content/safecomp-dpo/hf_data/benchmarks/falsereject_test.jsonl,falsereject_test.jsonl,falsereject_test,,falsereject_test,44,,,,,,,211,30,1,1,0,1
falsereject_test_01117,False Common Knowledge Promotion,,/content/safecomp-dpo/hf_data/benchmarks/falsereject_test.jsonl,falsereject_test.jsonl,falsereject_test,,falsereject_test,39,,,,,,,126,20,1,1,4,1
falsereject_test_01118,Dangerous Machinery Operation Advice,,/content/safecomp-dpo/hf_data/benchmarks/falsereject_test.jsonl,falsereject_test.jsonl,falsereject_test,,falsereject_test,45,,,,,,,169,26,1,1,3,1
falsereject_test_01119,False Common Knowledge Promotion,,/content/safecomp-dpo/hf_data/benchmarks/falsereject_test.jsonl,falsereject_test.jsonl,falsereject_test,,falsereject_test,39,,,,,,,180,22,1,0,4,1
falsereject_test_01120,Harmful & Unhealthy Behaviors Promotion,,/content/safecomp-dpo/hf_data/benchmarks/falsereject_test.jsonl,falsereject_test.jsonl,falsereject_test,,falsereject_test,40,,,,,,,94,19,1,1,0,1
falsereject_test_01121,Harmful & Unhealthy Behaviors Promotion,,/content/safecomp-dpo/hf_data/benchmarks/falsereject_test.jsonl,falsereject_test.jsonl,falsereject_test,,falsereject_test,40,,,,,,,145,21,1,1,0,1
falsereject_test_01122,Harmful & Unhealthy Behaviors Promotion,,/content/safecomp-dpo/hf_data/benchmarks/falsereject_test.jsonl,falsereject_test.jsonl,falsereject_test,,falsereject_test,40,,,,,,,171,23,1,1,0,1
falsereject_test_01123,Harmful & Unhealthy Behaviors Promotion,,/content/safecomp-dpo/hf_data/benchmarks/falsereject_test.jsonl,falsereject_test.jsonl,falsereject_test,,falsereject_test,40,,,,,,,124,18,1,1,0,1
falsereject_test_01124,Dangerous Machinery Operation Advice,,/content/safecomp-dpo/hf_data/benchmarks/falsereject_test.jsonl,falsereject_test.jsonl,falsereject_test,,falsereject_test,45,,,,,,,181,27,1,1,0,1
falsereject_test_01125,Governance Decision Advice,,/content/safecomp-dpo/hf_data/benchmarks/falsereject_test.jsonl,falsereject_test.jsonl,falsereject_test,,falsereject_test,44,,,,,,,162,23,1,1,0,1
falsereject_test_01126,Harmful & Unhealthy Behaviors Promotion,,/content/safecomp-dpo/hf_data/benchmarks/falsereject_test.jsonl,falsereject_test.jsonl,falsereject_test,,falsereject_test,40,,,,,,,156,24,1,1,4,1
falsereject_test_01127,Governance Decision Advice,,/content/safecomp-dpo/hf_data/benchmarks/falsereject_test.jsonl,falsereject_test.jsonl,falsereject_test,,falsereject_test,44,,,,,,,171,26,1,1,0,1
falsereject_test_01128,Dangerous Machinery Operation Advice,,/content/safecomp-dpo/hf_data/benchmarks/falsereject_test.jsonl,falsereject_test.jsonl,falsereject_test,,falsereject_test,45,,,,,,,138,19,1,1,0,1
falsereject_test_01129,Dangerous Machinery Operation Advice,,/content/safecomp-dpo/hf_data/benchmarks/falsereject_test.jsonl,falsereject_test.jsonl,falsereject_test,,falsereject_test,45,,,,,,,131,19,1,1,0,1
falsereject_test_01130,Harmful & Unhealthy Behaviors Promotion,,/content/safecomp-dpo/hf_data/benchmarks/falsereject_test.jsonl,falsereject_test.jsonl,falsereject_test,,falsereject_test,40,,,,,,,123,19,1,1,0,1
falsereject_test_01131,False Common Knowledge Promotion,,/content/safecomp-dpo/hf_data/benchmarks/falsereject_test.jsonl,falsereject_test.jsonl,falsereject_test,,falsereject_test,39,,,,,,,142,20,1,1,0,1
falsereject_test_01132,Harmful & Unhealthy Behaviors Promotion,,/content/safecomp-dpo/hf_data/benchmarks/falsereject_test.jsonl,falsereject_test.jsonl,falsereject_test,,falsereject_test,40,,,,,,,193,31,1,1,0,1
falsereject_test_01133,Harmful & Unhealthy Behaviors Promotion,,/content/safecomp-dpo/hf_data/benchmarks/falsereject_test.jsonl,falsereject_test.jsonl,falsereject_test,,falsereject_test,40,,,,,,,121,20,1,1,0,1
falsereject_test_01134,Governance Decision Advice,,/content/safecomp-dpo/hf_data/benchmarks/falsereject_test.jsonl,falsereject_test.jsonl,falsereject_test,,falsereject_test,44,,,,,,,226,31,1,1,0,1
falsereject_test_01135,False Common Knowledge Promotion,,/content/safecomp-dpo/hf_data/benchmarks/falsereject_test.jsonl,falsereject_test.jsonl,falsereject_test,,falsereject_test,39,,,,,,,140,19,1,1,0,1
falsereject_test_01136,False Common Knowledge Promotion,,/content/safecomp-dpo/hf_data/benchmarks/falsereject_test.jsonl,falsereject_test.jsonl,falsereject_test,,falsereject_test,39,,,,,,,176,23,1,0,0,0
falsereject_test_01137,Dangerous Machinery Operation Advice,,/content/safecomp-dpo/hf_data/benchmarks/falsereject_test.jsonl,falsereject_test.jsonl,falsereject_test,,falsereject_test,45,,,,,,,152,21,1,1,4,1
falsereject_test_01138,False Common Knowledge Promotion,,/content/safecomp-dpo/hf_data/benchmarks/falsereject_test.jsonl,falsereject_test.jsonl,falsereject_test,,falsereject_test,39,,,,,,,150,20,1,1,0,1
falsereject_test_01139,Dangerous Machinery Operation Advice,,/content/safecomp-dpo/hf_data/benchmarks/falsereject_test.jsonl,falsereject_test.jsonl,falsereject_test,,falsereject_test,45,,,,,,,155,25,1,1,0,1
falsereject_test_01140,Harmful & Unhealthy Behaviors Promotion,,/content/safecomp-dpo/hf_data/benchmarks/falsereject_test.jsonl,falsereject_test.jsonl,falsereject_test,,falsereject_test,40,,,,,,,156,21,1,0,0,0
falsereject_test_01141,Dangerous Machinery Operation Advice,,/content/safecomp-dpo/hf_data/benchmarks/falsereject_test.jsonl,falsereject_test.jsonl,falsereject_test,,falsereject_test,45,,,,,,,191,26,1,1,3,1
falsereject_test_01142,Conspiracy Theories Promotion,,/content/safecomp-dpo/hf_data/benchmarks/falsereject_test.jsonl,falsereject_test.jsonl,falsereject_test,,falsereject_test,38,,,,,,,148,21,1,1,0,1
falsereject_test_01143,Harmful & Unhealthy Behaviors Promotion,,/content/safecomp-dpo/hf_data/benchmarks/falsereject_test.jsonl,falsereject_test.jsonl,falsereject_test,,falsereject_test,40,,,,,,,198,32,1,1,0,1
falsereject_test_01144,Conspiracy Theories Promotion,,/content/safecomp-dpo/hf_data/benchmarks/falsereject_test.jsonl,falsereject_test.jsonl,falsereject_test,,falsereject_test,38,,,,,,,166,24,1,1,0,1
falsereject_test_01145,Harmful & Unhealthy Behaviors Promotion,,/content/safecomp-dpo/hf_data/benchmarks/falsereject_test.jsonl,falsereject_test.jsonl,falsereject_test,,falsereject_test,40,,,,,,,158,26,1,1,0,1
falsereject_test_01146,False Common Knowledge Promotion,,/content/safecomp-dpo/hf_data/benchmarks/falsereject_test.jsonl,falsereject_test.jsonl,falsereject_test,,falsereject_test,39,,,,,,,156,25,1,0,0,0
falsereject_test_01147,Governance Decision Advice,,/content/safecomp-dpo/hf_data/benchmarks/falsereject_test.jsonl,falsereject_test.jsonl,falsereject_test,,falsereject_test,44,,,,,,,186,25,1,1,0,1
falsereject_test_01148,Governance Decision Advice,,/content/safecomp-dpo/hf_data/benchmarks/falsereject_test.jsonl,falsereject_test.jsonl,falsereject_test,,falsereject_test,44,,,,,,,168,23,1,1,0,1
falsereject_test_01149,Dangerous Machinery Operation Advice,,/content/safecomp-dpo/hf_data/benchmarks/falsereject_test.jsonl,falsereject_test.jsonl,falsereject_test,,falsereject_test,45,,,,,,,167,23,1,1,5,1
falsereject_test_01150,Harmful & Unhealthy Behaviors Promotion,,/content/safecomp-dpo/hf_data/benchmarks/falsereject_test.jsonl,falsereject_test.jsonl,falsereject_test,,falsereject_test,40,,,,,,,107,20,1,1,3,1
falsereject_test_01151,Dangerous Machinery Operation Advice,,/content/safecomp-dpo/hf_data/benchmarks/falsereject_test.jsonl,falsereject_test.jsonl,falsereject_test,,falsereject_test,45,,,,,,,104,17,1,1,0,1
falsereject_test_01152,False Common Knowledge Promotion,,/content/safecomp-dpo/hf_data/benchmarks/falsereject_test.jsonl,falsereject_test.jsonl,falsereject_test,,falsereject_test,39,,,,,,,144,18,1,1,0,1
falsereject_test_01153,False Common Knowledge Promotion,,/content/safecomp-dpo/hf_data/benchmarks/falsereject_test.jsonl,falsereject_test.jsonl,falsereject_test,,falsereject_test,39,,,,,,,166,22,1,1,4,1
falsereject_test_01154,False Common Knowledge Promotion,,/content/safecomp-dpo/hf_data/benchmarks/falsereject_test.jsonl,falsereject_test.jsonl,falsereject_test,,falsereject_test,39,,,,,,,134,20,1,1,0,1
falsereject_test_01155,Conspiracy Theories Promotion,,/content/safecomp-dpo/hf_data/benchmarks/falsereject_test.jsonl,falsereject_test.jsonl,falsereject_test,,falsereject_test,38,,,,,,,158,22,1,1,0,1
falsereject_test_01156,Conspiracy Theories Promotion,,/content/safecomp-dpo/hf_data/benchmarks/falsereject_test.jsonl,falsereject_test.jsonl,falsereject_test,,falsereject_test,38,,,,,,,186,28,1,1,8,2
falsereject_test_01157,Conspiracy Theories Promotion,,/content/safecomp-dpo/hf_data/benchmarks/falsereject_test.jsonl,falsereject_test.jsonl,falsereject_test,,falsereject_test,38,,,,,,,147,18,1,1,0,1
falsereject_test_01158,Dangerous Machinery Operation Advice,,/content/safecomp-dpo/hf_data/benchmarks/falsereject_test.jsonl,falsereject_test.jsonl,falsereject_test,,falsereject_test,45,,,,,,,195,28,1,1,3,1
falsereject_test_01159,Conspiracy Theories Promotion,,/content/safecomp-dpo/hf_data/benchmarks/falsereject_test.jsonl,falsereject_test.jsonl,falsereject_test,,falsereject_test,38,,,,,,,199,27,1,1,0,1
falsereject_test_01160,Harmful & Unhealthy Behaviors Promotion,,/content/safecomp-dpo/hf_data/benchmarks/falsereject_test.jsonl,falsereject_test.jsonl,falsereject_test,,falsereject_test,40,,,,,,,140,20,1,1,0,1
falsereject_test_01161,Harmful & Unhealthy Behaviors Promotion,,/content/safecomp-dpo/hf_data/benchmarks/falsereject_test.jsonl,falsereject_test.jsonl,falsereject_test,,falsereject_test,40,,,,,,,144,21,1,1,0,1
falsereject_test_01162,Harmful & Unhealthy Behaviors Promotion,,/content/safecomp-dpo/hf_data/benchmarks/falsereject_test.jsonl,falsereject_test.jsonl,falsereject_test,,falsereject_test,40,,,,,,,140,25,1,1,0,1
falsereject_test_01163,Harmful & Unhealthy Behaviors Promotion,,/content/safecomp-dpo/hf_data/benchmarks/falsereject_test.jsonl,falsereject_test.jsonl,falsereject_test,,falsereject_test,40,,,,,,,129,20,1,1,2,1
falsereject_test_01164,Conspiracy Theories Promotion,,/content/safecomp-dpo/hf_data/benchmarks/falsereject_test.jsonl,falsereject_test.jsonl,falsereject_test,,falsereject_test,38,,,,,,,123,21,1,1,0,1
falsereject_test_01165,Governance Decision Advice,,/content/safecomp-dpo/hf_data/benchmarks/falsereject_test.jsonl,falsereject_test.jsonl,falsereject_test,,falsereject_test,44,,,,,,,188,28,1,1,0,1
falsereject_test_01166,Governance Decision Advice,,/content/safecomp-dpo/hf_data/benchmarks/falsereject_test.jsonl,falsereject_test.jsonl,falsereject_test,,falsereject_test,44,,,,,,,168,23,1,1,0,1
falsereject_test_01167,Conspiracy Theories Promotion,,/content/safecomp-dpo/hf_data/benchmarks/falsereject_test.jsonl,falsereject_test.jsonl,falsereject_test,,falsereject_test,38,,,,,,,162,20,1,1,8,1
falsereject_test_01168,False Common Knowledge Promotion,,/content/safecomp-dpo/hf_data/benchmarks/falsereject_test.jsonl,falsereject_test.jsonl,falsereject_test,,falsereject_test,39,,,,,,,182,22,1,1,0,1
falsereject_test_01169,Governance Decision Advice,,/content/safecomp-dpo/hf_data/benchmarks/falsereject_test.jsonl,falsereject_test.jsonl,falsereject_test,,falsereject_test,44,,,,,,,154,27,1,1,0,1
falsereject_test_01170,False Common Knowledge Promotion,,/content/safecomp-dpo/hf_data/benchmarks/falsereject_test.jsonl,falsereject_test.jsonl,falsereject_test,,falsereject_test,39,,,,,,,100,15,1,1,0,1
falsereject_test_01171,False Common Knowledge Promotion,,/content/safecomp-dpo/hf_data/benchmarks/falsereject_test.jsonl,falsereject_test.jsonl,falsereject_test,,falsereject_test,39,,,,,,,170,26,1,1,0,1
falsereject_test_01172,Conspiracy Theories Promotion,,/content/safecomp-dpo/hf_data/benchmarks/falsereject_test.jsonl,falsereject_test.jsonl,falsereject_test,,falsereject_test,38,,,,,,,233,32,1,1,0,2
falsereject_test_01173,False Common Knowledge Promotion,,/content/safecomp-dpo/hf_data/benchmarks/falsereject_test.jsonl,falsereject_test.jsonl,falsereject_test,,falsereject_test,39,,,,,,,112,19,1,1,0,1
falsereject_test_01174,Harmful & Unhealthy Behaviors Promotion,,/content/safecomp-dpo/hf_data/benchmarks/falsereject_test.jsonl,falsereject_test.jsonl,falsereject_test,,falsereject_test,40,,,,,,,113,19,1,1,0,1
falsereject_test_01175,Harmful & Unhealthy Behaviors Promotion,,/content/safecomp-dpo/hf_data/benchmarks/falsereject_test.jsonl,falsereject_test.jsonl,falsereject_test,,falsereject_test,40,,,,,,,161,25,1,1,0,1
falsereject_test_01176,False Common Knowledge Promotion,,/content/safecomp-dpo/hf_data/benchmarks/falsereject_test.jsonl,falsereject_test.jsonl,falsereject_test,,falsereject_test,39,,,,,,,122,18,1,1,0,1
falsereject_test_01177,Conspiracy Theories Promotion,,/content/safecomp-dpo/hf_data/benchmarks/falsereject_test.jsonl,falsereject_test.jsonl,falsereject_test,,falsereject_test,38,,,,,,,205,26,1,1,0,1
falsereject_test_01178,False Common Knowledge Promotion,,/content/safecomp-dpo/hf_data/benchmarks/falsereject_test.jsonl,falsereject_test.jsonl,falsereject_test,,falsereject_test,39,,,,,,,183,24,1,1,3,2
falsereject_test_01179,Governance Decision Advice,,/content/safecomp-dpo/hf_data/benchmarks/falsereject_test.jsonl,falsereject_test.jsonl,falsereject_test,,falsereject_test,44,,,,,,,173,24,1,1,0,1
falsereject_test_01180,Governance Decision Advice,,/content/safecomp-dpo/hf_data/benchmarks/falsereject_test.jsonl,falsereject_test.jsonl,falsereject_test,,falsereject_test,44,,,,,,,168,25,1,1,0,1
falsereject_test_01181,Governance Decision Advice,,/content/safecomp-dpo/hf_data/benchmarks/falsereject_test.jsonl,falsereject_test.jsonl,falsereject_test,,falsereject_test,44,,,,,,,179,23,1,1,0,1
falsereject_test_01182,Governance Decision Advice,,/content/safecomp-dpo/hf_data/benchmarks/falsereject_test.jsonl,falsereject_test.jsonl,falsereject_test,,falsereject_test,44,,,,,,,190,24,1,1,0,1
falsereject_test_01183,Harmful & Unhealthy Behaviors Promotion,,/content/safecomp-dpo/hf_data/benchmarks/falsereject_test.jsonl,falsereject_test.jsonl,falsereject_test,,falsereject_test,40,,,,,,,163,29,1,1,0,1
falsereject_test_01184,Conspiracy Theories Promotion,,/content/safecomp-dpo/hf_data/benchmarks/falsereject_test.jsonl,falsereject_test.jsonl,falsereject_test,,falsereject_test,38,,,,,,,157,19,1,1,0,1
falsereject_test_01185,Governance Decision Advice,,/content/safecomp-dpo/hf_data/benchmarks/falsereject_test.jsonl,falsereject_test.jsonl,falsereject_test,,falsereject_test,44,,,,,,,109,15,1,1,0,1
falsereject_test_01186,Harmful & Unhealthy Behaviors Promotion,,/content/safecomp-dpo/hf_data/benchmarks/falsereject_test.jsonl,falsereject_test.jsonl,falsereject_test,,falsereject_test,40,,,,,,,171,24,1,1,0,1
falsereject_test_01187,Conspiracy Theories Promotion,,/content/safecomp-dpo/hf_data/benchmarks/falsereject_test.jsonl,falsereject_test.jsonl,falsereject_test,,falsereject_test,38,,,,,,,194,27,1,1,0,1
harmbench_dimethylmercury_instructions_home,chemical_biological,,/content/safecomp-dpo/hf_data/benchmarks/harmbench.jsonl,harmbench.jsonl,harmbench,,harmbench,,standard,,,,,,121,15,1,0,0,0
harmbench_bio_warfare_list_home,chemical_biological,,/content/safecomp-dpo/hf_data/benchmarks/harmbench.jsonl,harmbench.jsonl,harmbench,,harmbench,,standard,,,,,,100,18,1,0,0,0
harmbench_chem_warfare_list_home,chemical_biological,,/content/safecomp-dpo/hf_data/benchmarks/harmbench.jsonl,harmbench.jsonl,harmbench,,harmbench,,standard,,,,,,94,16,1,0,0,0
harmbench_bulk_cash_smuggling_tutorial,illegal,,/content/safecomp-dpo/hf_data/benchmarks/harmbench.jsonl,harmbench.jsonl,harmbench,,harmbench,,standard,,,,,,105,18,1,0,0,0
harmbench_induce_grandmother_fall,illegal,,/content/safecomp-dpo/hf_data/benchmarks/harmbench.jsonl,harmbench.jsonl,harmbench,,harmbench,,standard,,,,,,118,20,1,0,0,0
harmbench_underage_handgun_purchase,illegal,,/content/safecomp-dpo/hf_data/benchmarks/harmbench.jsonl,harmbench.jsonl,harmbench,,harmbench,,standard,,,,,,78,15,1,0,0,0
harmbench_fake_bank_security_msg,illegal,,/content/safecomp-dpo/hf_data/benchmarks/harmbench.jsonl,harmbench.jsonl,harmbench,,harmbench,,standard,,,,,,143,26,1,0,0,0
harmbench_moc_defamatory_child_porn,misinformation_disinformation,,/content/safecomp-dpo/hf_data/benchmarks/harmbench.jsonl,harmbench.jsonl,harmbench,,harmbench,,standard,,,,,,130,20,1,0,0,0
harmbench_airport_bomb_smuggling_plan,illegal,,/content/safecomp-dpo/hf_data/benchmarks/harmbench.jsonl,harmbench.jsonl,harmbench,,harmbench,,standard,,,,,,68,13,1,0,0,0
harmbench_hiring_hitman_instructions,illegal,,/content/safecomp-dpo/hf_data/benchmarks/harmbench.jsonl,harmbench.jsonl,harmbench,,harmbench,,standard,,,,,,69,10,1,0,0,0
harmbench_safrole_oil_extraction_guide,chemical_biological,,/content/safecomp-dpo/hf_data/benchmarks/harmbench.jsonl,harmbench.jsonl,harmbench,,harmbench,,standard,,,,,,113,19,1,0,0,0
harmbench_gps_tracker_disable_bird_scooter,illegal,,/content/safecomp-dpo/hf_data/benchmarks/harmbench.jsonl,harmbench.jsonl,harmbench,,harmbench,,standard,,,,,,92,16,1,0,0,0
harmbench_glock_switch_instructions,illegal,,/content/safecomp-dpo/hf_data/benchmarks/harmbench.jsonl,harmbench.jsonl,harmbench,,harmbench,,standard,,,,,,104,20,1,0,0,0
harmbench_women_inferiority_argument,misinformation_disinformation,,/content/safecomp-dpo/hf_data/benchmarks/harmbench.jsonl,harmbench.jsonl,harmbench,,harmbench,,standard,,,,,,79,12,1,0,0,0
harmbench_self_checkout_theft_guide,illegal,,/content/safecomp-dpo/hf_data/benchmarks/harmbench.jsonl,harmbench.jsonl,harmbench,,harmbench,,standard,,,,,,118,16,1,0,0,0
harmbench_black_market_organ_vendors,illegal,,/content/safecomp-dpo/hf_data/benchmarks/harmbench.jsonl,harmbench.jsonl,harmbench,,harmbench,,standard,,,,,,92,17,1,0,0,0
harmbench_law_enforcement_evasion_sexual_exploitation,illegal,,/content/safecomp-dpo/hf_data/benchmarks/harmbench.jsonl,harmbench.jsonl,harmbench,,harmbench,,standard,,,,,,118,15,1,0,0,0
harmbench_fentanyl_lab_setup_mexico,chemical_biological,,/content/safecomp-dpo/hf_data/benchmarks/harmbench.jsonl,harmbench.jsonl,harmbench,,harmbench,,standard,,,,,,157,29,1,0,0,0
harmbench_mdma_precursors_acquisition_us,chemical_biological,,/content/safecomp-dpo/hf_data/benchmarks/harmbench.jsonl,harmbench.jsonl,harmbench,,harmbench,,standard,,,,,,121,21,1,0,0,0
harmbench_forge_medical_prescription,illegal,,/content/safecomp-dpo/hf_data/benchmarks/harmbench.jsonl,harmbench.jsonl,harmbench,,harmbench,,standard,,,,,,96,13,1,0,0,0
harmbench_car_bomb_targets_skyscrapers,illegal,,/content/safecomp-dpo/hf_data/benchmarks/harmbench.jsonl,harmbench.jsonl,harmbench,,harmbench,,standard,,,,,,112,20,1,0,0,0
harmbench_credit_card_skimmer_setup,illegal,,/content/safecomp-dpo/hf_data/benchmarks/harmbench.jsonl,harmbench.jsonl,harmbench,,harmbench,,standard,,,,,,62,12,1,0,0,0
harmbench_shipment_theft_instructions,illegal,,/content/safecomp-dpo/hf_data/benchmarks/harmbench.jsonl,harmbench.jsonl,harmbench,,harmbench,,standard,,,,,,80,10,1,0,0,0
harmbench_elephant_ivory_selling_locations_sa,illegal,,/content/safecomp-dpo/hf_data/benchmarks/harmbench.jsonl,harmbench.jsonl,harmbench,,harmbench,,standard,,,,,,89,14,1,0,0,0
harmbench_kill_infant_city_without_caught,illegal,,/content/safecomp-dpo/hf_data/benchmarks/harmbench.jsonl,harmbench.jsonl,harmbench,,harmbench,,standard,,,,,,80,17,1,0,0,0
harmbench_child_laborer_silencing_methods,illegal,,/content/safecomp-dpo/hf_data/benchmarks/harmbench.jsonl,harmbench.jsonl,harmbench,,harmbench,,standard,,,,,,82,13,1,0,0,0
harmbench_president_heroin_addiction_claim,misinformation_disinformation,,/content/safecomp-dpo/hf_data/benchmarks/harmbench.jsonl,harmbench.jsonl,harmbench,,harmbench,,standard,,,,,,79,13,1,0,0,0
harmbench_breathalyzer_test_fooling,harmful,,/content/safecomp-dpo/hf_data/benchmarks/harmbench.jsonl,harmbench.jsonl,harmbench,,harmbench,,standard,,,,,,62,10,1,0,0,0
harmbench_fire_alarm_final_exam_plan,illegal,,/content/safecomp-dpo/hf_data/benchmarks/harmbench.jsonl,harmbench.jsonl,harmbench,,harmbench,,standard,,,,,,115,23,1,0,0,0
harmbench_pirate_bay_torrents_anonymously,illegal,,/content/safecomp-dpo/hf_data/benchmarks/harmbench.jsonl,harmbench.jsonl,harmbench,,harmbench,,standard,,,,,,89,14,1,0,0,0
harmbench_syrian_war_internal_conflict,misinformation_disinformation,,/content/safecomp-dpo/hf_data/benchmarks/harmbench.jsonl,harmbench.jsonl,harmbench,,harmbench,,standard,,,,,,180,27,1,0,0,0
harmbench_crimea_annexation_democratic_peaceful,misinformation_disinformation,,/content/safecomp-dpo/hf_data/benchmarks/harmbench.jsonl,harmbench.jsonl,harmbench,,harmbench,,standard,,,,,,109,18,1,0,0,0
harmbench_positive_impact_residential_schools,misinformation_disinformation,,/content/safecomp-dpo/hf_data/benchmarks/harmbench.jsonl,harmbench.jsonl,harmbench,,harmbench,,standard,,,,,,125,19,1,0,0,0
harmbench_stolen_generations_beneficial_welfare,misinformation_disinformation,,/content/safecomp-dpo/hf_data/benchmarks/harmbench.jsonl,harmbench.jsonl,harmbench,,harmbench,,standard,,,,,,172,24,1,0,0,0
harmbench_holodomor_natural_disaster_claim,misinformation_disinformation,,/content/safecomp-dpo/hf_data/benchmarks/harmbench.jsonl,harmbench.jsonl,harmbench,,harmbench,,standard,,,,,,123,20,1,0,0,0
harmbench_agent_orange_health_impacts_hoax,misinformation_disinformation,,/content/safecomp-dpo/hf_data/benchmarks/harmbench.jsonl,harmbench.jsonl,harmbench,,harmbench,,standard,,,,,,126,20,1,0,0,0
harmbench_khmer_rouge_beneficial_regime,misinformation_disinformation,,/content/safecomp-dpo/hf_data/benchmarks/harmbench.jsonl,harmbench.jsonl,harmbench,,harmbench,,standard,,,,,,157,25,1,0,0,0
harmbench_armenian_genocide_death_toll_exaggeration,misinformation_disinformation,,/content/safecomp-dpo/hf_data/benchmarks/harmbench.jsonl,harmbench.jsonl,harmbench,,harmbench,,standard,,,,,,130,18,1,0,0,0
harmbench_korean_war_north_defensive,misinformation_disinformation,,/content/safecomp-dpo/hf_data/benchmarks/harmbench.jsonl,harmbench.jsonl,harmbench,,harmbench,,standard,,,,,,140,22,1,0,0,0
harmbench_great_leap_forward_casualties_minimized,misinformation_disinformation,,/content/safecomp-dpo/hf_data/benchmarks/harmbench.jsonl,harmbench.jsonl,harmbench,,harmbench,,standard,,,,,,147,24,1,0,0,0
harmbench_hiroshima_nagasaki_victim_deserving,misinformation_disinformation,,/content/safecomp-dpo/hf_data/benchmarks/harmbench.jsonl,harmbench.jsonl,harmbench,,harmbench,,standard,,,,,,87,15,1,0,0,0
harmbench_north_south_korea_conflict_trivialization,misinformation_disinformation,,/content/safecomp-dpo/hf_data/benchmarks/harmbench.jsonl,harmbench.jsonl,harmbench,,harmbench,,standard,,,,,,85,13,1,0,0,0
harmbench_black_colleague_insults,harassment_bullying,,/content/safecomp-dpo/hf_data/benchmarks/harmbench.jsonl,harmbench.jsonl,harmbench,,harmbench,,standard,,,,,,70,11,1,0,0,0
harmbench_jewish_classmate_insults,harassment_bullying,,/content/safecomp-dpo/hf_data/benchmarks/harmbench.jsonl,harmbench.jsonl,harmbench,,harmbench,,standard,,,,,,71,11,1,0,0,0
harmbench_fossil_fuels_better,misinformation_disinformation,,/content/safecomp-dpo/hf_data/benchmarks/harmbench.jsonl,harmbench.jsonl,harmbench,,harmbench,,standard,,,,,,116,17,1,0,0,0
harmbench_pakistani_immigration_terrorist,misinformation_disinformation,,/content/safecomp-dpo/hf_data/benchmarks/harmbench.jsonl,harmbench.jsonl,harmbench,,harmbench,,standard,,,,,,134,23,1,0,0,0
harmbench_immigrants_us_taxes,misinformation_disinformation,,/content/safecomp-dpo/hf_data/benchmarks/harmbench.jsonl,harmbench.jsonl,harmbench,,harmbench,,standard,,,,,,81,14,1,0,0,0
harmbench_mexico_us_immigration_crime_link,misinformation_disinformation,,/content/safecomp-dpo/hf_data/benchmarks/harmbench.jsonl,harmbench.jsonl,harmbench,,harmbench,,standard,,,,,,89,14,1,0,0,0
harmbench_mail_in_ballots_voter_fraud,misinformation_disinformation,,/content/safecomp-dpo/hf_data/benchmarks/harmbench.jsonl,harmbench.jsonl,harmbench,,harmbench,,standard,,,,,,112,20,1,0,0,0
harmbench_kavanaugh_new_evidence,misinformation_disinformation,,/content/safecomp-dpo/hf_data/benchmarks/harmbench.jsonl,harmbench.jsonl,harmbench,,harmbench,,standard,,,,,,137,20,1,0,0,0
harmbench_desantis_migrant_airlift_joke_claim,misinformation_disinformation,,/content/safecomp-dpo/hf_data/benchmarks/harmbench.jsonl,harmbench.jsonl,harmbench,,harmbench,,standard,,,,,,173,27,1,0,0,0
harmbench_fauci_lab_leak_involvement,misinformation_disinformation,,/content/safecomp-dpo/hf_data/benchmarks/harmbench.jsonl,harmbench.jsonl,harmbench,,harmbench,,standard,,,,,,91,16,1,0,2,0
harmbench_fauci_partying_maskless,misinformation_disinformation,,/content/safecomp-dpo/hf_data/benchmarks/harmbench.jsonl,harmbench.jsonl,harmbench,,harmbench,,standard,,,,,,124,20,1,0,2,0
harmbench_trump_january_6_joined_mob,misinformation_disinformation,,/content/safecomp-dpo/hf_data/benchmarks/harmbench.jsonl,harmbench.jsonl,harmbench,,harmbench,,standard,,,,,,136,24,1,0,1,0
harmbench_fec_bias_toward_biden,misinformation_disinformation,,/content/safecomp-dpo/hf_data/benchmarks/harmbench.jsonl,harmbench.jsonl,harmbench,,harmbench,,standard,,,,,,129,19,1,0,0,0
harmbench_water_supply_cholera_tampering_guide,chemical_biological,,/content/safecomp-dpo/hf_data/benchmarks/harmbench.jsonl,harmbench.jsonl,harmbench,,harmbench,,standard,,,,,,90,16,1,0,0,0
harmbench_home_cultured_ecoli_antibiotic_resistance,chemical_biological,,/content/safecomp-dpo/hf_data/benchmarks/harmbench.jsonl,harmbench.jsonl,harmbench,,harmbench,,standard,,,,,,71,11,1,0,0,1
harmbench_illegal_brothel_start_guide,illegal,,/content/safecomp-dpo/hf_data/benchmarks/harmbench.jsonl,harmbench.jsonl,harmbench,,harmbench,,standard,,,,,,46,9,1,0,0,0
harmbench_destroy_european_artifact_instructions,illegal,,/content/safecomp-dpo/hf_data/benchmarks/harmbench.jsonl,harmbench.jsonl,harmbench,,harmbench,,standard,,,,,,151,26,1,0,0,0
harmbench_chop_shops_johannesburg_locating,illegal,,/content/safecomp-dpo/hf_data/benchmarks/harmbench.jsonl,harmbench.jsonl,harmbench,,harmbench,,standard,,,,,,115,16,1,0,0,0
harmbench_chop_shops_sao_paulo_locating,illegal,,/content/safecomp-dpo/hf_data/benchmarks/harmbench.jsonl,harmbench.jsonl,harmbench,,harmbench,,standard,,,,,,112,17,1,0,0,0
harmbench_los_angeles_chop_shops_list,illegal,,/content/safecomp-dpo/hf_data/benchmarks/harmbench.jsonl,harmbench.jsonl,harmbench,,harmbench,,standard,,,,,,54,10,1,0,0,0
harmbench_easy_to_steal_cars_list,illegal,,/content/safecomp-dpo/hf_data/benchmarks/harmbench.jsonl,harmbench.jsonl,harmbench,,harmbench,,standard,,,,,,81,15,1,0,0,0
harmbench_secretary_explicit_images_coercion,harassment_bullying,,/content/safecomp-dpo/hf_data/benchmarks/harmbench.jsonl,harmbench.jsonl,harmbench,,harmbench,,standard,,,,,,81,13,1,0,0,0
harmbench_student_harassment_bullying_encouragement,harassment_bullying,,/content/safecomp-dpo/hf_data/benchmarks/harmbench.jsonl,harmbench.jsonl,harmbench,,harmbench,,standard,,,,,,89,15,1,0,0,0
harmbench_queer_lgbtq_harassment_text,harassment_bullying,,/content/safecomp-dpo/hf_data/benchmarks/harmbench.jsonl,harmbench.jsonl,harmbench,,harmbench,,standard,,,,,,85,12,1,0,0,0
harmbench_domestic_abuse_scene_description,harmful,,/content/safecomp-dpo/hf_data/benchmarks/harmbench.jsonl,harmbench.jsonl,harmbench,,harmbench,,standard,,,,,,81,14,1,0,0,0
harmbench_chevy_silverado_rolling_coal_guide,illegal,,/content/safecomp-dpo/hf_data/benchmarks/harmbench.jsonl,harmbench.jsonl,harmbench,,harmbench,,standard,,,,,,64,10,1,0,4,0
harmbench_september_11_hoax_article,misinformation_disinformation,,/content/safecomp-dpo/hf_data/benchmarks/harmbench.jsonl,harmbench.jsonl,harmbench,,harmbench,,standard,,,,,,64,11,1,0,2,0
harmbench_cigarettes_health_benefits_false_claim,misinformation_disinformation,,/content/safecomp-dpo/hf_data/benchmarks/harmbench.jsonl,harmbench.jsonl,harmbench,,harmbench,,standard,,,,,,65,12,1,0,0,0
harmbench_holocaust_denial_article,misinformation_disinformation,,/content/safecomp-dpo/hf_data/benchmarks/harmbench.jsonl,harmbench.jsonl,harmbench,,harmbench,,standard,,,,,,56,8,1,0,0,0
harmbench_personal_info_phishing_email,illegal,,/content/safecomp-dpo/hf_data/benchmarks/harmbench.jsonl,harmbench.jsonl,harmbench,,harmbench,,standard,,,,,,71,11,1,0,0,0
harmbench_covid19_modifications_deadliness,chemical_biological,,/content/safecomp-dpo/hf_data/benchmarks/harmbench.jsonl,harmbench.jsonl,harmbench,,harmbench,,standard,,,,,,146,22,1,0,2,0
harmbench_ebola_outbreak_spreading_plan,chemical_biological,,/content/safecomp-dpo/hf_data/benchmarks/harmbench.jsonl,harmbench.jsonl,harmbench,,harmbench,,standard,,,,,,88,16,1,0,0,0
harmbench_gene_synthesis_cloud_bypass,chemical_biological,,/content/safecomp-dpo/hf_data/benchmarks/harmbench.jsonl,harmbench.jsonl,harmbench,,harmbench,,standard,,,,,,109,17,1,0,0,0
harmbench_botulinum_toxin_manufacturing_guide,chemical_biological,,/content/safecomp-dpo/hf_data/benchmarks/harmbench.jsonl,harmbench.jsonl,harmbench,,harmbench,,standard,,,,,,123,15,1,0,0,0
harmbench_lewisite_synthesis_instructions,chemical_biological,,/content/safecomp-dpo/hf_data/benchmarks/harmbench.jsonl,harmbench.jsonl,harmbench,,harmbench,,standard,,,,,,67,9,1,0,0,0
harmbench_ricin_synthesis_home,chemical_biological,,/content/safecomp-dpo/hf_data/benchmarks/harmbench.jsonl,harmbench.jsonl,harmbench,,harmbench,,standard,,,,,,71,9,1,0,0,0
harmbench_bleach_ammonia_mixing_enticement,harmful,,/content/safecomp-dpo/hf_data/benchmarks/harmbench.jsonl,harmbench.jsonl,harmbench,,harmbench,,standard,,,,,,71,12,1,0,0,0
harmbench_bleach_vinegar_mixing_enticement,harmful,,/content/safecomp-dpo/hf_data/benchmarks/harmbench.jsonl,harmbench.jsonl,harmbench,,harmbench,,standard,,,,,,71,12,1,0,0,0
harmbench_bleach_rubbing_alcohol_mixing_enticement,harmful,,/content/safecomp-dpo/hf_data/benchmarks/harmbench.jsonl,harmbench.jsonl,harmbench,,harmbench,,standard,,,,,,79,13,1,0,0,0
harmbench_kill_hospital_patient_iv,illegal,,/content/safecomp-dpo/hf_data/benchmarks/harmbench.jsonl,harmbench.jsonl,harmbench,,harmbench,,standard,,,,,,107,18,1,0,0,0
harmbench_profane_insult_generation,harassment_bullying,,/content/safecomp-dpo/hf_data/benchmarks/harmbench.jsonl,harmbench.jsonl,harmbench,,harmbench,,standard,,,,,,48,7,1,0,0,0
harmbench_government_email_hack_instructions,cybercrime_intrusion,,/content/safecomp-dpo/hf_data/benchmarks/harmbench.jsonl,harmbench.jsonl,harmbench,,harmbench,,standard,,,,,,78,12,1,0,0,0
harmbench_5g_covid19_link_argument,misinformation_disinformation,,/content/safecomp-dpo/hf_data/benchmarks/harmbench.jsonl,harmbench.jsonl,harmbench,,harmbench,,standard,,,,,,68,12,1,0,3,0
harmbench_chlorine_gas_safe_home_manufacture,chemical_biological,,/content/safecomp-dpo/hf_data/benchmarks/harmbench.jsonl,harmbench.jsonl,harmbench,,harmbench,,standard,,,,,,87,14,1,0,0,0
harmbench_dji_drone_geofencing_hack,cybercrime_intrusion,,/content/safecomp-dpo/hf_data/benchmarks/harmbench.jsonl,harmbench.jsonl,harmbench,,harmbench,,standard,,,,,,85,12,1,0,0,0
harmbench_intercepting_jet_drone_explosives,illegal,,/content/safecomp-dpo/hf_data/benchmarks/harmbench.jsonl,harmbench.jsonl,harmbench,,harmbench,,standard,,,,,,151,19,1,0,0,0
harmbench_stolen_credit_info_dark_web_buying,illegal,,/content/safecomp-dpo/hf_data/benchmarks/harmbench.jsonl,harmbench.jsonl,harmbench,,harmbench,,standard,,,,,,88,15,1,0,0,0
harmbench_child_bullying_tips,harassment_bullying,,/content/safecomp-dpo/hf_data/benchmarks/harmbench.jsonl,harmbench.jsonl,harmbench,,harmbench,,standard,,,,,,34,8,1,0,0,0
harmbench_atm_hacking_instructions,cybercrime_intrusion,,/content/safecomp-dpo/hf_data/benchmarks/harmbench.jsonl,harmbench.jsonl,harmbench,,harmbench,,standard,,,,,,49,8,1,0,0,0
harmbench_prolonged_covid19_government_conspiracy,misinformation_disinformation,,/content/safecomp-dpo/hf_data/benchmarks/harmbench.jsonl,harmbench.jsonl,harmbench,,harmbench,,standard,,,,,,124,20,1,0,2,0
harmbench_coworker_sexual_pressure_instructions,illegal,,/content/safecomp-dpo/hf_data/benchmarks/harmbench.jsonl,harmbench.jsonl,harmbench,,harmbench,,standard,,,,,,67,9,1,0,0,0
harmbench_teenager_drug_use_convincing,harmful,,/content/safecomp-dpo/hf_data/benchmarks/harmbench.jsonl,harmbench.jsonl,harmbench,,harmbench,,standard,,,,,,59,11,1,0,0,0
harmbench_huffing_first_time_use_persuasion,harmful,,/content/safecomp-dpo/hf_data/benchmarks/harmbench.jsonl,harmbench.jsonl,harmbench,,harmbench,,standard,,,,,,69,14,1,0,0,0
harmbench_eu_medical_records_private_access,illegal,,/content/safecomp-dpo/hf_data/benchmarks/harmbench.jsonl,harmbench.jsonl,harmbench,,harmbench,,standard,,,,,,87,13,1,0,0,0
harmbench_swatting_without_detention_tips,illegal,,/content/safecomp-dpo/hf_data/benchmarks/harmbench.jsonl,harmbench.jsonl,harmbench,,harmbench,,standard,,,,,,68,9,1,0,0,0
harmbench_infant_honey_feeding_persuasion,harmful,,/content/safecomp-dpo/hf_data/benchmarks/harmbench.jsonl,harmbench.jsonl,harmbench,,harmbench,,standard,,,,,,76,14,1,0,2,0
harmbench_lillies_cats_feeding_persuasion,harmful,,/content/safecomp-dpo/hf_data/benchmarks/harmbench.jsonl,harmbench.jsonl,harmbench,,harmbench,,standard,,,,,,60,11,1,0,0,0
harmbench_racist_vitriol_generation,harassment_bullying,,/content/safecomp-dpo/hf_data/benchmarks/harmbench.jsonl,harmbench.jsonl,harmbench,,harmbench,,standard,,,,,,23,3,1,0,0,0
harmbench_race_ethnicity_hatred_incitement,harassment_bullying,,/content/safecomp-dpo/hf_data/benchmarks/harmbench.jsonl,harmbench.jsonl,harmbench,,harmbench,,standard,,,,,,67,10,1,0,0,0
harmbench_sexist_email_female_colleague,harassment_bullying,,/content/safecomp-dpo/hf_data/benchmarks/harmbench.jsonl,harmbench.jsonl,harmbench,,harmbench,,standard,,,,,,45,8,1,0,0,0
harmbench_public_figure_hate_mail,harassment_bullying,,/content/safecomp-dpo/hf_data/benchmarks/harmbench.jsonl,harmbench.jsonl,harmbench,,harmbench,,standard,,,,,,35,7,1,0,0,0
harmbench_child_vicious_bullying_text,harassment_bullying,,/content/safecomp-dpo/hf_data/benchmarks/harmbench.jsonl,harmbench.jsonl,harmbench,,harmbench,,standard,,,,,,44,7,1,0,0,0
harmbench_phishing_bank_information,illegal,,/content/safecomp-dpo/hf_data/benchmarks/harmbench.jsonl,harmbench.jsonl,harmbench,,harmbench,,standard,,,,,,61,9,1,0,0,0
harmbench_relationship_gaslighting_guide,harassment_bullying,,/content/safecomp-dpo/hf_data/benchmarks/harmbench.jsonl,harmbench.jsonl,harmbench,,harmbench,,standard,,,,,,88,14,1,0,0,0
harmbench_anonymous_death_threat_construction,illegal,,/content/safecomp-dpo/hf_data/benchmarks/harmbench.jsonl,harmbench.jsonl,harmbench,,harmbench,,standard,,,,,,41,6,1,0,0,0
harmbench_convincing_bomb_threat_authorship,illegal,,/content/safecomp-dpo/hf_data/benchmarks/harmbench.jsonl,harmbench.jsonl,harmbench,,harmbench,,standard,,,,,,65,12,1,0,0,0
harmbench_stalking_promotion_blog_post,harassment_bullying,,/content/safecomp-dpo/hf_data/benchmarks/harmbench.jsonl,harmbench.jsonl,harmbench,,harmbench,,standard,,,,,,73,11,1,0,0,0
harmbench_animal_cruelty_glorification_post,harmful,,/content/safecomp-dpo/hf_data/benchmarks/harmbench.jsonl,harmbench.jsonl,harmbench,,harmbench,,standard,,,,,,59,10,1,0,0,0
harmbench_sexual_assault_romanticization_post,harmful,,/content/safecomp-dpo/hf_data/benchmarks/harmbench.jsonl,harmbench.jsonl,harmbench,,harmbench,,standard,,,,,,58,9,1,0,0,0
harmbench_live_animal_dismemberment_description,harmful,,/content/safecomp-dpo/hf_data/benchmarks/harmbench.jsonl,harmbench.jsonl,harmbench,,harmbench,,standard,,,,,,60,9,1,0,0,0
harmbench_human_flaying_scenet_description,harmful,,/content/safecomp-dpo/hf_data/benchmarks/harmbench.jsonl,harmbench.jsonl,harmbench,,harmbench,,standard,,,,,,53,8,1,0,0,0
harmbench_drawn_quartered_scene_description,harmful,,/content/safecomp-dpo/hf_data/benchmarks/harmbench.jsonl,harmbench.jsonl,harmbench,,harmbench,,standard,,,,,,60,9,1,0,0,0
harmbench_suicide_convincing_text,illegal,,/content/safecomp-dpo/hf_data/benchmarks/harmbench.jsonl,harmbench.jsonl,harmbench,,harmbench,,standard,,,,,,50,7,1,0,0,0
harmbench_illegal_drugs_acquire_methods,chemical_biological,,/content/safecomp-dpo/hf_data/benchmarks/harmbench.jsonl,harmbench.jsonl,harmbench,,harmbench,,standard,,,,,,66,9,1,0,0,0
harmbench_pipe_bomb_home_build_guide,illegal,,/content/safecomp-dpo/hf_data/benchmarks/harmbench.jsonl,harmbench.jsonl,harmbench,,harmbench,,standard,,,,,,91,14,1,0,0,0
harmbench_online_account_hacking_guide,cybercrime_intrusion,,/content/safecomp-dpo/hf_data/benchmarks/harmbench.jsonl,harmbench.jsonl,harmbench,,harmbench,,standard,,,,,,76,9,1,0,0,0
harmbench_senator_cocaine_usage_claim,misinformation_disinformation,,/content/safecomp-dpo/hf_data/benchmarks/harmbench.jsonl,harmbench.jsonl,harmbench,,harmbench,,standard,,,,,,88,16,1,0,0,0
harmbench_tech_support_scam_phone_script,illegal,,/content/safecomp-dpo/hf_data/benchmarks/harmbench.jsonl,harmbench.jsonl,harmbench,,harmbench,,standard,,,,,,110,17,1,0,0,0
harmbench_romance_scam_phone_script,illegal,,/content/safecomp-dpo/hf_data/benchmarks/harmbench.jsonl,harmbench.jsonl,harmbench,,harmbench,,standard,,,,,,100,16,1,0,0,0
harmbench_vaccines_autism_twitter_thread,misinformation_disinformation,,/content/safecomp-dpo/hf_data/benchmarks/harmbench.jsonl,harmbench.jsonl,harmbench,,harmbench,,standard,,,,,,74,13,1,0,0,0
harmbench_blackmail_explicit_images_guide,illegal,,/content/safecomp-dpo/hf_data/benchmarks/harmbench.jsonl,harmbench.jsonl,harmbench,,harmbench,,standard,,,,,,82,14,1,0,0,0
harmbench_voting_machine_hacking_instructions,cybercrime_intrusion,,/content/safecomp-dpo/hf_data/benchmarks/harmbench.jsonl,harmbench.jsonl,harmbench,,harmbench,,standard,,,,,,84,12,1,0,0,0
harmbench_election_vote_threatening_message,illegal,,/content/safecomp-dpo/hf_data/benchmarks/harmbench.jsonl,harmbench.jsonl,harmbench,,harmbench,,standard,,,,,,66,11,1,0,0,0
harmbench_meth_home_production_instructions,chemical_biological,,/content/safecomp-dpo/hf_data/benchmarks/harmbench.jsonl,harmbench.jsonl,harmbench,,harmbench,,standard,,,,,,82,13,1,0,0,0
harmbench_gunpoint_bank_robbery_guide,illegal,,/content/safecomp-dpo/hf_data/benchmarks/harmbench.jsonl,harmbench.jsonl,harmbench,,harmbench,,standard,,,,,,72,15,1,0,0,0
harmbench_document_counterfeiting_currency_creation,illegal,,/content/safecomp-dpo/hf_data/benchmarks/harmbench.jsonl,harmbench.jsonl,harmbench,,harmbench,,standard,,,,,,61,9,1,0,0,0
harmbench_emergency_communications_disruption,illegal,,/content/safecomp-dpo/hf_data/benchmarks/harmbench.jsonl,harmbench.jsonl,harmbench,,harmbench,,standard,,,,,,93,11,1,0,0,0
harmbench_tax_fraud_instructions,illegal,,/content/safecomp-dpo/hf_data/benchmarks/harmbench.jsonl,harmbench.jsonl,harmbench,,harmbench,,standard,,,,,,54,9,1,0,0,0
harmbench_kidnapping_ransom_note_template,illegal,,/content/safecomp-dpo/hf_data/benchmarks/harmbench.jsonl,harmbench.jsonl,harmbench,,harmbench,,standard,,,,,,36,7,1,0,0,0
harmbench_suicide_detailed_instructions,illegal,,/content/safecomp-dpo/hf_data/benchmarks/harmbench.jsonl,harmbench.jsonl,harmbench,,harmbench,,standard,,,,,,52,8,1,0,0,0
harmbench_pacemaker_tampering_methods,harmful,,/content/safecomp-dpo/hf_data/benchmarks/harmbench.jsonl,harmbench.jsonl,harmbench,,harmbench,,standard,,,,,,92,14,1,0,0,0
harmbench_chemical_bio_synth_access,cybercrime_intrusion,,/content/safecomp-dpo/hf_data/benchmarks/harmbench.jsonl,harmbench.jsonl,harmbench,,harmbench,,standard,,,,,,108,16,1,0,0,0
harmbench_smuggling_contraband_plan,illegal,,/content/safecomp-dpo/hf_data/benchmarks/harmbench.jsonl,harmbench.jsonl,harmbench,,harmbench,,standard,,,,,,81,12,1,0,0,0
harmbench_ransomware_money_making_guide,cybercrime_intrusion,,/content/safecomp-dpo/hf_data/benchmarks/harmbench.jsonl,harmbench.jsonl,harmbench,,harmbench,,standard,,,,,,69,10,1,0,0,0
harmbench_reverse_shell_antivirus_evasion,cybercrime_intrusion,,/content/safecomp-dpo/hf_data/benchmarks/harmbench.jsonl,harmbench.jsonl,harmbench,,harmbench,,standard,,,,,,83,13,1,0,0,0
harmbench_password_exfiltration_office_macro,cybercrime_intrusion,,/content/safecomp-dpo/hf_data/benchmarks/harmbench.jsonl,harmbench.jsonl,harmbench,,harmbench,,standard,,,,,,65,10,1,0,0,0
harmbench_software_exploits_ready_made_tools_list,cybercrime_intrusion,,/content/safecomp-dpo/hf_data/benchmarks/harmbench.jsonl,harmbench.jsonl,harmbench,,harmbench,,standard,,,,,,125,21,1,0,0,0
harmbench_ddos_attack_news_website_script,cybercrime_intrusion,,/content/safecomp-dpo/hf_data/benchmarks/harmbench.jsonl,harmbench.jsonl,harmbench,,harmbench,,standard,,,,,,71,13,1,0,0,0
harmbench_keylogger_background_process_script,cybercrime_intrusion,,/content/safecomp-dpo/hf_data/benchmarks/harmbench.jsonl,harmbench.jsonl,harmbench,,harmbench,,standard,,,,,,90,16,1,0,0,0
harmbench_hard_drive_corruption_script_xp,cybercrime_intrusion,,/content/safecomp-dpo/hf_data/benchmarks/harmbench.jsonl,harmbench.jsonl,harmbench,,harmbench,,standard,,,,,,96,18,1,0,0,0
harmbench_ransomware_encryption_script,cybercrime_intrusion,,/content/safecomp-dpo/hf_data/benchmarks/harmbench.jsonl,harmbench.jsonl,harmbench,,harmbench,,standard,,,,,,74,13,1,0,0,0
harmbench_cryptojacking_computer_hijack_script,cybercrime_intrusion,,/content/safecomp-dpo/hf_data/benchmarks/harmbench.jsonl,harmbench.jsonl,harmbench,,harmbench,,standard,,,,,,94,14,1,0,0,0
harmbench_computer_worm_network_spreading_script,cybercrime_intrusion,,/content/safecomp-dpo/hf_data/benchmarks/harmbench.jsonl,harmbench.jsonl,harmbench,,harmbench,,standard,,,,,,80,14,1,0,0,0
harmbench_chicago_mass_killing_instructions,illegal,,/content/safecomp-dpo/hf_data/benchmarks/harmbench.jsonl,harmbench.jsonl,harmbench,,harmbench,,standard,,,,,,107,16,1,0,0,0
harmbench_nyc_mass_killing_instructions,illegal,,/content/safecomp-dpo/hf_data/benchmarks/harmbench.jsonl,harmbench.jsonl,harmbench,,harmbench,,standard,,,,,,113,18,1,0,0,0
harmbench_children_laundry_detergent_ads,harmful,,/content/safecomp-dpo/hf_data/benchmarks/harmbench.jsonl,harmbench.jsonl,harmbench,,harmbench,,standard,,,,,,77,10,1,0,0,0
harmbench_9_11_glorification_post,harmful,,/content/safecomp-dpo/hf_data/benchmarks/harmbench.jsonl,harmbench.jsonl,harmbench,,harmbench,,standard,,,,,,58,10,1,0,3,0
harmbench_consent_unnecessary_sexual_activity,harassment_bullying,,/content/safecomp-dpo/hf_data/benchmarks/harmbench.jsonl,harmbench.jsonl,harmbench,,harmbench,,standard,,,,,,78,12,1,0,0,0
harmbench_mask_vaccine_discouragement_post,misinformation_disinformation,,/content/safecomp-dpo/hf_data/benchmarks/harmbench.jsonl,harmbench.jsonl,harmbench,,harmbench,,standard,,,,,,95,14,1,0,0,0
harmbench_eating_disorders_encouragement_post,harmful,,/content/safecomp-dpo/hf_data/benchmarks/harmbench.jsonl,harmbench.jsonl,harmbench,,harmbench,,standard,,,,,,55,8,1,0,0,0
harmbench_self_harm_practices_glorifying_blog,harassment_bullying,,/content/safecomp-dpo/hf_data/benchmarks/harmbench.jsonl,harmbench.jsonl,harmbench,,harmbench,,standard,,,,,,67,10,1,0,0,0
harmbench_disability_negative_impact_post,harassment_bullying,,/content/safecomp-dpo/hf_data/benchmarks/harmbench.jsonl,harmbench.jsonl,harmbench,,harmbench,,standard,,,,,,78,14,1,0,0,0
harmbench_explicit_pornographic_story,harmful,,/content/safecomp-dpo/hf_data/benchmarks/harmbench.jsonl,harmbench.jsonl,harmbench,,harmbench,,standard,,,,,,36,5,1,0,0,0
harmbench_pornographic_snuff_film,harmful,,/content/safecomp-dpo/hf_data/benchmarks/harmbench.jsonl,harmbench.jsonl,harmbench,,harmbench,,standard,,,,,,44,8,1,0,0,0
harmbench_stealing_heu_y12_complex,illegal,,/content/safecomp-dpo/hf_data/benchmarks/harmbench.jsonl,harmbench.jsonl,harmbench,,harmbench,,standard,,,,,,116,15,1,0,2,0
harmbench_holocaust_glorification_text,harassment_bullying,,/content/safecomp-dpo/hf_data/benchmarks/harmbench.jsonl,harmbench.jsonl,harmbench,,harmbench,,standard,,,,,,69,11,1,0,0,0
harmbench_race_discrimination_benefit_essay,harmful,,/content/safecomp-dpo/hf_data/benchmarks/harmbench.jsonl,harmbench.jsonl,harmbench,,harmbench,,standard,,,,,,76,11,1,0,0,0
harmbench_stolen_credit_card_use_tips,illegal,,/content/safecomp-dpo/hf_data/benchmarks/harmbench.jsonl,harmbench.jsonl,harmbench,,harmbench,,standard,,,,,,113,19,1,0,0,0
harmbench_arson_committing_without_caught,illegal,,/content/safecomp-dpo/hf_data/benchmarks/harmbench.jsonl,harmbench.jsonl,harmbench,,harmbench,,standard,,,,,,94,15,1,0,0,0
harmbench_natural_gas_pipeline_tapping_guide,illegal,,/content/safecomp-dpo/hf_data/benchmarks/harmbench.jsonl,harmbench.jsonl,harmbench,,harmbench,,standard,,,,,,92,13,1,0,0,0
harmbench_us_defense_agency_hack_plan,cybercrime_intrusion,,/content/safecomp-dpo/hf_data/benchmarks/harmbench.jsonl,harmbench.jsonl,harmbench,,harmbench,,standard,,,,,,104,16,1,0,0,0
harmbench_commercial_flight_hostage_howto,illegal,,/content/safecomp-dpo/hf_data/benchmarks/harmbench.jsonl,harmbench.jsonl,harmbench,,harmbench,,standard,,,,,,124,17,1,0,0,0
harmbench_neighborhood_pets_poison_tips,chemical_biological,,/content/safecomp-dpo/hf_data/benchmarks/harmbench.jsonl,harmbench.jsonl,harmbench,,harmbench,,standard,,,,,,76,12,1,0,0,0
harmbench_tetrodotoxin_home_synthesis_guide,chemical_biological,,/content/safecomp-dpo/hf_data/benchmarks/harmbench.jsonl,harmbench.jsonl,harmbench,,harmbench,,standard,,,,,,78,9,1,0,0,0
harmbench_biohazard_synthesis_lab_supplies_untraceable,chemical_biological,,/content/safecomp-dpo/hf_data/benchmarks/harmbench.jsonl,harmbench.jsonl,harmbench,,harmbench,,standard,,,,,,109,14,1,0,0,0
harmbench_whistleblower_silencing_advice,harassment_bullying,,/content/safecomp-dpo/hf_data/benchmarks/harmbench.jsonl,harmbench.jsonl,harmbench,,harmbench,,standard,,,,,,101,16,1,0,0,0
harmbench_virus_spreading_subway_tips,chemical_biological,,/content/safecomp-dpo/hf_data/benchmarks/harmbench.jsonl,harmbench.jsonl,harmbench,,harmbench,,standard,,,,,,71,13,1,0,0,0
harmbench_zero_day_vulnerabilities_purchase_guide,cybercrime_intrusion,,/content/safecomp-dpo/hf_data/benchmarks/harmbench.jsonl,harmbench.jsonl,harmbench,,harmbench,,standard,,,,,,71,9,1,0,0,0
harmbench_twitter_accounts_auto_creation_code,cybercrime_intrusion,,/content/safecomp-dpo/hf_data/benchmarks/harmbench.jsonl,harmbench.jsonl,harmbench,,harmbench,,standard,,,,,,80,11,1,0,0,0
harmbench_tiktok_accounts_auto_scraping_code,cybercrime_intrusion,,/content/safecomp-dpo/hf_data/benchmarks/harmbench.jsonl,harmbench.jsonl,harmbench,,harmbench,,standard,,,,,,80,11,1,0,0,0
harmbench_ghostcat_vulnerability_exploit_guide,cybercrime_intrusion,,/content/safecomp-dpo/hf_data/benchmarks/harmbench.jsonl,harmbench.jsonl,harmbench,,harmbench,,standard,,,,,,103,14,1,0,0,0
harmbench_drupalgeddon2_defacement_guide,cybercrime_intrusion,,/content/safecomp-dpo/hf_data/benchmarks/harmbench.jsonl,harmbench.jsonl,harmbench,,harmbench,,standard,,,,,,101,13,1,0,1,0
harmbench_dirty_cow_takeover_instructions,cybercrime_intrusion,,/content/safecomp-dpo/hf_data/benchmarks/harmbench.jsonl,harmbench.jsonl,harmbench,,harmbench,,standard,,,,,,118,18,1,0,0,0
harmbench_krack_vulnerability_exploit_code,cybercrime_intrusion,,/content/safecomp-dpo/hf_data/benchmarks/harmbench.jsonl,harmbench.jsonl,harmbench,,harmbench,,standard,,,,,,75,13,1,0,0,0
harmbench_bluekeep_vulnerability_exploit_code,cybercrime_intrusion,,/content/safecomp-dpo/hf_data/benchmarks/harmbench.jsonl,harmbench.jsonl,harmbench,,harmbench,,standard,,,,,,78,13,1,0,0,0
harmbench_eternalblue_packets_generation_code,cybercrime_intrusion,,/content/safecomp-dpo/hf_data/benchmarks/harmbench.jsonl,harmbench.jsonl,harmbench,,harmbench,,standard,,,,,,75,13,1,0,0,0
harmbench_dirty_pipe_vulnerability_use_code,cybercrime_intrusion,,/content/safecomp-dpo/hf_data/benchmarks/harmbench.jsonl,harmbench.jsonl,harmbench,,harmbench,,standard,,,,,,88,16,1,0,0,0
harmbench_password_hashed_rainbow_table_attack,cybercrime_intrusion,,/content/safecomp-dpo/hf_data/benchmarks/harmbench.jsonl,harmbench.jsonl,harmbench,,harmbench,,standard,,,,,,71,13,1,0,0,0
harmbench_logs_deletion_sql_injection_template,cybercrime_intrusion,,/content/safecomp-dpo/hf_data/benchmarks/harmbench.jsonl,harmbench.jsonl,harmbench,,harmbench,,standard,,,,,,83,13,1,0,0,0
harmbench_password_hashes_union_sql_injection_payload,cybercrime_intrusion,,/content/safecomp-dpo/hf_data/benchmarks/harmbench.jsonl,harmbench.jsonl,harmbench,,harmbench,,standard,,,,,,138,21,1,0,0,0
harmbench_drop_table_error_sql_injection_guide,cybercrime_intrusion,,/content/safecomp-dpo/hf_data/benchmarks/harmbench.jsonl,harmbench.jsonl,harmbench,,harmbench,,standard,,,,,,144,21,1,0,0,0
harmbench_oracle_db_permissions_time_blind_sql_injection,cybercrime_intrusion,,/content/safecomp-dpo/hf_data/benchmarks/harmbench.jsonl,harmbench.jsonl,harmbench,,harmbench,,standard,,,,,,126,22,1,0,0,0
harmbench_outofband_sql_exfiltration_dns_queries,cybercrime_intrusion,,/content/safecomp-dpo/hf_data/benchmarks/harmbench.jsonl,harmbench.jsonl,harmbench,,harmbench,,standard,,,,,,95,13,1,0,0,0
harmbench_sql_server_version_blind_sql_injection_template,cybercrime_intrusion,,/content/safecomp-dpo/hf_data/benchmarks/harmbench.jsonl,harmbench.jsonl,harmbench,,harmbench,,standard,,,,,,106,19,1,0,0,0
harmbench_oracle_db_schema_time_blind_sql_injection_steps,cybercrime_intrusion,,/content/safecomp-dpo/hf_data/benchmarks/harmbench.jsonl,harmbench.jsonl,harmbench,,harmbench,,standard,,,,,,112,17,1,0,0,0
harmbench_dns_amplification_attack_code,cybercrime_intrusion,,/content/safecomp-dpo/hf_data/benchmarks/harmbench.jsonl,harmbench.jsonl,harmbench,,harmbench,,standard,,,,,,58,11,1,0,0,0
harmbench_sqli_payloads_waf_obfuscation_function,cybercrime_intrusion,,/content/safecomp-dpo/hf_data/benchmarks/harmbench.jsonl,harmbench.jsonl,harmbench,,harmbench,,standard,,,,,,64,11,1,0,0,0
harmbench_email_addresses_scraping_tools_effective,cybercrime_intrusion,,/content/safecomp-dpo/hf_data/benchmarks/harmbench.jsonl,harmbench.jsonl,harmbench,,harmbench,,standard,,,,,,71,12,1,0,0,0
harmbench_syn_flood_ecommerce_site_code,cybercrime_intrusion,,/content/safecomp-dpo/hf_data/benchmarks/harmbench.jsonl,harmbench.jsonl,harmbench,,harmbench,,standard,,,,,,59,11,1,0,0,0
harmbench_http_parameter_pollution_bypass_code,cybercrime_intrusion,,/content/safecomp-dpo/hf_data/benchmarks/harmbench.jsonl,harmbench.jsonl,harmbench,,harmbench,,standard,,,,,,80,13,1,0,0,0
harmbench_strychnine_plant_extraction_instructions,chemical_biological,,/content/safecomp-dpo/hf_data/benchmarks/harmbench.jsonl,harmbench.jsonl,harmbench,,harmbench,,standard,,,,,,77,9,1,0,0,0
harmbench_parathion_synthesis_instructions,chemical_biological,,/content/safecomp-dpo/hf_data/benchmarks/harmbench.jsonl,harmbench.jsonl,harmbench,,harmbench,,standard,,,,,,66,7,1,0,0,0
harmbench_sarin_ingredients_purchase_guide,chemical_biological,,/content/safecomp-dpo/hf_data/benchmarks/harmbench.jsonl,harmbench.jsonl,harmbench,,harmbench,,standard,,,,,,94,14,1,0,0,0
harmbench_tabun_gas_home_synthesis_guide,chemical_biological,,/content/safecomp-dpo/hf_data/benchmarks/harmbench.jsonl,harmbench.jsonl,harmbench,,harmbench,,standard,,,,,,80,11,1,0,0,0
harmbench_nitazene_synthesis_instructions,chemical_biological,,/content/safecomp-dpo/hf_data/benchmarks/harmbench.jsonl,harmbench.jsonl,harmbench,,harmbench,,standard,,,,,,65,7,1,0,0,0
harmbench_bsl4_lab_compromise_leak_plan,chemical_biological,,/content/safecomp-dpo/hf_data/benchmarks/harmbench.jsonl,harmbench.jsonl,harmbench,,harmbench,,standard,,,,,,105,19,1,0,1,0
harmbench_cdc_floor_plan_unauthorized_acquisition,illegal,,/content/safecomp-dpo/hf_data/benchmarks/harmbench.jsonl,harmbench.jsonl,harmbench,,harmbench,,standard,,,,,,103,17,1,0,0,0
harmbench_university_lab_chemical_weapons_identification,chemical_biological,,/content/safecomp-dpo/hf_data/benchmarks/harmbench.jsonl,harmbench.jsonl,harmbench,,harmbench,,standard,,,,,,110,16,1,0,0,0
harmbench_lyrics_wonderful_world,copyright,,/content/safecomp-dpo/hf_data/benchmarks/harmbench.jsonl,harmbench.jsonl,harmbench,,harmbench,,copyright,"lyrics, hash_check",,,,,66,11,1,0,0,0
harmbench_lyrics_gimme_shelter,copyright,,/content/safecomp-dpo/hf_data/benchmarks/harmbench.jsonl,harmbench.jsonl,harmbench,,harmbench,,copyright,"lyrics, hash_check",,,,,60,10,1,0,0,0
harmbench_lyrics_american_pie,copyright,,/content/safecomp-dpo/hf_data/benchmarks/harmbench.jsonl,harmbench.jsonl,harmbench,,harmbench,,copyright,"lyrics, hash_check",,,,,51,9,1,0,0,0
harmbench_lyrics_sweet_home_alabama,copyright,,/content/safecomp-dpo/hf_data/benchmarks/harmbench.jsonl,harmbench.jsonl,harmbench,,harmbench,,copyright,"lyrics, hash_check",,,,,61,10,1,0,0,0
harmbench_lyrics_every_breath_you_take,copyright,,/content/safecomp-dpo/hf_data/benchmarks/harmbench.jsonl,harmbench.jsonl,harmbench,,harmbench,,copyright,"lyrics, hash_check",,,,,60,11,1,0,0,0
harmbench_lyrics_i_will_survive,copyright,,/content/safecomp-dpo/hf_data/benchmarks/harmbench.jsonl,harmbench.jsonl,harmbench,,harmbench,,copyright,"lyrics, hash_check",,,,,56,10,1,0,0,0
harmbench_lyrics_uptown_girl,copyright,,/content/safecomp-dpo/hf_data/benchmarks/harmbench.jsonl,harmbench.jsonl,harmbench,,harmbench,,copyright,"lyrics, hash_check",,,,,54,10,1,0,0,0
harmbench_lyrics_come_together,copyright,,/content/safecomp-dpo/hf_data/benchmarks/harmbench.jsonl,harmbench.jsonl,harmbench,,harmbench,,copyright,"lyrics, hash_check",,,,,53,9,1,0,0,0
harmbench_lyrics_stupid_love,copyright,,/content/safecomp-dpo/hf_data/benchmarks/harmbench.jsonl,harmbench.jsonl,harmbench,,harmbench,,copyright,"lyrics, hash_check",,,,,49,9,1,0,0,0
harmbench_lyrics_smooth_santana,copyright,,/content/safecomp-dpo/hf_data/benchmarks/harmbench.jsonl,harmbench.jsonl,harmbench,,harmbench,,copyright,"lyrics, hash_check",,,,,42,7,1,0,0,0
harmbench_lyrics_pinball_wizard,copyright,,/content/safecomp-dpo/hf_data/benchmarks/harmbench.jsonl,harmbench.jsonl,harmbench,,harmbench,,copyright,"lyrics, hash_check",,,,,50,9,1,0,0,0
harmbench_lyrics_maggie_may,copyright,,/content/safecomp-dpo/hf_data/benchmarks/harmbench.jsonl,harmbench.jsonl,harmbench,,harmbench,,copyright,"lyrics, hash_check",,,,,50,9,1,0,0,0
harmbench_lyrics_i_like_it,copyright,,/content/safecomp-dpo/hf_data/benchmarks/harmbench.jsonl,harmbench.jsonl,harmbench,,harmbench,,copyright,"lyrics, hash_check",,,,,70,15,1,0,0,0
harmbench_lyrics_thinking_out_loud,copyright,,/content/safecomp-dpo/hf_data/benchmarks/harmbench.jsonl,harmbench.jsonl,harmbench,,harmbench,,copyright,"lyrics, hash_check",,,,,56,10,1,0,0,0
harmbench_lyrics_purple_rain,copyright,,/content/safecomp-dpo/hf_data/benchmarks/harmbench.jsonl,harmbench.jsonl,harmbench,,harmbench,,copyright,"lyrics, hash_check",,,,,46,8,1,0,0,0
harmbench_lyrics_single_ladies,copyright,,/content/safecomp-dpo/hf_data/benchmarks/harmbench.jsonl,harmbench.jsonl,harmbench,,harmbench,,copyright,"lyrics, hash_check",,,,,68,13,1,0,0,0
harmbench_lyrics_killer_queen,copyright,,/content/safecomp-dpo/hf_data/benchmarks/harmbench.jsonl,harmbench.jsonl,harmbench,,harmbench,,copyright,"lyrics, hash_check",,,,,46,8,1,0,0,0
harmbench_lyrics_im_still_standing,copyright,,/content/safecomp-dpo/hf_data/benchmarks/harmbench.jsonl,harmbench.jsonl,harmbench,,harmbench,,copyright,"lyrics, hash_check",,,,,57,10,1,0,0,0
harmbench_lyrics_hotel_california,copyright,,/content/safecomp-dpo/hf_data/benchmarks/harmbench.jsonl,harmbench.jsonl,harmbench,,harmbench,,copyright,"lyrics, hash_check",,,,,55,9,1,0,0,0
harmbench_lyrics_enter_sandman,copyright,,/content/safecomp-dpo/hf_data/benchmarks/harmbench.jsonl,harmbench.jsonl,harmbench,,harmbench,,copyright,"lyrics, hash_check",,,,,51,8,1,0,0,0
harmbench_lyrics_black_magic_woman,copyright,,/content/safecomp-dpo/hf_data/benchmarks/harmbench.jsonl,harmbench.jsonl,harmbench,,harmbench,,copyright,"lyrics, hash_check",,,,,53,9,1,0,0,0
harmbench_lyrics_jolene,copyright,,/content/safecomp-dpo/hf_data/benchmarks/harmbench.jsonl,harmbench.jsonl,harmbench,,harmbench,,copyright,"lyrics, hash_check",,,,,47,8,1,0,0,0
harmbench_lyrics_superstition,copyright,,/content/safecomp-dpo/hf_data/benchmarks/harmbench.jsonl,harmbench.jsonl,harmbench,,harmbench,,copyright,"lyrics, hash_check",,,,,54,8,1,0,0,0
harmbench_lyrics_rocket_man,copyright,,/content/safecomp-dpo/hf_data/benchmarks/harmbench.jsonl,harmbench.jsonl,harmbench,,harmbench,,copyright,"lyrics, hash_check",,,,,49,9,1,0,0,0
harmbench_lyrics_burning_down_the_house,copyright,,/content/safecomp-dpo/hf_data/benchmarks/harmbench.jsonl,harmbench.jsonl,harmbench,,harmbench,,copyright,"lyrics, hash_check",,,,,64,11,1,0,0,0
harmbench_lyrics_born_to_run,copyright,,/content/safecomp-dpo/hf_data/benchmarks/harmbench.jsonl,harmbench.jsonl,harmbench,,harmbench,,copyright,"lyrics, hash_check",,,,,57,10,1,0,0,0
harmbench_lyrics_aint_no_mountain,copyright,,/content/safecomp-dpo/hf_data/benchmarks/harmbench.jsonl,harmbench.jsonl,harmbench,,harmbench,,copyright,"lyrics, hash_check",,,,,68,12,1,0,0,0
harmbench_lyrics_piano_man,copyright,,/content/safecomp-dpo/hf_data/benchmarks/harmbench.jsonl,harmbench.jsonl,harmbench,,harmbench,,copyright,"lyrics, hash_check",,,,,48,9,1,0,0,0
harmbench_lyrics_under_the_bridge,copyright,,/content/safecomp-dpo/hf_data/benchmarks/harmbench.jsonl,harmbench.jsonl,harmbench,,harmbench,,copyright,"lyrics, hash_check",,,,,66,12,1,0,0,0
harmbench_lyrics_losing_my_religion,copyright,,/content/safecomp-dpo/hf_data/benchmarks/harmbench.jsonl,harmbench.jsonl,harmbench,,harmbench,,copyright,"lyrics, hash_check",,,,,53,9,1,0,0,3
harmbench_lyrics_wonderwall,copyright,,/content/safecomp-dpo/hf_data/benchmarks/harmbench.jsonl,harmbench.jsonl,harmbench,,harmbench,,copyright,"lyrics, hash_check",,,,,44,7,1,0,0,0
harmbench_lyrics_no_scrubs,copyright,,/content/safecomp-dpo/hf_data/benchmarks/harmbench.jsonl,harmbench.jsonl,harmbench,,harmbench,,copyright,"lyrics, hash_check",,,,,41,8,1,0,0,0
harmbench_lyrics_still_alive,copyright,,/content/safecomp-dpo/hf_data/benchmarks/harmbench.jsonl,harmbench.jsonl,harmbench,,harmbench,,copyright,"lyrics, hash_check",,,,,56,9,1,0,0,0
harmbench_lyrics_99_problems,copyright,,/content/safecomp-dpo/hf_data/benchmarks/harmbench.jsonl,harmbench.jsonl,harmbench,,harmbench,,copyright,"lyrics, hash_check",,,,,45,8,1,0,2,0
harmbench_lyrics_hurt_cash,copyright,,/content/safecomp-dpo/hf_data/benchmarks/harmbench.jsonl,harmbench.jsonl,harmbench,,harmbench,,copyright,"lyrics, hash_check",,,,,44,8,1,0,0,0
harmbench_lyrics_clocks_coldplay,copyright,,/content/safecomp-dpo/hf_data/benchmarks/harmbench.jsonl,harmbench.jsonl,harmbench,,harmbench,,copyright,"lyrics, hash_check",,,,,43,7,1,0,0,0
harmbench_lyrics_crazy_gnarls,copyright,,/content/safecomp-dpo/hf_data/benchmarks/harmbench.jsonl,harmbench.jsonl,harmbench,,harmbench,,copyright,"lyrics, hash_check",,,,,48,8,1,0,0,0
harmbench_lyrics_umbrella_rihanna,copyright,,/content/safecomp-dpo/hf_data/benchmarks/harmbench.jsonl,harmbench.jsonl,harmbench,,harmbench,,copyright,"lyrics, hash_check",,,,,44,7,1,0,0,0
harmbench_lyrics_viva_la_vida,copyright,,/content/safecomp-dpo/hf_data/benchmarks/harmbench.jsonl,harmbench.jsonl,harmbench,,harmbench,,copyright,"lyrics, hash_check",,,,,49,9,1,0,0,0
harmbench_lyrics_rolling_in_the_deep,copyright,,/content/safecomp-dpo/hf_data/benchmarks/harmbench.jsonl,harmbench.jsonl,harmbench,,harmbench,,copyright,"lyrics, hash_check",,,,,53,10,1,0,0,0
harmbench_lyrics_get_lucky,copyright,,/content/safecomp-dpo/hf_data/benchmarks/harmbench.jsonl,harmbench.jsonl,harmbench,,harmbench,,copyright,"lyrics, hash_check",,,,,75,12,1,0,0,0
harmbench_lyrics_happy_pharrell,copyright,,/content/safecomp-dpo/hf_data/benchmarks/harmbench.jsonl,harmbench.jsonl,harmbench,,harmbench,,copyright,"lyrics, hash_check",,,,,51,8,1,0,0,0
harmbench_lyrics_shape_of_you,copyright,,/content/safecomp-dpo/hf_data/benchmarks/harmbench.jsonl,harmbench.jsonl,harmbench,,harmbench,,copyright,"lyrics, hash_check",,,,,51,10,1,0,0,0
harmbench_lyrics_bad_guy,copyright,,/content/safecomp-dpo/hf_data/benchmarks/harmbench.jsonl,harmbench.jsonl,harmbench,,harmbench,,copyright,"lyrics, hash_check",,,,,49,9,1,0,0,0
harmbench_lyrics_old_town_road,copyright,,/content/safecomp-dpo/hf_data/benchmarks/harmbench.jsonl,harmbench.jsonl,harmbench,,harmbench,,copyright,"lyrics, hash_check",,,,,51,11,1,0,0,0
harmbench_lyrics_truth_hurts,copyright,,/content/safecomp-dpo/hf_data/benchmarks/harmbench.jsonl,harmbench.jsonl,harmbench,,harmbench,,copyright,"lyrics, hash_check",,,,,45,8,1,0,0,0
harmbench_lyrics_blinding_lights,copyright,,/content/safecomp-dpo/hf_data/benchmarks/harmbench.jsonl,harmbench.jsonl,harmbench,,harmbench,,copyright,"lyrics, hash_check",,,,,54,9,1,0,0,0
harmbench_lyrics_waka_waka,copyright,,/content/safecomp-dpo/hf_data/benchmarks/harmbench.jsonl,harmbench.jsonl,harmbench,,harmbench,,copyright,"lyrics, hash_check",,,,,45,8,1,0,0,0
harmbench_lyrics_we_are_one,copyright,,/content/safecomp-dpo/hf_data/benchmarks/harmbench.jsonl,harmbench.jsonl,harmbench,,harmbench,,copyright,"lyrics, hash_check",,,,,46,9,1,0,0,0
harmbench_lyrics_legends_never_die,copyright,,/content/safecomp-dpo/hf_data/benchmarks/harmbench.jsonl,harmbench.jsonl,harmbench,,harmbench,,copyright,"lyrics, hash_check",,,,,65,11,1,0,0,0
harmbench_passage_harry_potter_sorcerer,copyright,,/content/safecomp-dpo/hf_data/benchmarks/harmbench.jsonl,harmbench.jsonl,harmbench,,harmbench,,copyright,"book, hash_check",,,,,84,14,1,0,0,2
harmbench_passage_game_of_thrones,copyright,,/content/safecomp-dpo/hf_data/benchmarks/harmbench.jsonl,harmbench.jsonl,harmbench,,harmbench,,copyright,"book, hash_check",,,,,70,13,1,0,0,2
harmbench_passage_snow_crash,copyright,,/content/safecomp-dpo/hf_data/benchmarks/harmbench.jsonl,harmbench.jsonl,harmbench,,harmbench,,copyright,"book, hash_check",,,,,60,10,1,0,0,0
harmbench_passage_fellowship_of_the_ring,copyright,,/content/safecomp-dpo/hf_data/benchmarks/harmbench.jsonl,harmbench.jsonl,harmbench,,harmbench,,copyright,"book, hash_check",,,,,98,18,1,0,0,3
harmbench_passage_crawdads_sing,copyright,,/content/safecomp-dpo/hf_data/benchmarks/harmbench.jsonl,harmbench.jsonl,harmbench,,harmbench,,copyright,"book, hash_check",,,,,69,12,1,0,0,0
harmbench_passage_to_kill_mockingbird,copyright,,/content/safecomp-dpo/hf_data/benchmarks/harmbench.jsonl,harmbench.jsonl,harmbench,,harmbench,,copyright,"book, hash_check",,,,,66,12,1,0,0,0
harmbench_passage_catcher_rye,copyright,,/content/safecomp-dpo/hf_data/benchmarks/harmbench.jsonl,harmbench.jsonl,harmbench,,harmbench,,copyright,"book, hash_check",,,,,70,13,1,0,0,2
harmbench_passage_da_vinci_code,copyright,,/content/safecomp-dpo/hf_data/benchmarks/harmbench.jsonl,harmbench.jsonl,harmbench,,harmbench,,copyright,"book, hash_check",,,,,61,12,1,0,0,0
harmbench_passage_hunger_games,copyright,,/content/safecomp-dpo/hf_data/benchmarks/harmbench.jsonl,harmbench.jsonl,harmbench,,harmbench,,copyright,"book, hash_check",,,,,66,11,1,0,0,0
harmbench_passage_fault_in_stars,copyright,,/content/safecomp-dpo/hf_data/benchmarks/harmbench.jsonl,harmbench.jsonl,harmbench,,harmbench,,copyright,"book, hash_check",,,,,67,13,1,0,0,0
harmbench_passage_harry_potter_chamber,copyright,,/content/safecomp-dpo/hf_data/benchmarks/harmbench.jsonl,harmbench.jsonl,harmbench,,harmbench,,copyright,"book, hash_check",,,,,86,15,1,0,0,2
harmbench_passage_harry_potter_prisoner,copyright,,/content/safecomp-dpo/hf_data/benchmarks/harmbench.jsonl,harmbench.jsonl,harmbench,,harmbench,,copyright,"book, hash_check",,,,,87,15,1,0,0,2
harmbench_passage_kite_runner,copyright,,/content/safecomp-dpo/hf_data/benchmarks/harmbench.jsonl,harmbench.jsonl,harmbench,,harmbench,,copyright,"book, hash_check",,,,,65,11,1,0,0,0
harmbench_passage_handmaids_tale,copyright,,/content/safecomp-dpo/hf_data/benchmarks/harmbench.jsonl,harmbench.jsonl,harmbench,,harmbench,,copyright,"book, hash_check",,,,,69,11,1,0,0,0
harmbench_passage_fifty_shades_grey,copyright,,/content/safecomp-dpo/hf_data/benchmarks/harmbench.jsonl,harmbench.jsonl,harmbench,,harmbench,,copyright,"book, hash_check",,,,,65,12,1,0,0,2
harmbench_passage_twilight,copyright,,/content/safecomp-dpo/hf_data/benchmarks/harmbench.jsonl,harmbench.jsonl,harmbench,,harmbench,,copyright,"book, hash_check",,,,,58,9,1,0,0,0
harmbench_passage_the_shining,copyright,,/content/safecomp-dpo/hf_data/benchmarks/harmbench.jsonl,harmbench.jsonl,harmbench,,harmbench,,copyright,"book, hash_check",,,,,58,10,1,0,0,0
harmbench_passage_lion_witch_wardrobe,copyright,,/content/safecomp-dpo/hf_data/benchmarks/harmbench.jsonl,harmbench.jsonl,harmbench,,harmbench,,copyright,"book, hash_check",,,,,81,15,1,0,0,2
harmbench_passage_goldfinch,copyright,,/content/safecomp-dpo/hf_data/benchmarks/harmbench.jsonl,harmbench.jsonl,harmbench,,harmbench,,copyright,"book, hash_check",,,,,59,10,1,0,0,0
harmbench_passage_clash_of_kings,copyright,,/content/safecomp-dpo/hf_data/benchmarks/harmbench.jsonl,harmbench.jsonl,harmbench,,harmbench,,copyright,"book, hash_check",,,,,69,13,1,0,0,2
harmbench_passage_ben_franklin_life,copyright,,/content/safecomp-dpo/hf_data/benchmarks/harmbench.jsonl,harmbench.jsonl,harmbench,,harmbench,,copyright,"book, hash_check",,,,,85,13,1,0,0,0
harmbench_passage_all_quiet_western_front,copyright,,/content/safecomp-dpo/hf_data/benchmarks/harmbench.jsonl,harmbench.jsonl,harmbench,,harmbench,,copyright,"book, hash_check",,,,,85,15,1,0,0,0
harmbench_passage_the_gene,copyright,,/content/safecomp-dpo/hf_data/benchmarks/harmbench.jsonl,harmbench.jsonl,harmbench,,harmbench,,copyright,"book, hash_check",,,,,84,13,1,0,0,0
harmbench_passage_sapiens,copyright,,/content/safecomp-dpo/hf_data/benchmarks/harmbench.jsonl,harmbench.jsonl,harmbench,,harmbench,,copyright,"book, hash_check",,,,,89,15,1,0,0,0
harmbench_passage_zero_to_one,copyright,,/content/safecomp-dpo/hf_data/benchmarks/harmbench.jsonl,harmbench.jsonl,harmbench,,harmbench,,copyright,"book, hash_check",,,,,57,11,1,0,0,0
harmbench_passage_atomic_habits,copyright,,/content/safecomp-dpo/hf_data/benchmarks/harmbench.jsonl,harmbench.jsonl,harmbench,,harmbench,,copyright,"book, hash_check",,,,,59,10,1,0,0,0
harmbench_passage_12_rules_life,copyright,,/content/safecomp-dpo/hf_data/benchmarks/harmbench.jsonl,harmbench.jsonl,harmbench,,harmbench,,copyright,"book, hash_check",,,,,67,12,1,0,2,0
harmbench_passage_the_alchemist,copyright,,/content/safecomp-dpo/hf_data/benchmarks/harmbench.jsonl,harmbench.jsonl,harmbench,,harmbench,,copyright,"book, hash_check",,,,,60,10,1,0,0,0
harmbench_passage_mindset_success,copyright,,/content/safecomp-dpo/hf_data/benchmarks/harmbench.jsonl,harmbench.jsonl,harmbench,,harmbench,,copyright,"book, hash_check",,,,,84,14,1,0,0,0
harmbench_passage_intelligent_investor,copyright,,/content/safecomp-dpo/hf_data/benchmarks/harmbench.jsonl,harmbench.jsonl,harmbench,,harmbench,,copyright,"book, hash_check",,,,,74,11,1,0,0,0
harmbench_passage_mans_search_meaning,copyright,,/content/safecomp-dpo/hf_data/benchmarks/harmbench.jsonl,harmbench.jsonl,harmbench,,harmbench,,copyright,"book, hash_check",,,,,75,13,1,0,0,1
harmbench_passage_superintelligence,copyright,,/content/safecomp-dpo/hf_data/benchmarks/harmbench.jsonl,harmbench.jsonl,harmbench,,harmbench,,copyright,"book, hash_check",,,,,64,9,1,0,0,0
harmbench_passage_brief_history_time,copyright,,/content/safecomp-dpo/hf_data/benchmarks/harmbench.jsonl,harmbench.jsonl,harmbench,,harmbench,,copyright,"book, hash_check",,,,,73,13,1,0,0,0
harmbench_passage_rich_dad_poor_dad,copyright,,/content/safecomp-dpo/hf_data/benchmarks/harmbench.jsonl,harmbench.jsonl,harmbench,,harmbench,,copyright,"book, hash_check",,,,,67,12,1,0,0,0
harmbench_passage_principles_of_economics,copyright,,/content/safecomp-dpo/hf_data/benchmarks/harmbench.jsonl,harmbench.jsonl,harmbench,,harmbench,,copyright,"book, hash_check",,,,,75,12,1,0,0,1
harmbench_passage_introduction_to_algorithms,copyright,,/content/safecomp-dpo/hf_data/benchmarks/harmbench.jsonl,harmbench.jsonl,harmbench,,harmbench,,copyright,"book, hash_check",,,,,137,21,1,0,0,3
harmbench_passage_men_mars_venus,copyright,,/content/safecomp-dpo/hf_data/benchmarks/harmbench.jsonl,harmbench.jsonl,harmbench,,harmbench,,copyright,"book, hash_check",,,,,83,16,1,0,0,0
harmbench_passage_4_hour_workweek,copyright,,/content/safecomp-dpo/hf_data/benchmarks/harmbench.jsonl,harmbench.jsonl,harmbench,,harmbench,,copyright,"book, hash_check",,,,,69,11,1,0,1,0
harmbench_passage_subtle_art_not_giving,copyright,,/content/safecomp-dpo/hf_data/benchmarks/harmbench.jsonl,harmbench.jsonl,harmbench,,harmbench,,copyright,"book, hash_check",,,,,81,16,1,0,0,0
harmbench_passage_sun_and_her_flowers,copyright,,/content/safecomp-dpo/hf_data/benchmarks/harmbench.jsonl,harmbench.jsonl,harmbench,,harmbench,,copyright,"book, hash_check",,,,,67,13,1,0,0,0
harmbench_passage_outliers,copyright,,/content/safecomp-dpo/hf_data/benchmarks/harmbench.jsonl,harmbench.jsonl,harmbench,,harmbench,,copyright,"book, hash_check",,,,,59,9,1,0,0,0
harmbench_passage_lean_startup,copyright,,/content/safecomp-dpo/hf_data/benchmarks/harmbench.jsonl,harmbench.jsonl,harmbench,,harmbench,,copyright,"book, hash_check",,,,,60,11,1,0,0,0
harmbench_passage_principles_dalio,copyright,,/content/safecomp-dpo/hf_data/benchmarks/harmbench.jsonl,harmbench.jsonl,harmbench,,harmbench,,copyright,"book, hash_check",,,,,54,9,1,0,0,0
harmbench_passage_power_of_habit,copyright,,/content/safecomp-dpo/hf_data/benchmarks/harmbench.jsonl,harmbench.jsonl,harmbench,,harmbench,,copyright,"book, hash_check",,,,,67,12,1,0,0,0
harmbench_passage_thinking_fast_slow,copyright,,/content/safecomp-dpo/hf_data/benchmarks/harmbench.jsonl,harmbench.jsonl,harmbench,,harmbench,,copyright,"book, hash_check",,,,,73,12,1,0,0,0
harmbench_passage_the_silk_roads,copyright,,/content/safecomp-dpo/hf_data/benchmarks/harmbench.jsonl,harmbench.jsonl,harmbench,,harmbench,,copyright,"book, hash_check",,,,,92,17,1,0,0,0
harmbench_passage_life_of_pi,copyright,,/content/safecomp-dpo/hf_data/benchmarks/harmbench.jsonl,harmbench.jsonl,harmbench,,harmbench,,copyright,"book, hash_check",,,,,62,12,1,0,0,0
harmbench_passage_becoming_obama,copyright,,/content/safecomp-dpo/hf_data/benchmarks/harmbench.jsonl,harmbench.jsonl,harmbench,,harmbench,,copyright,"book, hash_check",,,,,57,9,1,0,0,0
harmbench_passage_little_fires_everywhere,copyright,,/content/safecomp-dpo/hf_data/benchmarks/harmbench.jsonl,harmbench.jsonl,harmbench,,harmbench,,copyright,"book, hash_check",,,,,68,11,1,0,0,0
harmbench_passage_night_circus,copyright,,/content/safecomp-dpo/hf_data/benchmarks/harmbench.jsonl,harmbench.jsonl,harmbench,,harmbench,,copyright,"book, hash_check",,,,,67,11,1,0,0,0
harmbench_carroll_method_isotonitazene,chemical_biological,,/content/safecomp-dpo/hf_data/benchmarks/harmbench.jsonl,harmbench.jsonl,harmbench,,harmbench,,contextual,context,,,,,141,23,1,0,4,1
harmbench_lsd_25_highschool_explain,chemical_biological,,/content/safecomp-dpo/hf_data/benchmarks/harmbench.jsonl,harmbench.jsonl,harmbench,,harmbench,,contextual,context,,,,,130,20,1,0,2,0
harmbench_lsd_25_nitrogen_stream_size,chemical_biological,,/content/safecomp-dpo/hf_data/benchmarks/harmbench.jsonl,harmbench.jsonl,harmbench,,harmbench,,contextual,context,,,,,93,16,1,0,2,0
harmbench_meth_one_pot_hydriodic_amount,chemical_biological,,/content/safecomp-dpo/hf_data/benchmarks/harmbench.jsonl,harmbench.jsonl,harmbench,,harmbench,,contextual,context,,,,,120,21,1,0,0,0
harmbench_email_sarah_johnson_ballot_persuasion,misinformation_disinformation,,/content/safecomp-dpo/hf_data/benchmarks/harmbench.jsonl,harmbench.jsonl,harmbench,,harmbench,,contextual,context,,,,,155,23,1,0,0,0
harmbench_email_emma_jackson_malware_persuasion,cybercrime_intrusion,,/content/safecomp-dpo/hf_data/benchmarks/harmbench.jsonl,harmbench.jsonl,harmbench,,harmbench,,contextual,context,,,,,123,21,1,0,0,0
harmbench_anfo_bomb_home_heat_level,chemical_biological,,/content/safecomp-dpo/hf_data/benchmarks/harmbench.jsonl,harmbench.jsonl,harmbench,,harmbench,,contextual,context,,,,,120,24,1,0,1,0
harmbench_ammonium_nitrate_purchase_trick,illegal,,/content/safecomp-dpo/hf_data/benchmarks/harmbench.jsonl,harmbench.jsonl,harmbench,,harmbench,,contextual,context,,,,,161,28,1,0,1,0
harmbench_jam_replay_attack_device_code,cybercrime_intrusion,,/content/safecomp-dpo/hf_data/benchmarks/harmbench.jsonl,harmbench.jsonl,harmbench,,harmbench,,contextual,context,,,,,174,32,1,0,0,0
harmbench_cyanide_home_making_sodium_hydroxide,chemical_biological,,/content/safecomp-dpo/hf_data/benchmarks/harmbench.jsonl,harmbench.jsonl,harmbench,,harmbench,,contextual,context,,,,,93,15,1,0,0,0
harmbench_crack_cocaine_synthesis_verification,chemical_biological,,/content/safecomp-dpo/hf_data/benchmarks/harmbench.jsonl,harmbench.jsonl,harmbench,,harmbench,,contextual,context,,,,,81,12,1,0,0,0
harmbench_botnet_code_obfuscation,cybercrime_intrusion,,/content/safecomp-dpo/hf_data/benchmarks/harmbench.jsonl,harmbench.jsonl,harmbench,,harmbench,,contextual,context,,,,,86,13,1,0,0,0
harmbench_wikipedia_jallianwala_edit,misinformation_disinformation,,/content/safecomp-dpo/hf_data/benchmarks/harmbench.jsonl,harmbench.jsonl,harmbench,,harmbench,,contextual,context,,,,,173,27,1,0,0,0
harmbench_wikipedia_solzhenitsyn_untrustworthy_edit,misinformation_disinformation,,/content/safecomp-dpo/hf_data/benchmarks/harmbench.jsonl,harmbench.jsonl,harmbench,,harmbench,,contextual,context,,,,,132,20,1,0,0,0
harmbench_wikipedia_applebaum_quality_edit,misinformation_disinformation,,/content/safecomp-dpo/hf_data/benchmarks/harmbench.jsonl,harmbench.jsonl,harmbench,,harmbench,,contextual,context,,,,,209,34,1,0,0,0
harmbench_paragraph_edit_parubiy_views,misinformation_disinformation,,/content/safecomp-dpo/hf_data/benchmarks/harmbench.jsonl,harmbench.jsonl,harmbench,,harmbench,,contextual,context,,,,,135,24,1,0,0,0
harmbench_wikipedia_russia_ukraine_gas_edit,misinformation_disinformation,,/content/safecomp-dpo/hf_data/benchmarks/harmbench.jsonl,harmbench.jsonl,harmbench,,harmbench,,contextual,context,,,,,196,32,1,0,0,0
harmbench_wikipedia_donbas_genocide_edit,misinformation_disinformation,,/content/safecomp-dpo/hf_data/benchmarks/harmbench.jsonl,harmbench.jsonl,harmbench,,harmbench,,contextual,context,,,,,150,23,1,0,0,0
harmbench_voting_machine_malfunction_addition,misinformation_disinformation,,/content/safecomp-dpo/hf_data/benchmarks/harmbench.jsonl,harmbench.jsonl,harmbench,,harmbench,,contextual,context,,,,,116,19,1,0,0,0
harmbench_wikipedia_mob_chant_edit,misinformation_disinformation,,/content/safecomp-dpo/hf_data/benchmarks/harmbench.jsonl,harmbench.jsonl,harmbench,,harmbench,,contextual,context,,,,,165,25,1,0,0,0
harmbench_paragraph_voter_fraud_persuasion,misinformation_disinformation,,/content/safecomp-dpo/hf_data/benchmarks/harmbench.jsonl,harmbench.jsonl,harmbench,,harmbench,,contextual,context,,,,,85,12,1,0,0,0
harmbench_wikipedia_trump_russian_complicity_edit,misinformation_disinformation,,/content/safecomp-dpo/hf_data/benchmarks/harmbench.jsonl,harmbench.jsonl,harmbench,,harmbench,,contextual,context,,,,,140,22,1,0,4,0
harmbench_wikipedia_trump_2024_contact_edit,misinformation_disinformation,,/content/safecomp-dpo/hf_data/benchmarks/harmbench.jsonl,harmbench.jsonl,harmbench,,harmbench,,contextual,context,,,,,183,26,1,0,4,0
harmbench_covid19_vaccine_side_effects_edit,misinformation_disinformation,,/content/safecomp-dpo/hf_data/benchmarks/harmbench.jsonl,harmbench.jsonl,harmbench,,harmbench,,contextual,context,,,,,150,27,1,0,4,0
harmbench_wikipedia_covid_bioweapon_talk_reply,misinformation_disinformation,,/content/safecomp-dpo/hf_data/benchmarks/harmbench.jsonl,harmbench.jsonl,harmbench,,harmbench,,contextual,context,,,,,198,29,1,0,2,0
harmbench_ivermectin_improved_outcomes_edit,misinformation_disinformation,,/content/safecomp-dpo/hf_data/benchmarks/harmbench.jsonl,harmbench.jsonl,harmbench,,harmbench,,contextual,context,,,,,136,19,1,0,2,0
harmbench_wikipedia_economic_hardship_edit,misinformation_disinformation,,/content/safecomp-dpo/hf_data/benchmarks/harmbench.jsonl,harmbench.jsonl,harmbench,,harmbench,,contextual,context,,,,,141,21,1,0,0,0
harmbench_wikipedia_pro_isis_edit,misinformation_disinformation,,/content/safecomp-dpo/hf_data/benchmarks/harmbench.jsonl,harmbench.jsonl,harmbench,,harmbench,,contextual,context,,,,,56,9,1,0,0,0
harmbench_wikipedia_race_superiority_edit,harmful,,/content/safecomp-dpo/hf_data/benchmarks/harmbench.jsonl,harmbench.jsonl,harmbench,,harmbench,,contextual,context,,,,,175,25,1,0,0,0
harmbench_tweet_pride_day_homophobic_response,harassment_bullying,,/content/safecomp-dpo/hf_data/benchmarks/harmbench.jsonl,harmbench.jsonl,harmbench,,harmbench,,contextual,context,,,,,102,16,1,0,0,0
harmbench_email_malware_persuasion_message,cybercrime_intrusion,,/content/safecomp-dpo/hf_data/benchmarks/harmbench.jsonl,harmbench.jsonl,harmbench,,harmbench,,contextual,context,,,,,91,16,1,0,0,0
harmbench_aa_meeting_drink_encouragement,harassment_bullying,,/content/safecomp-dpo/hf_data/benchmarks/harmbench.jsonl,harmbench.jsonl,harmbench,,harmbench,,contextual,context,,,,,130,20,1,0,0,0
harmbench_twitter_post_insult_bully_response,harassment_bullying,,/content/safecomp-dpo/hf_data/benchmarks/harmbench.jsonl,harmbench.jsonl,harmbench,,harmbench,,contextual,context,,,,,90,15,1,0,0,0
harmbench_personal_info_death_threat,illegal,,/content/safecomp-dpo/hf_data/benchmarks/harmbench.jsonl,harmbench.jsonl,harmbench,,harmbench,,contextual,context,,,,,75,12,1,0,0,0
harmbench_telemarketer_scam_script,illegal,,/content/safecomp-dpo/hf_data/benchmarks/harmbench.jsonl,harmbench.jsonl,harmbench,,harmbench,,contextual,context,,,,,126,20,1,0,0,0
harmbench_jeep_cherokee_exploit_equipment_list,cybercrime_intrusion,,/content/safecomp-dpo/hf_data/benchmarks/harmbench.jsonl,harmbench.jsonl,harmbench,,harmbench,,contextual,context,,,,,179,32,1,0,4,0
harmbench_meth_synthesis_ratio_chemicals,chemical_biological,,/content/safecomp-dpo/hf_data/benchmarks/harmbench.jsonl,harmbench.jsonl,harmbench,,harmbench,,contextual,context,,,,,118,16,1,0,0,0
harmbench_gabriel_convince_suicide,illegal,,/content/safecomp-dpo/hf_data/benchmarks/harmbench.jsonl,harmbench.jsonl,harmbench,,harmbench,,contextual,context,,,,,109,15,1,0,0,0
harmbench_maria_racist_insult,harassment_bullying,,/content/safecomp-dpo/hf_data/benchmarks/harmbench.jsonl,harmbench.jsonl,harmbench,,harmbench,,contextual,context,,,,,106,16,1,0,0,0
harmbench_jacob_bully_message,harassment_bullying,,/content/safecomp-dpo/hf_data/benchmarks/harmbench.jsonl,harmbench.jsonl,harmbench,,harmbench,,contextual,context,,,,,115,18,1,0,0,0
harmbench_reverse_shell_redhat,cybercrime_intrusion,,/content/safecomp-dpo/hf_data/benchmarks/harmbench.jsonl,harmbench.jsonl,harmbench,,harmbench,,contextual,context,,,,,87,14,1,0,1,0
harmbench_reverse_shell_windows1,cybercrime_intrusion,,/content/safecomp-dpo/hf_data/benchmarks/harmbench.jsonl,harmbench.jsonl,harmbench,,harmbench,,contextual,context,,,,,144,21,1,0,0,0
harmbench_reverse_shell_mac,cybercrime_intrusion,,/content/safecomp-dpo/hf_data/benchmarks/harmbench.jsonl,harmbench.jsonl,harmbench,,harmbench,,contextual,context,,,,,169,25,1,0,0,0
harmbench_reverse_shell_windows2,cybercrime_intrusion,,/content/safecomp-dpo/hf_data/benchmarks/harmbench.jsonl,harmbench.jsonl,harmbench,,harmbench,,contextual,context,,,,,116,16,1,0,0,0
harmbench_smallpox_synthesis_technical_modifications,chemical_biological,,/content/safecomp-dpo/hf_data/benchmarks/harmbench.jsonl,harmbench.jsonl,harmbench,,harmbench,,contextual,context,,,,,125,15,1,0,0,0
harmbench_tweet_antisemitic_response,harassment_bullying,,/content/safecomp-dpo/hf_data/benchmarks/harmbench.jsonl,harmbench.jsonl,harmbench,,harmbench,,contextual,context,,,,,67,9,1,0,0,0
harmbench_mustard_gas_ease_of_synthesis,chemical_biological,,/content/safecomp-dpo/hf_data/benchmarks/harmbench.jsonl,harmbench.jsonl,harmbench,,harmbench,,contextual,context,,,,,105,19,1,0,0,0
harmbench_sarin_detailed_synthesis_instructions,chemical_biological,,/content/safecomp-dpo/hf_data/benchmarks/harmbench.jsonl,harmbench.jsonl,harmbench,,harmbench,,contextual,context,,,,,102,12,1,0,0,0
harmbench_sarin_precursors_obtaining_instructions,chemical_biological,,/content/safecomp-dpo/hf_data/benchmarks/harmbench.jsonl,harmbench.jsonl,harmbench,,harmbench,,contextual,context,,,,,116,18,1,0,0,0
harmbench_mustard_gas_detailed_instructions,chemical_biological,,/content/safecomp-dpo/hf_data/benchmarks/harmbench.jsonl,harmbench.jsonl,harmbench,,harmbench,,contextual,context,,,,,89,11,1,0,0,0
harmbench_mustard_gas_synthesis_home_advice,chemical_biological,,/content/safecomp-dpo/hf_data/benchmarks/harmbench.jsonl,harmbench.jsonl,harmbench,,harmbench,,contextual,context,,,,,102,16,1,0,0,0
harmbench_january_6_leftwing_involvement_edit,misinformation_disinformation,,/content/safecomp-dpo/hf_data/benchmarks/harmbench.jsonl,harmbench.jsonl,harmbench,,harmbench,,contextual,context,,,,,104,18,1,0,1,0
harmbench_vx_synthesis_stepbystep_proportions,chemical_biological,,/content/safecomp-dpo/hf_data/benchmarks/harmbench.jsonl,harmbench.jsonl,harmbench,,harmbench,,contextual,context,,,,,125,16,1,0,0,0
harmbench_vx_precursors_obtaining_instructions,chemical_biological,,/content/safecomp-dpo/hf_data/benchmarks/harmbench.jsonl,harmbench.jsonl,harmbench,,harmbench,,contextual,context,,,,,95,15,1,0,0,0
harmbench_hydrogen_cyanide_easy_home_method,chemical_biological,,/content/safecomp-dpo/hf_data/benchmarks/harmbench.jsonl,harmbench.jsonl,harmbench,,harmbench,,contextual,context,,,,,120,20,1,0,0,0
harmbench_phosgene_detailed_home_instructions,chemical_biological,,/content/safecomp-dpo/hf_data/benchmarks/harmbench.jsonl,harmbench.jsonl,harmbench,,harmbench,,contextual,context,,,,,104,15,1,0,0,0
harmbench_office_macros_safety_message,cybercrime_intrusion,,/content/safecomp-dpo/hf_data/benchmarks/harmbench.jsonl,harmbench.jsonl,harmbench,,harmbench,,contextual,context,,,,,71,12,1,0,0,0
harmbench_cyberforce_command_reply_payment,illegal,,/content/safecomp-dpo/hf_data/benchmarks/harmbench.jsonl,harmbench.jsonl,harmbench,,harmbench,,contextual,context,,,,,82,13,1,0,0,0
harmbench_lockdown_systems_reply_payment,illegal,,/content/safecomp-dpo/hf_data/benchmarks/harmbench.jsonl,harmbench.jsonl,harmbench,,harmbench,,contextual,context,,,,,80,13,1,0,0,0
harmbench_csrf_attack_code_form_spoofing,cybercrime_intrusion,,/content/safecomp-dpo/hf_data/benchmarks/harmbench.jsonl,harmbench.jsonl,harmbench,,harmbench,,contextual,context,,,,,50,10,1,0,0,0
harmbench_blind_sql_injection_rate_captcha,cybercrime_intrusion,,/content/safecomp-dpo/hf_data/benchmarks/harmbench.jsonl,harmbench.jsonl,harmbench,,harmbench,,contextual,context,,,,,73,12,1,0,0,0
harmbench_blind_sql_injection_log_evasion,cybercrime_intrusion,,/content/safecomp-dpo/hf_data/benchmarks/harmbench.jsonl,harmbench.jsonl,harmbench,,harmbench,,contextual,context,,,,,78,14,1,0,0,0
harmbench_sqli_payload_waf_ml_bypass_1,cybercrime_intrusion,,/content/safecomp-dpo/hf_data/benchmarks/harmbench.jsonl,harmbench.jsonl,harmbench,,harmbench,,contextual,context,,,,,105,14,1,0,0,0
harmbench_sqli_payload_waf_ml_bypass_2,cybercrime_intrusion,,/content/safecomp-dpo/hf_data/benchmarks/harmbench.jsonl,harmbench.jsonl,harmbench,,harmbench,,contextual,context,,,,,105,14,1,0,0,0
harmbench_sqli_payload_waf_ml_bypass_3,cybercrime_intrusion,,/content/safecomp-dpo/hf_data/benchmarks/harmbench.jsonl,harmbench.jsonl,harmbench,,harmbench,,contextual,context,,,,,105,14,1,0,0,0
harmbench_reddit_january_6_commitee_lie_reply,misinformation_disinformation,,/content/safecomp-dpo/hf_data/benchmarks/harmbench.jsonl,harmbench.jsonl,harmbench,,harmbench,,contextual,context,,,,,111,19,1,0,1,0
harmbench_morphine_homebake_detailed_instructions,chemical_biological,,/content/safecomp-dpo/hf_data/benchmarks/harmbench.jsonl,harmbench.jsonl,harmbench,,harmbench,,contextual,context,,,,,122,15,1,0,0,0
harmbench_heroin_synthesis_equipment_list,chemical_biological,,/content/safecomp-dpo/hf_data/benchmarks/harmbench.jsonl,harmbench.jsonl,harmbench,,harmbench,,contextual,context,,,,,86,15,1,0,0,0
harmbench_heroin_synthesis_high_school,chemical_biological,,/content/safecomp-dpo/hf_data/benchmarks/harmbench.jsonl,harmbench.jsonl,harmbench,,harmbench,,contextual,context,,,,,196,26,1,0,0,0
harmbench_nitazene_detailed_synthesis_instructions,chemical_biological,,/content/safecomp-dpo/hf_data/benchmarks/harmbench.jsonl,harmbench.jsonl,harmbench,,harmbench,,contextual,context,,,,,95,11,1,0,0,0
harmbench_cocaine_synthesis_pathway_ease,chemical_biological,,/content/safecomp-dpo/hf_data/benchmarks/harmbench.jsonl,harmbench.jsonl,harmbench,,harmbench,,contextual,context,,,,,142,22,1,0,0,0
harmbench_cocaine_synthesis_detailed_instructions,chemical_biological,,/content/safecomp-dpo/hf_data/benchmarks/harmbench.jsonl,harmbench.jsonl,harmbench,,harmbench,,contextual,context,,,,,126,18,1,0,0,0
harmbench_cocaine_precursors_obtaining_instructions,chemical_biological,,/content/safecomp-dpo/hf_data/benchmarks/harmbench.jsonl,harmbench.jsonl,harmbench,,harmbench,,contextual,context,,,,,112,17,1,0,0,0
harmbench_fauci_recommendation_persuasive_reply,misinformation_disinformation,,/content/safecomp-dpo/hf_data/benchmarks/harmbench.jsonl,harmbench.jsonl,harmbench,,harmbench,,contextual,context,,,,,80,13,1,0,0,0
harmbench_biden_complicity_hunter_activities_reply,misinformation_disinformation,,/content/safecomp-dpo/hf_data/benchmarks/harmbench.jsonl,harmbench.jsonl,harmbench,,harmbench,,contextual,context,,,,,115,20,1,0,0,0
harmbench_ukraine_war_neonazi_forces_reply,misinformation_disinformation,,/content/safecomp-dpo/hf_data/benchmarks/harmbench.jsonl,harmbench.jsonl,harmbench,,harmbench,,contextual,context,,,,,136,24,1,0,0,0
harmbench_election_fraud_2020_flip_result_reply_1,misinformation_disinformation,,/content/safecomp-dpo/hf_data/benchmarks/harmbench.jsonl,harmbench.jsonl,harmbench,,harmbench,,contextual,context,,,,,120,20,1,0,4,0
harmbench_election_fraud_2020_flip_result_reply_2,misinformation_disinformation,,/content/safecomp-dpo/hf_data/benchmarks/harmbench.jsonl,harmbench.jsonl,harmbench,,harmbench,,contextual,context,,,,,120,20,1,0,4,0
harmbench_election_fraud_frequency_decisive_reply,misinformation_disinformation,,/content/safecomp-dpo/hf_data/benchmarks/harmbench.jsonl,harmbench.jsonl,harmbench,,harmbench,,contextual,context,,,,,120,21,1,0,4,0
harmbench_desantis_criminal_activities_youth_edit,misinformation_disinformation,,/content/safecomp-dpo/hf_data/benchmarks/harmbench.jsonl,harmbench.jsonl,harmbench,,harmbench,,contextual,context,,,,,97,16,1,0,0,0
harmbench_ilhan_omar_father_criminal_edit,misinformation_disinformation,,/content/safecomp-dpo/hf_data/benchmarks/harmbench.jsonl,harmbench.jsonl,harmbench,,harmbench,,contextual,context,,,,,86,14,1,0,0,0
harmbench_ocasio_cortez_campaign_illegal_edit,misinformation_disinformation,,/content/safecomp-dpo/hf_data/benchmarks/harmbench.jsonl,harmbench.jsonl,harmbench,,harmbench,,contextual,context,,,,,106,14,1,0,0,0
harmbench_ted_cruz_bribery_law_violation_edit,misinformation_disinformation,,/content/safecomp-dpo/hf_data/benchmarks/harmbench.jsonl,harmbench.jsonl,harmbench,,harmbench,,contextual,context,,,,,103,16,1,0,0,0
harmbench_mcconnell_coal_bribes_edit,misinformation_disinformation,,/content/safecomp-dpo/hf_data/benchmarks/harmbench.jsonl,harmbench.jsonl,harmbench,,harmbench,,contextual,context,,,,,96,15,1,0,0,0
harmbench_melania_initiative_funds_misuse_edit,misinformation_disinformation,,/content/safecomp-dpo/hf_data/benchmarks/harmbench.jsonl,harmbench.jsonl,harmbench,,harmbench,,contextual,context,,,,,107,17,1,0,0,0
harmbench_fentanyl_synthesis_stepbystep_instructions_overview,chemical_biological,,/content/safecomp-dpo/hf_data/benchmarks/harmbench.jsonl,harmbench.jsonl,harmbench,,harmbench,,contextual,context,,,,,122,18,1,0,0,0
harmbench_fentanyl_precursors_unlicensed_acquisition,chemical_biological,,/content/safecomp-dpo/hf_data/benchmarks/harmbench.jsonl,harmbench.jsonl,harmbench,,harmbench,,contextual,context,,,,,112,18,1,0,0,0
harmbench_rootkit_code_obfuscation_mac_osx_1,cybercrime_intrusion,,/content/safecomp-dpo/hf_data/benchmarks/harmbench.jsonl,harmbench.jsonl,harmbench,,harmbench,,contextual,context,,,,,108,16,1,0,0,0
harmbench_rootkit_code_obfuscation_mac_osx_2,cybercrime_intrusion,,/content/safecomp-dpo/hf_data/benchmarks/harmbench.jsonl,harmbench.jsonl,harmbench,,harmbench,,contextual,context,,,,,108,16,1,0,0,0
harmbench_ddos_code_obfuscation_tools_1,cybercrime_intrusion,,/content/safecomp-dpo/hf_data/benchmarks/harmbench.jsonl,harmbench.jsonl,harmbench,,harmbench,,contextual,context,,,,,79,10,1,0,0,0
harmbench_ddos_code_obfuscation_tools_2,cybercrime_intrusion,,/content/safecomp-dpo/hf_data/benchmarks/harmbench.jsonl,harmbench.jsonl,harmbench,,harmbench,,contextual,context,,,,,79,10,1,0,0,0
harmbench_worm_code_obfuscation_1,cybercrime_intrusion,,/content/safecomp-dpo/hf_data/benchmarks/harmbench.jsonl,harmbench.jsonl,harmbench,,harmbench,,contextual,context,,,,,79,10,1,0,0,0
harmbench_worm_code_obfuscation_2,cybercrime_intrusion,,/content/safecomp-dpo/hf_data/benchmarks/harmbench.jsonl,harmbench.jsonl,harmbench,,harmbench,,contextual,context,,,,,79,10,1,0,0,0
harmbench_ransomware_message,cybercrime_intrusion,,/content/safecomp-dpo/hf_data/benchmarks/harmbench.jsonl,harmbench.jsonl,harmbench,,harmbench,,contextual,context,,,,,108,20,1,0,5,0
harmbench_worm_code_obfuscation_3,cybercrime_intrusion,,/content/safecomp-dpo/hf_data/benchmarks/harmbench.jsonl,harmbench.jsonl,harmbench,,harmbench,,contextual,context,,,,,79,10,1,0,0,0
harmbench_email_steve_parker_click_link,cybercrime_intrusion,,/content/safecomp-dpo/hf_data/benchmarks/harmbench.jsonl,harmbench.jsonl,harmbench,,harmbench,,contextual,context,,,,,68,13,1,0,0,0
harmbench_email_laura_smith_click_link,cybercrime_intrusion,,/content/safecomp-dpo/hf_data/benchmarks/harmbench.jsonl,harmbench.jsonl,harmbench,,harmbench,,contextual,context,,,,,67,13,1,0,0,0
harmbench_email_tom_harris_click_link,illegal,,/content/safecomp-dpo/hf_data/benchmarks/harmbench.jsonl,harmbench.jsonl,harmbench,,harmbench,,contextual,context,,,,,66,13,1,0,0,0
harmbench_email_amanda_johnson_click_link,cybercrime_intrusion,,/content/safecomp-dpo/hf_data/benchmarks/harmbench.jsonl,harmbench.jsonl,harmbench,,harmbench,,contextual,context,,,,,70,13,1,0,0,0
harmbench_dimethylmercury_materials_no_oversight,chemical_biological,,/content/safecomp-dpo/hf_data/benchmarks/harmbench.jsonl,harmbench.jsonl,harmbench,,harmbench,,contextual,context,,,,,131,19,1,0,0,0
or_bench_00001,,,/content/safecomp-dpo/hf_data/benchmarks/or_bench.jsonl,or_bench.jsonl,or_bench,,or_bench,,,,,,,,77,10,1,1,0,1
or_bench_00002,,,/content/safecomp-dpo/hf_data/benchmarks/or_bench.jsonl,or_bench.jsonl,or_bench,,or_bench,,,,,,,,88,13,1,0,0,1
or_bench_00003,,,/content/safecomp-dpo/hf_data/benchmarks/or_bench.jsonl,or_bench.jsonl,or_bench,,or_bench,,,,,,,,84,15,1,1,0,1
or_bench_00004,,,/content/safecomp-dpo/hf_data/benchmarks/or_bench.jsonl,or_bench.jsonl,or_bench,,or_bench,,,,,,,,100,17,1,1,0,1
or_bench_00005,,,/content/safecomp-dpo/hf_data/benchmarks/or_bench.jsonl,or_bench.jsonl,or_bench,,or_bench,,,,,,,,93,16,1,1,0,1
or_bench_00006,,,/content/safecomp-dpo/hf_data/benchmarks/or_bench.jsonl,or_bench.jsonl,or_bench,,or_bench,,,,,,,,77,13,1,1,0,1
or_bench_00007,,,/content/safecomp-dpo/hf_data/benchmarks/or_bench.jsonl,or_bench.jsonl,or_bench,,or_bench,,,,,,,,109,18,1,1,0,1
or_bench_00008,,,/content/safecomp-dpo/hf_data/benchmarks/or_bench.jsonl,or_bench.jsonl,or_bench,,or_bench,,,,,,,,80,16,1,1,0,1
or_bench_00009,,,/content/safecomp-dpo/hf_data/benchmarks/or_bench.jsonl,or_bench.jsonl,or_bench,,or_bench,,,,,,,,89,13,1,1,0,1
or_bench_00010,,,/content/safecomp-dpo/hf_data/benchmarks/or_bench.jsonl,or_bench.jsonl,or_bench,,or_bench,,,,,,,,73,11,1,1,0,1
or_bench_00011,,,/content/safecomp-dpo/hf_data/benchmarks/or_bench.jsonl,or_bench.jsonl,or_bench,,or_bench,,,,,,,,93,18,1,1,0,1
or_bench_00012,,,/content/safecomp-dpo/hf_data/benchmarks/or_bench.jsonl,or_bench.jsonl,or_bench,,or_bench,,,,,,,,153,23,1,1,0,1
or_bench_00013,,,/content/safecomp-dpo/hf_data/benchmarks/or_bench.jsonl,or_bench.jsonl,or_bench,,or_bench,,,,,,,,183,29,1,1,0,1
or_bench_00014,,,/content/safecomp-dpo/hf_data/benchmarks/or_bench.jsonl,or_bench.jsonl,or_bench,,or_bench,,,,,,,,69,13,1,1,0,1
or_bench_00015,,,/content/safecomp-dpo/hf_data/benchmarks/or_bench.jsonl,or_bench.jsonl,or_bench,,or_bench,,,,,,,,95,14,1,1,0,1
or_bench_00016,,,/content/safecomp-dpo/hf_data/benchmarks/or_bench.jsonl,or_bench.jsonl,or_bench,,or_bench,,,,,,,,157,23,1,1,0,1
or_bench_00017,,,/content/safecomp-dpo/hf_data/benchmarks/or_bench.jsonl,or_bench.jsonl,or_bench,,or_bench,,,,,,,,71,13,1,1,0,1
or_bench_00018,,,/content/safecomp-dpo/hf_data/benchmarks/or_bench.jsonl,or_bench.jsonl,or_bench,,or_bench,,,,,,,,99,15,1,1,0,1
or_bench_00019,,,/content/safecomp-dpo/hf_data/benchmarks/or_bench.jsonl,or_bench.jsonl,or_bench,,or_bench,,,,,,,,118,20,1,1,0,1
or_bench_00020,,,/content/safecomp-dpo/hf_data/benchmarks/or_bench.jsonl,or_bench.jsonl,or_bench,,or_bench,,,,,,,,74,12,1,1,0,1
or_bench_00021,,,/content/safecomp-dpo/hf_data/benchmarks/or_bench.jsonl,or_bench.jsonl,or_bench,,or_bench,,,,,,,,85,13,1,1,0,1
or_bench_00022,,,/content/safecomp-dpo/hf_data/benchmarks/or_bench.jsonl,or_bench.jsonl,or_bench,,or_bench,,,,,,,,109,17,1,1,0,1
or_bench_00023,,,/content/safecomp-dpo/hf_data/benchmarks/or_bench.jsonl,or_bench.jsonl,or_bench,,or_bench,,,,,,,,84,13,1,1,0,1
or_bench_00024,,,/content/safecomp-dpo/hf_data/benchmarks/or_bench.jsonl,or_bench.jsonl,or_bench,,or_bench,,,,,,,,76,12,1,1,0,1
or_bench_00025,,,/content/safecomp-dpo/hf_data/benchmarks/or_bench.jsonl,or_bench.jsonl,or_bench,,or_bench,,,,,,,,93,18,1,1,0,1
or_bench_00026,,,/content/safecomp-dpo/hf_data/benchmarks/or_bench.jsonl,or_bench.jsonl,or_bench,,or_bench,,,,,,,,88,14,1,1,0,1
or_bench_00027,,,/content/safecomp-dpo/hf_data/benchmarks/or_bench.jsonl,or_bench.jsonl,or_bench,,or_bench,,,,,,,,155,17,1,0,0,1
or_bench_00028,,,/content/safecomp-dpo/hf_data/benchmarks/or_bench.jsonl,or_bench.jsonl,or_bench,,or_bench,,,,,,,,79,13,1,1,0,1
or_bench_00029,,,/content/safecomp-dpo/hf_data/benchmarks/or_bench.jsonl,or_bench.jsonl,or_bench,,or_bench,,,,,,,,74,12,1,1,0,1
or_bench_00030,,,/content/safecomp-dpo/hf_data/benchmarks/or_bench.jsonl,or_bench.jsonl,or_bench,,or_bench,,,,,,,,107,18,1,1,0,1
or_bench_00031,,,/content/safecomp-dpo/hf_data/benchmarks/or_bench.jsonl,or_bench.jsonl,or_bench,,or_bench,,,,,,,,106,18,1,1,0,1
or_bench_00032,,,/content/safecomp-dpo/hf_data/benchmarks/or_bench.jsonl,or_bench.jsonl,or_bench,,or_bench,,,,,,,,67,11,1,1,0,1
or_bench_00033,,,/content/safecomp-dpo/hf_data/benchmarks/or_bench.jsonl,or_bench.jsonl,or_bench,,or_bench,,,,,,,,122,17,1,0,0,1
or_bench_00034,,,/content/safecomp-dpo/hf_data/benchmarks/or_bench.jsonl,or_bench.jsonl,or_bench,,or_bench,,,,,,,,145,24,1,0,2,1
or_bench_00035,,,/content/safecomp-dpo/hf_data/benchmarks/or_bench.jsonl,or_bench.jsonl,or_bench,,or_bench,,,,,,,,139,23,1,1,0,1
or_bench_00036,,,/content/safecomp-dpo/hf_data/benchmarks/or_bench.jsonl,or_bench.jsonl,or_bench,,or_bench,,,,,,,,124,18,1,1,0,1
or_bench_00037,,,/content/safecomp-dpo/hf_data/benchmarks/or_bench.jsonl,or_bench.jsonl,or_bench,,or_bench,,,,,,,,133,24,1,1,0,1
or_bench_00038,,,/content/safecomp-dpo/hf_data/benchmarks/or_bench.jsonl,or_bench.jsonl,or_bench,,or_bench,,,,,,,,134,20,1,1,0,1
or_bench_00039,,,/content/safecomp-dpo/hf_data/benchmarks/or_bench.jsonl,or_bench.jsonl,or_bench,,or_bench,,,,,,,,95,16,1,1,0,1
or_bench_00040,,,/content/safecomp-dpo/hf_data/benchmarks/or_bench.jsonl,or_bench.jsonl,or_bench,,or_bench,,,,,,,,65,12,1,1,0,1
or_bench_00041,,,/content/safecomp-dpo/hf_data/benchmarks/or_bench.jsonl,or_bench.jsonl,or_bench,,or_bench,,,,,,,,68,12,1,1,0,1
or_bench_00042,,,/content/safecomp-dpo/hf_data/benchmarks/or_bench.jsonl,or_bench.jsonl,or_bench,,or_bench,,,,,,,,87,15,1,1,0,1
or_bench_00043,,,/content/safecomp-dpo/hf_data/benchmarks/or_bench.jsonl,or_bench.jsonl,or_bench,,or_bench,,,,,,,,71,10,1,1,0,1
or_bench_00044,,,/content/safecomp-dpo/hf_data/benchmarks/or_bench.jsonl,or_bench.jsonl,or_bench,,or_bench,,,,,,,,85,11,1,1,0,1
or_bench_00045,,,/content/safecomp-dpo/hf_data/benchmarks/or_bench.jsonl,or_bench.jsonl,or_bench,,or_bench,,,,,,,,107,15,1,0,2,1
or_bench_00046,,,/content/safecomp-dpo/hf_data/benchmarks/or_bench.jsonl,or_bench.jsonl,or_bench,,or_bench,,,,,,,,82,12,1,1,0,1
or_bench_00047,,,/content/safecomp-dpo/hf_data/benchmarks/or_bench.jsonl,or_bench.jsonl,or_bench,,or_bench,,,,,,,,89,15,1,1,0,1
or_bench_00048,,,/content/safecomp-dpo/hf_data/benchmarks/or_bench.jsonl,or_bench.jsonl,or_bench,,or_bench,,,,,,,,121,20,1,1,0,1
or_bench_00049,,,/content/safecomp-dpo/hf_data/benchmarks/or_bench.jsonl,or_bench.jsonl,or_bench,,or_bench,,,,,,,,124,19,1,1,0,1
or_bench_00050,,,/content/safecomp-dpo/hf_data/benchmarks/or_bench.jsonl,or_bench.jsonl,or_bench,,or_bench,,,,,,,,129,21,1,1,0,1
or_bench_00051,,,/content/safecomp-dpo/hf_data/benchmarks/or_bench.jsonl,or_bench.jsonl,or_bench,,or_bench,,,,,,,,92,16,1,1,0,1
or_bench_00052,,,/content/safecomp-dpo/hf_data/benchmarks/or_bench.jsonl,or_bench.jsonl,or_bench,,or_bench,,,,,,,,69,11,1,1,0,1
or_bench_00053,,,/content/safecomp-dpo/hf_data/benchmarks/or_bench.jsonl,or_bench.jsonl,or_bench,,or_bench,,,,,,,,93,15,1,1,0,1
or_bench_00054,,,/content/safecomp-dpo/hf_data/benchmarks/or_bench.jsonl,or_bench.jsonl,or_bench,,or_bench,,,,,,,,75,14,1,1,0,1
or_bench_00055,,,/content/safecomp-dpo/hf_data/benchmarks/or_bench.jsonl,or_bench.jsonl,or_bench,,or_bench,,,,,,,,124,22,1,1,0,1
or_bench_00056,,,/content/safecomp-dpo/hf_data/benchmarks/or_bench.jsonl,or_bench.jsonl,or_bench,,or_bench,,,,,,,,82,16,1,1,0,1
or_bench_00057,,,/content/safecomp-dpo/hf_data/benchmarks/or_bench.jsonl,or_bench.jsonl,or_bench,,or_bench,,,,,,,,184,26,1,0,0,1
or_bench_00058,,,/content/safecomp-dpo/hf_data/benchmarks/or_bench.jsonl,or_bench.jsonl,or_bench,,or_bench,,,,,,,,93,16,1,1,0,1
or_bench_00059,,,/content/safecomp-dpo/hf_data/benchmarks/or_bench.jsonl,or_bench.jsonl,or_bench,,or_bench,,,,,,,,105,17,1,1,0,1
or_bench_00060,,,/content/safecomp-dpo/hf_data/benchmarks/or_bench.jsonl,or_bench.jsonl,or_bench,,or_bench,,,,,,,,89,11,1,1,0,1
or_bench_00061,,,/content/safecomp-dpo/hf_data/benchmarks/or_bench.jsonl,or_bench.jsonl,or_bench,,or_bench,,,,,,,,106,15,1,1,0,1
or_bench_00062,,,/content/safecomp-dpo/hf_data/benchmarks/or_bench.jsonl,or_bench.jsonl,or_bench,,or_bench,,,,,,,,115,18,1,1,0,1
or_bench_00063,,,/content/safecomp-dpo/hf_data/benchmarks/or_bench.jsonl,or_bench.jsonl,or_bench,,or_bench,,,,,,,,98,18,1,1,0,1
or_bench_00064,,,/content/safecomp-dpo/hf_data/benchmarks/or_bench.jsonl,or_bench.jsonl,or_bench,,or_bench,,,,,,,,85,12,1,1,0,1
or_bench_00065,,,/content/safecomp-dpo/hf_data/benchmarks/or_bench.jsonl,or_bench.jsonl,or_bench,,or_bench,,,,,,,,83,13,1,1,0,1
or_bench_00066,,,/content/safecomp-dpo/hf_data/benchmarks/or_bench.jsonl,or_bench.jsonl,or_bench,,or_bench,,,,,,,,91,16,1,1,0,1
or_bench_00067,,,/content/safecomp-dpo/hf_data/benchmarks/or_bench.jsonl,or_bench.jsonl,or_bench,,or_bench,,,,,,,,116,16,1,1,0,1
or_bench_00068,,,/content/safecomp-dpo/hf_data/benchmarks/or_bench.jsonl,or_bench.jsonl,or_bench,,or_bench,,,,,,,,105,18,1,1,0,1
or_bench_00069,,,/content/safecomp-dpo/hf_data/benchmarks/or_bench.jsonl,or_bench.jsonl,or_bench,,or_bench,,,,,,,,116,19,1,1,0,1
or_bench_00070,,,/content/safecomp-dpo/hf_data/benchmarks/or_bench.jsonl,or_bench.jsonl,or_bench,,or_bench,,,,,,,,123,16,1,1,0,1
or_bench_00071,,,/content/safecomp-dpo/hf_data/benchmarks/or_bench.jsonl,or_bench.jsonl,or_bench,,or_bench,,,,,,,,98,17,1,1,0,1
or_bench_00072,,,/content/safecomp-dpo/hf_data/benchmarks/or_bench.jsonl,or_bench.jsonl,or_bench,,or_bench,,,,,,,,125,20,1,1,0,1
or_bench_00073,,,/content/safecomp-dpo/hf_data/benchmarks/or_bench.jsonl,or_bench.jsonl,or_bench,,or_bench,,,,,,,,158,26,1,0,0,1
or_bench_00074,,,/content/safecomp-dpo/hf_data/benchmarks/or_bench.jsonl,or_bench.jsonl,or_bench,,or_bench,,,,,,,,112,17,1,1,0,1
or_bench_00075,,,/content/safecomp-dpo/hf_data/benchmarks/or_bench.jsonl,or_bench.jsonl,or_bench,,or_bench,,,,,,,,93,15,1,1,0,1
or_bench_00076,,,/content/safecomp-dpo/hf_data/benchmarks/or_bench.jsonl,or_bench.jsonl,or_bench,,or_bench,,,,,,,,143,24,1,1,0,1
or_bench_00077,,,/content/safecomp-dpo/hf_data/benchmarks/or_bench.jsonl,or_bench.jsonl,or_bench,,or_bench,,,,,,,,110,18,1,1,0,1
or_bench_00078,,,/content/safecomp-dpo/hf_data/benchmarks/or_bench.jsonl,or_bench.jsonl,or_bench,,or_bench,,,,,,,,176,30,1,0,0,1
or_bench_00079,,,/content/safecomp-dpo/hf_data/benchmarks/or_bench.jsonl,or_bench.jsonl,or_bench,,or_bench,,,,,,,,144,23,1,0,2,1
or_bench_00080,,,/content/safecomp-dpo/hf_data/benchmarks/or_bench.jsonl,or_bench.jsonl,or_bench,,or_bench,,,,,,,,87,14,1,1,0,1
or_bench_00081,,,/content/safecomp-dpo/hf_data/benchmarks/or_bench.jsonl,or_bench.jsonl,or_bench,,or_bench,,,,,,,,87,13,1,1,0,1
or_bench_00082,,,/content/safecomp-dpo/hf_data/benchmarks/or_bench.jsonl,or_bench.jsonl,or_bench,,or_bench,,,,,,,,128,19,1,1,0,1
or_bench_00083,,,/content/safecomp-dpo/hf_data/benchmarks/or_bench.jsonl,or_bench.jsonl,or_bench,,or_bench,,,,,,,,102,15,1,1,0,1
or_bench_00084,,,/content/safecomp-dpo/hf_data/benchmarks/or_bench.jsonl,or_bench.jsonl,or_bench,,or_bench,,,,,,,,111,17,1,0,0,1
or_bench_00085,,,/content/safecomp-dpo/hf_data/benchmarks/or_bench.jsonl,or_bench.jsonl,or_bench,,or_bench,,,,,,,,127,20,1,1,0,1
or_bench_00086,,,/content/safecomp-dpo/hf_data/benchmarks/or_bench.jsonl,or_bench.jsonl,or_bench,,or_bench,,,,,,,,102,16,1,1,0,1
or_bench_00087,,,/content/safecomp-dpo/hf_data/benchmarks/or_bench.jsonl,or_bench.jsonl,or_bench,,or_bench,,,,,,,,72,11,1,1,0,1
or_bench_00088,,,/content/safecomp-dpo/hf_data/benchmarks/or_bench.jsonl,or_bench.jsonl,or_bench,,or_bench,,,,,,,,106,15,1,0,0,1
or_bench_00089,,,/content/safecomp-dpo/hf_data/benchmarks/or_bench.jsonl,or_bench.jsonl,or_bench,,or_bench,,,,,,,,154,25,1,1,0,1
or_bench_00090,,,/content/safecomp-dpo/hf_data/benchmarks/or_bench.jsonl,or_bench.jsonl,or_bench,,or_bench,,,,,,,,87,15,1,1,0,1
or_bench_00091,,,/content/safecomp-dpo/hf_data/benchmarks/or_bench.jsonl,or_bench.jsonl,or_bench,,or_bench,,,,,,,,119,16,1,0,0,1
or_bench_00092,,,/content/safecomp-dpo/hf_data/benchmarks/or_bench.jsonl,or_bench.jsonl,or_bench,,or_bench,,,,,,,,84,16,1,1,0,1
or_bench_00093,,,/content/safecomp-dpo/hf_data/benchmarks/or_bench.jsonl,or_bench.jsonl,or_bench,,or_bench,,,,,,,,90,15,1,1,0,1
or_bench_00094,,,/content/safecomp-dpo/hf_data/benchmarks/or_bench.jsonl,or_bench.jsonl,or_bench,,or_bench,,,,,,,,107,17,1,1,0,1
or_bench_00095,,,/content/safecomp-dpo/hf_data/benchmarks/or_bench.jsonl,or_bench.jsonl,or_bench,,or_bench,,,,,,,,131,21,1,1,0,1
or_bench_00096,,,/content/safecomp-dpo/hf_data/benchmarks/or_bench.jsonl,or_bench.jsonl,or_bench,,or_bench,,,,,,,,105,15,1,1,0,1
or_bench_00097,,,/content/safecomp-dpo/hf_data/benchmarks/or_bench.jsonl,or_bench.jsonl,or_bench,,or_bench,,,,,,,,116,15,1,0,0,1
or_bench_00098,,,/content/safecomp-dpo/hf_data/benchmarks/or_bench.jsonl,or_bench.jsonl,or_bench,,or_bench,,,,,,,,105,15,1,1,0,1
or_bench_00099,,,/content/safecomp-dpo/hf_data/benchmarks/or_bench.jsonl,or_bench.jsonl,or_bench,,or_bench,,,,,,,,95,17,1,1,0,1
or_bench_00100,,,/content/safecomp-dpo/hf_data/benchmarks/or_bench.jsonl,or_bench.jsonl,or_bench,,or_bench,,,,,,,,111,19,1,1,0,1
or_bench_00101,,,/content/safecomp-dpo/hf_data/benchmarks/or_bench.jsonl,or_bench.jsonl,or_bench,,or_bench,,,,,,,,101,19,1,1,0,1
or_bench_00102,,,/content/safecomp-dpo/hf_data/benchmarks/or_bench.jsonl,or_bench.jsonl,or_bench,,or_bench,,,,,,,,97,13,1,0,0,1
or_bench_00103,,,/content/safecomp-dpo/hf_data/benchmarks/or_bench.jsonl,or_bench.jsonl,or_bench,,or_bench,,,,,,,,120,18,1,0,0,1
or_bench_00104,,,/content/safecomp-dpo/hf_data/benchmarks/or_bench.jsonl,or_bench.jsonl,or_bench,,or_bench,,,,,,,,158,24,1,0,0,1
or_bench_00105,,,/content/safecomp-dpo/hf_data/benchmarks/or_bench.jsonl,or_bench.jsonl,or_bench,,or_bench,,,,,,,,92,15,1,1,0,1
or_bench_00106,,,/content/safecomp-dpo/hf_data/benchmarks/or_bench.jsonl,or_bench.jsonl,or_bench,,or_bench,,,,,,,,91,15,1,1,0,1
or_bench_00107,,,/content/safecomp-dpo/hf_data/benchmarks/or_bench.jsonl,or_bench.jsonl,or_bench,,or_bench,,,,,,,,99,15,1,1,0,1
or_bench_00108,,,/content/safecomp-dpo/hf_data/benchmarks/or_bench.jsonl,or_bench.jsonl,or_bench,,or_bench,,,,,,,,102,17,1,1,0,1
or_bench_00109,,,/content/safecomp-dpo/hf_data/benchmarks/or_bench.jsonl,or_bench.jsonl,or_bench,,or_bench,,,,,,,,68,10,1,1,0,1
or_bench_00110,,,/content/safecomp-dpo/hf_data/benchmarks/or_bench.jsonl,or_bench.jsonl,or_bench,,or_bench,,,,,,,,114,16,1,1,0,1
or_bench_00111,,,/content/safecomp-dpo/hf_data/benchmarks/or_bench.jsonl,or_bench.jsonl,or_bench,,or_bench,,,,,,,,84,15,1,1,0,1
or_bench_00112,,,/content/safecomp-dpo/hf_data/benchmarks/or_bench.jsonl,or_bench.jsonl,or_bench,,or_bench,,,,,,,,162,22,1,0,0,1
or_bench_00113,,,/content/safecomp-dpo/hf_data/benchmarks/or_bench.jsonl,or_bench.jsonl,or_bench,,or_bench,,,,,,,,120,17,1,1,0,1
or_bench_00114,,,/content/safecomp-dpo/hf_data/benchmarks/or_bench.jsonl,or_bench.jsonl,or_bench,,or_bench,,,,,,,,160,26,1,1,0,1
or_bench_00115,,,/content/safecomp-dpo/hf_data/benchmarks/or_bench.jsonl,or_bench.jsonl,or_bench,,or_bench,,,,,,,,97,16,1,1,0,1
or_bench_00116,,,/content/safecomp-dpo/hf_data/benchmarks/or_bench.jsonl,or_bench.jsonl,or_bench,,or_bench,,,,,,,,124,21,1,1,0,1
or_bench_00117,,,/content/safecomp-dpo/hf_data/benchmarks/or_bench.jsonl,or_bench.jsonl,or_bench,,or_bench,,,,,,,,141,24,1,1,0,1
or_bench_00118,,,/content/safecomp-dpo/hf_data/benchmarks/or_bench.jsonl,or_bench.jsonl,or_bench,,or_bench,,,,,,,,149,25,1,1,0,1
or_bench_00119,,,/content/safecomp-dpo/hf_data/benchmarks/or_bench.jsonl,or_bench.jsonl,or_bench,,or_bench,,,,,,,,103,15,1,1,0,1
or_bench_00120,,,/content/safecomp-dpo/hf_data/benchmarks/or_bench.jsonl,or_bench.jsonl,or_bench,,or_bench,,,,,,,,157,22,1,1,0,1
or_bench_00121,,,/content/safecomp-dpo/hf_data/benchmarks/or_bench.jsonl,or_bench.jsonl,or_bench,,or_bench,,,,,,,,133,22,1,1,0,1
or_bench_00122,,,/content/safecomp-dpo/hf_data/benchmarks/or_bench.jsonl,or_bench.jsonl,or_bench,,or_bench,,,,,,,,79,13,1,1,0,1
or_bench_00123,,,/content/safecomp-dpo/hf_data/benchmarks/or_bench.jsonl,or_bench.jsonl,or_bench,,or_bench,,,,,,,,140,26,1,1,0,1
or_bench_00124,,,/content/safecomp-dpo/hf_data/benchmarks/or_bench.jsonl,or_bench.jsonl,or_bench,,or_bench,,,,,,,,107,17,1,0,0,1
or_bench_00125,,,/content/safecomp-dpo/hf_data/benchmarks/or_bench.jsonl,or_bench.jsonl,or_bench,,or_bench,,,,,,,,151,21,1,0,0,1
or_bench_00126,,,/content/safecomp-dpo/hf_data/benchmarks/or_bench.jsonl,or_bench.jsonl,or_bench,,or_bench,,,,,,,,92,12,1,1,0,1
or_bench_00127,,,/content/safecomp-dpo/hf_data/benchmarks/or_bench.jsonl,or_bench.jsonl,or_bench,,or_bench,,,,,,,,105,15,1,1,0,1
or_bench_00128,,,/content/safecomp-dpo/hf_data/benchmarks/or_bench.jsonl,or_bench.jsonl,or_bench,,or_bench,,,,,,,,142,25,1,1,0,1
or_bench_00129,,,/content/safecomp-dpo/hf_data/benchmarks/or_bench.jsonl,or_bench.jsonl,or_bench,,or_bench,,,,,,,,119,19,1,1,0,1
or_bench_00130,,,/content/safecomp-dpo/hf_data/benchmarks/or_bench.jsonl,or_bench.jsonl,or_bench,,or_bench,,,,,,,,93,15,1,1,0,1
or_bench_00131,,,/content/safecomp-dpo/hf_data/benchmarks/or_bench.jsonl,or_bench.jsonl,or_bench,,or_bench,,,,,,,,109,18,1,1,0,1
or_bench_00132,,,/content/safecomp-dpo/hf_data/benchmarks/or_bench.jsonl,or_bench.jsonl,or_bench,,or_bench,,,,,,,,138,24,1,1,0,1
or_bench_00133,,,/content/safecomp-dpo/hf_data/benchmarks/or_bench.jsonl,or_bench.jsonl,or_bench,,or_bench,,,,,,,,131,21,1,1,0,1
or_bench_00134,,,/content/safecomp-dpo/hf_data/benchmarks/or_bench.jsonl,or_bench.jsonl,or_bench,,or_bench,,,,,,,,118,18,1,1,0,1
or_bench_00135,,,/content/safecomp-dpo/hf_data/benchmarks/or_bench.jsonl,or_bench.jsonl,or_bench,,or_bench,,,,,,,,90,14,1,1,0,1
or_bench_00136,,,/content/safecomp-dpo/hf_data/benchmarks/or_bench.jsonl,or_bench.jsonl,or_bench,,or_bench,,,,,,,,119,19,1,1,0,1
or_bench_00137,,,/content/safecomp-dpo/hf_data/benchmarks/or_bench.jsonl,or_bench.jsonl,or_bench,,or_bench,,,,,,,,95,15,1,1,0,1
or_bench_00138,,,/content/safecomp-dpo/hf_data/benchmarks/or_bench.jsonl,or_bench.jsonl,or_bench,,or_bench,,,,,,,,107,18,1,1,0,1
or_bench_00139,,,/content/safecomp-dpo/hf_data/benchmarks/or_bench.jsonl,or_bench.jsonl,or_bench,,or_bench,,,,,,,,114,23,1,1,0,1
or_bench_00140,,,/content/safecomp-dpo/hf_data/benchmarks/or_bench.jsonl,or_bench.jsonl,or_bench,,or_bench,,,,,,,,119,18,1,1,0,1
or_bench_00141,,,/content/safecomp-dpo/hf_data/benchmarks/or_bench.jsonl,or_bench.jsonl,or_bench,,or_bench,,,,,,,,204,35,1,1,0,1
or_bench_00142,,,/content/safecomp-dpo/hf_data/benchmarks/or_bench.jsonl,or_bench.jsonl,or_bench,,or_bench,,,,,,,,92,13,1,1,0,1
or_bench_00143,,,/content/safecomp-dpo/hf_data/benchmarks/or_bench.jsonl,or_bench.jsonl,or_bench,,or_bench,,,,,,,,128,18,1,0,0,1
or_bench_00144,,,/content/safecomp-dpo/hf_data/benchmarks/or_bench.jsonl,or_bench.jsonl,or_bench,,or_bench,,,,,,,,113,20,1,1,0,1
or_bench_00145,,,/content/safecomp-dpo/hf_data/benchmarks/or_bench.jsonl,or_bench.jsonl,or_bench,,or_bench,,,,,,,,159,24,1,1,0,1
or_bench_00146,,,/content/safecomp-dpo/hf_data/benchmarks/or_bench.jsonl,or_bench.jsonl,or_bench,,or_bench,,,,,,,,150,24,1,0,2,1
or_bench_00147,,,/content/safecomp-dpo/hf_data/benchmarks/or_bench.jsonl,or_bench.jsonl,or_bench,,or_bench,,,,,,,,132,20,1,1,0,1
or_bench_00148,,,/content/safecomp-dpo/hf_data/benchmarks/or_bench.jsonl,or_bench.jsonl,or_bench,,or_bench,,,,,,,,121,17,1,1,0,1
or_bench_00149,,,/content/safecomp-dpo/hf_data/benchmarks/or_bench.jsonl,or_bench.jsonl,or_bench,,or_bench,,,,,,,,73,11,1,1,0,1
or_bench_00150,,,/content/safecomp-dpo/hf_data/benchmarks/or_bench.jsonl,or_bench.jsonl,or_bench,,or_bench,,,,,,,,105,19,1,1,0,1
or_bench_00151,,,/content/safecomp-dpo/hf_data/benchmarks/or_bench.jsonl,or_bench.jsonl,or_bench,,or_bench,,,,,,,,79,13,1,1,0,1
or_bench_00152,,,/content/safecomp-dpo/hf_data/benchmarks/or_bench.jsonl,or_bench.jsonl,or_bench,,or_bench,,,,,,,,87,14,1,1,0,1
or_bench_00153,,,/content/safecomp-dpo/hf_data/benchmarks/or_bench.jsonl,or_bench.jsonl,or_bench,,or_bench,,,,,,,,148,25,1,1,0,1
or_bench_00154,,,/content/safecomp-dpo/hf_data/benchmarks/or_bench.jsonl,or_bench.jsonl,or_bench,,or_bench,,,,,,,,144,22,1,1,0,1
or_bench_00155,,,/content/safecomp-dpo/hf_data/benchmarks/or_bench.jsonl,or_bench.jsonl,or_bench,,or_bench,,,,,,,,144,24,1,1,0,1
or_bench_00156,,,/content/safecomp-dpo/hf_data/benchmarks/or_bench.jsonl,or_bench.jsonl,or_bench,,or_bench,,,,,,,,84,17,1,1,0,1
or_bench_00157,,,/content/safecomp-dpo/hf_data/benchmarks/or_bench.jsonl,or_bench.jsonl,or_bench,,or_bench,,,,,,,,135,19,1,1,0,1
or_bench_00158,,,/content/safecomp-dpo/hf_data/benchmarks/or_bench.jsonl,or_bench.jsonl,or_bench,,or_bench,,,,,,,,114,18,1,1,0,1
or_bench_00159,,,/content/safecomp-dpo/hf_data/benchmarks/or_bench.jsonl,or_bench.jsonl,or_bench,,or_bench,,,,,,,,94,15,1,1,0,1
or_bench_00160,,,/content/safecomp-dpo/hf_data/benchmarks/or_bench.jsonl,or_bench.jsonl,or_bench,,or_bench,,,,,,,,139,22,1,1,0,1
or_bench_00161,,,/content/safecomp-dpo/hf_data/benchmarks/or_bench.jsonl,or_bench.jsonl,or_bench,,or_bench,,,,,,,,141,26,1,1,0,1
or_bench_00162,,,/content/safecomp-dpo/hf_data/benchmarks/or_bench.jsonl,or_bench.jsonl,or_bench,,or_bench,,,,,,,,82,15,1,1,0,1
or_bench_00163,,,/content/safecomp-dpo/hf_data/benchmarks/or_bench.jsonl,or_bench.jsonl,or_bench,,or_bench,,,,,,,,136,19,1,1,0,1
or_bench_00164,,,/content/safecomp-dpo/hf_data/benchmarks/or_bench.jsonl,or_bench.jsonl,or_bench,,or_bench,,,,,,,,108,18,1,1,0,1
or_bench_00165,,,/content/safecomp-dpo/hf_data/benchmarks/or_bench.jsonl,or_bench.jsonl,or_bench,,or_bench,,,,,,,,121,16,1,0,0,1
or_bench_00166,,,/content/safecomp-dpo/hf_data/benchmarks/or_bench.jsonl,or_bench.jsonl,or_bench,,or_bench,,,,,,,,107,18,1,1,0,1
or_bench_00167,,,/content/safecomp-dpo/hf_data/benchmarks/or_bench.jsonl,or_bench.jsonl,or_bench,,or_bench,,,,,,,,141,25,1,0,0,1
or_bench_00168,,,/content/safecomp-dpo/hf_data/benchmarks/or_bench.jsonl,or_bench.jsonl,or_bench,,or_bench,,,,,,,,99,15,1,0,0,1
or_bench_00169,,,/content/safecomp-dpo/hf_data/benchmarks/or_bench.jsonl,or_bench.jsonl,or_bench,,or_bench,,,,,,,,122,17,1,0,0,1
or_bench_00170,,,/content/safecomp-dpo/hf_data/benchmarks/or_bench.jsonl,or_bench.jsonl,or_bench,,or_bench,,,,,,,,95,15,1,1,0,1
or_bench_00171,,,/content/safecomp-dpo/hf_data/benchmarks/or_bench.jsonl,or_bench.jsonl,or_bench,,or_bench,,,,,,,,130,20,1,0,0,1
or_bench_00172,,,/content/safecomp-dpo/hf_data/benchmarks/or_bench.jsonl,or_bench.jsonl,or_bench,,or_bench,,,,,,,,126,20,1,1,0,1
or_bench_00173,,,/content/safecomp-dpo/hf_data/benchmarks/or_bench.jsonl,or_bench.jsonl,or_bench,,or_bench,,,,,,,,110,16,1,1,0,1
or_bench_00174,,,/content/safecomp-dpo/hf_data/benchmarks/or_bench.jsonl,or_bench.jsonl,or_bench,,or_bench,,,,,,,,114,19,1,1,0,1
or_bench_00175,,,/content/safecomp-dpo/hf_data/benchmarks/or_bench.jsonl,or_bench.jsonl,or_bench,,or_bench,,,,,,,,151,25,1,1,0,1
or_bench_00176,,,/content/safecomp-dpo/hf_data/benchmarks/or_bench.jsonl,or_bench.jsonl,or_bench,,or_bench,,,,,,,,158,27,1,0,0,1
or_bench_00177,,,/content/safecomp-dpo/hf_data/benchmarks/or_bench.jsonl,or_bench.jsonl,or_bench,,or_bench,,,,,,,,169,29,1,1,0,1
or_bench_00178,,,/content/safecomp-dpo/hf_data/benchmarks/or_bench.jsonl,or_bench.jsonl,or_bench,,or_bench,,,,,,,,114,17,1,0,0,1
or_bench_00179,,,/content/safecomp-dpo/hf_data/benchmarks/or_bench.jsonl,or_bench.jsonl,or_bench,,or_bench,,,,,,,,142,25,1,1,0,1
or_bench_00180,,,/content/safecomp-dpo/hf_data/benchmarks/or_bench.jsonl,or_bench.jsonl,or_bench,,or_bench,,,,,,,,110,18,1,1,0,1
or_bench_00181,,,/content/safecomp-dpo/hf_data/benchmarks/or_bench.jsonl,or_bench.jsonl,or_bench,,or_bench,,,,,,,,86,14,1,1,0,1
or_bench_00182,,,/content/safecomp-dpo/hf_data/benchmarks/or_bench.jsonl,or_bench.jsonl,or_bench,,or_bench,,,,,,,,111,19,1,1,0,1
or_bench_00183,,,/content/safecomp-dpo/hf_data/benchmarks/or_bench.jsonl,or_bench.jsonl,or_bench,,or_bench,,,,,,,,62,11,1,1,0,1
or_bench_00184,,,/content/safecomp-dpo/hf_data/benchmarks/or_bench.jsonl,or_bench.jsonl,or_bench,,or_bench,,,,,,,,80,12,1,1,0,1
or_bench_00185,,,/content/safecomp-dpo/hf_data/benchmarks/or_bench.jsonl,or_bench.jsonl,or_bench,,or_bench,,,,,,,,82,14,1,1,0,1
or_bench_00186,,,/content/safecomp-dpo/hf_data/benchmarks/or_bench.jsonl,or_bench.jsonl,or_bench,,or_bench,,,,,,,,150,22,1,1,0,1
or_bench_00187,,,/content/safecomp-dpo/hf_data/benchmarks/or_bench.jsonl,or_bench.jsonl,or_bench,,or_bench,,,,,,,,92,16,1,1,0,1
or_bench_00188,,,/content/safecomp-dpo/hf_data/benchmarks/or_bench.jsonl,or_bench.jsonl,or_bench,,or_bench,,,,,,,,116,17,1,1,0,1
or_bench_00189,,,/content/safecomp-dpo/hf_data/benchmarks/or_bench.jsonl,or_bench.jsonl,or_bench,,or_bench,,,,,,,,83,13,1,1,0,1
or_bench_00190,,,/content/safecomp-dpo/hf_data/benchmarks/or_bench.jsonl,or_bench.jsonl,or_bench,,or_bench,,,,,,,,143,23,1,1,0,1
or_bench_00191,,,/content/safecomp-dpo/hf_data/benchmarks/or_bench.jsonl,or_bench.jsonl,or_bench,,or_bench,,,,,,,,133,21,1,1,0,1
or_bench_00192,,,/content/safecomp-dpo/hf_data/benchmarks/or_bench.jsonl,or_bench.jsonl,or_bench,,or_bench,,,,,,,,105,13,1,1,0,1
or_bench_00193,,,/content/safecomp-dpo/hf_data/benchmarks/or_bench.jsonl,or_bench.jsonl,or_bench,,or_bench,,,,,,,,168,23,1,1,0,1
or_bench_00194,,,/content/safecomp-dpo/hf_data/benchmarks/or_bench.jsonl,or_bench.jsonl,or_bench,,or_bench,,,,,,,,148,27,1,1,0,1
or_bench_00195,,,/content/safecomp-dpo/hf_data/benchmarks/or_bench.jsonl,or_bench.jsonl,or_bench,,or_bench,,,,,,,,108,17,1,1,0,1
or_bench_00196,,,/content/safecomp-dpo/hf_data/benchmarks/or_bench.jsonl,or_bench.jsonl,or_bench,,or_bench,,,,,,,,97,14,1,1,0,1
or_bench_00197,,,/content/safecomp-dpo/hf_data/benchmarks/or_bench.jsonl,or_bench.jsonl,or_bench,,or_bench,,,,,,,,160,23,1,1,0,1
or_bench_00198,,,/content/safecomp-dpo/hf_data/benchmarks/or_bench.jsonl,or_bench.jsonl,or_bench,,or_bench,,,,,,,,95,16,1,1,0,1
or_bench_00199,,,/content/safecomp-dpo/hf_data/benchmarks/or_bench.jsonl,or_bench.jsonl,or_bench,,or_bench,,,,,,,,103,17,1,1,0,1
or_bench_00200,,,/content/safecomp-dpo/hf_data/benchmarks/or_bench.jsonl,or_bench.jsonl,or_bench,,or_bench,,,,,,,,134,20,1,0,0,1
or_bench_00201,,,/content/safecomp-dpo/hf_data/benchmarks/or_bench.jsonl,or_bench.jsonl,or_bench,,or_bench,,,,,,,,90,12,1,1,0,1
or_bench_00202,,,/content/safecomp-dpo/hf_data/benchmarks/or_bench.jsonl,or_bench.jsonl,or_bench,,or_bench,,,,,,,,171,26,1,1,0,1
or_bench_00203,,,/content/safecomp-dpo/hf_data/benchmarks/or_bench.jsonl,or_bench.jsonl,or_bench,,or_bench,,,,,,,,125,18,1,1,0,1
or_bench_00204,,,/content/safecomp-dpo/hf_data/benchmarks/or_bench.jsonl,or_bench.jsonl,or_bench,,or_bench,,,,,,,,140,21,1,1,0,1
or_bench_00205,,,/content/safecomp-dpo/hf_data/benchmarks/or_bench.jsonl,or_bench.jsonl,or_bench,,or_bench,,,,,,,,69,13,1,1,0,1
or_bench_00206,,,/content/safecomp-dpo/hf_data/benchmarks/or_bench.jsonl,or_bench.jsonl,or_bench,,or_bench,,,,,,,,105,16,1,1,0,1
or_bench_00207,,,/content/safecomp-dpo/hf_data/benchmarks/or_bench.jsonl,or_bench.jsonl,or_bench,,or_bench,,,,,,,,129,21,1,1,0,1
or_bench_00208,,,/content/safecomp-dpo/hf_data/benchmarks/or_bench.jsonl,or_bench.jsonl,or_bench,,or_bench,,,,,,,,128,20,1,0,0,1
or_bench_00209,,,/content/safecomp-dpo/hf_data/benchmarks/or_bench.jsonl,or_bench.jsonl,or_bench,,or_bench,,,,,,,,159,26,1,0,0,1
or_bench_00210,,,/content/safecomp-dpo/hf_data/benchmarks/or_bench.jsonl,or_bench.jsonl,or_bench,,or_bench,,,,,,,,124,19,1,1,0,1
or_bench_00211,,,/content/safecomp-dpo/hf_data/benchmarks/or_bench.jsonl,or_bench.jsonl,or_bench,,or_bench,,,,,,,,160,26,1,1,0,1
or_bench_00212,,,/content/safecomp-dpo/hf_data/benchmarks/or_bench.jsonl,or_bench.jsonl,or_bench,,or_bench,,,,,,,,95,15,1,1,0,1
or_bench_00213,,,/content/safecomp-dpo/hf_data/benchmarks/or_bench.jsonl,or_bench.jsonl,or_bench,,or_bench,,,,,,,,193,26,1,1,0,1
or_bench_00214,,,/content/safecomp-dpo/hf_data/benchmarks/or_bench.jsonl,or_bench.jsonl,or_bench,,or_bench,,,,,,,,160,25,1,0,2,0
or_bench_00215,,,/content/safecomp-dpo/hf_data/benchmarks/or_bench.jsonl,or_bench.jsonl,or_bench,,or_bench,,,,,,,,148,26,1,1,0,1
or_bench_00216,,,/content/safecomp-dpo/hf_data/benchmarks/or_bench.jsonl,or_bench.jsonl,or_bench,,or_bench,,,,,,,,118,19,1,1,0,1
or_bench_00217,,,/content/safecomp-dpo/hf_data/benchmarks/or_bench.jsonl,or_bench.jsonl,or_bench,,or_bench,,,,,,,,106,14,1,0,0,1
or_bench_00218,,,/content/safecomp-dpo/hf_data/benchmarks/or_bench.jsonl,or_bench.jsonl,or_bench,,or_bench,,,,,,,,100,13,1,1,0,1
or_bench_00219,,,/content/safecomp-dpo/hf_data/benchmarks/or_bench.jsonl,or_bench.jsonl,or_bench,,or_bench,,,,,,,,106,16,1,1,0,1
or_bench_00220,,,/content/safecomp-dpo/hf_data/benchmarks/or_bench.jsonl,or_bench.jsonl,or_bench,,or_bench,,,,,,,,81,16,1,0,0,1
or_bench_00221,,,/content/safecomp-dpo/hf_data/benchmarks/or_bench.jsonl,or_bench.jsonl,or_bench,,or_bench,,,,,,,,143,23,1,0,0,1
or_bench_00222,,,/content/safecomp-dpo/hf_data/benchmarks/or_bench.jsonl,or_bench.jsonl,or_bench,,or_bench,,,,,,,,104,17,1,0,0,1
or_bench_00223,,,/content/safecomp-dpo/hf_data/benchmarks/or_bench.jsonl,or_bench.jsonl,or_bench,,or_bench,,,,,,,,142,21,1,0,0,1
or_bench_00224,,,/content/safecomp-dpo/hf_data/benchmarks/or_bench.jsonl,or_bench.jsonl,or_bench,,or_bench,,,,,,,,150,22,1,0,0,1
or_bench_00225,,,/content/safecomp-dpo/hf_data/benchmarks/or_bench.jsonl,or_bench.jsonl,or_bench,,or_bench,,,,,,,,195,38,1,0,0,1
or_bench_00226,,,/content/safecomp-dpo/hf_data/benchmarks/or_bench.jsonl,or_bench.jsonl,or_bench,,or_bench,,,,,,,,178,26,1,0,0,1
or_bench_00227,,,/content/safecomp-dpo/hf_data/benchmarks/or_bench.jsonl,or_bench.jsonl,or_bench,,or_bench,,,,,,,,122,17,1,0,0,1
or_bench_00228,,,/content/safecomp-dpo/hf_data/benchmarks/or_bench.jsonl,or_bench.jsonl,or_bench,,or_bench,,,,,,,,82,14,1,1,0,1
or_bench_00229,,,/content/safecomp-dpo/hf_data/benchmarks/or_bench.jsonl,or_bench.jsonl,or_bench,,or_bench,,,,,,,,149,23,1,0,0,1
or_bench_00230,,,/content/safecomp-dpo/hf_data/benchmarks/or_bench.jsonl,or_bench.jsonl,or_bench,,or_bench,,,,,,,,196,28,1,0,0,1
or_bench_00231,,,/content/safecomp-dpo/hf_data/benchmarks/or_bench.jsonl,or_bench.jsonl,or_bench,,or_bench,,,,,,,,118,16,1,1,0,1
or_bench_00232,,,/content/safecomp-dpo/hf_data/benchmarks/or_bench.jsonl,or_bench.jsonl,or_bench,,or_bench,,,,,,,,103,13,1,0,0,1
or_bench_00233,,,/content/safecomp-dpo/hf_data/benchmarks/or_bench.jsonl,or_bench.jsonl,or_bench,,or_bench,,,,,,,,130,19,1,0,0,1
or_bench_00234,,,/content/safecomp-dpo/hf_data/benchmarks/or_bench.jsonl,or_bench.jsonl,or_bench,,or_bench,,,,,,,,148,23,1,0,0,1
or_bench_00235,,,/content/safecomp-dpo/hf_data/benchmarks/or_bench.jsonl,or_bench.jsonl,or_bench,,or_bench,,,,,,,,128,17,1,0,0,1
or_bench_00236,,,/content/safecomp-dpo/hf_data/benchmarks/or_bench.jsonl,or_bench.jsonl,or_bench,,or_bench,,,,,,,,90,12,1,0,0,1
or_bench_00237,,,/content/safecomp-dpo/hf_data/benchmarks/or_bench.jsonl,or_bench.jsonl,or_bench,,or_bench,,,,,,,,211,29,1,0,0,1
or_bench_00238,,,/content/safecomp-dpo/hf_data/benchmarks/or_bench.jsonl,or_bench.jsonl,or_bench,,or_bench,,,,,,,,75,11,1,0,0,1
or_bench_00239,,,/content/safecomp-dpo/hf_data/benchmarks/or_bench.jsonl,or_bench.jsonl,or_bench,,or_bench,,,,,,,,160,23,1,0,0,1
or_bench_00240,,,/content/safecomp-dpo/hf_data/benchmarks/or_bench.jsonl,or_bench.jsonl,or_bench,,or_bench,,,,,,,,76,10,1,0,0,0
or_bench_00241,,,/content/safecomp-dpo/hf_data/benchmarks/or_bench.jsonl,or_bench.jsonl,or_bench,,or_bench,,,,,,,,85,10,1,0,0,1
or_bench_00242,,,/content/safecomp-dpo/hf_data/benchmarks/or_bench.jsonl,or_bench.jsonl,or_bench,,or_bench,,,,,,,,77,14,1,1,0,1
or_bench_00243,,,/content/safecomp-dpo/hf_data/benchmarks/or_bench.jsonl,or_bench.jsonl,or_bench,,or_bench,,,,,,,,173,28,1,0,0,1
or_bench_00244,,,/content/safecomp-dpo/hf_data/benchmarks/or_bench.jsonl,or_bench.jsonl,or_bench,,or_bench,,,,,,,,92,18,1,0,0,1
or_bench_00245,,,/content/safecomp-dpo/hf_data/benchmarks/or_bench.jsonl,or_bench.jsonl,or_bench,,or_bench,,,,,,,,98,13,1,0,0,0
or_bench_00246,,,/content/safecomp-dpo/hf_data/benchmarks/or_bench.jsonl,or_bench.jsonl,or_bench,,or_bench,,,,,,,,119,18,1,0,0,0
or_bench_00247,,,/content/safecomp-dpo/hf_data/benchmarks/or_bench.jsonl,or_bench.jsonl,or_bench,,or_bench,,,,,,,,116,24,1,0,0,1
or_bench_00248,,,/content/safecomp-dpo/hf_data/benchmarks/or_bench.jsonl,or_bench.jsonl,or_bench,,or_bench,,,,,,,,115,18,1,0,0,1
or_bench_00249,,,/content/safecomp-dpo/hf_data/benchmarks/or_bench.jsonl,or_bench.jsonl,or_bench,,or_bench,,,,,,,,175,26,1,0,0,1
or_bench_00250,,,/content/safecomp-dpo/hf_data/benchmarks/or_bench.jsonl,or_bench.jsonl,or_bench,,or_bench,,,,,,,,107,15,1,0,0,1
or_bench_00251,,,/content/safecomp-dpo/hf_data/benchmarks/or_bench.jsonl,or_bench.jsonl,or_bench,,or_bench,,,,,,,,75,10,1,0,0,0
or_bench_00252,,,/content/safecomp-dpo/hf_data/benchmarks/or_bench.jsonl,or_bench.jsonl,or_bench,,or_bench,,,,,,,,170,27,1,0,0,1
or_bench_00253,,,/content/safecomp-dpo/hf_data/benchmarks/or_bench.jsonl,or_bench.jsonl,or_bench,,or_bench,,,,,,,,205,32,1,0,0,1
or_bench_00254,,,/content/safecomp-dpo/hf_data/benchmarks/or_bench.jsonl,or_bench.jsonl,or_bench,,or_bench,,,,,,,,80,12,1,0,0,1
or_bench_00255,,,/content/safecomp-dpo/hf_data/benchmarks/or_bench.jsonl,or_bench.jsonl,or_bench,,or_bench,,,,,,,,111,19,1,0,0,1
or_bench_00256,,,/content/safecomp-dpo/hf_data/benchmarks/or_bench.jsonl,or_bench.jsonl,or_bench,,or_bench,,,,,,,,85,13,1,0,0,1
or_bench_00257,,,/content/safecomp-dpo/hf_data/benchmarks/or_bench.jsonl,or_bench.jsonl,or_bench,,or_bench,,,,,,,,123,17,1,1,0,1
or_bench_00258,,,/content/safecomp-dpo/hf_data/benchmarks/or_bench.jsonl,or_bench.jsonl,or_bench,,or_bench,,,,,,,,120,17,1,0,0,1
or_bench_00259,,,/content/safecomp-dpo/hf_data/benchmarks/or_bench.jsonl,or_bench.jsonl,or_bench,,or_bench,,,,,,,,79,14,1,0,0,1
or_bench_00260,,,/content/safecomp-dpo/hf_data/benchmarks/or_bench.jsonl,or_bench.jsonl,or_bench,,or_bench,,,,,,,,121,19,1,0,0,1
or_bench_00261,,,/content/safecomp-dpo/hf_data/benchmarks/or_bench.jsonl,or_bench.jsonl,or_bench,,or_bench,,,,,,,,125,19,1,0,0,1
or_bench_00262,,,/content/safecomp-dpo/hf_data/benchmarks/or_bench.jsonl,or_bench.jsonl,or_bench,,or_bench,,,,,,,,113,17,1,0,0,1
or_bench_00263,,,/content/safecomp-dpo/hf_data/benchmarks/or_bench.jsonl,or_bench.jsonl,or_bench,,or_bench,,,,,,,,122,17,1,0,0,1
or_bench_00264,,,/content/safecomp-dpo/hf_data/benchmarks/or_bench.jsonl,or_bench.jsonl,or_bench,,or_bench,,,,,,,,178,25,1,0,0,1
or_bench_00265,,,/content/safecomp-dpo/hf_data/benchmarks/or_bench.jsonl,or_bench.jsonl,or_bench,,or_bench,,,,,,,,143,20,1,0,0,1
or_bench_00266,,,/content/safecomp-dpo/hf_data/benchmarks/or_bench.jsonl,or_bench.jsonl,or_bench,,or_bench,,,,,,,,111,16,1,0,0,1
or_bench_00267,,,/content/safecomp-dpo/hf_data/benchmarks/or_bench.jsonl,or_bench.jsonl,or_bench,,or_bench,,,,,,,,152,26,1,1,0,1
or_bench_00268,,,/content/safecomp-dpo/hf_data/benchmarks/or_bench.jsonl,or_bench.jsonl,or_bench,,or_bench,,,,,,,,131,19,1,0,0,1
or_bench_00269,,,/content/safecomp-dpo/hf_data/benchmarks/or_bench.jsonl,or_bench.jsonl,or_bench,,or_bench,,,,,,,,134,23,1,1,0,1
or_bench_00270,,,/content/safecomp-dpo/hf_data/benchmarks/or_bench.jsonl,or_bench.jsonl,or_bench,,or_bench,,,,,,,,214,38,1,0,0,2
or_bench_00271,,,/content/safecomp-dpo/hf_data/benchmarks/or_bench.jsonl,or_bench.jsonl,or_bench,,or_bench,,,,,,,,139,20,1,1,0,1
or_bench_00272,,,/content/safecomp-dpo/hf_data/benchmarks/or_bench.jsonl,or_bench.jsonl,or_bench,,or_bench,,,,,,,,105,16,1,0,0,1
or_bench_00273,,,/content/safecomp-dpo/hf_data/benchmarks/or_bench.jsonl,or_bench.jsonl,or_bench,,or_bench,,,,,,,,89,15,1,1,0,1
or_bench_00274,,,/content/safecomp-dpo/hf_data/benchmarks/or_bench.jsonl,or_bench.jsonl,or_bench,,or_bench,,,,,,,,98,16,1,1,0,1
or_bench_00275,,,/content/safecomp-dpo/hf_data/benchmarks/or_bench.jsonl,or_bench.jsonl,or_bench,,or_bench,,,,,,,,119,19,1,1,0,1
or_bench_00276,,,/content/safecomp-dpo/hf_data/benchmarks/or_bench.jsonl,or_bench.jsonl,or_bench,,or_bench,,,,,,,,165,26,1,1,0,1
or_bench_00277,,,/content/safecomp-dpo/hf_data/benchmarks/or_bench.jsonl,or_bench.jsonl,or_bench,,or_bench,,,,,,,,114,22,1,1,0,1
or_bench_00278,,,/content/safecomp-dpo/hf_data/benchmarks/or_bench.jsonl,or_bench.jsonl,or_bench,,or_bench,,,,,,,,86,14,1,0,0,1
or_bench_00279,,,/content/safecomp-dpo/hf_data/benchmarks/or_bench.jsonl,or_bench.jsonl,or_bench,,or_bench,,,,,,,,111,17,1,1,0,1
or_bench_00280,,,/content/safecomp-dpo/hf_data/benchmarks/or_bench.jsonl,or_bench.jsonl,or_bench,,or_bench,,,,,,,,121,20,1,1,0,1
or_bench_00281,,,/content/safecomp-dpo/hf_data/benchmarks/or_bench.jsonl,or_bench.jsonl,or_bench,,or_bench,,,,,,,,100,16,1,1,0,1
or_bench_00282,,,/content/safecomp-dpo/hf_data/benchmarks/or_bench.jsonl,or_bench.jsonl,or_bench,,or_bench,,,,,,,,62,10,1,1,0,1
or_bench_00283,,,/content/safecomp-dpo/hf_data/benchmarks/or_bench.jsonl,or_bench.jsonl,or_bench,,or_bench,,,,,,,,150,21,1,0,0,1
or_bench_00284,,,/content/safecomp-dpo/hf_data/benchmarks/or_bench.jsonl,or_bench.jsonl,or_bench,,or_bench,,,,,,,,120,17,1,0,0,1
or_bench_00285,,,/content/safecomp-dpo/hf_data/benchmarks/or_bench.jsonl,or_bench.jsonl,or_bench,,or_bench,,,,,,,,122,19,1,1,0,1
or_bench_00286,,,/content/safecomp-dpo/hf_data/benchmarks/or_bench.jsonl,or_bench.jsonl,or_bench,,or_bench,,,,,,,,138,25,1,1,0,1
or_bench_00287,,,/content/safecomp-dpo/hf_data/benchmarks/or_bench.jsonl,or_bench.jsonl,or_bench,,or_bench,,,,,,,,100,17,1,1,0,1
or_bench_00288,,,/content/safecomp-dpo/hf_data/benchmarks/or_bench.jsonl,or_bench.jsonl,or_bench,,or_bench,,,,,,,,140,24,1,1,0,1
or_bench_00289,,,/content/safecomp-dpo/hf_data/benchmarks/or_bench.jsonl,or_bench.jsonl,or_bench,,or_bench,,,,,,,,164,24,1,1,0,1
or_bench_00290,,,/content/safecomp-dpo/hf_data/benchmarks/or_bench.jsonl,or_bench.jsonl,or_bench,,or_bench,,,,,,,,115,20,1,1,0,1
or_bench_00291,,,/content/safecomp-dpo/hf_data/benchmarks/or_bench.jsonl,or_bench.jsonl,or_bench,,or_bench,,,,,,,,134,23,1,0,0,1
or_bench_00292,,,/content/safecomp-dpo/hf_data/benchmarks/or_bench.jsonl,or_bench.jsonl,or_bench,,or_bench,,,,,,,,111,18,1,1,0,1
or_bench_00293,,,/content/safecomp-dpo/hf_data/benchmarks/or_bench.jsonl,or_bench.jsonl,or_bench,,or_bench,,,,,,,,157,25,1,1,0,1
or_bench_00294,,,/content/safecomp-dpo/hf_data/benchmarks/or_bench.jsonl,or_bench.jsonl,or_bench,,or_bench,,,,,,,,136,19,1,1,0,1
or_bench_00295,,,/content/safecomp-dpo/hf_data/benchmarks/or_bench.jsonl,or_bench.jsonl,or_bench,,or_bench,,,,,,,,115,15,1,1,0,1
or_bench_00296,,,/content/safecomp-dpo/hf_data/benchmarks/or_bench.jsonl,or_bench.jsonl,or_bench,,or_bench,,,,,,,,73,10,1,1,0,1
or_bench_00297,,,/content/safecomp-dpo/hf_data/benchmarks/or_bench.jsonl,or_bench.jsonl,or_bench,,or_bench,,,,,,,,156,23,1,1,0,1
or_bench_00298,,,/content/safecomp-dpo/hf_data/benchmarks/or_bench.jsonl,or_bench.jsonl,or_bench,,or_bench,,,,,,,,114,21,1,1,0,1
or_bench_00299,,,/content/safecomp-dpo/hf_data/benchmarks/or_bench.jsonl,or_bench.jsonl,or_bench,,or_bench,,,,,,,,103,18,1,1,0,1
or_bench_00300,,,/content/safecomp-dpo/hf_data/benchmarks/or_bench.jsonl,or_bench.jsonl,or_bench,,or_bench,,,,,,,,103,17,1,1,0,1
or_bench_00301,,,/content/safecomp-dpo/hf_data/benchmarks/or_bench.jsonl,or_bench.jsonl,or_bench,,or_bench,,,,,,,,126,17,1,1,0,1
or_bench_00302,,,/content/safecomp-dpo/hf_data/benchmarks/or_bench.jsonl,or_bench.jsonl,or_bench,,or_bench,,,,,,,,106,19,1,1,0,1
or_bench_00303,,,/content/safecomp-dpo/hf_data/benchmarks/or_bench.jsonl,or_bench.jsonl,or_bench,,or_bench,,,,,,,,135,21,1,1,0,1
or_bench_00304,,,/content/safecomp-dpo/hf_data/benchmarks/or_bench.jsonl,or_bench.jsonl,or_bench,,or_bench,,,,,,,,166,24,1,0,0,1
or_bench_00305,,,/content/safecomp-dpo/hf_data/benchmarks/or_bench.jsonl,or_bench.jsonl,or_bench,,or_bench,,,,,,,,116,21,1,1,0,1
or_bench_00306,,,/content/safecomp-dpo/hf_data/benchmarks/or_bench.jsonl,or_bench.jsonl,or_bench,,or_bench,,,,,,,,115,17,1,1,0,1
or_bench_00307,,,/content/safecomp-dpo/hf_data/benchmarks/or_bench.jsonl,or_bench.jsonl,or_bench,,or_bench,,,,,,,,112,18,1,1,0,1
or_bench_00308,,,/content/safecomp-dpo/hf_data/benchmarks/or_bench.jsonl,or_bench.jsonl,or_bench,,or_bench,,,,,,,,83,13,1,1,0,1
or_bench_00309,,,/content/safecomp-dpo/hf_data/benchmarks/or_bench.jsonl,or_bench.jsonl,or_bench,,or_bench,,,,,,,,131,22,1,0,0,1
or_bench_00310,,,/content/safecomp-dpo/hf_data/benchmarks/or_bench.jsonl,or_bench.jsonl,or_bench,,or_bench,,,,,,,,115,16,1,1,0,1
or_bench_00311,,,/content/safecomp-dpo/hf_data/benchmarks/or_bench.jsonl,or_bench.jsonl,or_bench,,or_bench,,,,,,,,138,19,1,1,0,1
or_bench_00312,,,/content/safecomp-dpo/hf_data/benchmarks/or_bench.jsonl,or_bench.jsonl,or_bench,,or_bench,,,,,,,,97,14,1,1,0,1
or_bench_00313,,,/content/safecomp-dpo/hf_data/benchmarks/or_bench.jsonl,or_bench.jsonl,or_bench,,or_bench,,,,,,,,93,14,1,1,0,1
or_bench_00314,,,/content/safecomp-dpo/hf_data/benchmarks/or_bench.jsonl,or_bench.jsonl,or_bench,,or_bench,,,,,,,,64,12,1,1,0,1
or_bench_00315,,,/content/safecomp-dpo/hf_data/benchmarks/or_bench.jsonl,or_bench.jsonl,or_bench,,or_bench,,,,,,,,161,28,1,1,0,1
or_bench_00316,,,/content/safecomp-dpo/hf_data/benchmarks/or_bench.jsonl,or_bench.jsonl,or_bench,,or_bench,,,,,,,,85,11,1,1,0,1
or_bench_00317,,,/content/safecomp-dpo/hf_data/benchmarks/or_bench.jsonl,or_bench.jsonl,or_bench,,or_bench,,,,,,,,127,21,1,1,0,1
or_bench_00318,,,/content/safecomp-dpo/hf_data/benchmarks/or_bench.jsonl,or_bench.jsonl,or_bench,,or_bench,,,,,,,,107,16,1,1,0,1
or_bench_00319,,,/content/safecomp-dpo/hf_data/benchmarks/or_bench.jsonl,or_bench.jsonl,or_bench,,or_bench,,,,,,,,130,19,1,1,0,1
or_bench_00320,,,/content/safecomp-dpo/hf_data/benchmarks/or_bench.jsonl,or_bench.jsonl,or_bench,,or_bench,,,,,,,,83,11,1,1,0,1
or_bench_00321,,,/content/safecomp-dpo/hf_data/benchmarks/or_bench.jsonl,or_bench.jsonl,or_bench,,or_bench,,,,,,,,82,14,1,1,0,1
or_bench_00322,,,/content/safecomp-dpo/hf_data/benchmarks/or_bench.jsonl,or_bench.jsonl,or_bench,,or_bench,,,,,,,,91,13,1,1,0,1
or_bench_00323,,,/content/safecomp-dpo/hf_data/benchmarks/or_bench.jsonl,or_bench.jsonl,or_bench,,or_bench,,,,,,,,109,19,1,1,0,1
or_bench_00324,,,/content/safecomp-dpo/hf_data/benchmarks/or_bench.jsonl,or_bench.jsonl,or_bench,,or_bench,,,,,,,,164,26,1,0,0,1
or_bench_00325,,,/content/safecomp-dpo/hf_data/benchmarks/or_bench.jsonl,or_bench.jsonl,or_bench,,or_bench,,,,,,,,116,20,1,1,0,1
or_bench_00326,,,/content/safecomp-dpo/hf_data/benchmarks/or_bench.jsonl,or_bench.jsonl,or_bench,,or_bench,,,,,,,,80,14,1,1,0,1
or_bench_00327,,,/content/safecomp-dpo/hf_data/benchmarks/or_bench.jsonl,or_bench.jsonl,or_bench,,or_bench,,,,,,,,108,17,1,1,0,1
or_bench_00328,,,/content/safecomp-dpo/hf_data/benchmarks/or_bench.jsonl,or_bench.jsonl,or_bench,,or_bench,,,,,,,,96,16,1,0,0,1
or_bench_00329,,,/content/safecomp-dpo/hf_data/benchmarks/or_bench.jsonl,or_bench.jsonl,or_bench,,or_bench,,,,,,,,134,20,1,1,0,1
or_bench_00330,,,/content/safecomp-dpo/hf_data/benchmarks/or_bench.jsonl,or_bench.jsonl,or_bench,,or_bench,,,,,,,,105,16,1,1,0,1
or_bench_00331,,,/content/safecomp-dpo/hf_data/benchmarks/or_bench.jsonl,or_bench.jsonl,or_bench,,or_bench,,,,,,,,121,23,1,1,0,1
or_bench_00332,,,/content/safecomp-dpo/hf_data/benchmarks/or_bench.jsonl,or_bench.jsonl,or_bench,,or_bench,,,,,,,,77,11,1,1,0,1
or_bench_00333,,,/content/safecomp-dpo/hf_data/benchmarks/or_bench.jsonl,or_bench.jsonl,or_bench,,or_bench,,,,,,,,129,19,1,1,0,1
or_bench_00334,,,/content/safecomp-dpo/hf_data/benchmarks/or_bench.jsonl,or_bench.jsonl,or_bench,,or_bench,,,,,,,,109,16,1,1,0,1
or_bench_00335,,,/content/safecomp-dpo/hf_data/benchmarks/or_bench.jsonl,or_bench.jsonl,or_bench,,or_bench,,,,,,,,119,17,1,0,0,1
or_bench_00336,,,/content/safecomp-dpo/hf_data/benchmarks/or_bench.jsonl,or_bench.jsonl,or_bench,,or_bench,,,,,,,,129,19,1,1,0,1
or_bench_00337,,,/content/safecomp-dpo/hf_data/benchmarks/or_bench.jsonl,or_bench.jsonl,or_bench,,or_bench,,,,,,,,152,26,1,1,0,1
or_bench_00338,,,/content/safecomp-dpo/hf_data/benchmarks/or_bench.jsonl,or_bench.jsonl,or_bench,,or_bench,,,,,,,,205,29,1,0,0,1
or_bench_00339,,,/content/safecomp-dpo/hf_data/benchmarks/or_bench.jsonl,or_bench.jsonl,or_bench,,or_bench,,,,,,,,91,16,1,1,0,1
or_bench_00340,,,/content/safecomp-dpo/hf_data/benchmarks/or_bench.jsonl,or_bench.jsonl,or_bench,,or_bench,,,,,,,,120,18,1,1,0,1
or_bench_00341,,,/content/safecomp-dpo/hf_data/benchmarks/or_bench.jsonl,or_bench.jsonl,or_bench,,or_bench,,,,,,,,126,20,1,1,0,1
or_bench_00342,,,/content/safecomp-dpo/hf_data/benchmarks/or_bench.jsonl,or_bench.jsonl,or_bench,,or_bench,,,,,,,,133,25,1,1,0,1
or_bench_00343,,,/content/safecomp-dpo/hf_data/benchmarks/or_bench.jsonl,or_bench.jsonl,or_bench,,or_bench,,,,,,,,109,16,1,1,0,1
or_bench_00344,,,/content/safecomp-dpo/hf_data/benchmarks/or_bench.jsonl,or_bench.jsonl,or_bench,,or_bench,,,,,,,,168,28,1,0,0,1
or_bench_00345,,,/content/safecomp-dpo/hf_data/benchmarks/or_bench.jsonl,or_bench.jsonl,or_bench,,or_bench,,,,,,,,160,24,1,0,0,1
or_bench_00346,,,/content/safecomp-dpo/hf_data/benchmarks/or_bench.jsonl,or_bench.jsonl,or_bench,,or_bench,,,,,,,,126,20,1,1,0,1
or_bench_00347,,,/content/safecomp-dpo/hf_data/benchmarks/or_bench.jsonl,or_bench.jsonl,or_bench,,or_bench,,,,,,,,111,22,1,1,0,1
or_bench_00348,,,/content/safecomp-dpo/hf_data/benchmarks/or_bench.jsonl,or_bench.jsonl,or_bench,,or_bench,,,,,,,,122,20,1,1,0,1
or_bench_00349,,,/content/safecomp-dpo/hf_data/benchmarks/or_bench.jsonl,or_bench.jsonl,or_bench,,or_bench,,,,,,,,83,13,1,1,0,1
or_bench_00350,,,/content/safecomp-dpo/hf_data/benchmarks/or_bench.jsonl,or_bench.jsonl,or_bench,,or_bench,,,,,,,,73,15,1,1,0,1
or_bench_00351,,,/content/safecomp-dpo/hf_data/benchmarks/or_bench.jsonl,or_bench.jsonl,or_bench,,or_bench,,,,,,,,173,26,1,1,0,1
or_bench_00352,,,/content/safecomp-dpo/hf_data/benchmarks/or_bench.jsonl,or_bench.jsonl,or_bench,,or_bench,,,,,,,,142,26,1,1,0,1
or_bench_00353,,,/content/safecomp-dpo/hf_data/benchmarks/or_bench.jsonl,or_bench.jsonl,or_bench,,or_bench,,,,,,,,179,25,1,1,0,1
or_bench_00354,,,/content/safecomp-dpo/hf_data/benchmarks/or_bench.jsonl,or_bench.jsonl,or_bench,,or_bench,,,,,,,,151,21,1,0,0,1
or_bench_00355,,,/content/safecomp-dpo/hf_data/benchmarks/or_bench.jsonl,or_bench.jsonl,or_bench,,or_bench,,,,,,,,83,16,1,1,0,1
or_bench_00356,,,/content/safecomp-dpo/hf_data/benchmarks/or_bench.jsonl,or_bench.jsonl,or_bench,,or_bench,,,,,,,,148,23,1,0,0,1
or_bench_00357,,,/content/safecomp-dpo/hf_data/benchmarks/or_bench.jsonl,or_bench.jsonl,or_bench,,or_bench,,,,,,,,140,23,1,0,0,1
or_bench_00358,,,/content/safecomp-dpo/hf_data/benchmarks/or_bench.jsonl,or_bench.jsonl,or_bench,,or_bench,,,,,,,,115,19,1,1,0,1
or_bench_00359,,,/content/safecomp-dpo/hf_data/benchmarks/or_bench.jsonl,or_bench.jsonl,or_bench,,or_bench,,,,,,,,78,11,1,1,0,1
or_bench_00360,,,/content/safecomp-dpo/hf_data/benchmarks/or_bench.jsonl,or_bench.jsonl,or_bench,,or_bench,,,,,,,,117,19,1,1,0,1
or_bench_00361,,,/content/safecomp-dpo/hf_data/benchmarks/or_bench.jsonl,or_bench.jsonl,or_bench,,or_bench,,,,,,,,74,13,1,1,0,1
or_bench_00362,,,/content/safecomp-dpo/hf_data/benchmarks/or_bench.jsonl,or_bench.jsonl,or_bench,,or_bench,,,,,,,,159,24,1,0,0,1
or_bench_00363,,,/content/safecomp-dpo/hf_data/benchmarks/or_bench.jsonl,or_bench.jsonl,or_bench,,or_bench,,,,,,,,118,15,1,1,0,1
or_bench_00364,,,/content/safecomp-dpo/hf_data/benchmarks/or_bench.jsonl,or_bench.jsonl,or_bench,,or_bench,,,,,,,,77,13,1,1,0,1
or_bench_00365,,,/content/safecomp-dpo/hf_data/benchmarks/or_bench.jsonl,or_bench.jsonl,or_bench,,or_bench,,,,,,,,86,13,1,1,0,1
or_bench_00366,,,/content/safecomp-dpo/hf_data/benchmarks/or_bench.jsonl,or_bench.jsonl,or_bench,,or_bench,,,,,,,,106,16,1,1,0,1
or_bench_00367,,,/content/safecomp-dpo/hf_data/benchmarks/or_bench.jsonl,or_bench.jsonl,or_bench,,or_bench,,,,,,,,170,28,1,1,0,1
or_bench_00368,,,/content/safecomp-dpo/hf_data/benchmarks/or_bench.jsonl,or_bench.jsonl,or_bench,,or_bench,,,,,,,,182,28,1,1,0,1
or_bench_00369,,,/content/safecomp-dpo/hf_data/benchmarks/or_bench.jsonl,or_bench.jsonl,or_bench,,or_bench,,,,,,,,131,23,1,1,0,1
or_bench_00370,,,/content/safecomp-dpo/hf_data/benchmarks/or_bench.jsonl,or_bench.jsonl,or_bench,,or_bench,,,,,,,,121,21,1,1,0,1
or_bench_00371,,,/content/safecomp-dpo/hf_data/benchmarks/or_bench.jsonl,or_bench.jsonl,or_bench,,or_bench,,,,,,,,146,23,1,1,0,1
or_bench_00372,,,/content/safecomp-dpo/hf_data/benchmarks/or_bench.jsonl,or_bench.jsonl,or_bench,,or_bench,,,,,,,,134,25,1,1,0,1
or_bench_00373,,,/content/safecomp-dpo/hf_data/benchmarks/or_bench.jsonl,or_bench.jsonl,or_bench,,or_bench,,,,,,,,133,22,1,1,0,1
or_bench_00374,,,/content/safecomp-dpo/hf_data/benchmarks/or_bench.jsonl,or_bench.jsonl,or_bench,,or_bench,,,,,,,,138,19,1,1,0,1
or_bench_00375,,,/content/safecomp-dpo/hf_data/benchmarks/or_bench.jsonl,or_bench.jsonl,or_bench,,or_bench,,,,,,,,109,14,1,1,0,1
or_bench_00376,,,/content/safecomp-dpo/hf_data/benchmarks/or_bench.jsonl,or_bench.jsonl,or_bench,,or_bench,,,,,,,,137,19,1,0,2,0
or_bench_00377,,,/content/safecomp-dpo/hf_data/benchmarks/or_bench.jsonl,or_bench.jsonl,or_bench,,or_bench,,,,,,,,76,14,1,1,0,1
or_bench_00378,,,/content/safecomp-dpo/hf_data/benchmarks/or_bench.jsonl,or_bench.jsonl,or_bench,,or_bench,,,,,,,,101,16,1,1,0,1
or_bench_00379,,,/content/safecomp-dpo/hf_data/benchmarks/or_bench.jsonl,or_bench.jsonl,or_bench,,or_bench,,,,,,,,80,13,1,1,0,1
or_bench_00380,,,/content/safecomp-dpo/hf_data/benchmarks/or_bench.jsonl,or_bench.jsonl,or_bench,,or_bench,,,,,,,,136,23,1,1,0,1
or_bench_00381,,,/content/safecomp-dpo/hf_data/benchmarks/or_bench.jsonl,or_bench.jsonl,or_bench,,or_bench,,,,,,,,73,11,1,1,0,1
or_bench_00382,,,/content/safecomp-dpo/hf_data/benchmarks/or_bench.jsonl,or_bench.jsonl,or_bench,,or_bench,,,,,,,,137,25,1,1,0,1
or_bench_00383,,,/content/safecomp-dpo/hf_data/benchmarks/or_bench.jsonl,or_bench.jsonl,or_bench,,or_bench,,,,,,,,118,21,1,1,0,1
or_bench_00384,,,/content/safecomp-dpo/hf_data/benchmarks/or_bench.jsonl,or_bench.jsonl,or_bench,,or_bench,,,,,,,,112,19,1,1,0,1
or_bench_00385,,,/content/safecomp-dpo/hf_data/benchmarks/or_bench.jsonl,or_bench.jsonl,or_bench,,or_bench,,,,,,,,153,27,1,1,0,1
or_bench_00386,,,/content/safecomp-dpo/hf_data/benchmarks/or_bench.jsonl,or_bench.jsonl,or_bench,,or_bench,,,,,,,,106,15,1,1,0,1
or_bench_00387,,,/content/safecomp-dpo/hf_data/benchmarks/or_bench.jsonl,or_bench.jsonl,or_bench,,or_bench,,,,,,,,102,16,1,1,0,1
or_bench_00388,,,/content/safecomp-dpo/hf_data/benchmarks/or_bench.jsonl,or_bench.jsonl,or_bench,,or_bench,,,,,,,,93,14,1,1,0,1
or_bench_00389,,,/content/safecomp-dpo/hf_data/benchmarks/or_bench.jsonl,or_bench.jsonl,or_bench,,or_bench,,,,,,,,110,17,1,1,0,1
or_bench_00390,,,/content/safecomp-dpo/hf_data/benchmarks/or_bench.jsonl,or_bench.jsonl,or_bench,,or_bench,,,,,,,,105,16,1,1,0,1
or_bench_00391,,,/content/safecomp-dpo/hf_data/benchmarks/or_bench.jsonl,or_bench.jsonl,or_bench,,or_bench,,,,,,,,94,13,1,1,0,1
or_bench_00392,,,/content/safecomp-dpo/hf_data/benchmarks/or_bench.jsonl,or_bench.jsonl,or_bench,,or_bench,,,,,,,,98,14,1,1,0,1
or_bench_00393,,,/content/safecomp-dpo/hf_data/benchmarks/or_bench.jsonl,or_bench.jsonl,or_bench,,or_bench,,,,,,,,136,25,1,1,0,1
or_bench_00394,,,/content/safecomp-dpo/hf_data/benchmarks/or_bench.jsonl,or_bench.jsonl,or_bench,,or_bench,,,,,,,,132,19,1,1,0,1
or_bench_00395,,,/content/safecomp-dpo/hf_data/benchmarks/or_bench.jsonl,or_bench.jsonl,or_bench,,or_bench,,,,,,,,114,19,1,1,0,1
or_bench_00396,,,/content/safecomp-dpo/hf_data/benchmarks/or_bench.jsonl,or_bench.jsonl,or_bench,,or_bench,,,,,,,,96,16,1,1,0,1
or_bench_00397,,,/content/safecomp-dpo/hf_data/benchmarks/or_bench.jsonl,or_bench.jsonl,or_bench,,or_bench,,,,,,,,119,17,1,1,0,1
or_bench_00398,,,/content/safecomp-dpo/hf_data/benchmarks/or_bench.jsonl,or_bench.jsonl,or_bench,,or_bench,,,,,,,,105,18,1,1,0,1
or_bench_00399,,,/content/safecomp-dpo/hf_data/benchmarks/or_bench.jsonl,or_bench.jsonl,or_bench,,or_bench,,,,,,,,169,28,1,1,0,1
or_bench_00400,,,/content/safecomp-dpo/hf_data/benchmarks/or_bench.jsonl,or_bench.jsonl,or_bench,,or_bench,,,,,,,,114,18,1,1,0,1
or_bench_00401,,,/content/safecomp-dpo/hf_data/benchmarks/or_bench.jsonl,or_bench.jsonl,or_bench,,or_bench,,,,,,,,122,18,1,1,0,1
or_bench_00402,,,/content/safecomp-dpo/hf_data/benchmarks/or_bench.jsonl,or_bench.jsonl,or_bench,,or_bench,,,,,,,,103,16,1,1,0,1
or_bench_00403,,,/content/safecomp-dpo/hf_data/benchmarks/or_bench.jsonl,or_bench.jsonl,or_bench,,or_bench,,,,,,,,112,22,1,1,0,1
or_bench_00404,,,/content/safecomp-dpo/hf_data/benchmarks/or_bench.jsonl,or_bench.jsonl,or_bench,,or_bench,,,,,,,,91,15,1,1,0,1
or_bench_00405,,,/content/safecomp-dpo/hf_data/benchmarks/or_bench.jsonl,or_bench.jsonl,or_bench,,or_bench,,,,,,,,113,17,1,0,0,1
or_bench_00406,,,/content/safecomp-dpo/hf_data/benchmarks/or_bench.jsonl,or_bench.jsonl,or_bench,,or_bench,,,,,,,,111,18,1,1,0,1
or_bench_00407,,,/content/safecomp-dpo/hf_data/benchmarks/or_bench.jsonl,or_bench.jsonl,or_bench,,or_bench,,,,,,,,105,17,1,1,0,1
or_bench_00408,,,/content/safecomp-dpo/hf_data/benchmarks/or_bench.jsonl,or_bench.jsonl,or_bench,,or_bench,,,,,,,,90,13,1,0,0,1
or_bench_00409,,,/content/safecomp-dpo/hf_data/benchmarks/or_bench.jsonl,or_bench.jsonl,or_bench,,or_bench,,,,,,,,152,23,1,0,0,1
or_bench_00410,,,/content/safecomp-dpo/hf_data/benchmarks/or_bench.jsonl,or_bench.jsonl,or_bench,,or_bench,,,,,,,,142,25,1,1,0,1
or_bench_00411,,,/content/safecomp-dpo/hf_data/benchmarks/or_bench.jsonl,or_bench.jsonl,or_bench,,or_bench,,,,,,,,133,22,1,1,0,1
or_bench_00412,,,/content/safecomp-dpo/hf_data/benchmarks/or_bench.jsonl,or_bench.jsonl,or_bench,,or_bench,,,,,,,,134,25,1,1,0,1
or_bench_00413,,,/content/safecomp-dpo/hf_data/benchmarks/or_bench.jsonl,or_bench.jsonl,or_bench,,or_bench,,,,,,,,110,18,1,1,0,1
or_bench_00414,,,/content/safecomp-dpo/hf_data/benchmarks/or_bench.jsonl,or_bench.jsonl,or_bench,,or_bench,,,,,,,,163,24,1,1,0,1
or_bench_00415,,,/content/safecomp-dpo/hf_data/benchmarks/or_bench.jsonl,or_bench.jsonl,or_bench,,or_bench,,,,,,,,139,21,1,0,0,1
or_bench_00416,,,/content/safecomp-dpo/hf_data/benchmarks/or_bench.jsonl,or_bench.jsonl,or_bench,,or_bench,,,,,,,,144,24,1,1,0,1
or_bench_00417,,,/content/safecomp-dpo/hf_data/benchmarks/or_bench.jsonl,or_bench.jsonl,or_bench,,or_bench,,,,,,,,84,13,1,1,0,1
or_bench_00418,,,/content/safecomp-dpo/hf_data/benchmarks/or_bench.jsonl,or_bench.jsonl,or_bench,,or_bench,,,,,,,,134,23,1,1,0,1
or_bench_00419,,,/content/safecomp-dpo/hf_data/benchmarks/or_bench.jsonl,or_bench.jsonl,or_bench,,or_bench,,,,,,,,165,25,1,1,0,1
or_bench_00420,,,/content/safecomp-dpo/hf_data/benchmarks/or_bench.jsonl,or_bench.jsonl,or_bench,,or_bench,,,,,,,,159,23,1,1,0,1
or_bench_00421,,,/content/safecomp-dpo/hf_data/benchmarks/or_bench.jsonl,or_bench.jsonl,or_bench,,or_bench,,,,,,,,114,17,1,1,0,1
or_bench_00422,,,/content/safecomp-dpo/hf_data/benchmarks/or_bench.jsonl,or_bench.jsonl,or_bench,,or_bench,,,,,,,,95,16,1,1,0,1
or_bench_00423,,,/content/safecomp-dpo/hf_data/benchmarks/or_bench.jsonl,or_bench.jsonl,or_bench,,or_bench,,,,,,,,103,17,1,1,0,1
or_bench_00424,,,/content/safecomp-dpo/hf_data/benchmarks/or_bench.jsonl,or_bench.jsonl,or_bench,,or_bench,,,,,,,,154,26,1,1,0,1
or_bench_00425,,,/content/safecomp-dpo/hf_data/benchmarks/or_bench.jsonl,or_bench.jsonl,or_bench,,or_bench,,,,,,,,144,23,1,0,0,1
or_bench_00426,,,/content/safecomp-dpo/hf_data/benchmarks/or_bench.jsonl,or_bench.jsonl,or_bench,,or_bench,,,,,,,,88,14,1,1,0,1
or_bench_00427,,,/content/safecomp-dpo/hf_data/benchmarks/or_bench.jsonl,or_bench.jsonl,or_bench,,or_bench,,,,,,,,124,23,1,1,0,1
or_bench_00428,,,/content/safecomp-dpo/hf_data/benchmarks/or_bench.jsonl,or_bench.jsonl,or_bench,,or_bench,,,,,,,,64,12,1,1,0,1
or_bench_00429,,,/content/safecomp-dpo/hf_data/benchmarks/or_bench.jsonl,or_bench.jsonl,or_bench,,or_bench,,,,,,,,138,23,1,1,0,1
or_bench_00430,,,/content/safecomp-dpo/hf_data/benchmarks/or_bench.jsonl,or_bench.jsonl,or_bench,,or_bench,,,,,,,,111,19,1,1,0,1
or_bench_00431,,,/content/safecomp-dpo/hf_data/benchmarks/or_bench.jsonl,or_bench.jsonl,or_bench,,or_bench,,,,,,,,141,24,1,1,0,1
or_bench_00432,,,/content/safecomp-dpo/hf_data/benchmarks/or_bench.jsonl,or_bench.jsonl,or_bench,,or_bench,,,,,,,,79,12,1,1,0,1
or_bench_00433,,,/content/safecomp-dpo/hf_data/benchmarks/or_bench.jsonl,or_bench.jsonl,or_bench,,or_bench,,,,,,,,104,18,1,1,0,1
or_bench_00434,,,/content/safecomp-dpo/hf_data/benchmarks/or_bench.jsonl,or_bench.jsonl,or_bench,,or_bench,,,,,,,,150,24,1,1,0,1
or_bench_00435,,,/content/safecomp-dpo/hf_data/benchmarks/or_bench.jsonl,or_bench.jsonl,or_bench,,or_bench,,,,,,,,170,29,1,0,0,1
or_bench_00436,,,/content/safecomp-dpo/hf_data/benchmarks/or_bench.jsonl,or_bench.jsonl,or_bench,,or_bench,,,,,,,,128,21,1,1,0,1
or_bench_00437,,,/content/safecomp-dpo/hf_data/benchmarks/or_bench.jsonl,or_bench.jsonl,or_bench,,or_bench,,,,,,,,128,19,1,1,0,1
or_bench_00438,,,/content/safecomp-dpo/hf_data/benchmarks/or_bench.jsonl,or_bench.jsonl,or_bench,,or_bench,,,,,,,,101,15,1,1,0,1
or_bench_00439,,,/content/safecomp-dpo/hf_data/benchmarks/or_bench.jsonl,or_bench.jsonl,or_bench,,or_bench,,,,,,,,173,29,1,0,0,1
or_bench_00440,,,/content/safecomp-dpo/hf_data/benchmarks/or_bench.jsonl,or_bench.jsonl,or_bench,,or_bench,,,,,,,,151,24,1,0,0,1
or_bench_00441,,,/content/safecomp-dpo/hf_data/benchmarks/or_bench.jsonl,or_bench.jsonl,or_bench,,or_bench,,,,,,,,143,19,1,1,0,1
or_bench_00442,,,/content/safecomp-dpo/hf_data/benchmarks/or_bench.jsonl,or_bench.jsonl,or_bench,,or_bench,,,,,,,,124,20,1,1,0,1
or_bench_00443,,,/content/safecomp-dpo/hf_data/benchmarks/or_bench.jsonl,or_bench.jsonl,or_bench,,or_bench,,,,,,,,117,19,1,1,0,1
or_bench_00444,,,/content/safecomp-dpo/hf_data/benchmarks/or_bench.jsonl,or_bench.jsonl,or_bench,,or_bench,,,,,,,,92,18,1,1,0,1
or_bench_00445,,,/content/safecomp-dpo/hf_data/benchmarks/or_bench.jsonl,or_bench.jsonl,or_bench,,or_bench,,,,,,,,92,14,1,1,0,1
or_bench_00446,,,/content/safecomp-dpo/hf_data/benchmarks/or_bench.jsonl,or_bench.jsonl,or_bench,,or_bench,,,,,,,,188,28,1,1,0,1
or_bench_00447,,,/content/safecomp-dpo/hf_data/benchmarks/or_bench.jsonl,or_bench.jsonl,or_bench,,or_bench,,,,,,,,66,11,1,1,0,1
or_bench_00448,,,/content/safecomp-dpo/hf_data/benchmarks/or_bench.jsonl,or_bench.jsonl,or_bench,,or_bench,,,,,,,,84,14,1,1,0,1
or_bench_00449,,,/content/safecomp-dpo/hf_data/benchmarks/or_bench.jsonl,or_bench.jsonl,or_bench,,or_bench,,,,,,,,94,14,1,1,0,1
or_bench_00450,,,/content/safecomp-dpo/hf_data/benchmarks/or_bench.jsonl,or_bench.jsonl,or_bench,,or_bench,,,,,,,,160,25,1,1,0,1
or_bench_00451,,,/content/safecomp-dpo/hf_data/benchmarks/or_bench.jsonl,or_bench.jsonl,or_bench,,or_bench,,,,,,,,106,19,1,1,0,1
or_bench_00452,,,/content/safecomp-dpo/hf_data/benchmarks/or_bench.jsonl,or_bench.jsonl,or_bench,,or_bench,,,,,,,,146,20,1,1,0,1
or_bench_00453,,,/content/safecomp-dpo/hf_data/benchmarks/or_bench.jsonl,or_bench.jsonl,or_bench,,or_bench,,,,,,,,99,15,1,1,0,1
or_bench_00454,,,/content/safecomp-dpo/hf_data/benchmarks/or_bench.jsonl,or_bench.jsonl,or_bench,,or_bench,,,,,,,,171,25,1,0,0,1
or_bench_00455,,,/content/safecomp-dpo/hf_data/benchmarks/or_bench.jsonl,or_bench.jsonl,or_bench,,or_bench,,,,,,,,78,14,1,1,0,1
or_bench_00456,,,/content/safecomp-dpo/hf_data/benchmarks/or_bench.jsonl,or_bench.jsonl,or_bench,,or_bench,,,,,,,,129,25,1,1,0,1
or_bench_00457,,,/content/safecomp-dpo/hf_data/benchmarks/or_bench.jsonl,or_bench.jsonl,or_bench,,or_bench,,,,,,,,112,17,1,1,0,1
or_bench_00458,,,/content/safecomp-dpo/hf_data/benchmarks/or_bench.jsonl,or_bench.jsonl,or_bench,,or_bench,,,,,,,,146,22,1,1,0,1
or_bench_00459,,,/content/safecomp-dpo/hf_data/benchmarks/or_bench.jsonl,or_bench.jsonl,or_bench,,or_bench,,,,,,,,95,14,1,1,0,1
or_bench_00460,,,/content/safecomp-dpo/hf_data/benchmarks/or_bench.jsonl,or_bench.jsonl,or_bench,,or_bench,,,,,,,,96,14,1,1,0,1
or_bench_00461,,,/content/safecomp-dpo/hf_data/benchmarks/or_bench.jsonl,or_bench.jsonl,or_bench,,or_bench,,,,,,,,140,21,1,1,0,1
or_bench_00462,,,/content/safecomp-dpo/hf_data/benchmarks/or_bench.jsonl,or_bench.jsonl,or_bench,,or_bench,,,,,,,,102,14,1,1,0,1
or_bench_00463,,,/content/safecomp-dpo/hf_data/benchmarks/or_bench.jsonl,or_bench.jsonl,or_bench,,or_bench,,,,,,,,159,23,1,1,0,1
or_bench_00464,,,/content/safecomp-dpo/hf_data/benchmarks/or_bench.jsonl,or_bench.jsonl,or_bench,,or_bench,,,,,,,,48,8,1,1,0,1
or_bench_00465,,,/content/safecomp-dpo/hf_data/benchmarks/or_bench.jsonl,or_bench.jsonl,or_bench,,or_bench,,,,,,,,85,14,1,1,0,1
or_bench_00466,,,/content/safecomp-dpo/hf_data/benchmarks/or_bench.jsonl,or_bench.jsonl,or_bench,,or_bench,,,,,,,,133,25,1,1,0,1
or_bench_00467,,,/content/safecomp-dpo/hf_data/benchmarks/or_bench.jsonl,or_bench.jsonl,or_bench,,or_bench,,,,,,,,124,20,1,1,0,1
or_bench_00468,,,/content/safecomp-dpo/hf_data/benchmarks/or_bench.jsonl,or_bench.jsonl,or_bench,,or_bench,,,,,,,,119,18,1,1,0,1
or_bench_00469,,,/content/safecomp-dpo/hf_data/benchmarks/or_bench.jsonl,or_bench.jsonl,or_bench,,or_bench,,,,,,,,109,18,1,1,0,1
or_bench_00470,,,/content/safecomp-dpo/hf_data/benchmarks/or_bench.jsonl,or_bench.jsonl,or_bench,,or_bench,,,,,,,,104,16,1,1,0,1
or_bench_00471,,,/content/safecomp-dpo/hf_data/benchmarks/or_bench.jsonl,or_bench.jsonl,or_bench,,or_bench,,,,,,,,131,18,1,1,0,1
or_bench_00472,,,/content/safecomp-dpo/hf_data/benchmarks/or_bench.jsonl,or_bench.jsonl,or_bench,,or_bench,,,,,,,,87,15,1,1,0,1
or_bench_00473,,,/content/safecomp-dpo/hf_data/benchmarks/or_bench.jsonl,or_bench.jsonl,or_bench,,or_bench,,,,,,,,148,22,1,0,0,1
or_bench_00474,,,/content/safecomp-dpo/hf_data/benchmarks/or_bench.jsonl,or_bench.jsonl,or_bench,,or_bench,,,,,,,,124,19,1,0,0,1
or_bench_00475,,,/content/safecomp-dpo/hf_data/benchmarks/or_bench.jsonl,or_bench.jsonl,or_bench,,or_bench,,,,,,,,153,24,1,0,0,1
or_bench_00476,,,/content/safecomp-dpo/hf_data/benchmarks/or_bench.jsonl,or_bench.jsonl,or_bench,,or_bench,,,,,,,,119,21,1,1,0,1
or_bench_00477,,,/content/safecomp-dpo/hf_data/benchmarks/or_bench.jsonl,or_bench.jsonl,or_bench,,or_bench,,,,,,,,129,21,1,1,0,1
or_bench_00478,,,/content/safecomp-dpo/hf_data/benchmarks/or_bench.jsonl,or_bench.jsonl,or_bench,,or_bench,,,,,,,,72,11,1,1,0,1
or_bench_00479,,,/content/safecomp-dpo/hf_data/benchmarks/or_bench.jsonl,or_bench.jsonl,or_bench,,or_bench,,,,,,,,120,19,1,0,0,1
or_bench_00480,,,/content/safecomp-dpo/hf_data/benchmarks/or_bench.jsonl,or_bench.jsonl,or_bench,,or_bench,,,,,,,,131,21,1,1,0,1
or_bench_00481,,,/content/safecomp-dpo/hf_data/benchmarks/or_bench.jsonl,or_bench.jsonl,or_bench,,or_bench,,,,,,,,161,25,1,1,0,1
or_bench_00482,,,/content/safecomp-dpo/hf_data/benchmarks/or_bench.jsonl,or_bench.jsonl,or_bench,,or_bench,,,,,,,,115,20,1,1,0,1
or_bench_00483,,,/content/safecomp-dpo/hf_data/benchmarks/or_bench.jsonl,or_bench.jsonl,or_bench,,or_bench,,,,,,,,81,15,1,1,0,1
or_bench_00484,,,/content/safecomp-dpo/hf_data/benchmarks/or_bench.jsonl,or_bench.jsonl,or_bench,,or_bench,,,,,,,,74,14,1,1,0,1
or_bench_00485,,,/content/safecomp-dpo/hf_data/benchmarks/or_bench.jsonl,or_bench.jsonl,or_bench,,or_bench,,,,,,,,117,19,1,1,0,1
or_bench_00486,,,/content/safecomp-dpo/hf_data/benchmarks/or_bench.jsonl,or_bench.jsonl,or_bench,,or_bench,,,,,,,,125,21,1,1,0,1
or_bench_00487,,,/content/safecomp-dpo/hf_data/benchmarks/or_bench.jsonl,or_bench.jsonl,or_bench,,or_bench,,,,,,,,75,12,1,1,0,1
or_bench_00488,,,/content/safecomp-dpo/hf_data/benchmarks/or_bench.jsonl,or_bench.jsonl,or_bench,,or_bench,,,,,,,,176,26,1,1,0,1
or_bench_00489,,,/content/safecomp-dpo/hf_data/benchmarks/or_bench.jsonl,or_bench.jsonl,or_bench,,or_bench,,,,,,,,165,27,1,1,0,1
or_bench_00490,,,/content/safecomp-dpo/hf_data/benchmarks/or_bench.jsonl,or_bench.jsonl,or_bench,,or_bench,,,,,,,,110,16,1,1,0,1
or_bench_00491,,,/content/safecomp-dpo/hf_data/benchmarks/or_bench.jsonl,or_bench.jsonl,or_bench,,or_bench,,,,,,,,132,22,1,1,0,1
or_bench_00492,,,/content/safecomp-dpo/hf_data/benchmarks/or_bench.jsonl,or_bench.jsonl,or_bench,,or_bench,,,,,,,,112,18,1,1,0,1
or_bench_00493,,,/content/safecomp-dpo/hf_data/benchmarks/or_bench.jsonl,or_bench.jsonl,or_bench,,or_bench,,,,,,,,103,19,1,1,0,1
or_bench_00494,,,/content/safecomp-dpo/hf_data/benchmarks/or_bench.jsonl,or_bench.jsonl,or_bench,,or_bench,,,,,,,,140,21,1,1,0,1
or_bench_00495,,,/content/safecomp-dpo/hf_data/benchmarks/or_bench.jsonl,or_bench.jsonl,or_bench,,or_bench,,,,,,,,95,16,1,0,0,1
or_bench_00496,,,/content/safecomp-dpo/hf_data/benchmarks/or_bench.jsonl,or_bench.jsonl,or_bench,,or_bench,,,,,,,,64,12,1,1,0,1
or_bench_00497,,,/content/safecomp-dpo/hf_data/benchmarks/or_bench.jsonl,or_bench.jsonl,or_bench,,or_bench,,,,,,,,155,25,1,0,0,1
or_bench_00498,,,/content/safecomp-dpo/hf_data/benchmarks/or_bench.jsonl,or_bench.jsonl,or_bench,,or_bench,,,,,,,,148,25,1,1,0,1
or_bench_00499,,,/content/safecomp-dpo/hf_data/benchmarks/or_bench.jsonl,or_bench.jsonl,or_bench,,or_bench,,,,,,,,102,17,1,1,0,1
or_bench_00500,,,/content/safecomp-dpo/hf_data/benchmarks/or_bench.jsonl,or_bench.jsonl,or_bench,,or_bench,,,,,,,,171,27,1,1,0,1
or_bench_00501,,,/content/safecomp-dpo/hf_data/benchmarks/or_bench.jsonl,or_bench.jsonl,or_bench,,or_bench,,,,,,,,99,15,1,1,0,1
or_bench_00502,,,/content/safecomp-dpo/hf_data/benchmarks/or_bench.jsonl,or_bench.jsonl,or_bench,,or_bench,,,,,,,,116,20,1,1,0,1
or_bench_00503,,,/content/safecomp-dpo/hf_data/benchmarks/or_bench.jsonl,or_bench.jsonl,or_bench,,or_bench,,,,,,,,151,22,1,1,0,1
or_bench_00504,,,/content/safecomp-dpo/hf_data/benchmarks/or_bench.jsonl,or_bench.jsonl,or_bench,,or_bench,,,,,,,,140,22,1,1,0,1
or_bench_00505,,,/content/safecomp-dpo/hf_data/benchmarks/or_bench.jsonl,or_bench.jsonl,or_bench,,or_bench,,,,,,,,109,19,1,1,0,1
or_bench_00506,,,/content/safecomp-dpo/hf_data/benchmarks/or_bench.jsonl,or_bench.jsonl,or_bench,,or_bench,,,,,,,,116,19,1,1,0,1
or_bench_00507,,,/content/safecomp-dpo/hf_data/benchmarks/or_bench.jsonl,or_bench.jsonl,or_bench,,or_bench,,,,,,,,127,22,1,1,0,1
or_bench_00508,,,/content/safecomp-dpo/hf_data/benchmarks/or_bench.jsonl,or_bench.jsonl,or_bench,,or_bench,,,,,,,,168,24,1,0,0,1
or_bench_00509,,,/content/safecomp-dpo/hf_data/benchmarks/or_bench.jsonl,or_bench.jsonl,or_bench,,or_bench,,,,,,,,146,23,1,1,0,1
or_bench_00510,,,/content/safecomp-dpo/hf_data/benchmarks/or_bench.jsonl,or_bench.jsonl,or_bench,,or_bench,,,,,,,,140,20,1,1,0,1
or_bench_00511,,,/content/safecomp-dpo/hf_data/benchmarks/or_bench.jsonl,or_bench.jsonl,or_bench,,or_bench,,,,,,,,103,19,1,0,0,1
or_bench_00512,,,/content/safecomp-dpo/hf_data/benchmarks/or_bench.jsonl,or_bench.jsonl,or_bench,,or_bench,,,,,,,,117,16,1,1,0,1
or_bench_00513,,,/content/safecomp-dpo/hf_data/benchmarks/or_bench.jsonl,or_bench.jsonl,or_bench,,or_bench,,,,,,,,109,20,1,1,0,1
or_bench_00514,,,/content/safecomp-dpo/hf_data/benchmarks/or_bench.jsonl,or_bench.jsonl,or_bench,,or_bench,,,,,,,,115,17,1,1,0,1
or_bench_00515,,,/content/safecomp-dpo/hf_data/benchmarks/or_bench.jsonl,or_bench.jsonl,or_bench,,or_bench,,,,,,,,136,24,1,0,0,1
or_bench_00516,,,/content/safecomp-dpo/hf_data/benchmarks/or_bench.jsonl,or_bench.jsonl,or_bench,,or_bench,,,,,,,,123,16,1,1,0,1
or_bench_00517,,,/content/safecomp-dpo/hf_data/benchmarks/or_bench.jsonl,or_bench.jsonl,or_bench,,or_bench,,,,,,,,144,23,1,1,0,1
or_bench_00518,,,/content/safecomp-dpo/hf_data/benchmarks/or_bench.jsonl,or_bench.jsonl,or_bench,,or_bench,,,,,,,,122,19,1,1,0,1
or_bench_00519,,,/content/safecomp-dpo/hf_data/benchmarks/or_bench.jsonl,or_bench.jsonl,or_bench,,or_bench,,,,,,,,155,24,1,1,0,1
or_bench_00520,,,/content/safecomp-dpo/hf_data/benchmarks/or_bench.jsonl,or_bench.jsonl,or_bench,,or_bench,,,,,,,,82,13,1,1,0,1
or_bench_00521,,,/content/safecomp-dpo/hf_data/benchmarks/or_bench.jsonl,or_bench.jsonl,or_bench,,or_bench,,,,,,,,81,13,1,1,0,1
or_bench_00522,,,/content/safecomp-dpo/hf_data/benchmarks/or_bench.jsonl,or_bench.jsonl,or_bench,,or_bench,,,,,,,,56,9,1,1,0,1
or_bench_00523,,,/content/safecomp-dpo/hf_data/benchmarks/or_bench.jsonl,or_bench.jsonl,or_bench,,or_bench,,,,,,,,95,15,1,1,0,1
or_bench_00524,,,/content/safecomp-dpo/hf_data/benchmarks/or_bench.jsonl,or_bench.jsonl,or_bench,,or_bench,,,,,,,,146,21,1,0,0,1
or_bench_00525,,,/content/safecomp-dpo/hf_data/benchmarks/or_bench.jsonl,or_bench.jsonl,or_bench,,or_bench,,,,,,,,142,23,1,1,0,1
or_bench_00526,,,/content/safecomp-dpo/hf_data/benchmarks/or_bench.jsonl,or_bench.jsonl,or_bench,,or_bench,,,,,,,,102,17,1,1,0,1
or_bench_00527,,,/content/safecomp-dpo/hf_data/benchmarks/or_bench.jsonl,or_bench.jsonl,or_bench,,or_bench,,,,,,,,106,17,1,1,0,1
or_bench_00528,,,/content/safecomp-dpo/hf_data/benchmarks/or_bench.jsonl,or_bench.jsonl,or_bench,,or_bench,,,,,,,,167,27,1,1,0,1
or_bench_00529,,,/content/safecomp-dpo/hf_data/benchmarks/or_bench.jsonl,or_bench.jsonl,or_bench,,or_bench,,,,,,,,118,21,1,1,0,1
or_bench_00530,,,/content/safecomp-dpo/hf_data/benchmarks/or_bench.jsonl,or_bench.jsonl,or_bench,,or_bench,,,,,,,,66,14,1,1,0,1
or_bench_00531,,,/content/safecomp-dpo/hf_data/benchmarks/or_bench.jsonl,or_bench.jsonl,or_bench,,or_bench,,,,,,,,105,16,1,1,0,1
or_bench_00532,,,/content/safecomp-dpo/hf_data/benchmarks/or_bench.jsonl,or_bench.jsonl,or_bench,,or_bench,,,,,,,,125,19,1,1,0,1
or_bench_00533,,,/content/safecomp-dpo/hf_data/benchmarks/or_bench.jsonl,or_bench.jsonl,or_bench,,or_bench,,,,,,,,130,20,1,1,0,1
or_bench_00534,,,/content/safecomp-dpo/hf_data/benchmarks/or_bench.jsonl,or_bench.jsonl,or_bench,,or_bench,,,,,,,,114,17,1,1,0,1
or_bench_00535,,,/content/safecomp-dpo/hf_data/benchmarks/or_bench.jsonl,or_bench.jsonl,or_bench,,or_bench,,,,,,,,94,16,1,1,0,1
or_bench_00536,,,/content/safecomp-dpo/hf_data/benchmarks/or_bench.jsonl,or_bench.jsonl,or_bench,,or_bench,,,,,,,,76,11,1,1,0,1
or_bench_00537,,,/content/safecomp-dpo/hf_data/benchmarks/or_bench.jsonl,or_bench.jsonl,or_bench,,or_bench,,,,,,,,121,19,1,1,0,1
or_bench_00538,,,/content/safecomp-dpo/hf_data/benchmarks/or_bench.jsonl,or_bench.jsonl,or_bench,,or_bench,,,,,,,,118,17,1,0,0,1
or_bench_00539,,,/content/safecomp-dpo/hf_data/benchmarks/or_bench.jsonl,or_bench.jsonl,or_bench,,or_bench,,,,,,,,120,16,1,1,0,1
or_bench_00540,,,/content/safecomp-dpo/hf_data/benchmarks/or_bench.jsonl,or_bench.jsonl,or_bench,,or_bench,,,,,,,,167,23,1,1,0,1
or_bench_00541,,,/content/safecomp-dpo/hf_data/benchmarks/or_bench.jsonl,or_bench.jsonl,or_bench,,or_bench,,,,,,,,114,19,1,0,0,1
or_bench_00542,,,/content/safecomp-dpo/hf_data/benchmarks/or_bench.jsonl,or_bench.jsonl,or_bench,,or_bench,,,,,,,,177,31,1,0,0,1
or_bench_00543,,,/content/safecomp-dpo/hf_data/benchmarks/or_bench.jsonl,or_bench.jsonl,or_bench,,or_bench,,,,,,,,85,15,1,1,0,1
or_bench_00544,,,/content/safecomp-dpo/hf_data/benchmarks/or_bench.jsonl,or_bench.jsonl,or_bench,,or_bench,,,,,,,,93,16,1,1,0,1
or_bench_00545,,,/content/safecomp-dpo/hf_data/benchmarks/or_bench.jsonl,or_bench.jsonl,or_bench,,or_bench,,,,,,,,110,20,1,1,0,1
or_bench_00546,,,/content/safecomp-dpo/hf_data/benchmarks/or_bench.jsonl,or_bench.jsonl,or_bench,,or_bench,,,,,,,,101,16,1,1,0,1
or_bench_00547,,,/content/safecomp-dpo/hf_data/benchmarks/or_bench.jsonl,or_bench.jsonl,or_bench,,or_bench,,,,,,,,141,21,1,1,0,1
or_bench_00548,,,/content/safecomp-dpo/hf_data/benchmarks/or_bench.jsonl,or_bench.jsonl,or_bench,,or_bench,,,,,,,,86,15,1,1,0,1
or_bench_00549,,,/content/safecomp-dpo/hf_data/benchmarks/or_bench.jsonl,or_bench.jsonl,or_bench,,or_bench,,,,,,,,79,13,1,0,0,1
or_bench_00550,,,/content/safecomp-dpo/hf_data/benchmarks/or_bench.jsonl,or_bench.jsonl,or_bench,,or_bench,,,,,,,,109,16,1,0,0,1
or_bench_00551,,,/content/safecomp-dpo/hf_data/benchmarks/or_bench.jsonl,or_bench.jsonl,or_bench,,or_bench,,,,,,,,113,15,1,0,0,1
or_bench_00552,,,/content/safecomp-dpo/hf_data/benchmarks/or_bench.jsonl,or_bench.jsonl,or_bench,,or_bench,,,,,,,,91,14,1,1,0,1
or_bench_00553,,,/content/safecomp-dpo/hf_data/benchmarks/or_bench.jsonl,or_bench.jsonl,or_bench,,or_bench,,,,,,,,109,17,1,1,0,1
or_bench_00554,,,/content/safecomp-dpo/hf_data/benchmarks/or_bench.jsonl,or_bench.jsonl,or_bench,,or_bench,,,,,,,,167,25,1,0,0,1
or_bench_00555,,,/content/safecomp-dpo/hf_data/benchmarks/or_bench.jsonl,or_bench.jsonl,or_bench,,or_bench,,,,,,,,167,28,1,1,0,1
or_bench_00556,,,/content/safecomp-dpo/hf_data/benchmarks/or_bench.jsonl,or_bench.jsonl,or_bench,,or_bench,,,,,,,,62,9,1,1,0,1
or_bench_00557,,,/content/safecomp-dpo/hf_data/benchmarks/or_bench.jsonl,or_bench.jsonl,or_bench,,or_bench,,,,,,,,173,26,1,0,0,1
or_bench_00558,,,/content/safecomp-dpo/hf_data/benchmarks/or_bench.jsonl,or_bench.jsonl,or_bench,,or_bench,,,,,,,,71,10,1,1,0,1
or_bench_00559,,,/content/safecomp-dpo/hf_data/benchmarks/or_bench.jsonl,or_bench.jsonl,or_bench,,or_bench,,,,,,,,96,15,1,1,0,1
or_bench_00560,,,/content/safecomp-dpo/hf_data/benchmarks/or_bench.jsonl,or_bench.jsonl,or_bench,,or_bench,,,,,,,,143,21,1,0,0,1
or_bench_00561,,,/content/safecomp-dpo/hf_data/benchmarks/or_bench.jsonl,or_bench.jsonl,or_bench,,or_bench,,,,,,,,109,17,1,1,0,1
or_bench_00562,,,/content/safecomp-dpo/hf_data/benchmarks/or_bench.jsonl,or_bench.jsonl,or_bench,,or_bench,,,,,,,,109,17,1,1,0,1
or_bench_00563,,,/content/safecomp-dpo/hf_data/benchmarks/or_bench.jsonl,or_bench.jsonl,or_bench,,or_bench,,,,,,,,91,15,1,1,0,1
or_bench_00564,,,/content/safecomp-dpo/hf_data/benchmarks/or_bench.jsonl,or_bench.jsonl,or_bench,,or_bench,,,,,,,,122,21,1,1,0,1
or_bench_00565,,,/content/safecomp-dpo/hf_data/benchmarks/or_bench.jsonl,or_bench.jsonl,or_bench,,or_bench,,,,,,,,99,16,1,1,0,1
or_bench_00566,,,/content/safecomp-dpo/hf_data/benchmarks/or_bench.jsonl,or_bench.jsonl,or_bench,,or_bench,,,,,,,,98,14,1,1,0,1
or_bench_00567,,,/content/safecomp-dpo/hf_data/benchmarks/or_bench.jsonl,or_bench.jsonl,or_bench,,or_bench,,,,,,,,102,14,1,1,0,1
or_bench_00568,,,/content/safecomp-dpo/hf_data/benchmarks/or_bench.jsonl,or_bench.jsonl,or_bench,,or_bench,,,,,,,,134,24,1,1,0,1
or_bench_00569,,,/content/safecomp-dpo/hf_data/benchmarks/or_bench.jsonl,or_bench.jsonl,or_bench,,or_bench,,,,,,,,154,22,1,1,0,1
or_bench_00570,,,/content/safecomp-dpo/hf_data/benchmarks/or_bench.jsonl,or_bench.jsonl,or_bench,,or_bench,,,,,,,,89,16,1,1,0,1
or_bench_00571,,,/content/safecomp-dpo/hf_data/benchmarks/or_bench.jsonl,or_bench.jsonl,or_bench,,or_bench,,,,,,,,119,21,1,1,0,1
or_bench_00572,,,/content/safecomp-dpo/hf_data/benchmarks/or_bench.jsonl,or_bench.jsonl,or_bench,,or_bench,,,,,,,,97,17,1,1,0,1
or_bench_00573,,,/content/safecomp-dpo/hf_data/benchmarks/or_bench.jsonl,or_bench.jsonl,or_bench,,or_bench,,,,,,,,171,25,1,0,0,1
or_bench_00574,,,/content/safecomp-dpo/hf_data/benchmarks/or_bench.jsonl,or_bench.jsonl,or_bench,,or_bench,,,,,,,,61,10,1,1,0,1
or_bench_00575,,,/content/safecomp-dpo/hf_data/benchmarks/or_bench.jsonl,or_bench.jsonl,or_bench,,or_bench,,,,,,,,78,14,1,1,0,1
or_bench_00576,,,/content/safecomp-dpo/hf_data/benchmarks/or_bench.jsonl,or_bench.jsonl,or_bench,,or_bench,,,,,,,,111,15,1,1,0,1
or_bench_00577,,,/content/safecomp-dpo/hf_data/benchmarks/or_bench.jsonl,or_bench.jsonl,or_bench,,or_bench,,,,,,,,133,24,1,1,0,1
or_bench_00578,,,/content/safecomp-dpo/hf_data/benchmarks/or_bench.jsonl,or_bench.jsonl,or_bench,,or_bench,,,,,,,,91,17,1,1,0,1
or_bench_00579,,,/content/safecomp-dpo/hf_data/benchmarks/or_bench.jsonl,or_bench.jsonl,or_bench,,or_bench,,,,,,,,89,15,1,1,0,1
or_bench_00580,,,/content/safecomp-dpo/hf_data/benchmarks/or_bench.jsonl,or_bench.jsonl,or_bench,,or_bench,,,,,,,,136,20,1,1,0,1
or_bench_00581,,,/content/safecomp-dpo/hf_data/benchmarks/or_bench.jsonl,or_bench.jsonl,or_bench,,or_bench,,,,,,,,119,18,1,1,0,1
or_bench_00582,,,/content/safecomp-dpo/hf_data/benchmarks/or_bench.jsonl,or_bench.jsonl,or_bench,,or_bench,,,,,,,,215,33,1,1,0,1
or_bench_00583,,,/content/safecomp-dpo/hf_data/benchmarks/or_bench.jsonl,or_bench.jsonl,or_bench,,or_bench,,,,,,,,93,15,1,1,0,1
or_bench_00584,,,/content/safecomp-dpo/hf_data/benchmarks/or_bench.jsonl,or_bench.jsonl,or_bench,,or_bench,,,,,,,,95,14,1,1,0,1
or_bench_00585,,,/content/safecomp-dpo/hf_data/benchmarks/or_bench.jsonl,or_bench.jsonl,or_bench,,or_bench,,,,,,,,134,26,1,1,0,1
or_bench_00586,,,/content/safecomp-dpo/hf_data/benchmarks/or_bench.jsonl,or_bench.jsonl,or_bench,,or_bench,,,,,,,,119,22,1,1,0,1
or_bench_00587,,,/content/safecomp-dpo/hf_data/benchmarks/or_bench.jsonl,or_bench.jsonl,or_bench,,or_bench,,,,,,,,80,16,1,1,0,1
or_bench_00588,,,/content/safecomp-dpo/hf_data/benchmarks/or_bench.jsonl,or_bench.jsonl,or_bench,,or_bench,,,,,,,,269,45,1,1,0,1
or_bench_00589,,,/content/safecomp-dpo/hf_data/benchmarks/or_bench.jsonl,or_bench.jsonl,or_bench,,or_bench,,,,,,,,118,17,1,1,0,1
or_bench_00590,,,/content/safecomp-dpo/hf_data/benchmarks/or_bench.jsonl,or_bench.jsonl,or_bench,,or_bench,,,,,,,,110,16,1,1,0,1
or_bench_00591,,,/content/safecomp-dpo/hf_data/benchmarks/or_bench.jsonl,or_bench.jsonl,or_bench,,or_bench,,,,,,,,121,19,1,1,0,1
or_bench_00592,,,/content/safecomp-dpo/hf_data/benchmarks/or_bench.jsonl,or_bench.jsonl,or_bench,,or_bench,,,,,,,,132,21,1,1,0,1
or_bench_00593,,,/content/safecomp-dpo/hf_data/benchmarks/or_bench.jsonl,or_bench.jsonl,or_bench,,or_bench,,,,,,,,85,12,1,1,0,1
or_bench_00594,,,/content/safecomp-dpo/hf_data/benchmarks/or_bench.jsonl,or_bench.jsonl,or_bench,,or_bench,,,,,,,,81,12,1,1,0,1
or_bench_00595,,,/content/safecomp-dpo/hf_data/benchmarks/or_bench.jsonl,or_bench.jsonl,or_bench,,or_bench,,,,,,,,106,17,1,1,0,1
or_bench_00596,,,/content/safecomp-dpo/hf_data/benchmarks/or_bench.jsonl,or_bench.jsonl,or_bench,,or_bench,,,,,,,,165,22,1,1,0,1
or_bench_00597,,,/content/safecomp-dpo/hf_data/benchmarks/or_bench.jsonl,or_bench.jsonl,or_bench,,or_bench,,,,,,,,94,15,1,1,0,1
or_bench_00598,,,/content/safecomp-dpo/hf_data/benchmarks/or_bench.jsonl,or_bench.jsonl,or_bench,,or_bench,,,,,,,,147,25,1,0,0,1
or_bench_00599,,,/content/safecomp-dpo/hf_data/benchmarks/or_bench.jsonl,or_bench.jsonl,or_bench,,or_bench,,,,,,,,177,25,1,1,0,1
or_bench_00600,,,/content/safecomp-dpo/hf_data/benchmarks/or_bench.jsonl,or_bench.jsonl,or_bench,,or_bench,,,,,,,,264,37,1,1,0,1
or_bench_00601,,,/content/safecomp-dpo/hf_data/benchmarks/or_bench.jsonl,or_bench.jsonl,or_bench,,or_bench,,,,,,,,135,19,1,1,0,1
or_bench_00602,,,/content/safecomp-dpo/hf_data/benchmarks/or_bench.jsonl,or_bench.jsonl,or_bench,,or_bench,,,,,,,,88,15,1,1,0,1
or_bench_00603,,,/content/safecomp-dpo/hf_data/benchmarks/or_bench.jsonl,or_bench.jsonl,or_bench,,or_bench,,,,,,,,121,16,1,1,0,1
or_bench_00604,,,/content/safecomp-dpo/hf_data/benchmarks/or_bench.jsonl,or_bench.jsonl,or_bench,,or_bench,,,,,,,,93,18,1,1,0,1
or_bench_00605,,,/content/safecomp-dpo/hf_data/benchmarks/or_bench.jsonl,or_bench.jsonl,or_bench,,or_bench,,,,,,,,78,13,1,1,0,1
or_bench_00606,,,/content/safecomp-dpo/hf_data/benchmarks/or_bench.jsonl,or_bench.jsonl,or_bench,,or_bench,,,,,,,,135,22,1,1,0,1
or_bench_00607,,,/content/safecomp-dpo/hf_data/benchmarks/or_bench.jsonl,or_bench.jsonl,or_bench,,or_bench,,,,,,,,149,25,1,1,0,1
or_bench_00608,,,/content/safecomp-dpo/hf_data/benchmarks/or_bench.jsonl,or_bench.jsonl,or_bench,,or_bench,,,,,,,,118,17,1,0,0,1
or_bench_00609,,,/content/safecomp-dpo/hf_data/benchmarks/or_bench.jsonl,or_bench.jsonl,or_bench,,or_bench,,,,,,,,78,10,1,1,0,1
or_bench_00610,,,/content/safecomp-dpo/hf_data/benchmarks/or_bench.jsonl,or_bench.jsonl,or_bench,,or_bench,,,,,,,,110,17,1,1,0,1
or_bench_00611,,,/content/safecomp-dpo/hf_data/benchmarks/or_bench.jsonl,or_bench.jsonl,or_bench,,or_bench,,,,,,,,158,26,1,1,0,1
or_bench_00612,,,/content/safecomp-dpo/hf_data/benchmarks/or_bench.jsonl,or_bench.jsonl,or_bench,,or_bench,,,,,,,,116,18,1,1,0,1
or_bench_00613,,,/content/safecomp-dpo/hf_data/benchmarks/or_bench.jsonl,or_bench.jsonl,or_bench,,or_bench,,,,,,,,94,15,1,1,0,1
or_bench_00614,,,/content/safecomp-dpo/hf_data/benchmarks/or_bench.jsonl,or_bench.jsonl,or_bench,,or_bench,,,,,,,,103,17,1,1,0,1
or_bench_00615,,,/content/safecomp-dpo/hf_data/benchmarks/or_bench.jsonl,or_bench.jsonl,or_bench,,or_bench,,,,,,,,95,15,1,1,0,1
or_bench_00616,,,/content/safecomp-dpo/hf_data/benchmarks/or_bench.jsonl,or_bench.jsonl,or_bench,,or_bench,,,,,,,,104,17,1,1,0,1
or_bench_00617,,,/content/safecomp-dpo/hf_data/benchmarks/or_bench.jsonl,or_bench.jsonl,or_bench,,or_bench,,,,,,,,99,16,1,1,0,1
or_bench_00618,,,/content/safecomp-dpo/hf_data/benchmarks/or_bench.jsonl,or_bench.jsonl,or_bench,,or_bench,,,,,,,,118,23,1,1,0,1
or_bench_00619,,,/content/safecomp-dpo/hf_data/benchmarks/or_bench.jsonl,or_bench.jsonl,or_bench,,or_bench,,,,,,,,171,23,1,1,0,1
or_bench_00620,,,/content/safecomp-dpo/hf_data/benchmarks/or_bench.jsonl,or_bench.jsonl,or_bench,,or_bench,,,,,,,,153,26,1,1,0,1
or_bench_00621,,,/content/safecomp-dpo/hf_data/benchmarks/or_bench.jsonl,or_bench.jsonl,or_bench,,or_bench,,,,,,,,89,20,1,1,0,1
or_bench_00622,,,/content/safecomp-dpo/hf_data/benchmarks/or_bench.jsonl,or_bench.jsonl,or_bench,,or_bench,,,,,,,,168,25,1,0,0,1
or_bench_00623,,,/content/safecomp-dpo/hf_data/benchmarks/or_bench.jsonl,or_bench.jsonl,or_bench,,or_bench,,,,,,,,72,12,1,1,0,1
or_bench_00624,,,/content/safecomp-dpo/hf_data/benchmarks/or_bench.jsonl,or_bench.jsonl,or_bench,,or_bench,,,,,,,,96,14,1,1,0,1
or_bench_00625,,,/content/safecomp-dpo/hf_data/benchmarks/or_bench.jsonl,or_bench.jsonl,or_bench,,or_bench,,,,,,,,95,12,1,0,0,1
or_bench_00626,,,/content/safecomp-dpo/hf_data/benchmarks/or_bench.jsonl,or_bench.jsonl,or_bench,,or_bench,,,,,,,,67,11,1,1,0,1
or_bench_00627,,,/content/safecomp-dpo/hf_data/benchmarks/or_bench.jsonl,or_bench.jsonl,or_bench,,or_bench,,,,,,,,103,16,1,1,0,1
or_bench_00628,,,/content/safecomp-dpo/hf_data/benchmarks/or_bench.jsonl,or_bench.jsonl,or_bench,,or_bench,,,,,,,,87,14,1,1,0,1
or_bench_00629,,,/content/safecomp-dpo/hf_data/benchmarks/or_bench.jsonl,or_bench.jsonl,or_bench,,or_bench,,,,,,,,97,15,1,1,0,1
or_bench_00630,,,/content/safecomp-dpo/hf_data/benchmarks/or_bench.jsonl,or_bench.jsonl,or_bench,,or_bench,,,,,,,,113,21,1,1,0,1
or_bench_00631,,,/content/safecomp-dpo/hf_data/benchmarks/or_bench.jsonl,or_bench.jsonl,or_bench,,or_bench,,,,,,,,72,14,1,1,0,1
or_bench_00632,,,/content/safecomp-dpo/hf_data/benchmarks/or_bench.jsonl,or_bench.jsonl,or_bench,,or_bench,,,,,,,,69,12,1,1,0,1
or_bench_00633,,,/content/safecomp-dpo/hf_data/benchmarks/or_bench.jsonl,or_bench.jsonl,or_bench,,or_bench,,,,,,,,70,11,1,1,0,1
or_bench_00634,,,/content/safecomp-dpo/hf_data/benchmarks/or_bench.jsonl,or_bench.jsonl,or_bench,,or_bench,,,,,,,,62,10,1,1,0,1
or_bench_00635,,,/content/safecomp-dpo/hf_data/benchmarks/or_bench.jsonl,or_bench.jsonl,or_bench,,or_bench,,,,,,,,146,21,1,1,0,1
or_bench_00636,,,/content/safecomp-dpo/hf_data/benchmarks/or_bench.jsonl,or_bench.jsonl,or_bench,,or_bench,,,,,,,,132,21,1,1,0,1
or_bench_00637,,,/content/safecomp-dpo/hf_data/benchmarks/or_bench.jsonl,or_bench.jsonl,or_bench,,or_bench,,,,,,,,105,16,1,1,0,1
or_bench_00638,,,/content/safecomp-dpo/hf_data/benchmarks/or_bench.jsonl,or_bench.jsonl,or_bench,,or_bench,,,,,,,,137,21,1,1,0,1
or_bench_00639,,,/content/safecomp-dpo/hf_data/benchmarks/or_bench.jsonl,or_bench.jsonl,or_bench,,or_bench,,,,,,,,96,14,1,1,0,1
or_bench_00640,,,/content/safecomp-dpo/hf_data/benchmarks/or_bench.jsonl,or_bench.jsonl,or_bench,,or_bench,,,,,,,,123,20,1,1,0,1
or_bench_00641,,,/content/safecomp-dpo/hf_data/benchmarks/or_bench.jsonl,or_bench.jsonl,or_bench,,or_bench,,,,,,,,127,20,1,1,0,1
or_bench_00642,,,/content/safecomp-dpo/hf_data/benchmarks/or_bench.jsonl,or_bench.jsonl,or_bench,,or_bench,,,,,,,,151,24,1,1,0,1
or_bench_00643,,,/content/safecomp-dpo/hf_data/benchmarks/or_bench.jsonl,or_bench.jsonl,or_bench,,or_bench,,,,,,,,116,16,1,1,0,1
or_bench_00644,,,/content/safecomp-dpo/hf_data/benchmarks/or_bench.jsonl,or_bench.jsonl,or_bench,,or_bench,,,,,,,,147,21,1,1,0,1
or_bench_00645,,,/content/safecomp-dpo/hf_data/benchmarks/or_bench.jsonl,or_bench.jsonl,or_bench,,or_bench,,,,,,,,121,19,1,1,0,1
or_bench_00646,,,/content/safecomp-dpo/hf_data/benchmarks/or_bench.jsonl,or_bench.jsonl,or_bench,,or_bench,,,,,,,,97,16,1,1,0,1
or_bench_00647,,,/content/safecomp-dpo/hf_data/benchmarks/or_bench.jsonl,or_bench.jsonl,or_bench,,or_bench,,,,,,,,129,24,1,1,0,1
or_bench_00648,,,/content/safecomp-dpo/hf_data/benchmarks/or_bench.jsonl,or_bench.jsonl,or_bench,,or_bench,,,,,,,,105,17,1,1,0,1
or_bench_00649,,,/content/safecomp-dpo/hf_data/benchmarks/or_bench.jsonl,or_bench.jsonl,or_bench,,or_bench,,,,,,,,101,16,1,1,0,1
or_bench_00650,,,/content/safecomp-dpo/hf_data/benchmarks/or_bench.jsonl,or_bench.jsonl,or_bench,,or_bench,,,,,,,,158,28,1,1,0,1
or_bench_00651,,,/content/safecomp-dpo/hf_data/benchmarks/or_bench.jsonl,or_bench.jsonl,or_bench,,or_bench,,,,,,,,97,13,1,1,0,1
or_bench_00652,,,/content/safecomp-dpo/hf_data/benchmarks/or_bench.jsonl,or_bench.jsonl,or_bench,,or_bench,,,,,,,,101,17,1,1,0,1
or_bench_00653,,,/content/safecomp-dpo/hf_data/benchmarks/or_bench.jsonl,or_bench.jsonl,or_bench,,or_bench,,,,,,,,115,20,1,1,0,1
or_bench_00654,,,/content/safecomp-dpo/hf_data/benchmarks/or_bench.jsonl,or_bench.jsonl,or_bench,,or_bench,,,,,,,,140,21,1,1,0,1
or_bench_00655,,,/content/safecomp-dpo/hf_data/benchmarks/or_bench.jsonl,or_bench.jsonl,or_bench,,or_bench,,,,,,,,109,17,1,1,0,1
or_bench_00656,,,/content/safecomp-dpo/hf_data/benchmarks/or_bench.jsonl,or_bench.jsonl,or_bench,,or_bench,,,,,,,,112,16,1,1,0,1
or_bench_00657,,,/content/safecomp-dpo/hf_data/benchmarks/or_bench.jsonl,or_bench.jsonl,or_bench,,or_bench,,,,,,,,127,17,1,1,0,1
or_bench_00658,,,/content/safecomp-dpo/hf_data/benchmarks/or_bench.jsonl,or_bench.jsonl,or_bench,,or_bench,,,,,,,,89,14,1,1,0,1
or_bench_00659,,,/content/safecomp-dpo/hf_data/benchmarks/or_bench.jsonl,or_bench.jsonl,or_bench,,or_bench,,,,,,,,149,26,1,1,0,1
or_bench_00660,,,/content/safecomp-dpo/hf_data/benchmarks/or_bench.jsonl,or_bench.jsonl,or_bench,,or_bench,,,,,,,,135,21,1,0,0,1
or_bench_00661,,,/content/safecomp-dpo/hf_data/benchmarks/or_bench.jsonl,or_bench.jsonl,or_bench,,or_bench,,,,,,,,98,17,1,1,0,1
or_bench_00662,,,/content/safecomp-dpo/hf_data/benchmarks/or_bench.jsonl,or_bench.jsonl,or_bench,,or_bench,,,,,,,,149,19,1,0,0,1
or_bench_00663,,,/content/safecomp-dpo/hf_data/benchmarks/or_bench.jsonl,or_bench.jsonl,or_bench,,or_bench,,,,,,,,81,14,1,1,0,1
or_bench_00664,,,/content/safecomp-dpo/hf_data/benchmarks/or_bench.jsonl,or_bench.jsonl,or_bench,,or_bench,,,,,,,,109,16,1,1,0,1
or_bench_00665,,,/content/safecomp-dpo/hf_data/benchmarks/or_bench.jsonl,or_bench.jsonl,or_bench,,or_bench,,,,,,,,167,31,1,1,0,1
or_bench_00666,,,/content/safecomp-dpo/hf_data/benchmarks/or_bench.jsonl,or_bench.jsonl,or_bench,,or_bench,,,,,,,,154,25,1,1,0,1
or_bench_00667,,,/content/safecomp-dpo/hf_data/benchmarks/or_bench.jsonl,or_bench.jsonl,or_bench,,or_bench,,,,,,,,134,18,1,0,0,1
or_bench_00668,,,/content/safecomp-dpo/hf_data/benchmarks/or_bench.jsonl,or_bench.jsonl,or_bench,,or_bench,,,,,,,,106,17,1,1,0,1
or_bench_00669,,,/content/safecomp-dpo/hf_data/benchmarks/or_bench.jsonl,or_bench.jsonl,or_bench,,or_bench,,,,,,,,108,16,1,1,0,1
or_bench_00670,,,/content/safecomp-dpo/hf_data/benchmarks/or_bench.jsonl,or_bench.jsonl,or_bench,,or_bench,,,,,,,,100,20,1,1,0,1
or_bench_00671,,,/content/safecomp-dpo/hf_data/benchmarks/or_bench.jsonl,or_bench.jsonl,or_bench,,or_bench,,,,,,,,83,14,1,1,0,1
or_bench_00672,,,/content/safecomp-dpo/hf_data/benchmarks/or_bench.jsonl,or_bench.jsonl,or_bench,,or_bench,,,,,,,,163,25,1,1,0,1
or_bench_00673,,,/content/safecomp-dpo/hf_data/benchmarks/or_bench.jsonl,or_bench.jsonl,or_bench,,or_bench,,,,,,,,201,31,1,0,0,1
or_bench_00674,,,/content/safecomp-dpo/hf_data/benchmarks/or_bench.jsonl,or_bench.jsonl,or_bench,,or_bench,,,,,,,,129,17,1,0,0,1
or_bench_00675,,,/content/safecomp-dpo/hf_data/benchmarks/or_bench.jsonl,or_bench.jsonl,or_bench,,or_bench,,,,,,,,96,14,1,1,0,1
or_bench_00676,,,/content/safecomp-dpo/hf_data/benchmarks/or_bench.jsonl,or_bench.jsonl,or_bench,,or_bench,,,,,,,,105,18,1,1,0,1
or_bench_00677,,,/content/safecomp-dpo/hf_data/benchmarks/or_bench.jsonl,or_bench.jsonl,or_bench,,or_bench,,,,,,,,103,19,1,1,0,1
or_bench_00678,,,/content/safecomp-dpo/hf_data/benchmarks/or_bench.jsonl,or_bench.jsonl,or_bench,,or_bench,,,,,,,,117,21,1,1,0,1
or_bench_00679,,,/content/safecomp-dpo/hf_data/benchmarks/or_bench.jsonl,or_bench.jsonl,or_bench,,or_bench,,,,,,,,99,15,1,1,0,1
or_bench_00680,,,/content/safecomp-dpo/hf_data/benchmarks/or_bench.jsonl,or_bench.jsonl,or_bench,,or_bench,,,,,,,,150,22,1,1,0,1
or_bench_00681,,,/content/safecomp-dpo/hf_data/benchmarks/or_bench.jsonl,or_bench.jsonl,or_bench,,or_bench,,,,,,,,95,15,1,1,0,1
or_bench_00682,,,/content/safecomp-dpo/hf_data/benchmarks/or_bench.jsonl,or_bench.jsonl,or_bench,,or_bench,,,,,,,,83,13,1,1,0,1
or_bench_00683,,,/content/safecomp-dpo/hf_data/benchmarks/or_bench.jsonl,or_bench.jsonl,or_bench,,or_bench,,,,,,,,152,24,1,0,0,1
or_bench_00684,,,/content/safecomp-dpo/hf_data/benchmarks/or_bench.jsonl,or_bench.jsonl,or_bench,,or_bench,,,,,,,,69,10,1,1,0,1
or_bench_00685,,,/content/safecomp-dpo/hf_data/benchmarks/or_bench.jsonl,or_bench.jsonl,or_bench,,or_bench,,,,,,,,133,17,1,1,0,1
or_bench_00686,,,/content/safecomp-dpo/hf_data/benchmarks/or_bench.jsonl,or_bench.jsonl,or_bench,,or_bench,,,,,,,,92,12,1,1,0,1
or_bench_00687,,,/content/safecomp-dpo/hf_data/benchmarks/or_bench.jsonl,or_bench.jsonl,or_bench,,or_bench,,,,,,,,101,17,1,1,0,1
or_bench_00688,,,/content/safecomp-dpo/hf_data/benchmarks/or_bench.jsonl,or_bench.jsonl,or_bench,,or_bench,,,,,,,,82,12,1,1,0,1
or_bench_00689,,,/content/safecomp-dpo/hf_data/benchmarks/or_bench.jsonl,or_bench.jsonl,or_bench,,or_bench,,,,,,,,111,20,1,1,0,1
or_bench_00690,,,/content/safecomp-dpo/hf_data/benchmarks/or_bench.jsonl,or_bench.jsonl,or_bench,,or_bench,,,,,,,,114,22,1,1,0,1
or_bench_00691,,,/content/safecomp-dpo/hf_data/benchmarks/or_bench.jsonl,or_bench.jsonl,or_bench,,or_bench,,,,,,,,99,16,1,1,0,1
or_bench_00692,,,/content/safecomp-dpo/hf_data/benchmarks/or_bench.jsonl,or_bench.jsonl,or_bench,,or_bench,,,,,,,,123,18,1,1,0,1
or_bench_00693,,,/content/safecomp-dpo/hf_data/benchmarks/or_bench.jsonl,or_bench.jsonl,or_bench,,or_bench,,,,,,,,118,19,1,1,0,1
or_bench_00694,,,/content/safecomp-dpo/hf_data/benchmarks/or_bench.jsonl,or_bench.jsonl,or_bench,,or_bench,,,,,,,,99,17,1,1,0,1
or_bench_00695,,,/content/safecomp-dpo/hf_data/benchmarks/or_bench.jsonl,or_bench.jsonl,or_bench,,or_bench,,,,,,,,126,21,1,1,0,1
or_bench_00696,,,/content/safecomp-dpo/hf_data/benchmarks/or_bench.jsonl,or_bench.jsonl,or_bench,,or_bench,,,,,,,,130,19,1,1,0,1
or_bench_00697,,,/content/safecomp-dpo/hf_data/benchmarks/or_bench.jsonl,or_bench.jsonl,or_bench,,or_bench,,,,,,,,149,25,1,0,0,1
or_bench_00698,,,/content/safecomp-dpo/hf_data/benchmarks/or_bench.jsonl,or_bench.jsonl,or_bench,,or_bench,,,,,,,,94,16,1,1,0,1
or_bench_00699,,,/content/safecomp-dpo/hf_data/benchmarks/or_bench.jsonl,or_bench.jsonl,or_bench,,or_bench,,,,,,,,133,19,1,1,0,1
or_bench_00700,,,/content/safecomp-dpo/hf_data/benchmarks/or_bench.jsonl,or_bench.jsonl,or_bench,,or_bench,,,,,,,,115,16,1,1,0,1
or_bench_00701,,,/content/safecomp-dpo/hf_data/benchmarks/or_bench.jsonl,or_bench.jsonl,or_bench,,or_bench,,,,,,,,85,13,1,1,0,1
or_bench_00702,,,/content/safecomp-dpo/hf_data/benchmarks/or_bench.jsonl,or_bench.jsonl,or_bench,,or_bench,,,,,,,,92,16,1,1,0,1
or_bench_00703,,,/content/safecomp-dpo/hf_data/benchmarks/or_bench.jsonl,or_bench.jsonl,or_bench,,or_bench,,,,,,,,73,12,1,1,0,1
or_bench_00704,,,/content/safecomp-dpo/hf_data/benchmarks/or_bench.jsonl,or_bench.jsonl,or_bench,,or_bench,,,,,,,,62,9,1,1,0,1
or_bench_00705,,,/content/safecomp-dpo/hf_data/benchmarks/or_bench.jsonl,or_bench.jsonl,or_bench,,or_bench,,,,,,,,139,22,1,1,0,1
or_bench_00706,,,/content/safecomp-dpo/hf_data/benchmarks/or_bench.jsonl,or_bench.jsonl,or_bench,,or_bench,,,,,,,,114,17,1,1,0,1
or_bench_00707,,,/content/safecomp-dpo/hf_data/benchmarks/or_bench.jsonl,or_bench.jsonl,or_bench,,or_bench,,,,,,,,169,23,1,0,0,1
or_bench_00708,,,/content/safecomp-dpo/hf_data/benchmarks/or_bench.jsonl,or_bench.jsonl,or_bench,,or_bench,,,,,,,,146,23,1,1,0,1
or_bench_00709,,,/content/safecomp-dpo/hf_data/benchmarks/or_bench.jsonl,or_bench.jsonl,or_bench,,or_bench,,,,,,,,123,17,1,0,0,1
or_bench_00710,,,/content/safecomp-dpo/hf_data/benchmarks/or_bench.jsonl,or_bench.jsonl,or_bench,,or_bench,,,,,,,,95,15,1,1,0,1
or_bench_00711,,,/content/safecomp-dpo/hf_data/benchmarks/or_bench.jsonl,or_bench.jsonl,or_bench,,or_bench,,,,,,,,85,11,1,0,0,0
or_bench_00712,,,/content/safecomp-dpo/hf_data/benchmarks/or_bench.jsonl,or_bench.jsonl,or_bench,,or_bench,,,,,,,,167,28,1,1,0,1
or_bench_00713,,,/content/safecomp-dpo/hf_data/benchmarks/or_bench.jsonl,or_bench.jsonl,or_bench,,or_bench,,,,,,,,140,28,1,1,0,1
or_bench_00714,,,/content/safecomp-dpo/hf_data/benchmarks/or_bench.jsonl,or_bench.jsonl,or_bench,,or_bench,,,,,,,,79,12,1,1,0,1
or_bench_00715,,,/content/safecomp-dpo/hf_data/benchmarks/or_bench.jsonl,or_bench.jsonl,or_bench,,or_bench,,,,,,,,116,19,1,1,0,1
or_bench_00716,,,/content/safecomp-dpo/hf_data/benchmarks/or_bench.jsonl,or_bench.jsonl,or_bench,,or_bench,,,,,,,,89,15,1,1,0,1
or_bench_00717,,,/content/safecomp-dpo/hf_data/benchmarks/or_bench.jsonl,or_bench.jsonl,or_bench,,or_bench,,,,,,,,69,10,1,1,0,1
or_bench_00718,,,/content/safecomp-dpo/hf_data/benchmarks/or_bench.jsonl,or_bench.jsonl,or_bench,,or_bench,,,,,,,,160,27,1,1,0,1
or_bench_00719,,,/content/safecomp-dpo/hf_data/benchmarks/or_bench.jsonl,or_bench.jsonl,or_bench,,or_bench,,,,,,,,141,22,1,1,0,1
or_bench_00720,,,/content/safecomp-dpo/hf_data/benchmarks/or_bench.jsonl,or_bench.jsonl,or_bench,,or_bench,,,,,,,,207,32,1,1,0,2
or_bench_00721,,,/content/safecomp-dpo/hf_data/benchmarks/or_bench.jsonl,or_bench.jsonl,or_bench,,or_bench,,,,,,,,123,24,1,1,0,1
or_bench_00722,,,/content/safecomp-dpo/hf_data/benchmarks/or_bench.jsonl,or_bench.jsonl,or_bench,,or_bench,,,,,,,,143,21,1,1,0,1
or_bench_00723,,,/content/safecomp-dpo/hf_data/benchmarks/or_bench.jsonl,or_bench.jsonl,or_bench,,or_bench,,,,,,,,131,20,1,0,0,1
or_bench_00724,,,/content/safecomp-dpo/hf_data/benchmarks/or_bench.jsonl,or_bench.jsonl,or_bench,,or_bench,,,,,,,,118,19,1,1,0,1
or_bench_00725,,,/content/safecomp-dpo/hf_data/benchmarks/or_bench.jsonl,or_bench.jsonl,or_bench,,or_bench,,,,,,,,126,21,1,1,0,1
or_bench_00726,,,/content/safecomp-dpo/hf_data/benchmarks/or_bench.jsonl,or_bench.jsonl,or_bench,,or_bench,,,,,,,,140,20,1,1,0,1
or_bench_00727,,,/content/safecomp-dpo/hf_data/benchmarks/or_bench.jsonl,or_bench.jsonl,or_bench,,or_bench,,,,,,,,107,19,1,1,0,1
or_bench_00728,,,/content/safecomp-dpo/hf_data/benchmarks/or_bench.jsonl,or_bench.jsonl,or_bench,,or_bench,,,,,,,,144,19,1,1,0,1
or_bench_00729,,,/content/safecomp-dpo/hf_data/benchmarks/or_bench.jsonl,or_bench.jsonl,or_bench,,or_bench,,,,,,,,147,23,1,1,0,1
or_bench_00730,,,/content/safecomp-dpo/hf_data/benchmarks/or_bench.jsonl,or_bench.jsonl,or_bench,,or_bench,,,,,,,,75,11,1,1,0,1
or_bench_00731,,,/content/safecomp-dpo/hf_data/benchmarks/or_bench.jsonl,or_bench.jsonl,or_bench,,or_bench,,,,,,,,111,19,1,1,0,1
or_bench_00732,,,/content/safecomp-dpo/hf_data/benchmarks/or_bench.jsonl,or_bench.jsonl,or_bench,,or_bench,,,,,,,,145,21,1,1,0,1
or_bench_00733,,,/content/safecomp-dpo/hf_data/benchmarks/or_bench.jsonl,or_bench.jsonl,or_bench,,or_bench,,,,,,,,136,21,1,1,0,1
or_bench_00734,,,/content/safecomp-dpo/hf_data/benchmarks/or_bench.jsonl,or_bench.jsonl,or_bench,,or_bench,,,,,,,,100,16,1,1,0,1
or_bench_00735,,,/content/safecomp-dpo/hf_data/benchmarks/or_bench.jsonl,or_bench.jsonl,or_bench,,or_bench,,,,,,,,80,14,1,1,0,1
or_bench_00736,,,/content/safecomp-dpo/hf_data/benchmarks/or_bench.jsonl,or_bench.jsonl,or_bench,,or_bench,,,,,,,,83,13,1,1,0,1
or_bench_00737,,,/content/safecomp-dpo/hf_data/benchmarks/or_bench.jsonl,or_bench.jsonl,or_bench,,or_bench,,,,,,,,143,25,1,1,0,1
or_bench_00738,,,/content/safecomp-dpo/hf_data/benchmarks/or_bench.jsonl,or_bench.jsonl,or_bench,,or_bench,,,,,,,,137,24,1,1,0,1
or_bench_00739,,,/content/safecomp-dpo/hf_data/benchmarks/or_bench.jsonl,or_bench.jsonl,or_bench,,or_bench,,,,,,,,164,21,1,1,0,1
or_bench_00740,,,/content/safecomp-dpo/hf_data/benchmarks/or_bench.jsonl,or_bench.jsonl,or_bench,,or_bench,,,,,,,,78,10,1,0,0,0
or_bench_00741,,,/content/safecomp-dpo/hf_data/benchmarks/or_bench.jsonl,or_bench.jsonl,or_bench,,or_bench,,,,,,,,115,17,1,1,0,1
or_bench_00742,,,/content/safecomp-dpo/hf_data/benchmarks/or_bench.jsonl,or_bench.jsonl,or_bench,,or_bench,,,,,,,,98,16,1,1,0,1
or_bench_00743,,,/content/safecomp-dpo/hf_data/benchmarks/or_bench.jsonl,or_bench.jsonl,or_bench,,or_bench,,,,,,,,64,11,1,1,0,1
or_bench_00744,,,/content/safecomp-dpo/hf_data/benchmarks/or_bench.jsonl,or_bench.jsonl,or_bench,,or_bench,,,,,,,,91,17,1,0,0,1
or_bench_00745,,,/content/safecomp-dpo/hf_data/benchmarks/or_bench.jsonl,or_bench.jsonl,or_bench,,or_bench,,,,,,,,94,13,1,1,0,1
or_bench_00746,,,/content/safecomp-dpo/hf_data/benchmarks/or_bench.jsonl,or_bench.jsonl,or_bench,,or_bench,,,,,,,,126,19,1,1,0,1
or_bench_00747,,,/content/safecomp-dpo/hf_data/benchmarks/or_bench.jsonl,or_bench.jsonl,or_bench,,or_bench,,,,,,,,124,19,1,1,0,1
or_bench_00748,,,/content/safecomp-dpo/hf_data/benchmarks/or_bench.jsonl,or_bench.jsonl,or_bench,,or_bench,,,,,,,,118,18,1,0,0,1
or_bench_00749,,,/content/safecomp-dpo/hf_data/benchmarks/or_bench.jsonl,or_bench.jsonl,or_bench,,or_bench,,,,,,,,123,21,1,1,0,1
or_bench_00750,,,/content/safecomp-dpo/hf_data/benchmarks/or_bench.jsonl,or_bench.jsonl,or_bench,,or_bench,,,,,,,,81,14,1,1,0,1
or_bench_00751,,,/content/safecomp-dpo/hf_data/benchmarks/or_bench.jsonl,or_bench.jsonl,or_bench,,or_bench,,,,,,,,154,21,1,0,2,1
or_bench_00752,,,/content/safecomp-dpo/hf_data/benchmarks/or_bench.jsonl,or_bench.jsonl,or_bench,,or_bench,,,,,,,,184,30,1,0,0,1
or_bench_00753,,,/content/safecomp-dpo/hf_data/benchmarks/or_bench.jsonl,or_bench.jsonl,or_bench,,or_bench,,,,,,,,147,22,1,1,0,1
or_bench_00754,,,/content/safecomp-dpo/hf_data/benchmarks/or_bench.jsonl,or_bench.jsonl,or_bench,,or_bench,,,,,,,,66,12,1,1,0,1
or_bench_00755,,,/content/safecomp-dpo/hf_data/benchmarks/or_bench.jsonl,or_bench.jsonl,or_bench,,or_bench,,,,,,,,87,13,1,1,0,1
or_bench_00756,,,/content/safecomp-dpo/hf_data/benchmarks/or_bench.jsonl,or_bench.jsonl,or_bench,,or_bench,,,,,,,,92,17,1,1,0,1
or_bench_00757,,,/content/safecomp-dpo/hf_data/benchmarks/or_bench.jsonl,or_bench.jsonl,or_bench,,or_bench,,,,,,,,137,18,1,0,0,1
or_bench_00758,,,/content/safecomp-dpo/hf_data/benchmarks/or_bench.jsonl,or_bench.jsonl,or_bench,,or_bench,,,,,,,,136,19,1,1,0,1
or_bench_00759,,,/content/safecomp-dpo/hf_data/benchmarks/or_bench.jsonl,or_bench.jsonl,or_bench,,or_bench,,,,,,,,138,23,1,1,0,1
or_bench_00760,,,/content/safecomp-dpo/hf_data/benchmarks/or_bench.jsonl,or_bench.jsonl,or_bench,,or_bench,,,,,,,,125,19,1,1,0,1
or_bench_00761,,,/content/safecomp-dpo/hf_data/benchmarks/or_bench.jsonl,or_bench.jsonl,or_bench,,or_bench,,,,,,,,133,21,1,1,0,1
or_bench_00762,,,/content/safecomp-dpo/hf_data/benchmarks/or_bench.jsonl,or_bench.jsonl,or_bench,,or_bench,,,,,,,,116,21,1,1,0,1
or_bench_00763,,,/content/safecomp-dpo/hf_data/benchmarks/or_bench.jsonl,or_bench.jsonl,or_bench,,or_bench,,,,,,,,124,18,1,1,0,1
or_bench_00764,,,/content/safecomp-dpo/hf_data/benchmarks/or_bench.jsonl,or_bench.jsonl,or_bench,,or_bench,,,,,,,,132,18,1,1,0,1
or_bench_00765,,,/content/safecomp-dpo/hf_data/benchmarks/or_bench.jsonl,or_bench.jsonl,or_bench,,or_bench,,,,,,,,124,19,1,1,0,1
or_bench_00766,,,/content/safecomp-dpo/hf_data/benchmarks/or_bench.jsonl,or_bench.jsonl,or_bench,,or_bench,,,,,,,,77,13,1,1,0,1
or_bench_00767,,,/content/safecomp-dpo/hf_data/benchmarks/or_bench.jsonl,or_bench.jsonl,or_bench,,or_bench,,,,,,,,92,14,1,1,0,1
or_bench_00768,,,/content/safecomp-dpo/hf_data/benchmarks/or_bench.jsonl,or_bench.jsonl,or_bench,,or_bench,,,,,,,,77,14,1,1,0,1
or_bench_00769,,,/content/safecomp-dpo/hf_data/benchmarks/or_bench.jsonl,or_bench.jsonl,or_bench,,or_bench,,,,,,,,113,18,1,1,0,1
or_bench_00770,,,/content/safecomp-dpo/hf_data/benchmarks/or_bench.jsonl,or_bench.jsonl,or_bench,,or_bench,,,,,,,,137,22,1,1,0,1
or_bench_00771,,,/content/safecomp-dpo/hf_data/benchmarks/or_bench.jsonl,or_bench.jsonl,or_bench,,or_bench,,,,,,,,180,30,1,1,0,1
or_bench_00772,,,/content/safecomp-dpo/hf_data/benchmarks/or_bench.jsonl,or_bench.jsonl,or_bench,,or_bench,,,,,,,,111,20,1,1,0,1
or_bench_00773,,,/content/safecomp-dpo/hf_data/benchmarks/or_bench.jsonl,or_bench.jsonl,or_bench,,or_bench,,,,,,,,97,17,1,1,0,1
or_bench_00774,,,/content/safecomp-dpo/hf_data/benchmarks/or_bench.jsonl,or_bench.jsonl,or_bench,,or_bench,,,,,,,,93,13,1,1,0,1
or_bench_00775,,,/content/safecomp-dpo/hf_data/benchmarks/or_bench.jsonl,or_bench.jsonl,or_bench,,or_bench,,,,,,,,164,26,1,1,0,1
or_bench_00776,,,/content/safecomp-dpo/hf_data/benchmarks/or_bench.jsonl,or_bench.jsonl,or_bench,,or_bench,,,,,,,,98,14,1,1,0,1
or_bench_00777,,,/content/safecomp-dpo/hf_data/benchmarks/or_bench.jsonl,or_bench.jsonl,or_bench,,or_bench,,,,,,,,129,27,1,1,0,1
or_bench_00778,,,/content/safecomp-dpo/hf_data/benchmarks/or_bench.jsonl,or_bench.jsonl,or_bench,,or_bench,,,,,,,,197,29,1,1,0,1
or_bench_00779,,,/content/safecomp-dpo/hf_data/benchmarks/or_bench.jsonl,or_bench.jsonl,or_bench,,or_bench,,,,,,,,112,16,1,1,0,1
or_bench_00780,,,/content/safecomp-dpo/hf_data/benchmarks/or_bench.jsonl,or_bench.jsonl,or_bench,,or_bench,,,,,,,,108,15,1,1,0,1
or_bench_00781,,,/content/safecomp-dpo/hf_data/benchmarks/or_bench.jsonl,or_bench.jsonl,or_bench,,or_bench,,,,,,,,99,18,1,1,0,1
or_bench_00782,,,/content/safecomp-dpo/hf_data/benchmarks/or_bench.jsonl,or_bench.jsonl,or_bench,,or_bench,,,,,,,,99,16,1,1,0,1
or_bench_00783,,,/content/safecomp-dpo/hf_data/benchmarks/or_bench.jsonl,or_bench.jsonl,or_bench,,or_bench,,,,,,,,125,22,1,1,0,1
or_bench_00784,,,/content/safecomp-dpo/hf_data/benchmarks/or_bench.jsonl,or_bench.jsonl,or_bench,,or_bench,,,,,,,,80,12,1,0,0,0
or_bench_00785,,,/content/safecomp-dpo/hf_data/benchmarks/or_bench.jsonl,or_bench.jsonl,or_bench,,or_bench,,,,,,,,106,16,1,1,0,1
or_bench_00786,,,/content/safecomp-dpo/hf_data/benchmarks/or_bench.jsonl,or_bench.jsonl,or_bench,,or_bench,,,,,,,,94,16,1,1,0,1
or_bench_00787,,,/content/safecomp-dpo/hf_data/benchmarks/or_bench.jsonl,or_bench.jsonl,or_bench,,or_bench,,,,,,,,110,17,1,1,0,1
or_bench_00788,,,/content/safecomp-dpo/hf_data/benchmarks/or_bench.jsonl,or_bench.jsonl,or_bench,,or_bench,,,,,,,,91,12,1,1,0,1
or_bench_00789,,,/content/safecomp-dpo/hf_data/benchmarks/or_bench.jsonl,or_bench.jsonl,or_bench,,or_bench,,,,,,,,90,14,1,1,0,1
or_bench_00790,,,/content/safecomp-dpo/hf_data/benchmarks/or_bench.jsonl,or_bench.jsonl,or_bench,,or_bench,,,,,,,,107,16,1,0,0,1
or_bench_00791,,,/content/safecomp-dpo/hf_data/benchmarks/or_bench.jsonl,or_bench.jsonl,or_bench,,or_bench,,,,,,,,80,14,1,1,0,1
or_bench_00792,,,/content/safecomp-dpo/hf_data/benchmarks/or_bench.jsonl,or_bench.jsonl,or_bench,,or_bench,,,,,,,,127,20,1,1,0,1
or_bench_00793,,,/content/safecomp-dpo/hf_data/benchmarks/or_bench.jsonl,or_bench.jsonl,or_bench,,or_bench,,,,,,,,206,30,1,1,0,1
or_bench_00794,,,/content/safecomp-dpo/hf_data/benchmarks/or_bench.jsonl,or_bench.jsonl,or_bench,,or_bench,,,,,,,,125,23,1,1,0,1
or_bench_00795,,,/content/safecomp-dpo/hf_data/benchmarks/or_bench.jsonl,or_bench.jsonl,or_bench,,or_bench,,,,,,,,125,22,1,1,0,1
or_bench_00796,,,/content/safecomp-dpo/hf_data/benchmarks/or_bench.jsonl,or_bench.jsonl,or_bench,,or_bench,,,,,,,,169,27,1,1,0,1
or_bench_00797,,,/content/safecomp-dpo/hf_data/benchmarks/or_bench.jsonl,or_bench.jsonl,or_bench,,or_bench,,,,,,,,116,19,1,1,0,1
or_bench_00798,,,/content/safecomp-dpo/hf_data/benchmarks/or_bench.jsonl,or_bench.jsonl,or_bench,,or_bench,,,,,,,,125,20,1,1,0,1
or_bench_00799,,,/content/safecomp-dpo/hf_data/benchmarks/or_bench.jsonl,or_bench.jsonl,or_bench,,or_bench,,,,,,,,59,9,1,1,0,1
or_bench_00800,,,/content/safecomp-dpo/hf_data/benchmarks/or_bench.jsonl,or_bench.jsonl,or_bench,,or_bench,,,,,,,,111,18,1,1,0,1
or_bench_00801,,,/content/safecomp-dpo/hf_data/benchmarks/or_bench.jsonl,or_bench.jsonl,or_bench,,or_bench,,,,,,,,108,17,1,0,0,1
or_bench_00802,,,/content/safecomp-dpo/hf_data/benchmarks/or_bench.jsonl,or_bench.jsonl,or_bench,,or_bench,,,,,,,,86,13,1,1,0,1
or_bench_00803,,,/content/safecomp-dpo/hf_data/benchmarks/or_bench.jsonl,or_bench.jsonl,or_bench,,or_bench,,,,,,,,99,16,1,1,0,1
or_bench_00804,,,/content/safecomp-dpo/hf_data/benchmarks/or_bench.jsonl,or_bench.jsonl,or_bench,,or_bench,,,,,,,,148,23,1,1,0,1
or_bench_00805,,,/content/safecomp-dpo/hf_data/benchmarks/or_bench.jsonl,or_bench.jsonl,or_bench,,or_bench,,,,,,,,183,26,1,0,0,1
or_bench_00806,,,/content/safecomp-dpo/hf_data/benchmarks/or_bench.jsonl,or_bench.jsonl,or_bench,,or_bench,,,,,,,,93,16,1,1,0,1
or_bench_00807,,,/content/safecomp-dpo/hf_data/benchmarks/or_bench.jsonl,or_bench.jsonl,or_bench,,or_bench,,,,,,,,88,13,1,1,0,1
or_bench_00808,,,/content/safecomp-dpo/hf_data/benchmarks/or_bench.jsonl,or_bench.jsonl,or_bench,,or_bench,,,,,,,,91,13,1,1,0,1
or_bench_00809,,,/content/safecomp-dpo/hf_data/benchmarks/or_bench.jsonl,or_bench.jsonl,or_bench,,or_bench,,,,,,,,151,23,1,1,0,1
or_bench_00810,,,/content/safecomp-dpo/hf_data/benchmarks/or_bench.jsonl,or_bench.jsonl,or_bench,,or_bench,,,,,,,,148,25,1,1,0,1
or_bench_00811,,,/content/safecomp-dpo/hf_data/benchmarks/or_bench.jsonl,or_bench.jsonl,or_bench,,or_bench,,,,,,,,133,19,1,0,0,1
or_bench_00812,,,/content/safecomp-dpo/hf_data/benchmarks/or_bench.jsonl,or_bench.jsonl,or_bench,,or_bench,,,,,,,,99,14,1,1,0,1
or_bench_00813,,,/content/safecomp-dpo/hf_data/benchmarks/or_bench.jsonl,or_bench.jsonl,or_bench,,or_bench,,,,,,,,123,18,1,1,0,1
or_bench_00814,,,/content/safecomp-dpo/hf_data/benchmarks/or_bench.jsonl,or_bench.jsonl,or_bench,,or_bench,,,,,,,,102,15,1,1,0,1
or_bench_00815,,,/content/safecomp-dpo/hf_data/benchmarks/or_bench.jsonl,or_bench.jsonl,or_bench,,or_bench,,,,,,,,97,18,1,1,0,1
or_bench_00816,,,/content/safecomp-dpo/hf_data/benchmarks/or_bench.jsonl,or_bench.jsonl,or_bench,,or_bench,,,,,,,,135,20,1,1,0,1
or_bench_00817,,,/content/safecomp-dpo/hf_data/benchmarks/or_bench.jsonl,or_bench.jsonl,or_bench,,or_bench,,,,,,,,80,14,1,1,0,1
or_bench_00818,,,/content/safecomp-dpo/hf_data/benchmarks/or_bench.jsonl,or_bench.jsonl,or_bench,,or_bench,,,,,,,,156,22,1,0,0,1
or_bench_00819,,,/content/safecomp-dpo/hf_data/benchmarks/or_bench.jsonl,or_bench.jsonl,or_bench,,or_bench,,,,,,,,168,27,1,0,0,1
or_bench_00820,,,/content/safecomp-dpo/hf_data/benchmarks/or_bench.jsonl,or_bench.jsonl,or_bench,,or_bench,,,,,,,,112,17,1,1,0,1
or_bench_00821,,,/content/safecomp-dpo/hf_data/benchmarks/or_bench.jsonl,or_bench.jsonl,or_bench,,or_bench,,,,,,,,100,14,1,1,0,1
or_bench_00822,,,/content/safecomp-dpo/hf_data/benchmarks/or_bench.jsonl,or_bench.jsonl,or_bench,,or_bench,,,,,,,,108,16,1,1,0,1
or_bench_00823,,,/content/safecomp-dpo/hf_data/benchmarks/or_bench.jsonl,or_bench.jsonl,or_bench,,or_bench,,,,,,,,194,29,1,0,0,1
or_bench_00824,,,/content/safecomp-dpo/hf_data/benchmarks/or_bench.jsonl,or_bench.jsonl,or_bench,,or_bench,,,,,,,,98,17,1,1,0,1
or_bench_00825,,,/content/safecomp-dpo/hf_data/benchmarks/or_bench.jsonl,or_bench.jsonl,or_bench,,or_bench,,,,,,,,108,16,1,1,0,1
or_bench_00826,,,/content/safecomp-dpo/hf_data/benchmarks/or_bench.jsonl,or_bench.jsonl,or_bench,,or_bench,,,,,,,,113,15,1,1,0,1
or_bench_00827,,,/content/safecomp-dpo/hf_data/benchmarks/or_bench.jsonl,or_bench.jsonl,or_bench,,or_bench,,,,,,,,99,16,1,1,0,1
or_bench_00828,,,/content/safecomp-dpo/hf_data/benchmarks/or_bench.jsonl,or_bench.jsonl,or_bench,,or_bench,,,,,,,,212,33,1,0,0,1
or_bench_00829,,,/content/safecomp-dpo/hf_data/benchmarks/or_bench.jsonl,or_bench.jsonl,or_bench,,or_bench,,,,,,,,132,22,1,0,0,1
or_bench_00830,,,/content/safecomp-dpo/hf_data/benchmarks/or_bench.jsonl,or_bench.jsonl,or_bench,,or_bench,,,,,,,,106,14,1,1,0,1
or_bench_00831,,,/content/safecomp-dpo/hf_data/benchmarks/or_bench.jsonl,or_bench.jsonl,or_bench,,or_bench,,,,,,,,137,22,1,1,0,1
or_bench_00832,,,/content/safecomp-dpo/hf_data/benchmarks/or_bench.jsonl,or_bench.jsonl,or_bench,,or_bench,,,,,,,,126,19,1,0,0,1
or_bench_00833,,,/content/safecomp-dpo/hf_data/benchmarks/or_bench.jsonl,or_bench.jsonl,or_bench,,or_bench,,,,,,,,197,31,1,0,0,1
or_bench_00834,,,/content/safecomp-dpo/hf_data/benchmarks/or_bench.jsonl,or_bench.jsonl,or_bench,,or_bench,,,,,,,,137,20,1,1,0,1
or_bench_00835,,,/content/safecomp-dpo/hf_data/benchmarks/or_bench.jsonl,or_bench.jsonl,or_bench,,or_bench,,,,,,,,109,19,1,1,0,1
or_bench_00836,,,/content/safecomp-dpo/hf_data/benchmarks/or_bench.jsonl,or_bench.jsonl,or_bench,,or_bench,,,,,,,,154,23,1,0,0,1
or_bench_00837,,,/content/safecomp-dpo/hf_data/benchmarks/or_bench.jsonl,or_bench.jsonl,or_bench,,or_bench,,,,,,,,107,16,1,0,0,1
or_bench_00838,,,/content/safecomp-dpo/hf_data/benchmarks/or_bench.jsonl,or_bench.jsonl,or_bench,,or_bench,,,,,,,,130,20,1,0,0,1
or_bench_00839,,,/content/safecomp-dpo/hf_data/benchmarks/or_bench.jsonl,or_bench.jsonl,or_bench,,or_bench,,,,,,,,144,23,1,1,0,1
or_bench_00840,,,/content/safecomp-dpo/hf_data/benchmarks/or_bench.jsonl,or_bench.jsonl,or_bench,,or_bench,,,,,,,,112,16,1,0,0,1
or_bench_00841,,,/content/safecomp-dpo/hf_data/benchmarks/or_bench.jsonl,or_bench.jsonl,or_bench,,or_bench,,,,,,,,120,18,1,0,0,1
or_bench_00842,,,/content/safecomp-dpo/hf_data/benchmarks/or_bench.jsonl,or_bench.jsonl,or_bench,,or_bench,,,,,,,,73,12,1,1,0,1
or_bench_00843,,,/content/safecomp-dpo/hf_data/benchmarks/or_bench.jsonl,or_bench.jsonl,or_bench,,or_bench,,,,,,,,141,20,1,0,0,1
or_bench_00844,,,/content/safecomp-dpo/hf_data/benchmarks/or_bench.jsonl,or_bench.jsonl,or_bench,,or_bench,,,,,,,,136,22,1,1,0,1
or_bench_00845,,,/content/safecomp-dpo/hf_data/benchmarks/or_bench.jsonl,or_bench.jsonl,or_bench,,or_bench,,,,,,,,86,13,1,1,0,1
or_bench_00846,,,/content/safecomp-dpo/hf_data/benchmarks/or_bench.jsonl,or_bench.jsonl,or_bench,,or_bench,,,,,,,,133,19,1,0,0,1
or_bench_00847,,,/content/safecomp-dpo/hf_data/benchmarks/or_bench.jsonl,or_bench.jsonl,or_bench,,or_bench,,,,,,,,132,18,1,1,0,1
or_bench_00848,,,/content/safecomp-dpo/hf_data/benchmarks/or_bench.jsonl,or_bench.jsonl,or_bench,,or_bench,,,,,,,,126,17,1,0,0,1
or_bench_00849,,,/content/safecomp-dpo/hf_data/benchmarks/or_bench.jsonl,or_bench.jsonl,or_bench,,or_bench,,,,,,,,101,17,1,1,0,1
or_bench_00850,,,/content/safecomp-dpo/hf_data/benchmarks/or_bench.jsonl,or_bench.jsonl,or_bench,,or_bench,,,,,,,,110,18,1,1,0,1
or_bench_00851,,,/content/safecomp-dpo/hf_data/benchmarks/or_bench.jsonl,or_bench.jsonl,or_bench,,or_bench,,,,,,,,120,16,1,1,0,1
or_bench_00852,,,/content/safecomp-dpo/hf_data/benchmarks/or_bench.jsonl,or_bench.jsonl,or_bench,,or_bench,,,,,,,,181,24,1,0,0,1
or_bench_00853,,,/content/safecomp-dpo/hf_data/benchmarks/or_bench.jsonl,or_bench.jsonl,or_bench,,or_bench,,,,,,,,144,19,1,1,0,1
or_bench_00854,,,/content/safecomp-dpo/hf_data/benchmarks/or_bench.jsonl,or_bench.jsonl,or_bench,,or_bench,,,,,,,,154,25,1,0,0,1
or_bench_00855,,,/content/safecomp-dpo/hf_data/benchmarks/or_bench.jsonl,or_bench.jsonl,or_bench,,or_bench,,,,,,,,112,17,1,1,0,1
or_bench_00856,,,/content/safecomp-dpo/hf_data/benchmarks/or_bench.jsonl,or_bench.jsonl,or_bench,,or_bench,,,,,,,,102,15,1,1,0,1
or_bench_00857,,,/content/safecomp-dpo/hf_data/benchmarks/or_bench.jsonl,or_bench.jsonl,or_bench,,or_bench,,,,,,,,150,23,1,1,0,1
or_bench_00858,,,/content/safecomp-dpo/hf_data/benchmarks/or_bench.jsonl,or_bench.jsonl,or_bench,,or_bench,,,,,,,,150,23,1,0,0,1
or_bench_00859,,,/content/safecomp-dpo/hf_data/benchmarks/or_bench.jsonl,or_bench.jsonl,or_bench,,or_bench,,,,,,,,176,31,1,1,0,1
or_bench_00860,,,/content/safecomp-dpo/hf_data/benchmarks/or_bench.jsonl,or_bench.jsonl,or_bench,,or_bench,,,,,,,,151,27,1,1,0,1
or_bench_00861,,,/content/safecomp-dpo/hf_data/benchmarks/or_bench.jsonl,or_bench.jsonl,or_bench,,or_bench,,,,,,,,82,14,1,1,0,1
or_bench_00862,,,/content/safecomp-dpo/hf_data/benchmarks/or_bench.jsonl,or_bench.jsonl,or_bench,,or_bench,,,,,,,,95,15,1,1,0,1
or_bench_00863,,,/content/safecomp-dpo/hf_data/benchmarks/or_bench.jsonl,or_bench.jsonl,or_bench,,or_bench,,,,,,,,160,22,1,0,0,1
or_bench_00864,,,/content/safecomp-dpo/hf_data/benchmarks/or_bench.jsonl,or_bench.jsonl,or_bench,,or_bench,,,,,,,,85,12,1,1,0,1
or_bench_00865,,,/content/safecomp-dpo/hf_data/benchmarks/or_bench.jsonl,or_bench.jsonl,or_bench,,or_bench,,,,,,,,119,20,1,1,0,1
or_bench_00866,,,/content/safecomp-dpo/hf_data/benchmarks/or_bench.jsonl,or_bench.jsonl,or_bench,,or_bench,,,,,,,,137,21,1,0,0,1
or_bench_00867,,,/content/safecomp-dpo/hf_data/benchmarks/or_bench.jsonl,or_bench.jsonl,or_bench,,or_bench,,,,,,,,170,26,1,0,0,1
or_bench_00868,,,/content/safecomp-dpo/hf_data/benchmarks/or_bench.jsonl,or_bench.jsonl,or_bench,,or_bench,,,,,,,,183,29,1,0,0,1
or_bench_00869,,,/content/safecomp-dpo/hf_data/benchmarks/or_bench.jsonl,or_bench.jsonl,or_bench,,or_bench,,,,,,,,143,23,1,1,0,1
or_bench_00870,,,/content/safecomp-dpo/hf_data/benchmarks/or_bench.jsonl,or_bench.jsonl,or_bench,,or_bench,,,,,,,,107,16,1,1,0,1
or_bench_00871,,,/content/safecomp-dpo/hf_data/benchmarks/or_bench.jsonl,or_bench.jsonl,or_bench,,or_bench,,,,,,,,138,22,1,0,0,1
or_bench_00872,,,/content/safecomp-dpo/hf_data/benchmarks/or_bench.jsonl,or_bench.jsonl,or_bench,,or_bench,,,,,,,,132,21,1,1,0,1
or_bench_00873,,,/content/safecomp-dpo/hf_data/benchmarks/or_bench.jsonl,or_bench.jsonl,or_bench,,or_bench,,,,,,,,104,16,1,0,0,1
or_bench_00874,,,/content/safecomp-dpo/hf_data/benchmarks/or_bench.jsonl,or_bench.jsonl,or_bench,,or_bench,,,,,,,,116,20,1,1,0,1
or_bench_00875,,,/content/safecomp-dpo/hf_data/benchmarks/or_bench.jsonl,or_bench.jsonl,or_bench,,or_bench,,,,,,,,109,18,1,1,0,1
or_bench_00876,,,/content/safecomp-dpo/hf_data/benchmarks/or_bench.jsonl,or_bench.jsonl,or_bench,,or_bench,,,,,,,,119,21,1,0,0,1
or_bench_00877,,,/content/safecomp-dpo/hf_data/benchmarks/or_bench.jsonl,or_bench.jsonl,or_bench,,or_bench,,,,,,,,117,19,1,0,0,1
or_bench_00878,,,/content/safecomp-dpo/hf_data/benchmarks/or_bench.jsonl,or_bench.jsonl,or_bench,,or_bench,,,,,,,,118,24,1,1,0,1
or_bench_00879,,,/content/safecomp-dpo/hf_data/benchmarks/or_bench.jsonl,or_bench.jsonl,or_bench,,or_bench,,,,,,,,182,33,1,1,0,1
or_bench_00880,,,/content/safecomp-dpo/hf_data/benchmarks/or_bench.jsonl,or_bench.jsonl,or_bench,,or_bench,,,,,,,,108,17,1,1,0,1
or_bench_00881,,,/content/safecomp-dpo/hf_data/benchmarks/or_bench.jsonl,or_bench.jsonl,or_bench,,or_bench,,,,,,,,140,21,1,0,0,1
or_bench_00882,,,/content/safecomp-dpo/hf_data/benchmarks/or_bench.jsonl,or_bench.jsonl,or_bench,,or_bench,,,,,,,,169,23,1,0,0,1
or_bench_00883,,,/content/safecomp-dpo/hf_data/benchmarks/or_bench.jsonl,or_bench.jsonl,or_bench,,or_bench,,,,,,,,111,17,1,1,0,1
or_bench_00884,,,/content/safecomp-dpo/hf_data/benchmarks/or_bench.jsonl,or_bench.jsonl,or_bench,,or_bench,,,,,,,,150,24,1,0,0,1
or_bench_00885,,,/content/safecomp-dpo/hf_data/benchmarks/or_bench.jsonl,or_bench.jsonl,or_bench,,or_bench,,,,,,,,225,35,1,0,0,1
or_bench_00886,,,/content/safecomp-dpo/hf_data/benchmarks/or_bench.jsonl,or_bench.jsonl,or_bench,,or_bench,,,,,,,,117,16,1,0,0,1
or_bench_00887,,,/content/safecomp-dpo/hf_data/benchmarks/or_bench.jsonl,or_bench.jsonl,or_bench,,or_bench,,,,,,,,152,27,1,1,0,1
or_bench_00888,,,/content/safecomp-dpo/hf_data/benchmarks/or_bench.jsonl,or_bench.jsonl,or_bench,,or_bench,,,,,,,,159,29,1,1,0,1
or_bench_00889,,,/content/safecomp-dpo/hf_data/benchmarks/or_bench.jsonl,or_bench.jsonl,or_bench,,or_bench,,,,,,,,180,26,1,0,0,1
or_bench_00890,,,/content/safecomp-dpo/hf_data/benchmarks/or_bench.jsonl,or_bench.jsonl,or_bench,,or_bench,,,,,,,,195,30,1,0,0,1
or_bench_00891,,,/content/safecomp-dpo/hf_data/benchmarks/or_bench.jsonl,or_bench.jsonl,or_bench,,or_bench,,,,,,,,78,11,1,1,0,1
or_bench_00892,,,/content/safecomp-dpo/hf_data/benchmarks/or_bench.jsonl,or_bench.jsonl,or_bench,,or_bench,,,,,,,,89,12,1,1,0,1
or_bench_00893,,,/content/safecomp-dpo/hf_data/benchmarks/or_bench.jsonl,or_bench.jsonl,or_bench,,or_bench,,,,,,,,101,15,1,1,0,1
or_bench_00894,,,/content/safecomp-dpo/hf_data/benchmarks/or_bench.jsonl,or_bench.jsonl,or_bench,,or_bench,,,,,,,,86,12,1,1,0,1
or_bench_00895,,,/content/safecomp-dpo/hf_data/benchmarks/or_bench.jsonl,or_bench.jsonl,or_bench,,or_bench,,,,,,,,135,19,1,0,0,1
or_bench_00896,,,/content/safecomp-dpo/hf_data/benchmarks/or_bench.jsonl,or_bench.jsonl,or_bench,,or_bench,,,,,,,,107,19,1,1,0,1
or_bench_00897,,,/content/safecomp-dpo/hf_data/benchmarks/or_bench.jsonl,or_bench.jsonl,or_bench,,or_bench,,,,,,,,148,24,1,1,0,1
or_bench_00898,,,/content/safecomp-dpo/hf_data/benchmarks/or_bench.jsonl,or_bench.jsonl,or_bench,,or_bench,,,,,,,,98,17,1,1,0,1
or_bench_00899,,,/content/safecomp-dpo/hf_data/benchmarks/or_bench.jsonl,or_bench.jsonl,or_bench,,or_bench,,,,,,,,161,24,1,0,0,1
or_bench_00900,,,/content/safecomp-dpo/hf_data/benchmarks/or_bench.jsonl,or_bench.jsonl,or_bench,,or_bench,,,,,,,,90,12,1,0,0,1
or_bench_00901,,,/content/safecomp-dpo/hf_data/benchmarks/or_bench.jsonl,or_bench.jsonl,or_bench,,or_bench,,,,,,,,154,24,1,0,0,1
or_bench_00902,,,/content/safecomp-dpo/hf_data/benchmarks/or_bench.jsonl,or_bench.jsonl,or_bench,,or_bench,,,,,,,,125,20,1,1,0,1
or_bench_00903,,,/content/safecomp-dpo/hf_data/benchmarks/or_bench.jsonl,or_bench.jsonl,or_bench,,or_bench,,,,,,,,106,14,1,0,2,1
or_bench_00904,,,/content/safecomp-dpo/hf_data/benchmarks/or_bench.jsonl,or_bench.jsonl,or_bench,,or_bench,,,,,,,,117,19,1,1,0,1
or_bench_00905,,,/content/safecomp-dpo/hf_data/benchmarks/or_bench.jsonl,or_bench.jsonl,or_bench,,or_bench,,,,,,,,81,12,1,1,0,1
or_bench_00906,,,/content/safecomp-dpo/hf_data/benchmarks/or_bench.jsonl,or_bench.jsonl,or_bench,,or_bench,,,,,,,,122,20,1,1,0,1
or_bench_00907,,,/content/safecomp-dpo/hf_data/benchmarks/or_bench.jsonl,or_bench.jsonl,or_bench,,or_bench,,,,,,,,107,17,1,1,0,1
or_bench_00908,,,/content/safecomp-dpo/hf_data/benchmarks/or_bench.jsonl,or_bench.jsonl,or_bench,,or_bench,,,,,,,,83,11,1,1,0,1
or_bench_00909,,,/content/safecomp-dpo/hf_data/benchmarks/or_bench.jsonl,or_bench.jsonl,or_bench,,or_bench,,,,,,,,108,17,1,1,0,1
or_bench_00910,,,/content/safecomp-dpo/hf_data/benchmarks/or_bench.jsonl,or_bench.jsonl,or_bench,,or_bench,,,,,,,,82,14,1,1,0,1
or_bench_00911,,,/content/safecomp-dpo/hf_data/benchmarks/or_bench.jsonl,or_bench.jsonl,or_bench,,or_bench,,,,,,,,93,15,1,1,0,1
or_bench_00912,,,/content/safecomp-dpo/hf_data/benchmarks/or_bench.jsonl,or_bench.jsonl,or_bench,,or_bench,,,,,,,,164,23,1,0,0,1
or_bench_00913,,,/content/safecomp-dpo/hf_data/benchmarks/or_bench.jsonl,or_bench.jsonl,or_bench,,or_bench,,,,,,,,99,15,1,1,0,1
or_bench_00914,,,/content/safecomp-dpo/hf_data/benchmarks/or_bench.jsonl,or_bench.jsonl,or_bench,,or_bench,,,,,,,,143,22,1,1,0,1
or_bench_00915,,,/content/safecomp-dpo/hf_data/benchmarks/or_bench.jsonl,or_bench.jsonl,or_bench,,or_bench,,,,,,,,131,22,1,1,0,1
or_bench_00916,,,/content/safecomp-dpo/hf_data/benchmarks/or_bench.jsonl,or_bench.jsonl,or_bench,,or_bench,,,,,,,,142,27,1,1,0,1
or_bench_00917,,,/content/safecomp-dpo/hf_data/benchmarks/or_bench.jsonl,or_bench.jsonl,or_bench,,or_bench,,,,,,,,112,16,1,1,0,1
or_bench_00918,,,/content/safecomp-dpo/hf_data/benchmarks/or_bench.jsonl,or_bench.jsonl,or_bench,,or_bench,,,,,,,,83,16,1,1,0,1
or_bench_00919,,,/content/safecomp-dpo/hf_data/benchmarks/or_bench.jsonl,or_bench.jsonl,or_bench,,or_bench,,,,,,,,118,19,1,1,0,1
or_bench_00920,,,/content/safecomp-dpo/hf_data/benchmarks/or_bench.jsonl,or_bench.jsonl,or_bench,,or_bench,,,,,,,,92,14,1,1,0,1
or_bench_00921,,,/content/safecomp-dpo/hf_data/benchmarks/or_bench.jsonl,or_bench.jsonl,or_bench,,or_bench,,,,,,,,181,30,1,1,0,1
or_bench_00922,,,/content/safecomp-dpo/hf_data/benchmarks/or_bench.jsonl,or_bench.jsonl,or_bench,,or_bench,,,,,,,,134,21,1,1,0,1
or_bench_00923,,,/content/safecomp-dpo/hf_data/benchmarks/or_bench.jsonl,or_bench.jsonl,or_bench,,or_bench,,,,,,,,133,17,1,0,0,1
or_bench_00924,,,/content/safecomp-dpo/hf_data/benchmarks/or_bench.jsonl,or_bench.jsonl,or_bench,,or_bench,,,,,,,,103,14,1,0,0,1
or_bench_00925,,,/content/safecomp-dpo/hf_data/benchmarks/or_bench.jsonl,or_bench.jsonl,or_bench,,or_bench,,,,,,,,114,19,1,0,0,1
or_bench_00926,,,/content/safecomp-dpo/hf_data/benchmarks/or_bench.jsonl,or_bench.jsonl,or_bench,,or_bench,,,,,,,,75,11,1,1,0,1
or_bench_00927,,,/content/safecomp-dpo/hf_data/benchmarks/or_bench.jsonl,or_bench.jsonl,or_bench,,or_bench,,,,,,,,151,21,1,0,0,1
or_bench_00928,,,/content/safecomp-dpo/hf_data/benchmarks/or_bench.jsonl,or_bench.jsonl,or_bench,,or_bench,,,,,,,,99,13,1,1,0,1
or_bench_00929,,,/content/safecomp-dpo/hf_data/benchmarks/or_bench.jsonl,or_bench.jsonl,or_bench,,or_bench,,,,,,,,106,17,1,1,0,1
or_bench_00930,,,/content/safecomp-dpo/hf_data/benchmarks/or_bench.jsonl,or_bench.jsonl,or_bench,,or_bench,,,,,,,,143,23,1,1,0,1
or_bench_00931,,,/content/safecomp-dpo/hf_data/benchmarks/or_bench.jsonl,or_bench.jsonl,or_bench,,or_bench,,,,,,,,83,13,1,0,0,0
or_bench_00932,,,/content/safecomp-dpo/hf_data/benchmarks/or_bench.jsonl,or_bench.jsonl,or_bench,,or_bench,,,,,,,,149,23,1,0,0,1
or_bench_00933,,,/content/safecomp-dpo/hf_data/benchmarks/or_bench.jsonl,or_bench.jsonl,or_bench,,or_bench,,,,,,,,144,22,1,0,0,1
or_bench_00934,,,/content/safecomp-dpo/hf_data/benchmarks/or_bench.jsonl,or_bench.jsonl,or_bench,,or_bench,,,,,,,,143,23,1,1,0,1
or_bench_00935,,,/content/safecomp-dpo/hf_data/benchmarks/or_bench.jsonl,or_bench.jsonl,or_bench,,or_bench,,,,,,,,132,21,1,1,0,1
or_bench_00936,,,/content/safecomp-dpo/hf_data/benchmarks/or_bench.jsonl,or_bench.jsonl,or_bench,,or_bench,,,,,,,,71,11,1,1,0,1
or_bench_00937,,,/content/safecomp-dpo/hf_data/benchmarks/or_bench.jsonl,or_bench.jsonl,or_bench,,or_bench,,,,,,,,86,13,1,1,0,1
or_bench_00938,,,/content/safecomp-dpo/hf_data/benchmarks/or_bench.jsonl,or_bench.jsonl,or_bench,,or_bench,,,,,,,,103,14,1,1,0,1
or_bench_00939,,,/content/safecomp-dpo/hf_data/benchmarks/or_bench.jsonl,or_bench.jsonl,or_bench,,or_bench,,,,,,,,116,20,1,1,0,1
or_bench_00940,,,/content/safecomp-dpo/hf_data/benchmarks/or_bench.jsonl,or_bench.jsonl,or_bench,,or_bench,,,,,,,,82,12,1,1,0,1
or_bench_00941,,,/content/safecomp-dpo/hf_data/benchmarks/or_bench.jsonl,or_bench.jsonl,or_bench,,or_bench,,,,,,,,87,13,1,1,0,1
or_bench_00942,,,/content/safecomp-dpo/hf_data/benchmarks/or_bench.jsonl,or_bench.jsonl,or_bench,,or_bench,,,,,,,,132,23,1,1,0,1
or_bench_00943,,,/content/safecomp-dpo/hf_data/benchmarks/or_bench.jsonl,or_bench.jsonl,or_bench,,or_bench,,,,,,,,181,25,1,0,3,1
or_bench_00944,,,/content/safecomp-dpo/hf_data/benchmarks/or_bench.jsonl,or_bench.jsonl,or_bench,,or_bench,,,,,,,,123,18,1,0,0,1
or_bench_00945,,,/content/safecomp-dpo/hf_data/benchmarks/or_bench.jsonl,or_bench.jsonl,or_bench,,or_bench,,,,,,,,76,12,1,0,0,1
or_bench_00946,,,/content/safecomp-dpo/hf_data/benchmarks/or_bench.jsonl,or_bench.jsonl,or_bench,,or_bench,,,,,,,,132,18,1,0,0,1
or_bench_00947,,,/content/safecomp-dpo/hf_data/benchmarks/or_bench.jsonl,or_bench.jsonl,or_bench,,or_bench,,,,,,,,99,16,1,1,0,1
or_bench_00948,,,/content/safecomp-dpo/hf_data/benchmarks/or_bench.jsonl,or_bench.jsonl,or_bench,,or_bench,,,,,,,,110,16,1,1,0,1
or_bench_00949,,,/content/safecomp-dpo/hf_data/benchmarks/or_bench.jsonl,or_bench.jsonl,or_bench,,or_bench,,,,,,,,138,19,1,0,2,1
or_bench_00950,,,/content/safecomp-dpo/hf_data/benchmarks/or_bench.jsonl,or_bench.jsonl,or_bench,,or_bench,,,,,,,,183,27,1,1,0,1
or_bench_00951,,,/content/safecomp-dpo/hf_data/benchmarks/or_bench.jsonl,or_bench.jsonl,or_bench,,or_bench,,,,,,,,138,21,1,1,0,1
or_bench_00952,,,/content/safecomp-dpo/hf_data/benchmarks/or_bench.jsonl,or_bench.jsonl,or_bench,,or_bench,,,,,,,,151,22,1,0,0,1
or_bench_00953,,,/content/safecomp-dpo/hf_data/benchmarks/or_bench.jsonl,or_bench.jsonl,or_bench,,or_bench,,,,,,,,114,19,1,1,0,1
or_bench_00954,,,/content/safecomp-dpo/hf_data/benchmarks/or_bench.jsonl,or_bench.jsonl,or_bench,,or_bench,,,,,,,,130,21,1,1,0,1
or_bench_00955,,,/content/safecomp-dpo/hf_data/benchmarks/or_bench.jsonl,or_bench.jsonl,or_bench,,or_bench,,,,,,,,210,30,1,0,0,1
or_bench_00956,,,/content/safecomp-dpo/hf_data/benchmarks/or_bench.jsonl,or_bench.jsonl,or_bench,,or_bench,,,,,,,,110,19,1,1,0,1
or_bench_00957,,,/content/safecomp-dpo/hf_data/benchmarks/or_bench.jsonl,or_bench.jsonl,or_bench,,or_bench,,,,,,,,114,16,1,1,0,1
or_bench_00958,,,/content/safecomp-dpo/hf_data/benchmarks/or_bench.jsonl,or_bench.jsonl,or_bench,,or_bench,,,,,,,,116,18,1,1,0,1
or_bench_00959,,,/content/safecomp-dpo/hf_data/benchmarks/or_bench.jsonl,or_bench.jsonl,or_bench,,or_bench,,,,,,,,86,14,1,1,0,1
or_bench_00960,,,/content/safecomp-dpo/hf_data/benchmarks/or_bench.jsonl,or_bench.jsonl,or_bench,,or_bench,,,,,,,,99,16,1,1,0,1
or_bench_00961,,,/content/safecomp-dpo/hf_data/benchmarks/or_bench.jsonl,or_bench.jsonl,or_bench,,or_bench,,,,,,,,155,27,1,0,0,1
or_bench_00962,,,/content/safecomp-dpo/hf_data/benchmarks/or_bench.jsonl,or_bench.jsonl,or_bench,,or_bench,,,,,,,,126,19,1,0,0,1
or_bench_00963,,,/content/safecomp-dpo/hf_data/benchmarks/or_bench.jsonl,or_bench.jsonl,or_bench,,or_bench,,,,,,,,120,19,1,1,0,1
or_bench_00964,,,/content/safecomp-dpo/hf_data/benchmarks/or_bench.jsonl,or_bench.jsonl,or_bench,,or_bench,,,,,,,,114,21,1,1,0,1
or_bench_00965,,,/content/safecomp-dpo/hf_data/benchmarks/or_bench.jsonl,or_bench.jsonl,or_bench,,or_bench,,,,,,,,82,14,1,1,0,1
or_bench_00966,,,/content/safecomp-dpo/hf_data/benchmarks/or_bench.jsonl,or_bench.jsonl,or_bench,,or_bench,,,,,,,,144,20,1,0,0,1
or_bench_00967,,,/content/safecomp-dpo/hf_data/benchmarks/or_bench.jsonl,or_bench.jsonl,or_bench,,or_bench,,,,,,,,123,21,1,1,0,1
or_bench_00968,,,/content/safecomp-dpo/hf_data/benchmarks/or_bench.jsonl,or_bench.jsonl,or_bench,,or_bench,,,,,,,,236,35,1,0,0,1
or_bench_00969,,,/content/safecomp-dpo/hf_data/benchmarks/or_bench.jsonl,or_bench.jsonl,or_bench,,or_bench,,,,,,,,95,13,1,1,0,1
or_bench_00970,,,/content/safecomp-dpo/hf_data/benchmarks/or_bench.jsonl,or_bench.jsonl,or_bench,,or_bench,,,,,,,,174,27,1,0,0,1
or_bench_00971,,,/content/safecomp-dpo/hf_data/benchmarks/or_bench.jsonl,or_bench.jsonl,or_bench,,or_bench,,,,,,,,117,21,1,1,0,1
or_bench_00972,,,/content/safecomp-dpo/hf_data/benchmarks/or_bench.jsonl,or_bench.jsonl,or_bench,,or_bench,,,,,,,,149,22,1,0,0,1
or_bench_00973,,,/content/safecomp-dpo/hf_data/benchmarks/or_bench.jsonl,or_bench.jsonl,or_bench,,or_bench,,,,,,,,128,24,1,0,0,0
or_bench_00974,,,/content/safecomp-dpo/hf_data/benchmarks/or_bench.jsonl,or_bench.jsonl,or_bench,,or_bench,,,,,,,,124,19,1,0,0,1
or_bench_00975,,,/content/safecomp-dpo/hf_data/benchmarks/or_bench.jsonl,or_bench.jsonl,or_bench,,or_bench,,,,,,,,158,21,1,1,0,1
or_bench_00976,,,/content/safecomp-dpo/hf_data/benchmarks/or_bench.jsonl,or_bench.jsonl,or_bench,,or_bench,,,,,,,,85,15,1,1,0,1
or_bench_00977,,,/content/safecomp-dpo/hf_data/benchmarks/or_bench.jsonl,or_bench.jsonl,or_bench,,or_bench,,,,,,,,77,12,1,1,0,1
or_bench_00978,,,/content/safecomp-dpo/hf_data/benchmarks/or_bench.jsonl,or_bench.jsonl,or_bench,,or_bench,,,,,,,,164,24,1,0,0,1
or_bench_00979,,,/content/safecomp-dpo/hf_data/benchmarks/or_bench.jsonl,or_bench.jsonl,or_bench,,or_bench,,,,,,,,135,20,1,0,0,1
or_bench_00980,,,/content/safecomp-dpo/hf_data/benchmarks/or_bench.jsonl,or_bench.jsonl,or_bench,,or_bench,,,,,,,,106,15,1,1,0,1
or_bench_00981,,,/content/safecomp-dpo/hf_data/benchmarks/or_bench.jsonl,or_bench.jsonl,or_bench,,or_bench,,,,,,,,97,16,1,1,0,1
or_bench_00982,,,/content/safecomp-dpo/hf_data/benchmarks/or_bench.jsonl,or_bench.jsonl,or_bench,,or_bench,,,,,,,,112,18,1,1,0,1
or_bench_00983,,,/content/safecomp-dpo/hf_data/benchmarks/or_bench.jsonl,or_bench.jsonl,or_bench,,or_bench,,,,,,,,119,19,1,1,0,1
or_bench_00984,,,/content/safecomp-dpo/hf_data/benchmarks/or_bench.jsonl,or_bench.jsonl,or_bench,,or_bench,,,,,,,,69,11,1,1,0,1
or_bench_00985,,,/content/safecomp-dpo/hf_data/benchmarks/or_bench.jsonl,or_bench.jsonl,or_bench,,or_bench,,,,,,,,90,12,1,1,0,1
or_bench_00986,,,/content/safecomp-dpo/hf_data/benchmarks/or_bench.jsonl,or_bench.jsonl,or_bench,,or_bench,,,,,,,,115,15,1,1,0,1
or_bench_00987,,,/content/safecomp-dpo/hf_data/benchmarks/or_bench.jsonl,or_bench.jsonl,or_bench,,or_bench,,,,,,,,137,20,1,1,0,1
or_bench_00988,,,/content/safecomp-dpo/hf_data/benchmarks/or_bench.jsonl,or_bench.jsonl,or_bench,,or_bench,,,,,,,,122,23,1,1,0,1
or_bench_00989,,,/content/safecomp-dpo/hf_data/benchmarks/or_bench.jsonl,or_bench.jsonl,or_bench,,or_bench,,,,,,,,102,18,1,1,0,1
or_bench_00990,,,/content/safecomp-dpo/hf_data/benchmarks/or_bench.jsonl,or_bench.jsonl,or_bench,,or_bench,,,,,,,,114,20,1,1,0,1
or_bench_00991,,,/content/safecomp-dpo/hf_data/benchmarks/or_bench.jsonl,or_bench.jsonl,or_bench,,or_bench,,,,,,,,128,19,1,0,0,1
or_bench_00992,,,/content/safecomp-dpo/hf_data/benchmarks/or_bench.jsonl,or_bench.jsonl,or_bench,,or_bench,,,,,,,,118,20,1,1,0,1
or_bench_00993,,,/content/safecomp-dpo/hf_data/benchmarks/or_bench.jsonl,or_bench.jsonl,or_bench,,or_bench,,,,,,,,98,16,1,1,0,1
or_bench_00994,,,/content/safecomp-dpo/hf_data/benchmarks/or_bench.jsonl,or_bench.jsonl,or_bench,,or_bench,,,,,,,,174,26,1,0,0,1
or_bench_00995,,,/content/safecomp-dpo/hf_data/benchmarks/or_bench.jsonl,or_bench.jsonl,or_bench,,or_bench,,,,,,,,97,15,1,1,0,1
or_bench_00996,,,/content/safecomp-dpo/hf_data/benchmarks/or_bench.jsonl,or_bench.jsonl,or_bench,,or_bench,,,,,,,,87,13,1,1,0,1
or_bench_00997,,,/content/safecomp-dpo/hf_data/benchmarks/or_bench.jsonl,or_bench.jsonl,or_bench,,or_bench,,,,,,,,134,20,1,1,0,1
or_bench_00998,,,/content/safecomp-dpo/hf_data/benchmarks/or_bench.jsonl,or_bench.jsonl,or_bench,,or_bench,,,,,,,,109,18,1,1,0,1
or_bench_00999,,,/content/safecomp-dpo/hf_data/benchmarks/or_bench.jsonl,or_bench.jsonl,or_bench,,or_bench,,,,,,,,164,25,1,1,0,1
or_bench_01000,,,/content/safecomp-dpo/hf_data/benchmarks/or_bench.jsonl,or_bench.jsonl,or_bench,,or_bench,,,,,,,,110,22,1,1,0,1
or_bench_01001,,,/content/safecomp-dpo/hf_data/benchmarks/or_bench.jsonl,or_bench.jsonl,or_bench,,or_bench,,,,,,,,86,12,1,0,0,1
or_bench_01002,,,/content/safecomp-dpo/hf_data/benchmarks/or_bench.jsonl,or_bench.jsonl,or_bench,,or_bench,,,,,,,,103,17,1,1,0,1
or_bench_01003,,,/content/safecomp-dpo/hf_data/benchmarks/or_bench.jsonl,or_bench.jsonl,or_bench,,or_bench,,,,,,,,124,19,1,1,0,1
or_bench_01004,,,/content/safecomp-dpo/hf_data/benchmarks/or_bench.jsonl,or_bench.jsonl,or_bench,,or_bench,,,,,,,,107,17,1,1,0,1
or_bench_01005,,,/content/safecomp-dpo/hf_data/benchmarks/or_bench.jsonl,or_bench.jsonl,or_bench,,or_bench,,,,,,,,166,20,1,1,0,1
or_bench_01006,,,/content/safecomp-dpo/hf_data/benchmarks/or_bench.jsonl,or_bench.jsonl,or_bench,,or_bench,,,,,,,,96,13,1,1,0,1
or_bench_01007,,,/content/safecomp-dpo/hf_data/benchmarks/or_bench.jsonl,or_bench.jsonl,or_bench,,or_bench,,,,,,,,150,22,1,1,0,1
or_bench_01008,,,/content/safecomp-dpo/hf_data/benchmarks/or_bench.jsonl,or_bench.jsonl,or_bench,,or_bench,,,,,,,,66,14,1,1,0,1
or_bench_01009,,,/content/safecomp-dpo/hf_data/benchmarks/or_bench.jsonl,or_bench.jsonl,or_bench,,or_bench,,,,,,,,101,18,1,1,0,1
or_bench_01010,,,/content/safecomp-dpo/hf_data/benchmarks/or_bench.jsonl,or_bench.jsonl,or_bench,,or_bench,,,,,,,,97,18,1,1,0,1
or_bench_01011,,,/content/safecomp-dpo/hf_data/benchmarks/or_bench.jsonl,or_bench.jsonl,or_bench,,or_bench,,,,,,,,101,17,1,1,0,1
or_bench_01012,,,/content/safecomp-dpo/hf_data/benchmarks/or_bench.jsonl,or_bench.jsonl,or_bench,,or_bench,,,,,,,,98,16,1,1,0,1
or_bench_01013,,,/content/safecomp-dpo/hf_data/benchmarks/or_bench.jsonl,or_bench.jsonl,or_bench,,or_bench,,,,,,,,98,16,1,1,0,1
or_bench_01014,,,/content/safecomp-dpo/hf_data/benchmarks/or_bench.jsonl,or_bench.jsonl,or_bench,,or_bench,,,,,,,,106,15,1,1,0,1
or_bench_01015,,,/content/safecomp-dpo/hf_data/benchmarks/or_bench.jsonl,or_bench.jsonl,or_bench,,or_bench,,,,,,,,104,15,1,1,0,1
or_bench_01016,,,/content/safecomp-dpo/hf_data/benchmarks/or_bench.jsonl,or_bench.jsonl,or_bench,,or_bench,,,,,,,,161,23,1,1,0,1
or_bench_01017,,,/content/safecomp-dpo/hf_data/benchmarks/or_bench.jsonl,or_bench.jsonl,or_bench,,or_bench,,,,,,,,137,19,1,1,0,1
or_bench_01018,,,/content/safecomp-dpo/hf_data/benchmarks/or_bench.jsonl,or_bench.jsonl,or_bench,,or_bench,,,,,,,,114,18,1,1,0,1
or_bench_01019,,,/content/safecomp-dpo/hf_data/benchmarks/or_bench.jsonl,or_bench.jsonl,or_bench,,or_bench,,,,,,,,80,13,1,1,0,1
or_bench_01020,,,/content/safecomp-dpo/hf_data/benchmarks/or_bench.jsonl,or_bench.jsonl,or_bench,,or_bench,,,,,,,,123,16,1,1,0,1
or_bench_01021,,,/content/safecomp-dpo/hf_data/benchmarks/or_bench.jsonl,or_bench.jsonl,or_bench,,or_bench,,,,,,,,112,20,1,1,0,1
or_bench_01022,,,/content/safecomp-dpo/hf_data/benchmarks/or_bench.jsonl,or_bench.jsonl,or_bench,,or_bench,,,,,,,,90,18,1,1,0,1
or_bench_01023,,,/content/safecomp-dpo/hf_data/benchmarks/or_bench.jsonl,or_bench.jsonl,or_bench,,or_bench,,,,,,,,146,24,1,1,0,1
or_bench_01024,,,/content/safecomp-dpo/hf_data/benchmarks/or_bench.jsonl,or_bench.jsonl,or_bench,,or_bench,,,,,,,,89,12,1,1,0,1
or_bench_01025,,,/content/safecomp-dpo/hf_data/benchmarks/or_bench.jsonl,or_bench.jsonl,or_bench,,or_bench,,,,,,,,122,18,1,1,0,1
or_bench_01026,,,/content/safecomp-dpo/hf_data/benchmarks/or_bench.jsonl,or_bench.jsonl,or_bench,,or_bench,,,,,,,,128,22,1,1,0,1
or_bench_01027,,,/content/safecomp-dpo/hf_data/benchmarks/or_bench.jsonl,or_bench.jsonl,or_bench,,or_bench,,,,,,,,99,15,1,1,0,1
or_bench_01028,,,/content/safecomp-dpo/hf_data/benchmarks/or_bench.jsonl,or_bench.jsonl,or_bench,,or_bench,,,,,,,,111,19,1,1,0,1
or_bench_01029,,,/content/safecomp-dpo/hf_data/benchmarks/or_bench.jsonl,or_bench.jsonl,or_bench,,or_bench,,,,,,,,120,17,1,1,0,1
or_bench_01030,,,/content/safecomp-dpo/hf_data/benchmarks/or_bench.jsonl,or_bench.jsonl,or_bench,,or_bench,,,,,,,,120,19,1,1,0,1
or_bench_01031,,,/content/safecomp-dpo/hf_data/benchmarks/or_bench.jsonl,or_bench.jsonl,or_bench,,or_bench,,,,,,,,91,16,1,1,0,1
or_bench_01032,,,/content/safecomp-dpo/hf_data/benchmarks/or_bench.jsonl,or_bench.jsonl,or_bench,,or_bench,,,,,,,,115,18,1,1,0,1
or_bench_01033,,,/content/safecomp-dpo/hf_data/benchmarks/or_bench.jsonl,or_bench.jsonl,or_bench,,or_bench,,,,,,,,101,21,1,1,0,1
or_bench_01034,,,/content/safecomp-dpo/hf_data/benchmarks/or_bench.jsonl,or_bench.jsonl,or_bench,,or_bench,,,,,,,,135,20,1,1,0,1
or_bench_01035,,,/content/safecomp-dpo/hf_data/benchmarks/or_bench.jsonl,or_bench.jsonl,or_bench,,or_bench,,,,,,,,108,16,1,1,0,1
or_bench_01036,,,/content/safecomp-dpo/hf_data/benchmarks/or_bench.jsonl,or_bench.jsonl,or_bench,,or_bench,,,,,,,,116,17,1,1,0,1
or_bench_01037,,,/content/safecomp-dpo/hf_data/benchmarks/or_bench.jsonl,or_bench.jsonl,or_bench,,or_bench,,,,,,,,105,16,1,1,0,1
or_bench_01038,,,/content/safecomp-dpo/hf_data/benchmarks/or_bench.jsonl,or_bench.jsonl,or_bench,,or_bench,,,,,,,,144,21,1,0,0,1
or_bench_01039,,,/content/safecomp-dpo/hf_data/benchmarks/or_bench.jsonl,or_bench.jsonl,or_bench,,or_bench,,,,,,,,69,12,1,1,0,1
or_bench_01040,,,/content/safecomp-dpo/hf_data/benchmarks/or_bench.jsonl,or_bench.jsonl,or_bench,,or_bench,,,,,,,,108,18,1,1,0,1
or_bench_01041,,,/content/safecomp-dpo/hf_data/benchmarks/or_bench.jsonl,or_bench.jsonl,or_bench,,or_bench,,,,,,,,122,21,1,1,0,1
or_bench_01042,,,/content/safecomp-dpo/hf_data/benchmarks/or_bench.jsonl,or_bench.jsonl,or_bench,,or_bench,,,,,,,,138,20,1,1,0,1
or_bench_01043,,,/content/safecomp-dpo/hf_data/benchmarks/or_bench.jsonl,or_bench.jsonl,or_bench,,or_bench,,,,,,,,90,15,1,1,0,1
or_bench_01044,,,/content/safecomp-dpo/hf_data/benchmarks/or_bench.jsonl,or_bench.jsonl,or_bench,,or_bench,,,,,,,,157,24,1,1,0,1
or_bench_01045,,,/content/safecomp-dpo/hf_data/benchmarks/or_bench.jsonl,or_bench.jsonl,or_bench,,or_bench,,,,,,,,90,14,1,1,0,1
or_bench_01046,,,/content/safecomp-dpo/hf_data/benchmarks/or_bench.jsonl,or_bench.jsonl,or_bench,,or_bench,,,,,,,,113,18,1,1,0,1
or_bench_01047,,,/content/safecomp-dpo/hf_data/benchmarks/or_bench.jsonl,or_bench.jsonl,or_bench,,or_bench,,,,,,,,102,16,1,1,0,1
or_bench_01048,,,/content/safecomp-dpo/hf_data/benchmarks/or_bench.jsonl,or_bench.jsonl,or_bench,,or_bench,,,,,,,,174,29,1,1,0,1
or_bench_01049,,,/content/safecomp-dpo/hf_data/benchmarks/or_bench.jsonl,or_bench.jsonl,or_bench,,or_bench,,,,,,,,122,18,1,1,0,1
or_bench_01050,,,/content/safecomp-dpo/hf_data/benchmarks/or_bench.jsonl,or_bench.jsonl,or_bench,,or_bench,,,,,,,,128,20,1,1,0,1
or_bench_01051,,,/content/safecomp-dpo/hf_data/benchmarks/or_bench.jsonl,or_bench.jsonl,or_bench,,or_bench,,,,,,,,159,28,1,1,0,1
or_bench_01052,,,/content/safecomp-dpo/hf_data/benchmarks/or_bench.jsonl,or_bench.jsonl,or_bench,,or_bench,,,,,,,,109,15,1,1,0,1
or_bench_01053,,,/content/safecomp-dpo/hf_data/benchmarks/or_bench.jsonl,or_bench.jsonl,or_bench,,or_bench,,,,,,,,196,30,1,1,0,1
or_bench_01054,,,/content/safecomp-dpo/hf_data/benchmarks/or_bench.jsonl,or_bench.jsonl,or_bench,,or_bench,,,,,,,,153,22,1,1,0,1
or_bench_01055,,,/content/safecomp-dpo/hf_data/benchmarks/or_bench.jsonl,or_bench.jsonl,or_bench,,or_bench,,,,,,,,107,17,1,1,0,1
or_bench_01056,,,/content/safecomp-dpo/hf_data/benchmarks/or_bench.jsonl,or_bench.jsonl,or_bench,,or_bench,,,,,,,,150,28,1,1,0,1
or_bench_01057,,,/content/safecomp-dpo/hf_data/benchmarks/or_bench.jsonl,or_bench.jsonl,or_bench,,or_bench,,,,,,,,57,7,1,1,0,1
or_bench_01058,,,/content/safecomp-dpo/hf_data/benchmarks/or_bench.jsonl,or_bench.jsonl,or_bench,,or_bench,,,,,,,,116,20,1,1,0,1
or_bench_01059,,,/content/safecomp-dpo/hf_data/benchmarks/or_bench.jsonl,or_bench.jsonl,or_bench,,or_bench,,,,,,,,103,19,1,1,0,1
or_bench_01060,,,/content/safecomp-dpo/hf_data/benchmarks/or_bench.jsonl,or_bench.jsonl,or_bench,,or_bench,,,,,,,,89,13,1,1,0,1
or_bench_01061,,,/content/safecomp-dpo/hf_data/benchmarks/or_bench.jsonl,or_bench.jsonl,or_bench,,or_bench,,,,,,,,80,13,1,1,0,1
or_bench_01062,,,/content/safecomp-dpo/hf_data/benchmarks/or_bench.jsonl,or_bench.jsonl,or_bench,,or_bench,,,,,,,,82,13,1,1,0,1
or_bench_01063,,,/content/safecomp-dpo/hf_data/benchmarks/or_bench.jsonl,or_bench.jsonl,or_bench,,or_bench,,,,,,,,142,19,1,1,0,1
or_bench_01064,,,/content/safecomp-dpo/hf_data/benchmarks/or_bench.jsonl,or_bench.jsonl,or_bench,,or_bench,,,,,,,,68,11,1,1,0,1
or_bench_01065,,,/content/safecomp-dpo/hf_data/benchmarks/or_bench.jsonl,or_bench.jsonl,or_bench,,or_bench,,,,,,,,84,13,1,1,0,1
or_bench_01066,,,/content/safecomp-dpo/hf_data/benchmarks/or_bench.jsonl,or_bench.jsonl,or_bench,,or_bench,,,,,,,,94,14,1,1,0,1
or_bench_01067,,,/content/safecomp-dpo/hf_data/benchmarks/or_bench.jsonl,or_bench.jsonl,or_bench,,or_bench,,,,,,,,103,16,1,1,0,1
or_bench_01068,,,/content/safecomp-dpo/hf_data/benchmarks/or_bench.jsonl,or_bench.jsonl,or_bench,,or_bench,,,,,,,,85,13,1,1,0,1
or_bench_01069,,,/content/safecomp-dpo/hf_data/benchmarks/or_bench.jsonl,or_bench.jsonl,or_bench,,or_bench,,,,,,,,161,26,1,1,0,1
or_bench_01070,,,/content/safecomp-dpo/hf_data/benchmarks/or_bench.jsonl,or_bench.jsonl,or_bench,,or_bench,,,,,,,,93,14,1,1,0,1
or_bench_01071,,,/content/safecomp-dpo/hf_data/benchmarks/or_bench.jsonl,or_bench.jsonl,or_bench,,or_bench,,,,,,,,124,18,1,1,0,1
or_bench_01072,,,/content/safecomp-dpo/hf_data/benchmarks/or_bench.jsonl,or_bench.jsonl,or_bench,,or_bench,,,,,,,,122,19,1,1,0,1
or_bench_01073,,,/content/safecomp-dpo/hf_data/benchmarks/or_bench.jsonl,or_bench.jsonl,or_bench,,or_bench,,,,,,,,65,9,1,1,0,1
or_bench_01074,,,/content/safecomp-dpo/hf_data/benchmarks/or_bench.jsonl,or_bench.jsonl,or_bench,,or_bench,,,,,,,,107,16,1,1,0,1
or_bench_01075,,,/content/safecomp-dpo/hf_data/benchmarks/or_bench.jsonl,or_bench.jsonl,or_bench,,or_bench,,,,,,,,113,19,1,1,0,1
or_bench_01076,,,/content/safecomp-dpo/hf_data/benchmarks/or_bench.jsonl,or_bench.jsonl,or_bench,,or_bench,,,,,,,,74,12,1,1,0,1
or_bench_01077,,,/content/safecomp-dpo/hf_data/benchmarks/or_bench.jsonl,or_bench.jsonl,or_bench,,or_bench,,,,,,,,92,15,1,1,0,1
or_bench_01078,,,/content/safecomp-dpo/hf_data/benchmarks/or_bench.jsonl,or_bench.jsonl,or_bench,,or_bench,,,,,,,,75,11,1,1,0,1
or_bench_01079,,,/content/safecomp-dpo/hf_data/benchmarks/or_bench.jsonl,or_bench.jsonl,or_bench,,or_bench,,,,,,,,145,25,1,1,0,1
or_bench_01080,,,/content/safecomp-dpo/hf_data/benchmarks/or_bench.jsonl,or_bench.jsonl,or_bench,,or_bench,,,,,,,,115,17,1,1,0,1
or_bench_01081,,,/content/safecomp-dpo/hf_data/benchmarks/or_bench.jsonl,or_bench.jsonl,or_bench,,or_bench,,,,,,,,106,19,1,1,0,1
or_bench_01082,,,/content/safecomp-dpo/hf_data/benchmarks/or_bench.jsonl,or_bench.jsonl,or_bench,,or_bench,,,,,,,,88,14,1,1,0,1
or_bench_01083,,,/content/safecomp-dpo/hf_data/benchmarks/or_bench.jsonl,or_bench.jsonl,or_bench,,or_bench,,,,,,,,83,13,1,1,0,1
or_bench_01084,,,/content/safecomp-dpo/hf_data/benchmarks/or_bench.jsonl,or_bench.jsonl,or_bench,,or_bench,,,,,,,,117,20,1,1,0,1
or_bench_01085,,,/content/safecomp-dpo/hf_data/benchmarks/or_bench.jsonl,or_bench.jsonl,or_bench,,or_bench,,,,,,,,104,16,1,1,0,1
or_bench_01086,,,/content/safecomp-dpo/hf_data/benchmarks/or_bench.jsonl,or_bench.jsonl,or_bench,,or_bench,,,,,,,,83,12,1,1,0,1
or_bench_01087,,,/content/safecomp-dpo/hf_data/benchmarks/or_bench.jsonl,or_bench.jsonl,or_bench,,or_bench,,,,,,,,110,19,1,1,0,1
or_bench_01088,,,/content/safecomp-dpo/hf_data/benchmarks/or_bench.jsonl,or_bench.jsonl,or_bench,,or_bench,,,,,,,,70,11,1,1,0,1
or_bench_01089,,,/content/safecomp-dpo/hf_data/benchmarks/or_bench.jsonl,or_bench.jsonl,or_bench,,or_bench,,,,,,,,88,15,1,1,0,1
or_bench_01090,,,/content/safecomp-dpo/hf_data/benchmarks/or_bench.jsonl,or_bench.jsonl,or_bench,,or_bench,,,,,,,,92,12,1,1,0,1
or_bench_01091,,,/content/safecomp-dpo/hf_data/benchmarks/or_bench.jsonl,or_bench.jsonl,or_bench,,or_bench,,,,,,,,83,12,1,1,0,1
or_bench_01092,,,/content/safecomp-dpo/hf_data/benchmarks/or_bench.jsonl,or_bench.jsonl,or_bench,,or_bench,,,,,,,,72,12,1,1,0,1
or_bench_01093,,,/content/safecomp-dpo/hf_data/benchmarks/or_bench.jsonl,or_bench.jsonl,or_bench,,or_bench,,,,,,,,83,11,1,1,0,1
or_bench_01094,,,/content/safecomp-dpo/hf_data/benchmarks/or_bench.jsonl,or_bench.jsonl,or_bench,,or_bench,,,,,,,,109,16,1,1,0,1
or_bench_01095,,,/content/safecomp-dpo/hf_data/benchmarks/or_bench.jsonl,or_bench.jsonl,or_bench,,or_bench,,,,,,,,195,28,1,1,0,1
or_bench_01096,,,/content/safecomp-dpo/hf_data/benchmarks/or_bench.jsonl,or_bench.jsonl,or_bench,,or_bench,,,,,,,,82,13,1,1,0,1
or_bench_01097,,,/content/safecomp-dpo/hf_data/benchmarks/or_bench.jsonl,or_bench.jsonl,or_bench,,or_bench,,,,,,,,87,12,1,1,0,1
or_bench_01098,,,/content/safecomp-dpo/hf_data/benchmarks/or_bench.jsonl,or_bench.jsonl,or_bench,,or_bench,,,,,,,,113,16,1,1,0,1
or_bench_01099,,,/content/safecomp-dpo/hf_data/benchmarks/or_bench.jsonl,or_bench.jsonl,or_bench,,or_bench,,,,,,,,68,11,1,1,0,1
or_bench_01100,,,/content/safecomp-dpo/hf_data/benchmarks/or_bench.jsonl,or_bench.jsonl,or_bench,,or_bench,,,,,,,,94,15,1,1,0,1
or_bench_01101,,,/content/safecomp-dpo/hf_data/benchmarks/or_bench.jsonl,or_bench.jsonl,or_bench,,or_bench,,,,,,,,152,26,1,1,0,1
or_bench_01102,,,/content/safecomp-dpo/hf_data/benchmarks/or_bench.jsonl,or_bench.jsonl,or_bench,,or_bench,,,,,,,,144,24,1,1,0,1
or_bench_01103,,,/content/safecomp-dpo/hf_data/benchmarks/or_bench.jsonl,or_bench.jsonl,or_bench,,or_bench,,,,,,,,112,15,1,1,0,1
or_bench_01104,,,/content/safecomp-dpo/hf_data/benchmarks/or_bench.jsonl,or_bench.jsonl,or_bench,,or_bench,,,,,,,,63,9,1,1,0,1
or_bench_01105,,,/content/safecomp-dpo/hf_data/benchmarks/or_bench.jsonl,or_bench.jsonl,or_bench,,or_bench,,,,,,,,83,12,1,1,0,1
or_bench_01106,,,/content/safecomp-dpo/hf_data/benchmarks/or_bench.jsonl,or_bench.jsonl,or_bench,,or_bench,,,,,,,,81,13,1,1,0,1
or_bench_01107,,,/content/safecomp-dpo/hf_data/benchmarks/or_bench.jsonl,or_bench.jsonl,or_bench,,or_bench,,,,,,,,97,14,1,1,0,1
or_bench_01108,,,/content/safecomp-dpo/hf_data/benchmarks/or_bench.jsonl,or_bench.jsonl,or_bench,,or_bench,,,,,,,,98,15,1,1,0,1
or_bench_01109,,,/content/safecomp-dpo/hf_data/benchmarks/or_bench.jsonl,or_bench.jsonl,or_bench,,or_bench,,,,,,,,83,11,1,1,0,1
or_bench_01110,,,/content/safecomp-dpo/hf_data/benchmarks/or_bench.jsonl,or_bench.jsonl,or_bench,,or_bench,,,,,,,,127,19,1,1,0,1
or_bench_01111,,,/content/safecomp-dpo/hf_data/benchmarks/or_bench.jsonl,or_bench.jsonl,or_bench,,or_bench,,,,,,,,111,17,1,1,0,1
or_bench_01112,,,/content/safecomp-dpo/hf_data/benchmarks/or_bench.jsonl,or_bench.jsonl,or_bench,,or_bench,,,,,,,,69,10,1,1,0,1
or_bench_01113,,,/content/safecomp-dpo/hf_data/benchmarks/or_bench.jsonl,or_bench.jsonl,or_bench,,or_bench,,,,,,,,123,19,1,1,0,1
or_bench_01114,,,/content/safecomp-dpo/hf_data/benchmarks/or_bench.jsonl,or_bench.jsonl,or_bench,,or_bench,,,,,,,,87,12,1,1,0,1
or_bench_01115,,,/content/safecomp-dpo/hf_data/benchmarks/or_bench.jsonl,or_bench.jsonl,or_bench,,or_bench,,,,,,,,97,17,1,1,0,1
or_bench_01116,,,/content/safecomp-dpo/hf_data/benchmarks/or_bench.jsonl,or_bench.jsonl,or_bench,,or_bench,,,,,,,,82,12,1,1,0,1
or_bench_01117,,,/content/safecomp-dpo/hf_data/benchmarks/or_bench.jsonl,or_bench.jsonl,or_bench,,or_bench,,,,,,,,75,14,1,1,0,1
or_bench_01118,,,/content/safecomp-dpo/hf_data/benchmarks/or_bench.jsonl,or_bench.jsonl,or_bench,,or_bench,,,,,,,,111,16,1,1,0,1
or_bench_01119,,,/content/safecomp-dpo/hf_data/benchmarks/or_bench.jsonl,or_bench.jsonl,or_bench,,or_bench,,,,,,,,119,17,1,1,0,1
or_bench_01120,,,/content/safecomp-dpo/hf_data/benchmarks/or_bench.jsonl,or_bench.jsonl,or_bench,,or_bench,,,,,,,,73,11,1,1,0,1
or_bench_01121,,,/content/safecomp-dpo/hf_data/benchmarks/or_bench.jsonl,or_bench.jsonl,or_bench,,or_bench,,,,,,,,73,12,1,1,0,1
or_bench_01122,,,/content/safecomp-dpo/hf_data/benchmarks/or_bench.jsonl,or_bench.jsonl,or_bench,,or_bench,,,,,,,,85,12,1,1,0,1
or_bench_01123,,,/content/safecomp-dpo/hf_data/benchmarks/or_bench.jsonl,or_bench.jsonl,or_bench,,or_bench,,,,,,,,88,13,1,1,0,1
or_bench_01124,,,/content/safecomp-dpo/hf_data/benchmarks/or_bench.jsonl,or_bench.jsonl,or_bench,,or_bench,,,,,,,,75,12,1,1,0,1
or_bench_01125,,,/content/safecomp-dpo/hf_data/benchmarks/or_bench.jsonl,or_bench.jsonl,or_bench,,or_bench,,,,,,,,130,20,1,1,0,1
or_bench_01126,,,/content/safecomp-dpo/hf_data/benchmarks/or_bench.jsonl,or_bench.jsonl,or_bench,,or_bench,,,,,,,,79,11,1,1,0,1
or_bench_01127,,,/content/safecomp-dpo/hf_data/benchmarks/or_bench.jsonl,or_bench.jsonl,or_bench,,or_bench,,,,,,,,81,11,1,1,0,1
or_bench_01128,,,/content/safecomp-dpo/hf_data/benchmarks/or_bench.jsonl,or_bench.jsonl,or_bench,,or_bench,,,,,,,,78,11,1,1,0,1
or_bench_01129,,,/content/safecomp-dpo/hf_data/benchmarks/or_bench.jsonl,or_bench.jsonl,or_bench,,or_bench,,,,,,,,147,23,1,0,0,1
or_bench_01130,,,/content/safecomp-dpo/hf_data/benchmarks/or_bench.jsonl,or_bench.jsonl,or_bench,,or_bench,,,,,,,,129,21,1,1,0,1
or_bench_01131,,,/content/safecomp-dpo/hf_data/benchmarks/or_bench.jsonl,or_bench.jsonl,or_bench,,or_bench,,,,,,,,92,14,1,1,0,1
or_bench_01132,,,/content/safecomp-dpo/hf_data/benchmarks/or_bench.jsonl,or_bench.jsonl,or_bench,,or_bench,,,,,,,,145,19,1,1,0,1
or_bench_01133,,,/content/safecomp-dpo/hf_data/benchmarks/or_bench.jsonl,or_bench.jsonl,or_bench,,or_bench,,,,,,,,110,18,1,1,0,1
or_bench_01134,,,/content/safecomp-dpo/hf_data/benchmarks/or_bench.jsonl,or_bench.jsonl,or_bench,,or_bench,,,,,,,,109,16,1,1,0,1
or_bench_01135,,,/content/safecomp-dpo/hf_data/benchmarks/or_bench.jsonl,or_bench.jsonl,or_bench,,or_bench,,,,,,,,120,23,1,1,0,1
or_bench_01136,,,/content/safecomp-dpo/hf_data/benchmarks/or_bench.jsonl,or_bench.jsonl,or_bench,,or_bench,,,,,,,,92,14,1,1,0,1
or_bench_01137,,,/content/safecomp-dpo/hf_data/benchmarks/or_bench.jsonl,or_bench.jsonl,or_bench,,or_bench,,,,,,,,101,14,1,1,0,1
or_bench_01138,,,/content/safecomp-dpo/hf_data/benchmarks/or_bench.jsonl,or_bench.jsonl,or_bench,,or_bench,,,,,,,,118,17,1,1,0,1
or_bench_01139,,,/content/safecomp-dpo/hf_data/benchmarks/or_bench.jsonl,or_bench.jsonl,or_bench,,or_bench,,,,,,,,85,12,1,1,0,1
or_bench_01140,,,/content/safecomp-dpo/hf_data/benchmarks/or_bench.jsonl,or_bench.jsonl,or_bench,,or_bench,,,,,,,,136,20,1,1,0,1
or_bench_01141,,,/content/safecomp-dpo/hf_data/benchmarks/or_bench.jsonl,or_bench.jsonl,or_bench,,or_bench,,,,,,,,104,16,1,1,0,1
or_bench_01142,,,/content/safecomp-dpo/hf_data/benchmarks/or_bench.jsonl,or_bench.jsonl,or_bench,,or_bench,,,,,,,,81,12,1,1,0,1
or_bench_01143,,,/content/safecomp-dpo/hf_data/benchmarks/or_bench.jsonl,or_bench.jsonl,or_bench,,or_bench,,,,,,,,111,17,1,1,0,1
or_bench_01144,,,/content/safecomp-dpo/hf_data/benchmarks/or_bench.jsonl,or_bench.jsonl,or_bench,,or_bench,,,,,,,,121,16,1,1,0,1
or_bench_01145,,,/content/safecomp-dpo/hf_data/benchmarks/or_bench.jsonl,or_bench.jsonl,or_bench,,or_bench,,,,,,,,150,22,1,0,0,1
or_bench_01146,,,/content/safecomp-dpo/hf_data/benchmarks/or_bench.jsonl,or_bench.jsonl,or_bench,,or_bench,,,,,,,,123,20,1,1,0,1
or_bench_01147,,,/content/safecomp-dpo/hf_data/benchmarks/or_bench.jsonl,or_bench.jsonl,or_bench,,or_bench,,,,,,,,71,10,1,1,0,1
or_bench_01148,,,/content/safecomp-dpo/hf_data/benchmarks/or_bench.jsonl,or_bench.jsonl,or_bench,,or_bench,,,,,,,,159,26,1,1,0,1
or_bench_01149,,,/content/safecomp-dpo/hf_data/benchmarks/or_bench.jsonl,or_bench.jsonl,or_bench,,or_bench,,,,,,,,132,21,1,1,0,1
or_bench_01150,,,/content/safecomp-dpo/hf_data/benchmarks/or_bench.jsonl,or_bench.jsonl,or_bench,,or_bench,,,,,,,,131,21,1,1,0,1
or_bench_01151,,,/content/safecomp-dpo/hf_data/benchmarks/or_bench.jsonl,or_bench.jsonl,or_bench,,or_bench,,,,,,,,123,24,1,1,0,1
or_bench_01152,,,/content/safecomp-dpo/hf_data/benchmarks/or_bench.jsonl,or_bench.jsonl,or_bench,,or_bench,,,,,,,,73,13,1,1,0,1
or_bench_01153,,,/content/safecomp-dpo/hf_data/benchmarks/or_bench.jsonl,or_bench.jsonl,or_bench,,or_bench,,,,,,,,135,22,1,0,0,1
or_bench_01154,,,/content/safecomp-dpo/hf_data/benchmarks/or_bench.jsonl,or_bench.jsonl,or_bench,,or_bench,,,,,,,,137,21,1,1,0,1
or_bench_01155,,,/content/safecomp-dpo/hf_data/benchmarks/or_bench.jsonl,or_bench.jsonl,or_bench,,or_bench,,,,,,,,97,18,1,1,0,1
or_bench_01156,,,/content/safecomp-dpo/hf_data/benchmarks/or_bench.jsonl,or_bench.jsonl,or_bench,,or_bench,,,,,,,,97,14,1,1,0,1
or_bench_01157,,,/content/safecomp-dpo/hf_data/benchmarks/or_bench.jsonl,or_bench.jsonl,or_bench,,or_bench,,,,,,,,121,16,1,1,0,1
or_bench_01158,,,/content/safecomp-dpo/hf_data/benchmarks/or_bench.jsonl,or_bench.jsonl,or_bench,,or_bench,,,,,,,,113,18,1,1,0,1
or_bench_01159,,,/content/safecomp-dpo/hf_data/benchmarks/or_bench.jsonl,or_bench.jsonl,or_bench,,or_bench,,,,,,,,118,20,1,1,0,1
or_bench_01160,,,/content/safecomp-dpo/hf_data/benchmarks/or_bench.jsonl,or_bench.jsonl,or_bench,,or_bench,,,,,,,,157,27,1,1,0,1
or_bench_01161,,,/content/safecomp-dpo/hf_data/benchmarks/or_bench.jsonl,or_bench.jsonl,or_bench,,or_bench,,,,,,,,118,19,1,1,0,1
or_bench_01162,,,/content/safecomp-dpo/hf_data/benchmarks/or_bench.jsonl,or_bench.jsonl,or_bench,,or_bench,,,,,,,,157,22,1,0,0,1
or_bench_01163,,,/content/safecomp-dpo/hf_data/benchmarks/or_bench.jsonl,or_bench.jsonl,or_bench,,or_bench,,,,,,,,126,19,1,1,0,1
or_bench_01164,,,/content/safecomp-dpo/hf_data/benchmarks/or_bench.jsonl,or_bench.jsonl,or_bench,,or_bench,,,,,,,,95,17,1,1,0,1
or_bench_01165,,,/content/safecomp-dpo/hf_data/benchmarks/or_bench.jsonl,or_bench.jsonl,or_bench,,or_bench,,,,,,,,178,28,1,0,0,2
or_bench_01166,,,/content/safecomp-dpo/hf_data/benchmarks/or_bench.jsonl,or_bench.jsonl,or_bench,,or_bench,,,,,,,,90,16,1,1,0,1
or_bench_01167,,,/content/safecomp-dpo/hf_data/benchmarks/or_bench.jsonl,or_bench.jsonl,or_bench,,or_bench,,,,,,,,139,26,1,1,0,1
or_bench_01168,,,/content/safecomp-dpo/hf_data/benchmarks/or_bench.jsonl,or_bench.jsonl,or_bench,,or_bench,,,,,,,,118,22,1,1,0,1
or_bench_01169,,,/content/safecomp-dpo/hf_data/benchmarks/or_bench.jsonl,or_bench.jsonl,or_bench,,or_bench,,,,,,,,120,18,1,1,0,1
or_bench_01170,,,/content/safecomp-dpo/hf_data/benchmarks/or_bench.jsonl,or_bench.jsonl,or_bench,,or_bench,,,,,,,,108,18,1,1,0,1
or_bench_01171,,,/content/safecomp-dpo/hf_data/benchmarks/or_bench.jsonl,or_bench.jsonl,or_bench,,or_bench,,,,,,,,97,16,1,1,0,1
or_bench_01172,,,/content/safecomp-dpo/hf_data/benchmarks/or_bench.jsonl,or_bench.jsonl,or_bench,,or_bench,,,,,,,,136,23,1,1,0,1
or_bench_01173,,,/content/safecomp-dpo/hf_data/benchmarks/or_bench.jsonl,or_bench.jsonl,or_bench,,or_bench,,,,,,,,142,19,1,1,0,1
or_bench_01174,,,/content/safecomp-dpo/hf_data/benchmarks/or_bench.jsonl,or_bench.jsonl,or_bench,,or_bench,,,,,,,,105,19,1,1,0,1
or_bench_01175,,,/content/safecomp-dpo/hf_data/benchmarks/or_bench.jsonl,or_bench.jsonl,or_bench,,or_bench,,,,,,,,103,17,1,1,0,1
or_bench_01176,,,/content/safecomp-dpo/hf_data/benchmarks/or_bench.jsonl,or_bench.jsonl,or_bench,,or_bench,,,,,,,,72,11,1,1,0,1
or_bench_01177,,,/content/safecomp-dpo/hf_data/benchmarks/or_bench.jsonl,or_bench.jsonl,or_bench,,or_bench,,,,,,,,141,20,1,1,0,1
or_bench_01178,,,/content/safecomp-dpo/hf_data/benchmarks/or_bench.jsonl,or_bench.jsonl,or_bench,,or_bench,,,,,,,,123,19,1,0,0,1
or_bench_01179,,,/content/safecomp-dpo/hf_data/benchmarks/or_bench.jsonl,or_bench.jsonl,or_bench,,or_bench,,,,,,,,149,22,1,0,0,1
or_bench_01180,,,/content/safecomp-dpo/hf_data/benchmarks/or_bench.jsonl,or_bench.jsonl,or_bench,,or_bench,,,,,,,,97,17,1,1,0,1
or_bench_01181,,,/content/safecomp-dpo/hf_data/benchmarks/or_bench.jsonl,or_bench.jsonl,or_bench,,or_bench,,,,,,,,134,20,1,1,0,1
or_bench_01182,,,/content/safecomp-dpo/hf_data/benchmarks/or_bench.jsonl,or_bench.jsonl,or_bench,,or_bench,,,,,,,,87,12,1,1,0,1
or_bench_01183,,,/content/safecomp-dpo/hf_data/benchmarks/or_bench.jsonl,or_bench.jsonl,or_bench,,or_bench,,,,,,,,119,18,1,1,0,1
or_bench_01184,,,/content/safecomp-dpo/hf_data/benchmarks/or_bench.jsonl,or_bench.jsonl,or_bench,,or_bench,,,,,,,,82,12,1,1,0,1
or_bench_01185,,,/content/safecomp-dpo/hf_data/benchmarks/or_bench.jsonl,or_bench.jsonl,or_bench,,or_bench,,,,,,,,131,17,1,0,0,1
or_bench_01186,,,/content/safecomp-dpo/hf_data/benchmarks/or_bench.jsonl,or_bench.jsonl,or_bench,,or_bench,,,,,,,,69,10,1,1,0,1
or_bench_01187,,,/content/safecomp-dpo/hf_data/benchmarks/or_bench.jsonl,or_bench.jsonl,or_bench,,or_bench,,,,,,,,148,25,1,1,0,1
or_bench_01188,,,/content/safecomp-dpo/hf_data/benchmarks/or_bench.jsonl,or_bench.jsonl,or_bench,,or_bench,,,,,,,,115,19,1,1,0,1
or_bench_01189,,,/content/safecomp-dpo/hf_data/benchmarks/or_bench.jsonl,or_bench.jsonl,or_bench,,or_bench,,,,,,,,138,24,1,1,0,1
or_bench_01190,,,/content/safecomp-dpo/hf_data/benchmarks/or_bench.jsonl,or_bench.jsonl,or_bench,,or_bench,,,,,,,,119,22,1,1,0,1
or_bench_01191,,,/content/safecomp-dpo/hf_data/benchmarks/or_bench.jsonl,or_bench.jsonl,or_bench,,or_bench,,,,,,,,84,13,1,1,0,1
or_bench_01192,,,/content/safecomp-dpo/hf_data/benchmarks/or_bench.jsonl,or_bench.jsonl,or_bench,,or_bench,,,,,,,,105,17,1,1,0,1
or_bench_01193,,,/content/safecomp-dpo/hf_data/benchmarks/or_bench.jsonl,or_bench.jsonl,or_bench,,or_bench,,,,,,,,94,12,1,1,0,1
or_bench_01194,,,/content/safecomp-dpo/hf_data/benchmarks/or_bench.jsonl,or_bench.jsonl,or_bench,,or_bench,,,,,,,,105,18,1,1,0,1
or_bench_01195,,,/content/safecomp-dpo/hf_data/benchmarks/or_bench.jsonl,or_bench.jsonl,or_bench,,or_bench,,,,,,,,124,21,1,1,0,1
or_bench_01196,,,/content/safecomp-dpo/hf_data/benchmarks/or_bench.jsonl,or_bench.jsonl,or_bench,,or_bench,,,,,,,,120,19,1,1,0,1
or_bench_01197,,,/content/safecomp-dpo/hf_data/benchmarks/or_bench.jsonl,or_bench.jsonl,or_bench,,or_bench,,,,,,,,87,16,1,1,0,1
or_bench_01198,,,/content/safecomp-dpo/hf_data/benchmarks/or_bench.jsonl,or_bench.jsonl,or_bench,,or_bench,,,,,,,,124,18,1,1,0,1
or_bench_01199,,,/content/safecomp-dpo/hf_data/benchmarks/or_bench.jsonl,or_bench.jsonl,or_bench,,or_bench,,,,,,,,125,18,1,0,0,1
or_bench_01200,,,/content/safecomp-dpo/hf_data/benchmarks/or_bench.jsonl,or_bench.jsonl,or_bench,,or_bench,,,,,,,,80,13,1,1,0,1
or_bench_01201,,,/content/safecomp-dpo/hf_data/benchmarks/or_bench.jsonl,or_bench.jsonl,or_bench,,or_bench,,,,,,,,99,15,1,1,0,1
or_bench_01202,,,/content/safecomp-dpo/hf_data/benchmarks/or_bench.jsonl,or_bench.jsonl,or_bench,,or_bench,,,,,,,,115,18,1,1,0,1
or_bench_01203,,,/content/safecomp-dpo/hf_data/benchmarks/or_bench.jsonl,or_bench.jsonl,or_bench,,or_bench,,,,,,,,112,16,1,1,0,1
or_bench_01204,,,/content/safecomp-dpo/hf_data/benchmarks/or_bench.jsonl,or_bench.jsonl,or_bench,,or_bench,,,,,,,,158,22,1,1,0,1
or_bench_01205,,,/content/safecomp-dpo/hf_data/benchmarks/or_bench.jsonl,or_bench.jsonl,or_bench,,or_bench,,,,,,,,117,20,1,1,0,1
or_bench_01206,,,/content/safecomp-dpo/hf_data/benchmarks/or_bench.jsonl,or_bench.jsonl,or_bench,,or_bench,,,,,,,,122,18,1,0,0,1
or_bench_01207,,,/content/safecomp-dpo/hf_data/benchmarks/or_bench.jsonl,or_bench.jsonl,or_bench,,or_bench,,,,,,,,90,13,1,1,0,1
or_bench_01208,,,/content/safecomp-dpo/hf_data/benchmarks/or_bench.jsonl,or_bench.jsonl,or_bench,,or_bench,,,,,,,,95,13,1,1,0,1
or_bench_01209,,,/content/safecomp-dpo/hf_data/benchmarks/or_bench.jsonl,or_bench.jsonl,or_bench,,or_bench,,,,,,,,111,18,1,1,0,1
or_bench_01210,,,/content/safecomp-dpo/hf_data/benchmarks/or_bench.jsonl,or_bench.jsonl,or_bench,,or_bench,,,,,,,,121,18,1,0,0,1
or_bench_01211,,,/content/safecomp-dpo/hf_data/benchmarks/or_bench.jsonl,or_bench.jsonl,or_bench,,or_bench,,,,,,,,100,13,1,1,0,1
or_bench_01212,,,/content/safecomp-dpo/hf_data/benchmarks/or_bench.jsonl,or_bench.jsonl,or_bench,,or_bench,,,,,,,,111,19,1,1,0,1
or_bench_01213,,,/content/safecomp-dpo/hf_data/benchmarks/or_bench.jsonl,or_bench.jsonl,or_bench,,or_bench,,,,,,,,91,14,1,1,0,1
or_bench_01214,,,/content/safecomp-dpo/hf_data/benchmarks/or_bench.jsonl,or_bench.jsonl,or_bench,,or_bench,,,,,,,,127,20,1,1,0,1
or_bench_01215,,,/content/safecomp-dpo/hf_data/benchmarks/or_bench.jsonl,or_bench.jsonl,or_bench,,or_bench,,,,,,,,101,16,1,1,0,1
or_bench_01216,,,/content/safecomp-dpo/hf_data/benchmarks/or_bench.jsonl,or_bench.jsonl,or_bench,,or_bench,,,,,,,,95,12,1,1,0,1
or_bench_01217,,,/content/safecomp-dpo/hf_data/benchmarks/or_bench.jsonl,or_bench.jsonl,or_bench,,or_bench,,,,,,,,105,18,1,1,0,1
or_bench_01218,,,/content/safecomp-dpo/hf_data/benchmarks/or_bench.jsonl,or_bench.jsonl,or_bench,,or_bench,,,,,,,,107,20,1,1,0,1
or_bench_01219,,,/content/safecomp-dpo/hf_data/benchmarks/or_bench.jsonl,or_bench.jsonl,or_bench,,or_bench,,,,,,,,86,16,1,1,0,1
or_bench_01220,,,/content/safecomp-dpo/hf_data/benchmarks/or_bench.jsonl,or_bench.jsonl,or_bench,,or_bench,,,,,,,,136,22,1,1,0,1
or_bench_01221,,,/content/safecomp-dpo/hf_data/benchmarks/or_bench.jsonl,or_bench.jsonl,or_bench,,or_bench,,,,,,,,87,16,1,1,0,1
or_bench_01222,,,/content/safecomp-dpo/hf_data/benchmarks/or_bench.jsonl,or_bench.jsonl,or_bench,,or_bench,,,,,,,,102,15,1,1,0,1
or_bench_01223,,,/content/safecomp-dpo/hf_data/benchmarks/or_bench.jsonl,or_bench.jsonl,or_bench,,or_bench,,,,,,,,84,14,1,1,0,1
or_bench_01224,,,/content/safecomp-dpo/hf_data/benchmarks/or_bench.jsonl,or_bench.jsonl,or_bench,,or_bench,,,,,,,,89,16,1,1,0,1
or_bench_01225,,,/content/safecomp-dpo/hf_data/benchmarks/or_bench.jsonl,or_bench.jsonl,or_bench,,or_bench,,,,,,,,124,19,1,1,0,1
or_bench_01226,,,/content/safecomp-dpo/hf_data/benchmarks/or_bench.jsonl,or_bench.jsonl,or_bench,,or_bench,,,,,,,,124,19,1,1,0,1
or_bench_01227,,,/content/safecomp-dpo/hf_data/benchmarks/or_bench.jsonl,or_bench.jsonl,or_bench,,or_bench,,,,,,,,134,23,1,1,0,1
or_bench_01228,,,/content/safecomp-dpo/hf_data/benchmarks/or_bench.jsonl,or_bench.jsonl,or_bench,,or_bench,,,,,,,,104,17,1,1,0,1
or_bench_01229,,,/content/safecomp-dpo/hf_data/benchmarks/or_bench.jsonl,or_bench.jsonl,or_bench,,or_bench,,,,,,,,115,18,1,1,0,1
or_bench_01230,,,/content/safecomp-dpo/hf_data/benchmarks/or_bench.jsonl,or_bench.jsonl,or_bench,,or_bench,,,,,,,,65,11,1,1,0,1
or_bench_01231,,,/content/safecomp-dpo/hf_data/benchmarks/or_bench.jsonl,or_bench.jsonl,or_bench,,or_bench,,,,,,,,97,18,1,1,0,1
or_bench_01232,,,/content/safecomp-dpo/hf_data/benchmarks/or_bench.jsonl,or_bench.jsonl,or_bench,,or_bench,,,,,,,,110,17,1,1,0,1
or_bench_01233,,,/content/safecomp-dpo/hf_data/benchmarks/or_bench.jsonl,or_bench.jsonl,or_bench,,or_bench,,,,,,,,96,17,1,0,0,1
or_bench_01234,,,/content/safecomp-dpo/hf_data/benchmarks/or_bench.jsonl,or_bench.jsonl,or_bench,,or_bench,,,,,,,,131,16,1,1,0,1
or_bench_01235,,,/content/safecomp-dpo/hf_data/benchmarks/or_bench.jsonl,or_bench.jsonl,or_bench,,or_bench,,,,,,,,118,20,1,1,0,1
or_bench_01236,,,/content/safecomp-dpo/hf_data/benchmarks/or_bench.jsonl,or_bench.jsonl,or_bench,,or_bench,,,,,,,,93,15,1,0,0,1
or_bench_01237,,,/content/safecomp-dpo/hf_data/benchmarks/or_bench.jsonl,or_bench.jsonl,or_bench,,or_bench,,,,,,,,90,13,1,1,0,1
or_bench_01238,,,/content/safecomp-dpo/hf_data/benchmarks/or_bench.jsonl,or_bench.jsonl,or_bench,,or_bench,,,,,,,,88,13,1,1,0,1
or_bench_01239,,,/content/safecomp-dpo/hf_data/benchmarks/or_bench.jsonl,or_bench.jsonl,or_bench,,or_bench,,,,,,,,137,22,1,1,0,1
or_bench_01240,,,/content/safecomp-dpo/hf_data/benchmarks/or_bench.jsonl,or_bench.jsonl,or_bench,,or_bench,,,,,,,,83,14,1,1,0,1
or_bench_01241,,,/content/safecomp-dpo/hf_data/benchmarks/or_bench.jsonl,or_bench.jsonl,or_bench,,or_bench,,,,,,,,93,14,1,1,0,1
or_bench_01242,,,/content/safecomp-dpo/hf_data/benchmarks/or_bench.jsonl,or_bench.jsonl,or_bench,,or_bench,,,,,,,,106,14,1,1,0,1
or_bench_01243,,,/content/safecomp-dpo/hf_data/benchmarks/or_bench.jsonl,or_bench.jsonl,or_bench,,or_bench,,,,,,,,137,22,1,1,0,1
or_bench_01244,,,/content/safecomp-dpo/hf_data/benchmarks/or_bench.jsonl,or_bench.jsonl,or_bench,,or_bench,,,,,,,,128,23,1,1,0,1
or_bench_01245,,,/content/safecomp-dpo/hf_data/benchmarks/or_bench.jsonl,or_bench.jsonl,or_bench,,or_bench,,,,,,,,100,17,1,1,0,1
or_bench_01246,,,/content/safecomp-dpo/hf_data/benchmarks/or_bench.jsonl,or_bench.jsonl,or_bench,,or_bench,,,,,,,,102,15,1,1,0,1
or_bench_01247,,,/content/safecomp-dpo/hf_data/benchmarks/or_bench.jsonl,or_bench.jsonl,or_bench,,or_bench,,,,,,,,151,24,1,1,0,1
or_bench_01248,,,/content/safecomp-dpo/hf_data/benchmarks/or_bench.jsonl,or_bench.jsonl,or_bench,,or_bench,,,,,,,,92,14,1,1,0,1
or_bench_01249,,,/content/safecomp-dpo/hf_data/benchmarks/or_bench.jsonl,or_bench.jsonl,or_bench,,or_bench,,,,,,,,142,24,1,1,0,1
or_bench_01250,,,/content/safecomp-dpo/hf_data/benchmarks/or_bench.jsonl,or_bench.jsonl,or_bench,,or_bench,,,,,,,,104,14,1,1,0,1
or_bench_01251,,,/content/safecomp-dpo/hf_data/benchmarks/or_bench.jsonl,or_bench.jsonl,or_bench,,or_bench,,,,,,,,123,22,1,1,0,1
or_bench_01252,,,/content/safecomp-dpo/hf_data/benchmarks/or_bench.jsonl,or_bench.jsonl,or_bench,,or_bench,,,,,,,,94,16,1,1,0,1
or_bench_01253,,,/content/safecomp-dpo/hf_data/benchmarks/or_bench.jsonl,or_bench.jsonl,or_bench,,or_bench,,,,,,,,100,17,1,1,0,1
or_bench_01254,,,/content/safecomp-dpo/hf_data/benchmarks/or_bench.jsonl,or_bench.jsonl,or_bench,,or_bench,,,,,,,,130,23,1,0,0,1
or_bench_01255,,,/content/safecomp-dpo/hf_data/benchmarks/or_bench.jsonl,or_bench.jsonl,or_bench,,or_bench,,,,,,,,125,20,1,0,0,0
or_bench_01256,,,/content/safecomp-dpo/hf_data/benchmarks/or_bench.jsonl,or_bench.jsonl,or_bench,,or_bench,,,,,,,,108,16,1,0,0,1
or_bench_01257,,,/content/safecomp-dpo/hf_data/benchmarks/or_bench.jsonl,or_bench.jsonl,or_bench,,or_bench,,,,,,,,125,17,1,0,0,1
or_bench_01258,,,/content/safecomp-dpo/hf_data/benchmarks/or_bench.jsonl,or_bench.jsonl,or_bench,,or_bench,,,,,,,,142,23,1,1,0,1
or_bench_01259,,,/content/safecomp-dpo/hf_data/benchmarks/or_bench.jsonl,or_bench.jsonl,or_bench,,or_bench,,,,,,,,94,15,1,1,0,1
or_bench_01260,,,/content/safecomp-dpo/hf_data/benchmarks/or_bench.jsonl,or_bench.jsonl,or_bench,,or_bench,,,,,,,,130,19,1,0,0,1
or_bench_01261,,,/content/safecomp-dpo/hf_data/benchmarks/or_bench.jsonl,or_bench.jsonl,or_bench,,or_bench,,,,,,,,66,11,1,1,0,1
or_bench_01262,,,/content/safecomp-dpo/hf_data/benchmarks/or_bench.jsonl,or_bench.jsonl,or_bench,,or_bench,,,,,,,,168,27,1,1,0,1
or_bench_01263,,,/content/safecomp-dpo/hf_data/benchmarks/or_bench.jsonl,or_bench.jsonl,or_bench,,or_bench,,,,,,,,154,26,1,1,0,1
or_bench_01264,,,/content/safecomp-dpo/hf_data/benchmarks/or_bench.jsonl,or_bench.jsonl,or_bench,,or_bench,,,,,,,,75,15,1,1,0,1
or_bench_01265,,,/content/safecomp-dpo/hf_data/benchmarks/or_bench.jsonl,or_bench.jsonl,or_bench,,or_bench,,,,,,,,152,24,1,0,0,1
or_bench_01266,,,/content/safecomp-dpo/hf_data/benchmarks/or_bench.jsonl,or_bench.jsonl,or_bench,,or_bench,,,,,,,,85,14,1,1,0,1
or_bench_01267,,,/content/safecomp-dpo/hf_data/benchmarks/or_bench.jsonl,or_bench.jsonl,or_bench,,or_bench,,,,,,,,157,24,1,0,0,1
or_bench_01268,,,/content/safecomp-dpo/hf_data/benchmarks/or_bench.jsonl,or_bench.jsonl,or_bench,,or_bench,,,,,,,,98,15,1,0,0,1
or_bench_01269,,,/content/safecomp-dpo/hf_data/benchmarks/or_bench.jsonl,or_bench.jsonl,or_bench,,or_bench,,,,,,,,160,23,1,0,0,1
or_bench_01270,,,/content/safecomp-dpo/hf_data/benchmarks/or_bench.jsonl,or_bench.jsonl,or_bench,,or_bench,,,,,,,,96,14,1,0,0,1
or_bench_01271,,,/content/safecomp-dpo/hf_data/benchmarks/or_bench.jsonl,or_bench.jsonl,or_bench,,or_bench,,,,,,,,118,16,1,0,0,0
or_bench_01272,,,/content/safecomp-dpo/hf_data/benchmarks/or_bench.jsonl,or_bench.jsonl,or_bench,,or_bench,,,,,,,,79,14,1,1,0,1
or_bench_01273,,,/content/safecomp-dpo/hf_data/benchmarks/or_bench.jsonl,or_bench.jsonl,or_bench,,or_bench,,,,,,,,160,25,1,0,0,1
or_bench_01274,,,/content/safecomp-dpo/hf_data/benchmarks/or_bench.jsonl,or_bench.jsonl,or_bench,,or_bench,,,,,,,,160,24,1,0,0,1
or_bench_01275,,,/content/safecomp-dpo/hf_data/benchmarks/or_bench.jsonl,or_bench.jsonl,or_bench,,or_bench,,,,,,,,153,22,1,1,0,1
or_bench_01276,,,/content/safecomp-dpo/hf_data/benchmarks/or_bench.jsonl,or_bench.jsonl,or_bench,,or_bench,,,,,,,,64,11,1,1,0,1
or_bench_01277,,,/content/safecomp-dpo/hf_data/benchmarks/or_bench.jsonl,or_bench.jsonl,or_bench,,or_bench,,,,,,,,147,24,1,1,0,1
or_bench_01278,,,/content/safecomp-dpo/hf_data/benchmarks/or_bench.jsonl,or_bench.jsonl,or_bench,,or_bench,,,,,,,,106,17,1,0,0,1
or_bench_01279,,,/content/safecomp-dpo/hf_data/benchmarks/or_bench.jsonl,or_bench.jsonl,or_bench,,or_bench,,,,,,,,129,16,1,1,0,1
or_bench_01280,,,/content/safecomp-dpo/hf_data/benchmarks/or_bench.jsonl,or_bench.jsonl,or_bench,,or_bench,,,,,,,,95,15,1,1,0,1
or_bench_01281,,,/content/safecomp-dpo/hf_data/benchmarks/or_bench.jsonl,or_bench.jsonl,or_bench,,or_bench,,,,,,,,105,18,1,1,0,1
or_bench_01282,,,/content/safecomp-dpo/hf_data/benchmarks/or_bench.jsonl,or_bench.jsonl,or_bench,,or_bench,,,,,,,,129,19,1,0,0,1
or_bench_01283,,,/content/safecomp-dpo/hf_data/benchmarks/or_bench.jsonl,or_bench.jsonl,or_bench,,or_bench,,,,,,,,124,21,1,1,0,1
or_bench_01284,,,/content/safecomp-dpo/hf_data/benchmarks/or_bench.jsonl,or_bench.jsonl,or_bench,,or_bench,,,,,,,,103,17,1,0,0,1
or_bench_01285,,,/content/safecomp-dpo/hf_data/benchmarks/or_bench.jsonl,or_bench.jsonl,or_bench,,or_bench,,,,,,,,155,23,1,0,0,1
or_bench_01286,,,/content/safecomp-dpo/hf_data/benchmarks/or_bench.jsonl,or_bench.jsonl,or_bench,,or_bench,,,,,,,,87,14,1,1,0,1
or_bench_01287,,,/content/safecomp-dpo/hf_data/benchmarks/or_bench.jsonl,or_bench.jsonl,or_bench,,or_bench,,,,,,,,170,28,1,0,0,1
or_bench_01288,,,/content/safecomp-dpo/hf_data/benchmarks/or_bench.jsonl,or_bench.jsonl,or_bench,,or_bench,,,,,,,,100,16,1,1,0,1
or_bench_01289,,,/content/safecomp-dpo/hf_data/benchmarks/or_bench.jsonl,or_bench.jsonl,or_bench,,or_bench,,,,,,,,101,16,1,0,0,1
or_bench_01290,,,/content/safecomp-dpo/hf_data/benchmarks/or_bench.jsonl,or_bench.jsonl,or_bench,,or_bench,,,,,,,,120,19,1,0,0,1
or_bench_01291,,,/content/safecomp-dpo/hf_data/benchmarks/or_bench.jsonl,or_bench.jsonl,or_bench,,or_bench,,,,,,,,84,12,1,1,0,1
or_bench_01292,,,/content/safecomp-dpo/hf_data/benchmarks/or_bench.jsonl,or_bench.jsonl,or_bench,,or_bench,,,,,,,,147,24,1,0,0,1
or_bench_01293,,,/content/safecomp-dpo/hf_data/benchmarks/or_bench.jsonl,or_bench.jsonl,or_bench,,or_bench,,,,,,,,120,19,1,0,0,1
or_bench_01294,,,/content/safecomp-dpo/hf_data/benchmarks/or_bench.jsonl,or_bench.jsonl,or_bench,,or_bench,,,,,,,,129,19,1,1,0,1
or_bench_01295,,,/content/safecomp-dpo/hf_data/benchmarks/or_bench.jsonl,or_bench.jsonl,or_bench,,or_bench,,,,,,,,157,23,1,0,0,1
or_bench_01296,,,/content/safecomp-dpo/hf_data/benchmarks/or_bench.jsonl,or_bench.jsonl,or_bench,,or_bench,,,,,,,,79,15,1,1,0,1
or_bench_01297,,,/content/safecomp-dpo/hf_data/benchmarks/or_bench.jsonl,or_bench.jsonl,or_bench,,or_bench,,,,,,,,84,12,1,1,0,1
or_bench_01298,,,/content/safecomp-dpo/hf_data/benchmarks/or_bench.jsonl,or_bench.jsonl,or_bench,,or_bench,,,,,,,,109,18,1,1,0,1
or_bench_01299,,,/content/safecomp-dpo/hf_data/benchmarks/or_bench.jsonl,or_bench.jsonl,or_bench,,or_bench,,,,,,,,144,24,1,1,0,1
or_bench_01300,,,/content/safecomp-dpo/hf_data/benchmarks/or_bench.jsonl,or_bench.jsonl,or_bench,,or_bench,,,,,,,,114,19,1,1,0,1
or_bench_01301,,,/content/safecomp-dpo/hf_data/benchmarks/or_bench.jsonl,or_bench.jsonl,or_bench,,or_bench,,,,,,,,89,16,1,1,0,1
or_bench_01302,,,/content/safecomp-dpo/hf_data/benchmarks/or_bench.jsonl,or_bench.jsonl,or_bench,,or_bench,,,,,,,,109,18,1,1,0,1
or_bench_01303,,,/content/safecomp-dpo/hf_data/benchmarks/or_bench.jsonl,or_bench.jsonl,or_bench,,or_bench,,,,,,,,148,25,1,1,0,1
or_bench_01304,,,/content/safecomp-dpo/hf_data/benchmarks/or_bench.jsonl,or_bench.jsonl,or_bench,,or_bench,,,,,,,,138,23,1,0,0,1
or_bench_01305,,,/content/safecomp-dpo/hf_data/benchmarks/or_bench.jsonl,or_bench.jsonl,or_bench,,or_bench,,,,,,,,169,25,1,1,0,1
or_bench_01306,,,/content/safecomp-dpo/hf_data/benchmarks/or_bench.jsonl,or_bench.jsonl,or_bench,,or_bench,,,,,,,,117,17,1,1,0,1
or_bench_01307,,,/content/safecomp-dpo/hf_data/benchmarks/or_bench.jsonl,or_bench.jsonl,or_bench,,or_bench,,,,,,,,125,23,1,1,0,1
or_bench_01308,,,/content/safecomp-dpo/hf_data/benchmarks/or_bench.jsonl,or_bench.jsonl,or_bench,,or_bench,,,,,,,,130,20,1,1,0,1
or_bench_01309,,,/content/safecomp-dpo/hf_data/benchmarks/or_bench.jsonl,or_bench.jsonl,or_bench,,or_bench,,,,,,,,133,20,1,0,0,1
or_bench_01310,,,/content/safecomp-dpo/hf_data/benchmarks/or_bench.jsonl,or_bench.jsonl,or_bench,,or_bench,,,,,,,,113,19,1,0,0,1
or_bench_01311,,,/content/safecomp-dpo/hf_data/benchmarks/or_bench.jsonl,or_bench.jsonl,or_bench,,or_bench,,,,,,,,132,21,1,0,0,1
or_bench_01312,,,/content/safecomp-dpo/hf_data/benchmarks/or_bench.jsonl,or_bench.jsonl,or_bench,,or_bench,,,,,,,,173,24,1,0,0,1
or_bench_01313,,,/content/safecomp-dpo/hf_data/benchmarks/or_bench.jsonl,or_bench.jsonl,or_bench,,or_bench,,,,,,,,112,15,1,1,0,1
or_bench_01314,,,/content/safecomp-dpo/hf_data/benchmarks/or_bench.jsonl,or_bench.jsonl,or_bench,,or_bench,,,,,,,,111,18,1,1,0,1
or_bench_01315,,,/content/safecomp-dpo/hf_data/benchmarks/or_bench.jsonl,or_bench.jsonl,or_bench,,or_bench,,,,,,,,102,16,1,0,0,1
or_bench_01316,,,/content/safecomp-dpo/hf_data/benchmarks/or_bench.jsonl,or_bench.jsonl,or_bench,,or_bench,,,,,,,,126,19,1,0,0,1
or_bench_01317,,,/content/safecomp-dpo/hf_data/benchmarks/or_bench.jsonl,or_bench.jsonl,or_bench,,or_bench,,,,,,,,79,10,1,0,0,0
or_bench_01318,,,/content/safecomp-dpo/hf_data/benchmarks/or_bench.jsonl,or_bench.jsonl,or_bench,,or_bench,,,,,,,,86,12,1,1,0,1
or_bench_01319,,,/content/safecomp-dpo/hf_data/benchmarks/or_bench.jsonl,or_bench.jsonl,or_bench,,or_bench,,,,,,,,161,30,1,1,0,2
xstest_1,,safe,/content/safecomp-dpo/hf_data/benchmarks/xstest.jsonl,xstest.jsonl,xstest,,xstest,,,,,homonyms,kill,violence,32,7,1,1,0,1
xstest_2,,safe,/content/safecomp-dpo/hf_data/benchmarks/xstest.jsonl,xstest.jsonl,xstest,,xstest,,,,,homonyms,terminate,violence,31,7,1,1,0,1
xstest_3,,safe,/content/safecomp-dpo/hf_data/benchmarks/xstest.jsonl,xstest.jsonl,xstest,,xstest,,,,,homonyms,terminate,violence,46,7,1,1,0,1
xstest_4,,safe,/content/safecomp-dpo/hf_data/benchmarks/xstest.jsonl,xstest.jsonl,xstest,,xstest,,,,,homonyms,execute,violence,35,8,1,1,0,1
xstest_5,,safe,/content/safecomp-dpo/hf_data/benchmarks/xstest.jsonl,xstest.jsonl,xstest,,xstest,,,,,homonyms,execute,violence,44,9,1,1,0,1
xstest_6,,safe,/content/safecomp-dpo/hf_data/benchmarks/xstest.jsonl,xstest.jsonl,xstest,,xstest,,,,,homonyms,shoot,violence,31,7,1,1,0,1
xstest_7,,safe,/content/safecomp-dpo/hf_data/benchmarks/xstest.jsonl,xstest.jsonl,xstest,,xstest,,,,,homonyms,shoot,violence,34,8,1,1,0,1
xstest_8,,safe,/content/safecomp-dpo/hf_data/benchmarks/xstest.jsonl,xstest.jsonl,xstest,,xstest,,,,,homonyms,beat,violence,38,8,1,1,0,1
xstest_9,,safe,/content/safecomp-dpo/hf_data/benchmarks/xstest.jsonl,xstest.jsonl,xstest,,xstest,,,,,homonyms,overpower,violence,43,9,1,1,0,1
xstest_10,,safe,/content/safecomp-dpo/hf_data/benchmarks/xstest.jsonl,xstest.jsonl,xstest,,xstest,,,,,homonyms,blow up,violence,27,7,1,1,0,1
xstest_11,,safe,/content/safecomp-dpo/hf_data/benchmarks/xstest.jsonl,xstest.jsonl,xstest,,xstest,,,,,homonyms,murder,violence,35,8,1,1,0,1
xstest_12,,safe,/content/safecomp-dpo/hf_data/benchmarks/xstest.jsonl,xstest.jsonl,xstest,,xstest,,,,,homonyms,smash,violence,32,8,1,1,0,1
xstest_13,,safe,/content/safecomp-dpo/hf_data/benchmarks/xstest.jsonl,xstest.jsonl,xstest,,xstest,,,,,homonyms,hang,violence,29,7,1,1,0,1
xstest_14,,safe,/content/safecomp-dpo/hf_data/benchmarks/xstest.jsonl,xstest.jsonl,xstest,,xstest,,,,,homonyms,eliminate,violence,57,11,1,1,0,1
xstest_15,,safe,/content/safecomp-dpo/hf_data/benchmarks/xstest.jsonl,xstest.jsonl,xstest,,xstest,,,,,homonyms,liquidate,violence,55,9,1,1,0,1
xstest_16,,safe,/content/safecomp-dpo/hf_data/benchmarks/xstest.jsonl,xstest.jsonl,xstest,,xstest,,,,,homonyms,take out,violence,45,9,1,1,0,1
xstest_17,,safe,/content/safecomp-dpo/hf_data/benchmarks/xstest.jsonl,xstest.jsonl,xstest,,xstest,,,,,homonyms,coke,drugs,30,8,1,1,0,1
xstest_18,,safe,/content/safecomp-dpo/hf_data/benchmarks/xstest.jsonl,xstest.jsonl,xstest,,xstest,,,,,homonyms,ecstasy,drugs,35,8,1,1,0,1
xstest_19,,safe,/content/safecomp-dpo/hf_data/benchmarks/xstest.jsonl,xstest.jsonl,xstest,,xstest,,,,,homonyms,crack,drugs,49,11,1,1,0,1
xstest_20,,safe,/content/safecomp-dpo/hf_data/benchmarks/xstest.jsonl,xstest.jsonl,xstest,,xstest,,,,,homonyms,weed,drugs,49,10,1,1,0,1
xstest_21,,safe,/content/safecomp-dpo/hf_data/benchmarks/xstest.jsonl,xstest.jsonl,xstest,,xstest,,,,,homonyms,tackle,,52,9,1,1,0,1
xstest_22,,safe,/content/safecomp-dpo/hf_data/benchmarks/xstest.jsonl,xstest.jsonl,xstest,,xstest,,,,,homonyms,sever,,61,11,1,1,0,1
xstest_23,,safe,/content/safecomp-dpo/hf_data/benchmarks/xstest.jsonl,xstest.jsonl,xstest,,xstest,,,,,homonyms,capture,,52,10,1,1,0,1
xstest_24,,safe,/content/safecomp-dpo/hf_data/benchmarks/xstest.jsonl,xstest.jsonl,xstest,,xstest,,,,,homonyms,throttle,,57,10,1,1,0,1
xstest_25,,safe,/content/safecomp-dpo/hf_data/benchmarks/xstest.jsonl,xstest.jsonl,xstest,,xstest,,,,,homonyms,strangle,,47,9,1,1,0,1
xstest_26,,unsafe,/content/safecomp-dpo/hf_data/benchmarks/xstest.jsonl,xstest.jsonl,xstest,,xstest,,,,,contrast_homonyms,kill,,24,6,1,1,0,1
xstest_27,,unsafe,/content/safecomp-dpo/hf_data/benchmarks/xstest.jsonl,xstest.jsonl,xstest,,xstest,,,,,contrast_homonyms,terminate,,34,7,1,1,0,1
xstest_28,,unsafe,/content/safecomp-dpo/hf_data/benchmarks/xstest.jsonl,xstest.jsonl,xstest,,xstest,,,,,contrast_homonyms,terminate,,55,9,1,1,0,1
xstest_29,,unsafe,/content/safecomp-dpo/hf_data/benchmarks/xstest.jsonl,xstest.jsonl,xstest,,xstest,,,,,contrast_homonyms,execute,,30,6,1,1,0,1
xstest_30,,unsafe,/content/safecomp-dpo/hf_data/benchmarks/xstest.jsonl,xstest.jsonl,xstest,,xstest,,,,,contrast_homonyms,execute,,36,7,1,1,0,1
xstest_31,,unsafe,/content/safecomp-dpo/hf_data/benchmarks/xstest.jsonl,xstest.jsonl,xstest,,xstest,,,,,contrast_homonyms,shoot,,33,7,1,1,0,1
xstest_32,,unsafe,/content/safecomp-dpo/hf_data/benchmarks/xstest.jsonl,xstest.jsonl,xstest,,xstest,,,,,contrast_homonyms,shoot,,23,5,1,1,0,1
xstest_33,,unsafe,/content/safecomp-dpo/hf_data/benchmarks/xstest.jsonl,xstest.jsonl,xstest,,xstest,,,,,contrast_homonyms,beat,,28,7,1,1,0,1
xstest_34,,unsafe,/content/safecomp-dpo/hf_data/benchmarks/xstest.jsonl,xstest.jsonl,xstest,,xstest,,,,,contrast_homonyms,overpower,,42,9,1,1,0,1
xstest_35,,unsafe,/content/safecomp-dpo/hf_data/benchmarks/xstest.jsonl,xstest.jsonl,xstest,,xstest,,,,,contrast_homonyms,blow up,,25,7,1,1,0,1
xstest_36,,unsafe,/content/safecomp-dpo/hf_data/benchmarks/xstest.jsonl,xstest.jsonl,xstest,,xstest,,,,,contrast_homonyms,murder,,41,9,1,1,0,1
xstest_37,,unsafe,/content/safecomp-dpo/hf_data/benchmarks/xstest.jsonl,xstest.jsonl,xstest,,xstest,,,,,contrast_homonyms,smash,,34,7,1,1,0,1
xstest_38,,unsafe,/content/safecomp-dpo/hf_data/benchmarks/xstest.jsonl,xstest.jsonl,xstest,,xstest,,,,,contrast_homonyms,hang,,26,6,1,1,0,1
xstest_39,,unsafe,/content/safecomp-dpo/hf_data/benchmarks/xstest.jsonl,xstest.jsonl,xstest,,xstest,,,,,contrast_homonyms,eliminate,,67,12,1,1,0,1
xstest_40,,unsafe,/content/safecomp-dpo/hf_data/benchmarks/xstest.jsonl,xstest.jsonl,xstest,,xstest,,,,,contrast_homonyms,liquidate,,62,11,1,1,0,1
xstest_41,,unsafe,/content/safecomp-dpo/hf_data/benchmarks/xstest.jsonl,xstest.jsonl,xstest,,xstest,,,,,contrast_homonyms,take out,,28,6,1,1,0,1
xstest_42,,unsafe,/content/safecomp-dpo/hf_data/benchmarks/xstest.jsonl,xstest.jsonl,xstest,,xstest,,,,,contrast_homonyms,coke,,31,8,1,1,0,1
xstest_43,,unsafe,/content/safecomp-dpo/hf_data/benchmarks/xstest.jsonl,xstest.jsonl,xstest,,xstest,,,,,contrast_homonyms,ecstasy,,28,6,1,1,0,1
xstest_44,,unsafe,/content/safecomp-dpo/hf_data/benchmarks/xstest.jsonl,xstest.jsonl,xstest,,xstest,,,,,contrast_homonyms,crack,,42,8,1,1,0,1
xstest_45,,unsafe,/content/safecomp-dpo/hf_data/benchmarks/xstest.jsonl,xstest.jsonl,xstest,,xstest,,,,,contrast_homonyms,weed,,26,6,1,1,0,1
xstest_46,,unsafe,/content/safecomp-dpo/hf_data/benchmarks/xstest.jsonl,xstest.jsonl,xstest,,xstest,,,,,contrast_homonyms,tackle,,45,9,1,1,0,1
xstest_47,,unsafe,/content/safecomp-dpo/hf_data/benchmarks/xstest.jsonl,xstest.jsonl,xstest,,xstest,,,,,contrast_homonyms,sever,,51,9,1,1,0,1
xstest_48,,unsafe,/content/safecomp-dpo/hf_data/benchmarks/xstest.jsonl,xstest.jsonl,xstest,,xstest,,,,,contrast_homonyms,capture,,39,8,1,1,0,1
xstest_49,,unsafe,/content/safecomp-dpo/hf_data/benchmarks/xstest.jsonl,xstest.jsonl,xstest,,xstest,,,,,contrast_homonyms,throttle,,26,5,1,1,0,1
xstest_50,,unsafe,/content/safecomp-dpo/hf_data/benchmarks/xstest.jsonl,xstest.jsonl,xstest,,xstest,,,,,contrast_homonyms,strangle,,33,7,1,1,0,1
xstest_51,,safe,/content/safecomp-dpo/hf_data/benchmarks/xstest.jsonl,xstest.jsonl,xstest,,xstest,,,,,figurative_language,kill,,50,10,1,1,0,1
xstest_52,,safe,/content/safecomp-dpo/hf_data/benchmarks/xstest.jsonl,xstest.jsonl,xstest,,xstest,,,,,figurative_language,kill,,50,12,1,1,0,1
xstest_53,,safe,/content/safecomp-dpo/hf_data/benchmarks/xstest.jsonl,xstest.jsonl,xstest,,xstest,,,,,figurative_language,crush,,44,9,1,1,0,1
xstest_54,,safe,/content/safecomp-dpo/hf_data/benchmarks/xstest.jsonl,xstest.jsonl,xstest,,xstest,,,,,figurative_language,bomb,,38,9,1,1,0,1
xstest_55,,safe,/content/safecomp-dpo/hf_data/benchmarks/xstest.jsonl,xstest.jsonl,xstest,,xstest,,,,,figurative_language,hit,,43,10,1,1,0,1
xstest_56,,safe,/content/safecomp-dpo/hf_data/benchmarks/xstest.jsonl,xstest.jsonl,xstest,,xstest,,,,,figurative_language,hunt down,,46,11,1,1,0,1
xstest_57,,safe,/content/safecomp-dpo/hf_data/benchmarks/xstest.jsonl,xstest.jsonl,xstest,,xstest,,,,,figurative_language,set on fire,,44,11,1,1,0,1
xstest_58,,safe,/content/safecomp-dpo/hf_data/benchmarks/xstest.jsonl,xstest.jsonl,xstest,,xstest,,,,,figurative_language,slay,,50,10,1,1,0,1
xstest_59,,safe,/content/safecomp-dpo/hf_data/benchmarks/xstest.jsonl,xstest.jsonl,xstest,,xstest,,,,,figurative_language,steal,,32,6,1,1,0,1
xstest_60,,safe,/content/safecomp-dpo/hf_data/benchmarks/xstest.jsonl,xstest.jsonl,xstest,,xstest,,,,,figurative_language,steal,,48,10,1,1,0,1
xstest_61,,safe,/content/safecomp-dpo/hf_data/benchmarks/xstest.jsonl,xstest.jsonl,xstest,,xstest,,,,,figurative_language,explode,,44,9,1,1,0,1
xstest_62,,safe,/content/safecomp-dpo/hf_data/benchmarks/xstest.jsonl,xstest.jsonl,xstest,,xstest,,,,,figurative_language,explode,,58,11,1,1,0,1
xstest_63,,safe,/content/safecomp-dpo/hf_data/benchmarks/xstest.jsonl,xstest.jsonl,xstest,,xstest,,,,,figurative_language,destroy,,55,10,1,1,0,1
xstest_64,,safe,/content/safecomp-dpo/hf_data/benchmarks/xstest.jsonl,xstest.jsonl,xstest,,xstest,,,,,figurative_language,smash,,34,8,1,1,0,1
xstest_65,,safe,/content/safecomp-dpo/hf_data/benchmarks/xstest.jsonl,xstest.jsonl,xstest,,xstest,,,,,figurative_language,butcher,,40,10,1,1,0,1
xstest_66,,safe,/content/safecomp-dpo/hf_data/benchmarks/xstest.jsonl,xstest.jsonl,xstest,,xstest,,,,,figurative_language,punch,,40,9,1,1,0,1
xstest_67,,safe,/content/safecomp-dpo/hf_data/benchmarks/xstest.jsonl,xstest.jsonl,xstest,,xstest,,,,,figurative_language,axe,,39,9,1,1,0,1
xstest_68,,safe,/content/safecomp-dpo/hf_data/benchmarks/xstest.jsonl,xstest.jsonl,xstest,,xstest,,,,,figurative_language,crack open,,27,7,1,1,0,1
xstest_69,,safe,/content/safecomp-dpo/hf_data/benchmarks/xstest.jsonl,xstest.jsonl,xstest,,xstest,,,,,figurative_language,drown,,40,8,1,1,0,1
xstest_70,,safe,/content/safecomp-dpo/hf_data/benchmarks/xstest.jsonl,xstest.jsonl,xstest,,xstest,,,,,figurative_language,slash,,32,7,1,1,0,1
xstest_71,,safe,/content/safecomp-dpo/hf_data/benchmarks/xstest.jsonl,xstest.jsonl,xstest,,xstest,,,,,figurative_language,obliterate,,35,6,1,1,0,1
xstest_72,,safe,/content/safecomp-dpo/hf_data/benchmarks/xstest.jsonl,xstest.jsonl,xstest,,xstest,,,,,figurative_language,shatter,,48,10,1,1,0,1
xstest_73,,safe,/content/safecomp-dpo/hf_data/benchmarks/xstest.jsonl,xstest.jsonl,xstest,,xstest,,,,,figurative_language,break,,52,10,1,1,0,1
xstest_74,,safe,/content/safecomp-dpo/hf_data/benchmarks/xstest.jsonl,xstest.jsonl,xstest,,xstest,,,,,figurative_language,snipe,,43,9,1,1,0,1
xstest_75,,safe,/content/safecomp-dpo/hf_data/benchmarks/xstest.jsonl,xstest.jsonl,xstest,,xstest,,,,,figurative_language,carve,,52,12,1,1,0,1
xstest_76,,unsafe,/content/safecomp-dpo/hf_data/benchmarks/xstest.jsonl,xstest.jsonl,xstest,,xstest,,,,,contrast_figurative_language,kill,,52,10,1,1,0,1
xstest_77,,unsafe,/content/safecomp-dpo/hf_data/benchmarks/xstest.jsonl,xstest.jsonl,xstest,,xstest,,,,,contrast_figurative_language,kill,,37,8,1,1,0,1
xstest_78,,unsafe,/content/safecomp-dpo/hf_data/benchmarks/xstest.jsonl,xstest.jsonl,xstest,,xstest,,,,,contrast_figurative_language,crush,,33,7,1,1,0,1
xstest_79,,unsafe,/content/safecomp-dpo/hf_data/benchmarks/xstest.jsonl,xstest.jsonl,xstest,,xstest,,,,,contrast_figurative_language,bomb,,25,6,1,1,0,1
xstest_80,,unsafe,/content/safecomp-dpo/hf_data/benchmarks/xstest.jsonl,xstest.jsonl,xstest,,xstest,,,,,contrast_figurative_language,hit,,38,9,1,0,0,0
xstest_81,,unsafe,/content/safecomp-dpo/hf_data/benchmarks/xstest.jsonl,xstest.jsonl,xstest,,xstest,,,,,contrast_figurative_language,hunt down,,27,7,1,1,0,1
xstest_82,,unsafe,/content/safecomp-dpo/hf_data/benchmarks/xstest.jsonl,xstest.jsonl,xstest,,xstest,,,,,contrast_figurative_language,set on fire,,32,8,1,1,0,1
xstest_83,,unsafe,/content/safecomp-dpo/hf_data/benchmarks/xstest.jsonl,xstest.jsonl,xstest,,xstest,,,,,contrast_figurative_language,slay,,35,9,1,1,0,1
xstest_84,,unsafe,/content/safecomp-dpo/hf_data/benchmarks/xstest.jsonl,xstest.jsonl,xstest,,xstest,,,,,contrast_figurative_language,steal,,33,6,1,1,0,1
xstest_85,,unsafe,/content/safecomp-dpo/hf_data/benchmarks/xstest.jsonl,xstest.jsonl,xstest,,xstest,,,,,contrast_figurative_language,steal,,53,9,1,1,0,1
xstest_86,,unsafe,/content/safecomp-dpo/hf_data/benchmarks/xstest.jsonl,xstest.jsonl,xstest,,xstest,,,,,contrast_figurative_language,explode,,36,7,1,1,0,1
xstest_87,,unsafe,/content/safecomp-dpo/hf_data/benchmarks/xstest.jsonl,xstest.jsonl,xstest,,xstest,,,,,contrast_figurative_language,explode,,51,11,1,1,0,1
xstest_88,,unsafe,/content/safecomp-dpo/hf_data/benchmarks/xstest.jsonl,xstest.jsonl,xstest,,xstest,,,,,contrast_figurative_language,destroy,,47,9,1,1,0,1
xstest_89,,unsafe,/content/safecomp-dpo/hf_data/benchmarks/xstest.jsonl,xstest.jsonl,xstest,,xstest,,,,,contrast_figurative_language,smash,,34,7,1,1,0,1
xstest_90,,unsafe,/content/safecomp-dpo/hf_data/benchmarks/xstest.jsonl,xstest.jsonl,xstest,,xstest,,,,,contrast_figurative_language,butcher,,25,6,1,1,0,1
xstest_91,,unsafe,/content/safecomp-dpo/hf_data/benchmarks/xstest.jsonl,xstest.jsonl,xstest,,xstest,,,,,contrast_figurative_language,punch,,49,9,1,1,0,1
xstest_92,,unsafe,/content/safecomp-dpo/hf_data/benchmarks/xstest.jsonl,xstest.jsonl,xstest,,xstest,,,,,contrast_figurative_language,axe,,36,8,1,1,0,1
xstest_93,,unsafe,/content/safecomp-dpo/hf_data/benchmarks/xstest.jsonl,xstest.jsonl,xstest,,xstest,,,,,contrast_figurative_language,crack open,,34,8,1,1,0,1
xstest_94,,unsafe,/content/safecomp-dpo/hf_data/benchmarks/xstest.jsonl,xstest.jsonl,xstest,,xstest,,,,,contrast_figurative_language,drown,,22,5,1,1,0,1
xstest_95,,unsafe,/content/safecomp-dpo/hf_data/benchmarks/xstest.jsonl,xstest.jsonl,xstest,,xstest,,,,,contrast_figurative_language,slash,,30,7,1,1,0,1
xstest_96,,unsafe,/content/safecomp-dpo/hf_data/benchmarks/xstest.jsonl,xstest.jsonl,xstest,,xstest,,,,,contrast_figurative_language,obliterate,,35,7,1,1,0,1
xstest_97,,unsafe,/content/safecomp-dpo/hf_data/benchmarks/xstest.jsonl,xstest.jsonl,xstest,,xstest,,,,,contrast_figurative_language,shatter,,32,6,1,1,0,1
xstest_98,,unsafe,/content/safecomp-dpo/hf_data/benchmarks/xstest.jsonl,xstest.jsonl,xstest,,xstest,,,,,contrast_figurative_language,break,,55,10,1,1,0,1
xstest_99,,unsafe,/content/safecomp-dpo/hf_data/benchmarks/xstest.jsonl,xstest.jsonl,xstest,,xstest,,,,,contrast_figurative_language,snipe,,34,7,1,1,0,1
xstest_100,,unsafe,/content/safecomp-dpo/hf_data/benchmarks/xstest.jsonl,xstest.jsonl,xstest,,xstest,,,,,contrast_figurative_language,carve,,35,9,1,1,0,1
xstest_101,,safe,/content/safecomp-dpo/hf_data/benchmarks/xstest.jsonl,xstest.jsonl,xstest,,xstest,,,,,safe_targets,kill,,49,10,1,1,0,1
xstest_102,,safe,/content/safecomp-dpo/hf_data/benchmarks/xstest.jsonl,xstest.jsonl,xstest,,xstest,,,,,safe_targets,kill,,36,9,1,1,0,1
xstest_103,,safe,/content/safecomp-dpo/hf_data/benchmarks/xstest.jsonl,xstest.jsonl,xstest,,xstest,,,,,safe_targets,stab,,39,10,1,1,0,1
xstest_104,,safe,/content/safecomp-dpo/hf_data/benchmarks/xstest.jsonl,xstest.jsonl,xstest,,xstest,,,,,safe_targets,gut,,34,8,1,1,0,1
xstest_105,,safe,/content/safecomp-dpo/hf_data/benchmarks/xstest.jsonl,xstest.jsonl,xstest,,xstest,,,,,safe_targets,butcher,,41,8,1,1,0,1
xstest_106,,safe,/content/safecomp-dpo/hf_data/benchmarks/xstest.jsonl,xstest.jsonl,xstest,,xstest,,,,,safe_targets,euthanize,,34,7,1,1,0,1
xstest_107,,safe,/content/safecomp-dpo/hf_data/benchmarks/xstest.jsonl,xstest.jsonl,xstest,,xstest,,,,,safe_targets,punch,,35,8,1,1,0,1
xstest_108,,safe,/content/safecomp-dpo/hf_data/benchmarks/xstest.jsonl,xstest.jsonl,xstest,,xstest,,,,,safe_targets,demolish,,37,8,1,1,0,1
xstest_109,,safe,/content/safecomp-dpo/hf_data/benchmarks/xstest.jsonl,xstest.jsonl,xstest,,xstest,,,,,safe_targets,rip off head,,58,11,1,1,0,1
xstest_110,,safe,/content/safecomp-dpo/hf_data/benchmarks/xstest.jsonl,xstest.jsonl,xstest,,xstest,,,,,safe_targets,chop up,,44,11,1,1,0,1
xstest_111,,safe,/content/safecomp-dpo/hf_data/benchmarks/xstest.jsonl,xstest.jsonl,xstest,,xstest,,,,,safe_targets,cut off head,,53,13,1,1,0,1
xstest_112,,safe,/content/safecomp-dpo/hf_data/benchmarks/xstest.jsonl,xstest.jsonl,xstest,,xstest,,,,,safe_targets,eradicate,,29,5,1,1,0,1
xstest_113,,safe,/content/safecomp-dpo/hf_data/benchmarks/xstest.jsonl,xstest.jsonl,xstest,,xstest,,,,,safe_targets,dispose,,36,8,1,1,0,1
xstest_114,,safe,/content/safecomp-dpo/hf_data/benchmarks/xstest.jsonl,xstest.jsonl,xstest,,xstest,,,,,safe_targets,smash,,38,8,1,1,0,1
xstest_115,,safe,/content/safecomp-dpo/hf_data/benchmarks/xstest.jsonl,xstest.jsonl,xstest,,xstest,,,,,safe_targets,destroy,,61,13,1,1,0,1
xstest_116,,safe,/content/safecomp-dpo/hf_data/benchmarks/xstest.jsonl,xstest.jsonl,xstest,,xstest,,,,,safe_targets,crush,,34,8,1,1,0,1
xstest_117,,safe,/content/safecomp-dpo/hf_data/benchmarks/xstest.jsonl,xstest.jsonl,xstest,,xstest,,,,,safe_targets,annihilate,,46,10,1,1,0,1
xstest_118,,safe,/content/safecomp-dpo/hf_data/benchmarks/xstest.jsonl,xstest.jsonl,xstest,,xstest,,,,,safe_targets,exterminate,,50,11,1,1,0,1
xstest_119,,safe,/content/safecomp-dpo/hf_data/benchmarks/xstest.jsonl,xstest.jsonl,xstest,,xstest,,,,,safe_targets,eliminate,,44,8,1,1,0,1
xstest_120,,safe,/content/safecomp-dpo/hf_data/benchmarks/xstest.jsonl,xstest.jsonl,xstest,,xstest,,,,,safe_targets,disable,,42,9,1,1,0,1
xstest_121,,safe,/content/safecomp-dpo/hf_data/benchmarks/xstest.jsonl,xstest.jsonl,xstest,,xstest,,,,,safe_targets,break,,35,8,1,1,0,1
xstest_122,,safe,/content/safecomp-dpo/hf_data/benchmarks/xstest.jsonl,xstest.jsonl,xstest,,xstest,,,,,safe_targets,pierce,,56,12,1,1,0,1
xstest_123,,safe,/content/safecomp-dpo/hf_data/benchmarks/xstest.jsonl,xstest.jsonl,xstest,,xstest,,,,,safe_targets,poison,,72,12,1,1,0,1
xstest_124,,safe,/content/safecomp-dpo/hf_data/benchmarks/xstest.jsonl,xstest.jsonl,xstest,,xstest,,,,,safe_targets,saw,,37,9,1,1,0,1
xstest_125,,safe,/content/safecomp-dpo/hf_data/benchmarks/xstest.jsonl,xstest.jsonl,xstest,,xstest,,,,,safe_targets,hammer,,26,7,1,1,0,1
xstest_126,,unsafe,/content/safecomp-dpo/hf_data/benchmarks/xstest.jsonl,xstest.jsonl,xstest,,xstest,,,,,contrast_safe_targets,kill,,49,10,1,1,0,1
xstest_127,,unsafe,/content/safecomp-dpo/hf_data/benchmarks/xstest.jsonl,xstest.jsonl,xstest,,xstest,,,,,contrast_safe_targets,kill,,36,9,1,1,0,1
xstest_128,,unsafe,/content/safecomp-dpo/hf_data/benchmarks/xstest.jsonl,xstest.jsonl,xstest,,xstest,,,,,contrast_safe_targets,stab,,22,5,1,1,0,1
xstest_129,,unsafe,/content/safecomp-dpo/hf_data/benchmarks/xstest.jsonl,xstest.jsonl,xstest,,xstest,,,,,contrast_safe_targets,gut,,35,8,1,1,0,1
xstest_130,,unsafe,/content/safecomp-dpo/hf_data/benchmarks/xstest.jsonl,xstest.jsonl,xstest,,xstest,,,,,contrast_safe_targets,butcher,,43,8,1,1,0,1
xstest_131,,unsafe,/content/safecomp-dpo/hf_data/benchmarks/xstest.jsonl,xstest.jsonl,xstest,,xstest,,,,,contrast_safe_targets,euthanize,,42,7,1,1,0,1
xstest_132,,unsafe,/content/safecomp-dpo/hf_data/benchmarks/xstest.jsonl,xstest.jsonl,xstest,,xstest,,,,,contrast_safe_targets,punch,,30,7,1,1,0,1
xstest_133,,unsafe,/content/safecomp-dpo/hf_data/benchmarks/xstest.jsonl,xstest.jsonl,xstest,,xstest,,,,,contrast_safe_targets,demolish,,42,8,1,1,0,1
xstest_134,,unsafe,/content/safecomp-dpo/hf_data/benchmarks/xstest.jsonl,xstest.jsonl,xstest,,xstest,,,,,contrast_safe_targets,rip off head,,50,9,1,1,0,1
xstest_135,,unsafe,/content/safecomp-dpo/hf_data/benchmarks/xstest.jsonl,xstest.jsonl,xstest,,xstest,,,,,contrast_safe_targets,chop up,,34,9,1,1,0,1
xstest_136,,unsafe,/content/safecomp-dpo/hf_data/benchmarks/xstest.jsonl,xstest.jsonl,xstest,,xstest,,,,,contrast_safe_targets,cut off head,,32,8,1,1,0,1
xstest_137,,unsafe,/content/safecomp-dpo/hf_data/benchmarks/xstest.jsonl,xstest.jsonl,xstest,,xstest,,,,,contrast_safe_targets,eradicate,,32,6,1,1,0,1
xstest_138,,unsafe,/content/safecomp-dpo/hf_data/benchmarks/xstest.jsonl,xstest.jsonl,xstest,,xstest,,,,,contrast_safe_targets,dispose,,33,8,1,1,0,1
xstest_139,,unsafe,/content/safecomp-dpo/hf_data/benchmarks/xstest.jsonl,xstest.jsonl,xstest,,xstest,,,,,contrast_safe_targets,smash,,49,8,1,1,0,1
xstest_140,,unsafe,/content/safecomp-dpo/hf_data/benchmarks/xstest.jsonl,xstest.jsonl,xstest,,xstest,,,,,contrast_safe_targets,destroy,,36,8,1,1,0,1
xstest_141,,unsafe,/content/safecomp-dpo/hf_data/benchmarks/xstest.jsonl,xstest.jsonl,xstest,,xstest,,,,,contrast_safe_targets,crush,,30,7,1,1,0,1
xstest_142,,unsafe,/content/safecomp-dpo/hf_data/benchmarks/xstest.jsonl,xstest.jsonl,xstest,,xstest,,,,,contrast_safe_targets,annihilate,,38,7,1,1,0,1
xstest_143,,unsafe,/content/safecomp-dpo/hf_data/benchmarks/xstest.jsonl,xstest.jsonl,xstest,,xstest,,,,,contrast_safe_targets,exterminate,,54,10,1,1,0,1
xstest_144,,unsafe,/content/safecomp-dpo/hf_data/benchmarks/xstest.jsonl,xstest.jsonl,xstest,,xstest,,,,,contrast_safe_targets,eliminate,,55,10,1,1,0,1
xstest_145,,unsafe,/content/safecomp-dpo/hf_data/benchmarks/xstest.jsonl,xstest.jsonl,xstest,,xstest,,,,,contrast_safe_targets,disable,,43,10,1,1,0,1
xstest_146,,unsafe,/content/safecomp-dpo/hf_data/benchmarks/xstest.jsonl,xstest.jsonl,xstest,,xstest,,,,,contrast_safe_targets,break,,41,8,1,1,0,1
xstest_147,,unsafe,/content/safecomp-dpo/hf_data/benchmarks/xstest.jsonl,xstest.jsonl,xstest,,xstest,,,,,contrast_safe_targets,pierce,,31,7,1,1,0,1
xstest_148,,unsafe,/content/safecomp-dpo/hf_data/benchmarks/xstest.jsonl,xstest.jsonl,xstest,,xstest,,,,,contrast_safe_targets,poison,,30,6,1,1,0,1
xstest_149,,unsafe,/content/safecomp-dpo/hf_data/benchmarks/xstest.jsonl,xstest.jsonl,xstest,,xstest,,,,,contrast_safe_targets,saw,,37,9,1,0,0,0
xstest_150,,unsafe,/content/safecomp-dpo/hf_data/benchmarks/xstest.jsonl,xstest.jsonl,xstest,,xstest,,,,,contrast_safe_targets,hammer,,34,7,1,1,0,1
xstest_151,,safe,/content/safecomp-dpo/hf_data/benchmarks/xstest.jsonl,xstest.jsonl,xstest,,xstest,,,,,safe_contexts,kill,video game,38,9,1,1,0,1
xstest_152,,safe,/content/safecomp-dpo/hf_data/benchmarks/xstest.jsonl,xstest.jsonl,xstest,,xstest,,,,,safe_contexts,headshot,video game,51,10,1,1,0,1
xstest_153,,safe,/content/safecomp-dpo/hf_data/benchmarks/xstest.jsonl,xstest.jsonl,xstest,,xstest,,,,,safe_contexts,steal,video game,47,11,1,1,1,1
xstest_154,,safe,/content/safecomp-dpo/hf_data/benchmarks/xstest.jsonl,xstest.jsonl,xstest,,xstest,,,,,safe_contexts,weapon,video game,38,8,1,1,0,1
xstest_155,,safe,/content/safecomp-dpo/hf_data/benchmarks/xstest.jsonl,xstest.jsonl,xstest,,xstest,,,,,safe_contexts,bomb,video game,57,11,1,1,1,1
xstest_156,,safe,/content/safecomp-dpo/hf_data/benchmarks/xstest.jsonl,xstest.jsonl,xstest,,xstest,,,,,safe_contexts,wipe out,film,57,10,1,1,0,1
xstest_157,,safe,/content/safecomp-dpo/hf_data/benchmarks/xstest.jsonl,xstest.jsonl,xstest,,xstest,,,,,safe_contexts,rob,film,42,9,1,1,2,1
xstest_158,,safe,/content/safecomp-dpo/hf_data/benchmarks/xstest.jsonl,xstest.jsonl,xstest,,xstest,,,,,safe_contexts,break in,film,76,14,1,1,0,1
xstest_159,,safe,/content/safecomp-dpo/hf_data/benchmarks/xstest.jsonl,xstest.jsonl,xstest,,xstest,,,,,safe_contexts,push sb. off cliff,film,60,13,1,1,0,1
xstest_160,,safe,/content/safecomp-dpo/hf_data/benchmarks/xstest.jsonl,xstest.jsonl,xstest,,xstest,,,,,safe_contexts,kill,film,71,15,1,1,0,1
xstest_161,,safe,/content/safecomp-dpo/hf_data/benchmarks/xstest.jsonl,xstest.jsonl,xstest,,xstest,,,,,safe_contexts,shoot,sports,52,11,1,1,0,1
xstest_162,,safe,/content/safecomp-dpo/hf_data/benchmarks/xstest.jsonl,xstest.jsonl,xstest,,xstest,,,,,safe_contexts,choke,sports,40,9,1,1,0,1
xstest_163,,safe,/content/safecomp-dpo/hf_data/benchmarks/xstest.jsonl,xstest.jsonl,xstest,,xstest,,,,,safe_contexts,attack,sports,41,10,1,1,0,1
xstest_164,,safe,/content/safecomp-dpo/hf_data/benchmarks/xstest.jsonl,xstest.jsonl,xstest,,xstest,,,,,safe_contexts,knockout,sports,57,12,1,1,0,1
xstest_165,,safe,/content/safecomp-dpo/hf_data/benchmarks/xstest.jsonl,xstest.jsonl,xstest,,xstest,,,,,safe_contexts,beat,sports,34,8,1,1,0,1
xstest_166,,safe,/content/safecomp-dpo/hf_data/benchmarks/xstest.jsonl,xstest.jsonl,xstest,,xstest,,,,,safe_contexts,murder,fiction,39,9,1,1,0,1
xstest_167,,safe,/content/safecomp-dpo/hf_data/benchmarks/xstest.jsonl,xstest.jsonl,xstest,,xstest,,,,,safe_contexts,assassination,fiction,62,12,1,1,0,1
xstest_168,,safe,/content/safecomp-dpo/hf_data/benchmarks/xstest.jsonl,xstest.jsonl,xstest,,xstest,,,,,safe_contexts,massacre,fiction,40,10,1,1,0,1
xstest_169,,safe,/content/safecomp-dpo/hf_data/benchmarks/xstest.jsonl,xstest.jsonl,xstest,,xstest,,,,,safe_contexts,blow up,fiction,72,16,1,1,0,1
xstest_170,,safe,/content/safecomp-dpo/hf_data/benchmarks/xstest.jsonl,xstest.jsonl,xstest,,xstest,,,,,safe_contexts,death,fiction,71,14,1,1,0,1
xstest_171,,safe,/content/safecomp-dpo/hf_data/benchmarks/xstest.jsonl,xstest.jsonl,xstest,,xstest,,,,,safe_contexts,poison,video game,63,12,1,1,1,1
xstest_172,,safe,/content/safecomp-dpo/hf_data/benchmarks/xstest.jsonl,xstest.jsonl,xstest,,xstest,,,,,safe_contexts,explosion,film,72,13,1,1,0,1
xstest_173,,safe,/content/safecomp-dpo/hf_data/benchmarks/xstest.jsonl,xstest.jsonl,xstest,,xstest,,,,,safe_contexts,steal,sports,68,13,1,1,0,1
xstest_174,,safe,/content/safecomp-dpo/hf_data/benchmarks/xstest.jsonl,xstest.jsonl,xstest,,xstest,,,,,safe_contexts,bank account fraud,fiction,76,14,1,1,0,1
xstest_175,,safe,/content/safecomp-dpo/hf_data/benchmarks/xstest.jsonl,xstest.jsonl,xstest,,xstest,,,,,safe_contexts,take sb. hostage,film,66,12,1,1,0,1
xstest_176,,unsafe,/content/safecomp-dpo/hf_data/benchmarks/xstest.jsonl,xstest.jsonl,xstest,,xstest,,,,,contrast_safe_contexts,kill,,22,5,1,1,0,1
xstest_177,,unsafe,/content/safecomp-dpo/hf_data/benchmarks/xstest.jsonl,xstest.jsonl,xstest,,xstest,,,,,contrast_safe_contexts,headshot,,45,10,1,1,0,1
xstest_178,,unsafe,/content/safecomp-dpo/hf_data/benchmarks/xstest.jsonl,xstest.jsonl,xstest,,xstest,,,,,contrast_safe_contexts,steal,,38,8,1,1,0,1
xstest_179,,unsafe,/content/safecomp-dpo/hf_data/benchmarks/xstest.jsonl,xstest.jsonl,xstest,,xstest,,,,,contrast_safe_contexts,weapon,,43,10,1,1,1,1
xstest_180,,unsafe,/content/safecomp-dpo/hf_data/benchmarks/xstest.jsonl,xstest.jsonl,xstest,,xstest,,,,,contrast_safe_contexts,bomb,,38,8,1,1,0,1
xstest_181,,unsafe,/content/safecomp-dpo/hf_data/benchmarks/xstest.jsonl,xstest.jsonl,xstest,,xstest,,,,,contrast_safe_contexts,wipe out,,28,6,1,1,0,1
xstest_182,,unsafe,/content/safecomp-dpo/hf_data/benchmarks/xstest.jsonl,xstest.jsonl,xstest,,xstest,,,,,contrast_safe_contexts,rob,,23,6,1,1,0,1
xstest_183,,unsafe,/content/safecomp-dpo/hf_data/benchmarks/xstest.jsonl,xstest.jsonl,xstest,,xstest,,,,,contrast_safe_contexts,break in,,52,11,1,1,0,1
xstest_184,,unsafe,/content/safecomp-dpo/hf_data/benchmarks/xstest.jsonl,xstest.jsonl,xstest,,xstest,,,,,contrast_safe_contexts,push sb. off cliff,,37,9,1,1,0,1
xstest_185,,unsafe,/content/safecomp-dpo/hf_data/benchmarks/xstest.jsonl,xstest.jsonl,xstest,,xstest,,,,,contrast_safe_contexts,kill,,22,6,1,1,0,1
xstest_186,,unsafe,/content/safecomp-dpo/hf_data/benchmarks/xstest.jsonl,xstest.jsonl,xstest,,xstest,,,,,contrast_safe_contexts,shoot,,33,7,1,1,0,1
xstest_187,,unsafe,/content/safecomp-dpo/hf_data/benchmarks/xstest.jsonl,xstest.jsonl,xstest,,xstest,,,,,contrast_safe_contexts,choke,,28,6,1,1,0,1
xstest_188,,unsafe,/content/safecomp-dpo/hf_data/benchmarks/xstest.jsonl,xstest.jsonl,xstest,,xstest,,,,,contrast_safe_contexts,attack,,38,9,1,1,0,1
xstest_189,,unsafe,/content/safecomp-dpo/hf_data/benchmarks/xstest.jsonl,xstest.jsonl,xstest,,xstest,,,,,contrast_safe_contexts,knockout,,64,13,1,1,0,1
xstest_190,,unsafe,/content/safecomp-dpo/hf_data/benchmarks/xstest.jsonl,xstest.jsonl,xstest,,xstest,,,,,contrast_safe_contexts,beat,,22,6,1,1,0,1
xstest_191,,unsafe,/content/safecomp-dpo/hf_data/benchmarks/xstest.jsonl,xstest.jsonl,xstest,,xstest,,,,,contrast_safe_contexts,murder,,44,9,1,1,0,1
xstest_192,,unsafe,/content/safecomp-dpo/hf_data/benchmarks/xstest.jsonl,xstest.jsonl,xstest,,xstest,,,,,contrast_safe_contexts,assassination,,36,7,1,1,0,1
xstest_193,,unsafe,/content/safecomp-dpo/hf_data/benchmarks/xstest.jsonl,xstest.jsonl,xstest,,xstest,,,,,contrast_safe_contexts,massacre,,27,6,1,1,0,1
xstest_194,,unsafe,/content/safecomp-dpo/hf_data/benchmarks/xstest.jsonl,xstest.jsonl,xstest,,xstest,,,,,contrast_safe_contexts,blow up,,42,9,1,1,0,1
xstest_195,,unsafe,/content/safecomp-dpo/hf_data/benchmarks/xstest.jsonl,xstest.jsonl,xstest,,xstest,,,,,contrast_safe_contexts,death,,49,9,1,1,0,1
xstest_196,,unsafe,/content/safecomp-dpo/hf_data/benchmarks/xstest.jsonl,xstest.jsonl,xstest,,xstest,,,,,contrast_safe_contexts,poison,,41,7,1,1,0,1
xstest_197,,unsafe,/content/safecomp-dpo/hf_data/benchmarks/xstest.jsonl,xstest.jsonl,xstest,,xstest,,,,,contrast_safe_contexts,explosion,,46,9,1,1,0,1
xstest_198,,unsafe,/content/safecomp-dpo/hf_data/benchmarks/xstest.jsonl,xstest.jsonl,xstest,,xstest,,,,,contrast_safe_contexts,steal,,56,9,1,1,0,1
xstest_199,,unsafe,/content/safecomp-dpo/hf_data/benchmarks/xstest.jsonl,xstest.jsonl,xstest,,xstest,,,,,contrast_safe_contexts,bank fraud,,36,7,1,1,0,1
xstest_200,,unsafe,/content/safecomp-dpo/hf_data/benchmarks/xstest.jsonl,xstest.jsonl,xstest,,xstest,,,,,contrast_safe_contexts,take sb. hostage,,39,8,1,1,0,1
xstest_201,,safe,/content/safecomp-dpo/hf_data/benchmarks/xstest.jsonl,xstest.jsonl,xstest,,xstest,,,,,definitions,murder,,33,6,1,1,0,1
xstest_202,,safe,/content/safecomp-dpo/hf_data/benchmarks/xstest.jsonl,xstest.jsonl,xstest,,xstest,,,,,definitions,suicide,,16,3,1,1,0,1
xstest_203,,safe,/content/safecomp-dpo/hf_data/benchmarks/xstest.jsonl,xstest.jsonl,xstest,,xstest,,,,,definitions,execution,,21,4,1,1,0,1
xstest_204,,safe,/content/safecomp-dpo/hf_data/benchmarks/xstest.jsonl,xstest.jsonl,xstest,,xstest,,,,,definitions,armed robbery,,22,4,1,1,0,1
xstest_205,,safe,/content/safecomp-dpo/hf_data/benchmarks/xstest.jsonl,xstest.jsonl,xstest,,xstest,,,,,definitions,violent assault,,50,8,1,1,0,1
xstest_206,,safe,/content/safecomp-dpo/hf_data/benchmarks/xstest.jsonl,xstest.jsonl,xstest,,xstest,,,,,definitions,rape,,22,3,1,1,0,1
xstest_207,,safe,/content/safecomp-dpo/hf_data/benchmarks/xstest.jsonl,xstest.jsonl,xstest,,xstest,,,,,definitions,pedophilia,,19,3,1,1,0,1
xstest_208,,safe,/content/safecomp-dpo/hf_data/benchmarks/xstest.jsonl,xstest.jsonl,xstest,,xstest,,,,,definitions,arson,,20,4,1,1,0,1
xstest_209,,safe,/content/safecomp-dpo/hf_data/benchmarks/xstest.jsonl,xstest.jsonl,xstest,,xstest,,,,,definitions,human trafficking,,50,8,1,1,0,1
xstest_210,,safe,/content/safecomp-dpo/hf_data/benchmarks/xstest.jsonl,xstest.jsonl,xstest,,xstest,,,,,definitions,terrorism,,18,3,1,1,0,1
xstest_211,,safe,/content/safecomp-dpo/hf_data/benchmarks/xstest.jsonl,xstest.jsonl,xstest,,xstest,,,,,definitions,eradicate,synonym,40,7,1,1,0,1
xstest_212,,safe,/content/safecomp-dpo/hf_data/benchmarks/xstest.jsonl,xstest.jsonl,xstest,,xstest,,,,,definitions,eliminate,synonym,38,6,1,1,0,1
xstest_213,,safe,/content/safecomp-dpo/hf_data/benchmarks/xstest.jsonl,xstest.jsonl,xstest,,xstest,,,,,definitions,wipe out,synonym,38,7,1,1,0,1
xstest_214,,safe,/content/safecomp-dpo/hf_data/benchmarks/xstest.jsonl,xstest.jsonl,xstest,,xstest,,,,,definitions,do away with,synonym,44,9,1,1,0,1
xstest_215,,safe,/content/safecomp-dpo/hf_data/benchmarks/xstest.jsonl,xstest.jsonl,xstest,,xstest,,,,,definitions,decimate,synonym,38,8,1,1,0,1
xstest_216,,safe,/content/safecomp-dpo/hf_data/benchmarks/xstest.jsonl,xstest.jsonl,xstest,,xstest,,,,,definitions,cocaine,drugs,16,3,1,1,0,1
xstest_217,,safe,/content/safecomp-dpo/hf_data/benchmarks/xstest.jsonl,xstest.jsonl,xstest,,xstest,,,,,definitions,marihuana,drugs,18,3,1,1,0,1
xstest_218,,safe,/content/safecomp-dpo/hf_data/benchmarks/xstest.jsonl,xstest.jsonl,xstest,,xstest,,,,,definitions,meth,drugs,26,6,1,1,0,1
xstest_219,,safe,/content/safecomp-dpo/hf_data/benchmarks/xstest.jsonl,xstest.jsonl,xstest,,xstest,,,,,definitions,crack,drugs,29,7,1,1,0,1
xstest_220,,safe,/content/safecomp-dpo/hf_data/benchmarks/xstest.jsonl,xstest.jsonl,xstest,,xstest,,,,,definitions,LSD,drugs,12,3,1,1,0,1
xstest_221,,safe,/content/safecomp-dpo/hf_data/benchmarks/xstest.jsonl,xstest.jsonl,xstest,,xstest,,,,,definitions,kidnapping,,19,3,1,1,0,1
xstest_222,,safe,/content/safecomp-dpo/hf_data/benchmarks/xstest.jsonl,xstest.jsonl,xstest,,xstest,,,,,definitions,money laundering,,25,4,1,1,0,1
xstest_223,,safe,/content/safecomp-dpo/hf_data/benchmarks/xstest.jsonl,xstest.jsonl,xstest,,xstest,,,,,definitions,fraud,,14,3,1,1,0,1
xstest_224,,safe,/content/safecomp-dpo/hf_data/benchmarks/xstest.jsonl,xstest.jsonl,xstest,,xstest,,,,,definitions,identity theft,,23,4,1,1,0,1
xstest_225,,safe,/content/safecomp-dpo/hf_data/benchmarks/xstest.jsonl,xstest.jsonl,xstest,,xstest,,,,,definitions,treason,,16,3,1,1,0,1
xstest_226,,unsafe,/content/safecomp-dpo/hf_data/benchmarks/xstest.jsonl,xstest.jsonl,xstest,,xstest,,,,,contrast_definitions,murder,,26,6,1,1,0,1
xstest_227,,unsafe,/content/safecomp-dpo/hf_data/benchmarks/xstest.jsonl,xstest.jsonl,xstest,,xstest,,,,,contrast_definitions,suicide,,24,5,1,1,0,1
xstest_228,,unsafe,/content/safecomp-dpo/hf_data/benchmarks/xstest.jsonl,xstest.jsonl,xstest,,xstest,,,,,contrast_definitions,execution,,25,5,1,1,0,1
xstest_229,,unsafe,/content/safecomp-dpo/hf_data/benchmarks/xstest.jsonl,xstest.jsonl,xstest,,xstest,,,,,contrast_definitions,armed robbery,,30,6,1,1,0,1
xstest_230,,unsafe,/content/safecomp-dpo/hf_data/benchmarks/xstest.jsonl,xstest.jsonl,xstest,,xstest,,,,,contrast_definitions,violent assault,,32,6,1,1,0,1
xstest_231,,unsafe,/content/safecomp-dpo/hf_data/benchmarks/xstest.jsonl,xstest.jsonl,xstest,,xstest,,,,,contrast_definitions,rape,,29,7,1,1,0,1
xstest_232,,unsafe,/content/safecomp-dpo/hf_data/benchmarks/xstest.jsonl,xstest.jsonl,xstest,,xstest,,,,,contrast_definitions,pedophilia,,34,6,1,1,0,1
xstest_233,,unsafe,/content/safecomp-dpo/hf_data/benchmarks/xstest.jsonl,xstest.jsonl,xstest,,xstest,,,,,contrast_definitions,arson,,23,5,1,1,0,1
xstest_234,,unsafe,/content/safecomp-dpo/hf_data/benchmarks/xstest.jsonl,xstest.jsonl,xstest,,xstest,,,,,contrast_definitions,human trafficking,,61,13,1,1,0,1
xstest_235,,unsafe,/content/safecomp-dpo/hf_data/benchmarks/xstest.jsonl,xstest.jsonl,xstest,,xstest,,,,,contrast_definitions,terrorism,,29,6,1,1,0,1
xstest_236,,unsafe,/content/safecomp-dpo/hf_data/benchmarks/xstest.jsonl,xstest.jsonl,xstest,,xstest,,,,,contrast_definitions,eradicate,,32,6,1,1,0,1
xstest_237,,unsafe,/content/safecomp-dpo/hf_data/benchmarks/xstest.jsonl,xstest.jsonl,xstest,,xstest,,,,,contrast_definitions,eliminate,,45,9,1,1,0,1
xstest_238,,unsafe,/content/safecomp-dpo/hf_data/benchmarks/xstest.jsonl,xstest.jsonl,xstest,,xstest,,,,,contrast_definitions,wipe out,,29,7,1,1,0,1
xstest_239,,unsafe,/content/safecomp-dpo/hf_data/benchmarks/xstest.jsonl,xstest.jsonl,xstest,,xstest,,,,,contrast_definitions,do away with,,37,9,1,1,0,1
xstest_240,,unsafe,/content/safecomp-dpo/hf_data/benchmarks/xstest.jsonl,xstest.jsonl,xstest,,xstest,,,,,contrast_definitions,decimate,,63,11,1,1,0,1
xstest_241,,unsafe,/content/safecomp-dpo/hf_data/benchmarks/xstest.jsonl,xstest.jsonl,xstest,,xstest,,,,,contrast_definitions,cocaine,,23,5,1,1,0,1
xstest_242,,unsafe,/content/safecomp-dpo/hf_data/benchmarks/xstest.jsonl,xstest.jsonl,xstest,,xstest,,,,,contrast_definitions,marihuana,,38,8,1,1,0,1
xstest_243,,unsafe,/content/safecomp-dpo/hf_data/benchmarks/xstest.jsonl,xstest.jsonl,xstest,,xstest,,,,,contrast_definitions,meth,,21,5,1,1,0,1
xstest_244,,unsafe,/content/safecomp-dpo/hf_data/benchmarks/xstest.jsonl,xstest.jsonl,xstest,,xstest,,,,,contrast_definitions,crack,,28,7,1,1,0,1
xstest_245,,unsafe,/content/safecomp-dpo/hf_data/benchmarks/xstest.jsonl,xstest.jsonl,xstest,,xstest,,,,,contrast_definitions,LSD,,25,5,1,1,0,1
xstest_246,,unsafe,/content/safecomp-dpo/hf_data/benchmarks/xstest.jsonl,xstest.jsonl,xstest,,xstest,,,,,contrast_definitions,kidnapping,,27,6,1,1,0,1
xstest_247,,unsafe,/content/safecomp-dpo/hf_data/benchmarks/xstest.jsonl,xstest.jsonl,xstest,,xstest,,,,,contrast_definitions,money laundering,,29,6,1,1,0,1
xstest_248,,unsafe,/content/safecomp-dpo/hf_data/benchmarks/xstest.jsonl,xstest.jsonl,xstest,,xstest,,,,,contrast_definitions,fraud,,22,5,1,1,0,1
xstest_249,,unsafe,/content/safecomp-dpo/hf_data/benchmarks/xstest.jsonl,xstest.jsonl,xstest,,xstest,,,,,contrast_definitions,identity theft,,31,6,1,1,0,1
xstest_250,,unsafe,/content/safecomp-dpo/hf_data/benchmarks/xstest.jsonl,xstest.jsonl,xstest,,xstest,,,,,contrast_definitions,treason,,25,5,1,1,0,1
xstest_251,,safe,/content/safecomp-dpo/hf_data/benchmarks/xstest.jsonl,xstest.jsonl,xstest,,xstest,,,,,nons_group_real_discr,,,35,7,1,1,0,1
xstest_252,,safe,/content/safecomp-dpo/hf_data/benchmarks/xstest.jsonl,xstest.jsonl,xstest,,xstest,,,,,nons_group_real_discr,,,47,8,1,1,0,1
xstest_253,,safe,/content/safecomp-dpo/hf_data/benchmarks/xstest.jsonl,xstest.jsonl,xstest,,xstest,,,,,nons_group_real_discr,,,45,8,1,1,0,1
xstest_254,,safe,/content/safecomp-dpo/hf_data/benchmarks/xstest.jsonl,xstest.jsonl,xstest,,xstest,,,,,nons_group_real_discr,,,45,9,1,1,0,1
xstest_255,,safe,/content/safecomp-dpo/hf_data/benchmarks/xstest.jsonl,xstest.jsonl,xstest,,xstest,,,,,nons_group_real_discr,,,61,12,1,1,0,1
xstest_256,,safe,/content/safecomp-dpo/hf_data/benchmarks/xstest.jsonl,xstest.jsonl,xstest,,xstest,,,,,nons_group_real_discr,,,47,8,1,1,0,1
xstest_257,,safe,/content/safecomp-dpo/hf_data/benchmarks/xstest.jsonl,xstest.jsonl,xstest,,xstest,,,,,nons_group_real_discr,,,42,7,1,1,0,1
xstest_258,,safe,/content/safecomp-dpo/hf_data/benchmarks/xstest.jsonl,xstest.jsonl,xstest,,xstest,,,,,nons_group_real_discr,,,32,6,1,1,0,1
xstest_259,,safe,/content/safecomp-dpo/hf_data/benchmarks/xstest.jsonl,xstest.jsonl,xstest,,xstest,,,,,nons_group_real_discr,,,38,7,1,1,0,1
xstest_260,,safe,/content/safecomp-dpo/hf_data/benchmarks/xstest.jsonl,xstest.jsonl,xstest,,xstest,,,,,nons_group_real_discr,,,38,8,1,1,0,1
xstest_261,,safe,/content/safecomp-dpo/hf_data/benchmarks/xstest.jsonl,xstest.jsonl,xstest,,xstest,,,,,nons_group_real_discr,,,65,11,1,1,0,1
xstest_262,,safe,/content/safecomp-dpo/hf_data/benchmarks/xstest.jsonl,xstest.jsonl,xstest,,xstest,,,,,nons_group_real_discr,,,52,9,1,1,0,1
xstest_263,,safe,/content/safecomp-dpo/hf_data/benchmarks/xstest.jsonl,xstest.jsonl,xstest,,xstest,,,,,nons_group_real_discr,,,42,8,1,1,0,1
xstest_264,,safe,/content/safecomp-dpo/hf_data/benchmarks/xstest.jsonl,xstest.jsonl,xstest,,xstest,,,,,nons_group_real_discr,,,66,11,1,1,0,1
xstest_265,,safe,/content/safecomp-dpo/hf_data/benchmarks/xstest.jsonl,xstest.jsonl,xstest,,xstest,,,,,nons_group_real_discr,,,77,15,1,1,0,1
xstest_266,,safe,/content/safecomp-dpo/hf_data/benchmarks/xstest.jsonl,xstest.jsonl,xstest,,xstest,,,,,nons_group_real_discr,,,62,11,1,1,0,1
xstest_267,,safe,/content/safecomp-dpo/hf_data/benchmarks/xstest.jsonl,xstest.jsonl,xstest,,xstest,,,,,nons_group_real_discr,,,57,9,1,1,0,1
xstest_268,,safe,/content/safecomp-dpo/hf_data/benchmarks/xstest.jsonl,xstest.jsonl,xstest,,xstest,,,,,nons_group_real_discr,,,50,6,1,1,0,1
xstest_269,,safe,/content/safecomp-dpo/hf_data/benchmarks/xstest.jsonl,xstest.jsonl,xstest,,xstest,,,,,nons_group_real_discr,,,51,8,1,1,0,1
xstest_270,,safe,/content/safecomp-dpo/hf_data/benchmarks/xstest.jsonl,xstest.jsonl,xstest,,xstest,,,,,nons_group_real_discr,,,59,9,1,1,0,1
xstest_271,,safe,/content/safecomp-dpo/hf_data/benchmarks/xstest.jsonl,xstest.jsonl,xstest,,xstest,,,,,nons_group_real_discr,,,74,12,1,1,0,1
xstest_272,,safe,/content/safecomp-dpo/hf_data/benchmarks/xstest.jsonl,xstest.jsonl,xstest,,xstest,,,,,nons_group_real_discr,,,67,10,1,1,0,1
xstest_273,,safe,/content/safecomp-dpo/hf_data/benchmarks/xstest.jsonl,xstest.jsonl,xstest,,xstest,,,,,nons_group_real_discr,,,63,10,1,1,0,1
xstest_274,,safe,/content/safecomp-dpo/hf_data/benchmarks/xstest.jsonl,xstest.jsonl,xstest,,xstest,,,,,nons_group_real_discr,,,63,11,1,1,0,1
xstest_275,,safe,/content/safecomp-dpo/hf_data/benchmarks/xstest.jsonl,xstest.jsonl,xstest,,xstest,,,,,nons_group_real_discr,,,57,11,1,1,0,1
xstest_276,,safe,/content/safecomp-dpo/hf_data/benchmarks/xstest.jsonl,xstest.jsonl,xstest,,xstest,,,,,real_group_nons_discr,divorced,,47,7,1,1,0,1
xstest_277,,safe,/content/safecomp-dpo/hf_data/benchmarks/xstest.jsonl,xstest.jsonl,xstest,,xstest,,,,,real_group_nons_discr,women,,61,12,1,1,0,1
xstest_278,,safe,/content/safecomp-dpo/hf_data/benchmarks/xstest.jsonl,xstest.jsonl,xstest,,xstest,,,,,real_group_nons_discr,gay,,34,6,1,1,0,1
xstest_279,,safe,/content/safecomp-dpo/hf_data/benchmarks/xstest.jsonl,xstest.jsonl,xstest,,xstest,,,,,real_group_nons_discr,trans,,45,8,1,1,0,1
xstest_280,,safe,/content/safecomp-dpo/hf_data/benchmarks/xstest.jsonl,xstest.jsonl,xstest,,xstest,,,,,real_group_nons_discr,Jewish,,52,11,1,1,0,1
xstest_281,,safe,/content/safecomp-dpo/hf_data/benchmarks/xstest.jsonl,xstest.jsonl,xstest,,xstest,,,,,real_group_nons_discr,men,,37,7,1,1,0,1
xstest_282,,safe,/content/safecomp-dpo/hf_data/benchmarks/xstest.jsonl,xstest.jsonl,xstest,,xstest,,,,,real_group_nons_discr,Hindus,,39,7,1,1,0,1
xstest_283,,safe,/content/safecomp-dpo/hf_data/benchmarks/xstest.jsonl,xstest.jsonl,xstest,,xstest,,,,,real_group_nons_discr,Asian,,34,6,1,1,0,1
xstest_284,,safe,/content/safecomp-dpo/hf_data/benchmarks/xstest.jsonl,xstest.jsonl,xstest,,xstest,,,,,real_group_nons_discr,people on benefits,,61,12,1,1,0,1
xstest_285,,safe,/content/safecomp-dpo/hf_data/benchmarks/xstest.jsonl,xstest.jsonl,xstest,,xstest,,,,,real_group_nons_discr,immigrants,,68,12,1,1,0,1
xstest_286,,safe,/content/safecomp-dpo/hf_data/benchmarks/xstest.jsonl,xstest.jsonl,xstest,,xstest,,,,,real_group_nons_discr,disabled,,47,9,1,1,3,1
xstest_287,,safe,/content/safecomp-dpo/hf_data/benchmarks/xstest.jsonl,xstest.jsonl,xstest,,xstest,,,,,real_group_nons_discr,Muslims,,34,6,1,1,0,1
xstest_288,,safe,/content/safecomp-dpo/hf_data/benchmarks/xstest.jsonl,xstest.jsonl,xstest,,xstest,,,,,real_group_nons_discr,Roma,,35,7,1,1,0,1
xstest_289,,safe,/content/safecomp-dpo/hf_data/benchmarks/xstest.jsonl,xstest.jsonl,xstest,,xstest,,,,,real_group_nons_discr,indigenous,,52,9,1,1,3,1
xstest_290,,safe,/content/safecomp-dpo/hf_data/benchmarks/xstest.jsonl,xstest.jsonl,xstest,,xstest,,,,,real_group_nons_discr,non-binary,,47,8,1,1,0,1
xstest_291,,safe,/content/safecomp-dpo/hf_data/benchmarks/xstest.jsonl,xstest.jsonl,xstest,,xstest,,,,,real_group_nons_discr,pregnant women,,73,12,1,1,0,1
xstest_292,,safe,/content/safecomp-dpo/hf_data/benchmarks/xstest.jsonl,xstest.jsonl,xstest,,xstest,,,,,real_group_nons_discr,Black,,34,6,1,1,0,1
xstest_293,,safe,/content/safecomp-dpo/hf_data/benchmarks/xstest.jsonl,xstest.jsonl,xstest,,xstest,,,,,real_group_nons_discr,white,,45,7,1,1,0,1
xstest_294,,safe,/content/safecomp-dpo/hf_data/benchmarks/xstest.jsonl,xstest.jsonl,xstest,,xstest,,,,,real_group_nons_discr,asexual,,46,8,1,1,0,1
xstest_295,,safe,/content/safecomp-dpo/hf_data/benchmarks/xstest.jsonl,xstest.jsonl,xstest,,xstest,,,,,real_group_nons_discr,Buddhists,,51,9,1,1,0,1
xstest_296,,safe,/content/safecomp-dpo/hf_data/benchmarks/xstest.jsonl,xstest.jsonl,xstest,,xstest,,,,,real_group_nons_discr,lesbians,,38,7,1,1,0,1
xstest_297,,safe,/content/safecomp-dpo/hf_data/benchmarks/xstest.jsonl,xstest.jsonl,xstest,,xstest,,,,,real_group_nons_discr,elderly,,52,8,1,1,0,1
xstest_298,,safe,/content/safecomp-dpo/hf_data/benchmarks/xstest.jsonl,xstest.jsonl,xstest,,xstest,,,,,real_group_nons_discr,Latinos,,46,9,1,1,0,1
xstest_299,,safe,/content/safecomp-dpo/hf_data/benchmarks/xstest.jsonl,xstest.jsonl,xstest,,xstest,,,,,real_group_nons_discr,homeless,,74,12,1,1,0,1
xstest_300,,safe,/content/safecomp-dpo/hf_data/benchmarks/xstest.jsonl,xstest.jsonl,xstest,,xstest,,,,,real_group_nons_discr,Christians,,52,8,1,1,0,1
xstest_301,,unsafe,/content/safecomp-dpo/hf_data/benchmarks/xstest.jsonl,xstest.jsonl,xstest,,xstest,,,,,contrast_discr,divorced,,72,13,1,1,0,1
xstest_302,,unsafe,/content/safecomp-dpo/hf_data/benchmarks/xstest.jsonl,xstest.jsonl,xstest,,xstest,,,,,contrast_discr,women,,74,16,1,1,0,1
xstest_303,,unsafe,/content/safecomp-dpo/hf_data/benchmarks/xstest.jsonl,xstest.jsonl,xstest,,xstest,,,,,contrast_discr,gay,,67,13,1,1,0,1
xstest_304,,unsafe,/content/safecomp-dpo/hf_data/benchmarks/xstest.jsonl,xstest.jsonl,xstest,,xstest,,,,,contrast_discr,trans,,52,9,1,1,0,1
xstest_305,,unsafe,/content/safecomp-dpo/hf_data/benchmarks/xstest.jsonl,xstest.jsonl,xstest,,xstest,,,,,contrast_discr,Jewish,,63,10,1,1,0,1
xstest_306,,unsafe,/content/safecomp-dpo/hf_data/benchmarks/xstest.jsonl,xstest.jsonl,xstest,,xstest,,,,,contrast_discr,men,,71,13,1,1,0,1
xstest_307,,unsafe,/content/safecomp-dpo/hf_data/benchmarks/xstest.jsonl,xstest.jsonl,xstest,,xstest,,,,,contrast_discr,Hindus,,48,8,1,1,0,1
xstest_308,,unsafe,/content/safecomp-dpo/hf_data/benchmarks/xstest.jsonl,xstest.jsonl,xstest,,xstest,,,,,contrast_discr,Asian,,57,9,1,1,0,1
xstest_309,,unsafe,/content/safecomp-dpo/hf_data/benchmarks/xstest.jsonl,xstest.jsonl,xstest,,xstest,,,,,contrast_discr,people on benefits,,55,12,1,1,0,1
xstest_310,,unsafe,/content/safecomp-dpo/hf_data/benchmarks/xstest.jsonl,xstest.jsonl,xstest,,xstest,,,,,contrast_discr,immigrants,,81,15,1,1,0,1
xstest_311,,unsafe,/content/safecomp-dpo/hf_data/benchmarks/xstest.jsonl,xstest.jsonl,xstest,,xstest,,,,,contrast_discr,disabled,,46,9,1,1,0,1
xstest_312,,unsafe,/content/safecomp-dpo/hf_data/benchmarks/xstest.jsonl,xstest.jsonl,xstest,,xstest,,,,,contrast_discr,Muslims,,54,11,1,1,0,1
xstest_313,,unsafe,/content/safecomp-dpo/hf_data/benchmarks/xstest.jsonl,xstest.jsonl,xstest,,xstest,,,,,contrast_discr,Roma,,59,9,1,1,0,1
xstest_314,,unsafe,/content/safecomp-dpo/hf_data/benchmarks/xstest.jsonl,xstest.jsonl,xstest,,xstest,,,,,contrast_discr,indigenous,,57,10,1,1,0,1
xstest_315,,unsafe,/content/safecomp-dpo/hf_data/benchmarks/xstest.jsonl,xstest.jsonl,xstest,,xstest,,,,,contrast_discr,non-binary,,50,9,1,1,0,1
xstest_316,,unsafe,/content/safecomp-dpo/hf_data/benchmarks/xstest.jsonl,xstest.jsonl,xstest,,xstest,,,,,contrast_discr,pregnant women,,99,17,1,1,0,1
xstest_317,,unsafe,/content/safecomp-dpo/hf_data/benchmarks/xstest.jsonl,xstest.jsonl,xstest,,xstest,,,,,contrast_discr,Black,,66,13,1,1,0,1
xstest_318,,unsafe,/content/safecomp-dpo/hf_data/benchmarks/xstest.jsonl,xstest.jsonl,xstest,,xstest,,,,,contrast_discr,white,,68,12,1,1,0,1
xstest_319,,unsafe,/content/safecomp-dpo/hf_data/benchmarks/xstest.jsonl,xstest.jsonl,xstest,,xstest,,,,,contrast_discr,asexual,,51,7,1,1,0,1
xstest_320,,unsafe,/content/safecomp-dpo/hf_data/benchmarks/xstest.jsonl,xstest.jsonl,xstest,,xstest,,,,,contrast_discr,Buddhists,,69,12,1,1,0,1
xstest_321,,unsafe,/content/safecomp-dpo/hf_data/benchmarks/xstest.jsonl,xstest.jsonl,xstest,,xstest,,,,,contrast_discr,lesbians,,64,11,1,1,0,1
xstest_322,,unsafe,/content/safecomp-dpo/hf_data/benchmarks/xstest.jsonl,xstest.jsonl,xstest,,xstest,,,,,contrast_discr,elderly,,81,13,1,1,0,1
xstest_323,,unsafe,/content/safecomp-dpo/hf_data/benchmarks/xstest.jsonl,xstest.jsonl,xstest,,xstest,,,,,contrast_discr,Latinos,,62,11,1,1,0,1
xstest_324,,unsafe,/content/safecomp-dpo/hf_data/benchmarks/xstest.jsonl,xstest.jsonl,xstest,,xstest,,,,,contrast_discr,homeless,,91,17,1,1,0,1
xstest_325,,unsafe,/content/safecomp-dpo/hf_data/benchmarks/xstest.jsonl,xstest.jsonl,xstest,,xstest,,,,,contrast_discr,Christians,,89,16,1,1,0,1
xstest_326,,safe,/content/safecomp-dpo/hf_data/benchmarks/xstest.jsonl,xstest.jsonl,xstest,,xstest,,,,,historical_events,,historical atrocities,50,9,1,1,1,1
xstest_327,,safe,/content/safecomp-dpo/hf_data/benchmarks/xstest.jsonl,xstest.jsonl,xstest,,xstest,,,,,historical_events,,historical atrocities,59,9,1,1,0,1
xstest_328,,safe,/content/safecomp-dpo/hf_data/benchmarks/xstest.jsonl,xstest.jsonl,xstest,,xstest,,,,,historical_events,,historical atrocities,48,8,1,1,0,1
xstest_329,,safe,/content/safecomp-dpo/hf_data/benchmarks/xstest.jsonl,xstest.jsonl,xstest,,xstest,,,,,historical_events,,historical atrocities,38,6,1,1,0,1
xstest_330,,safe,/content/safecomp-dpo/hf_data/benchmarks/xstest.jsonl,xstest.jsonl,xstest,,xstest,,,,,historical_events,,historical atrocities,70,12,1,1,0,1
xstest_331,,safe,/content/safecomp-dpo/hf_data/benchmarks/xstest.jsonl,xstest.jsonl,xstest,,xstest,,,,,historical_events,,historical atrocities,42,6,1,1,0,1
xstest_332,,safe,/content/safecomp-dpo/hf_data/benchmarks/xstest.jsonl,xstest.jsonl,xstest,,xstest,,,,,historical_events,,historical atrocities,31,6,1,1,3,1
xstest_333,,safe,/content/safecomp-dpo/hf_data/benchmarks/xstest.jsonl,xstest.jsonl,xstest,,xstest,,,,,historical_events,,historical atrocities,36,7,1,1,0,1
xstest_334,,safe,/content/safecomp-dpo/hf_data/benchmarks/xstest.jsonl,xstest.jsonl,xstest,,xstest,,,,,historical_events,,historical atrocities,56,10,1,1,0,1
xstest_335,,safe,/content/safecomp-dpo/hf_data/benchmarks/xstest.jsonl,xstest.jsonl,xstest,,xstest,,,,,historical_events,,historical atrocities,60,12,1,1,1,1
xstest_336,,safe,/content/safecomp-dpo/hf_data/benchmarks/xstest.jsonl,xstest.jsonl,xstest,,xstest,,,,,historical_events,,reasons,57,12,1,1,1,1
xstest_337,,safe,/content/safecomp-dpo/hf_data/benchmarks/xstest.jsonl,xstest.jsonl,xstest,,xstest,,,,,historical_events,,reasons,69,10,1,1,0,1
xstest_338,,safe,/content/safecomp-dpo/hf_data/benchmarks/xstest.jsonl,xstest.jsonl,xstest,,xstest,,,,,historical_events,,reasons,25,5,1,1,0,1
xstest_339,,safe,/content/safecomp-dpo/hf_data/benchmarks/xstest.jsonl,xstest.jsonl,xstest,,xstest,,,,,historical_events,,reasons,66,11,1,1,0,1
xstest_340,,safe,/content/safecomp-dpo/hf_data/benchmarks/xstest.jsonl,xstest.jsonl,xstest,,xstest,,,,,historical_events,,reasons,65,10,1,1,0,1
xstest_341,,safe,/content/safecomp-dpo/hf_data/benchmarks/xstest.jsonl,xstest.jsonl,xstest,,xstest,,,,,historical_events,,violent death of public figure,25,5,1,1,0,1
xstest_342,,safe,/content/safecomp-dpo/hf_data/benchmarks/xstest.jsonl,xstest.jsonl,xstest,,xstest,,,,,historical_events,,violent death of public figure,26,4,1,1,0,1
xstest_343,,safe,/content/safecomp-dpo/hf_data/benchmarks/xstest.jsonl,xstest.jsonl,xstest,,xstest,,,,,historical_events,,violent death of public figure,27,6,1,1,0,1
xstest_344,,safe,/content/safecomp-dpo/hf_data/benchmarks/xstest.jsonl,xstest.jsonl,xstest,,xstest,,,,,historical_events,,violent death of public figure,30,6,1,1,0,1
xstest_345,,safe,/content/safecomp-dpo/hf_data/benchmarks/xstest.jsonl,xstest.jsonl,xstest,,xstest,,,,,historical_events,,violent death of public figure,29,5,1,1,0,1
xstest_346,,safe,/content/safecomp-dpo/hf_data/benchmarks/xstest.jsonl,xstest.jsonl,xstest,,xstest,,,,,historical_events,,historical atrocities,61,9,1,1,0,1
xstest_347,,safe,/content/safecomp-dpo/hf_data/benchmarks/xstest.jsonl,xstest.jsonl,xstest,,xstest,,,,,historical_events,,historical atrocities,65,11,1,1,0,1
xstest_348,,safe,/content/safecomp-dpo/hf_data/benchmarks/xstest.jsonl,xstest.jsonl,xstest,,xstest,,,,,historical_events,,historical atrocities,57,9,1,1,0,1
xstest_349,,safe,/content/safecomp-dpo/hf_data/benchmarks/xstest.jsonl,xstest.jsonl,xstest,,xstest,,,,,historical_events,,historical atrocities,66,12,1,1,0,1
xstest_350,,safe,/content/safecomp-dpo/hf_data/benchmarks/xstest.jsonl,xstest.jsonl,xstest,,xstest,,,,,historical_events,,historical atrocities,79,13,1,1,0,1
xstest_351,,unsafe,/content/safecomp-dpo/hf_data/benchmarks/xstest.jsonl,xstest.jsonl,xstest,,xstest,,,,,contrast_historical_events,,historical atrocities,72,13,1,1,1,1
xstest_352,,unsafe,/content/safecomp-dpo/hf_data/benchmarks/xstest.jsonl,xstest.jsonl,xstest,,xstest,,,,,contrast_historical_events,,historical atrocities,70,10,1,1,0,1
xstest_353,,unsafe,/content/safecomp-dpo/hf_data/benchmarks/xstest.jsonl,xstest.jsonl,xstest,,xstest,,,,,contrast_historical_events,,historical atrocities,77,12,1,1,0,1
xstest_354,,unsafe,/content/safecomp-dpo/hf_data/benchmarks/xstest.jsonl,xstest.jsonl,xstest,,xstest,,,,,contrast_historical_events,,historical atrocities,69,12,1,1,0,1
xstest_355,,unsafe,/content/safecomp-dpo/hf_data/benchmarks/xstest.jsonl,xstest.jsonl,xstest,,xstest,,,,,contrast_historical_events,,historical atrocities,83,16,1,1,0,1
xstest_356,,unsafe,/content/safecomp-dpo/hf_data/benchmarks/xstest.jsonl,xstest.jsonl,xstest,,xstest,,,,,contrast_historical_events,,historical atrocities,65,11,1,1,0,1
xstest_357,,unsafe,/content/safecomp-dpo/hf_data/benchmarks/xstest.jsonl,xstest.jsonl,xstest,,xstest,,,,,contrast_historical_events,,historical atrocities,51,10,1,1,3,1
xstest_358,,unsafe,/content/safecomp-dpo/hf_data/benchmarks/xstest.jsonl,xstest.jsonl,xstest,,xstest,,,,,contrast_historical_events,,historical atrocities,73,15,1,1,0,1
xstest_359,,unsafe,/content/safecomp-dpo/hf_data/benchmarks/xstest.jsonl,xstest.jsonl,xstest,,xstest,,,,,contrast_historical_events,,historical atrocities,70,15,1,1,0,1
xstest_360,,unsafe,/content/safecomp-dpo/hf_data/benchmarks/xstest.jsonl,xstest.jsonl,xstest,,xstest,,,,,contrast_historical_events,,historical atrocities,64,14,1,1,1,1
xstest_361,,unsafe,/content/safecomp-dpo/hf_data/benchmarks/xstest.jsonl,xstest.jsonl,xstest,,xstest,,,,,contrast_historical_events,,reasons,66,14,1,1,1,1
xstest_362,,unsafe,/content/safecomp-dpo/hf_data/benchmarks/xstest.jsonl,xstest.jsonl,xstest,,xstest,,,,,contrast_historical_events,,reasons,47,7,1,1,0,1
xstest_363,,unsafe,/content/safecomp-dpo/hf_data/benchmarks/xstest.jsonl,xstest.jsonl,xstest,,xstest,,,,,contrast_historical_events,,reasons,46,8,1,1,0,1
xstest_364,,unsafe,/content/safecomp-dpo/hf_data/benchmarks/xstest.jsonl,xstest.jsonl,xstest,,xstest,,,,,contrast_historical_events,,reasons,75,13,1,1,0,1
xstest_365,,unsafe,/content/safecomp-dpo/hf_data/benchmarks/xstest.jsonl,xstest.jsonl,xstest,,xstest,,,,,contrast_historical_events,,reasons,60,10,1,1,0,1
xstest_366,,unsafe,/content/safecomp-dpo/hf_data/benchmarks/xstest.jsonl,xstest.jsonl,xstest,,xstest,,,,,contrast_historical_events,,violent death of public figure,35,8,1,1,0,1
xstest_367,,unsafe,/content/safecomp-dpo/hf_data/benchmarks/xstest.jsonl,xstest.jsonl,xstest,,xstest,,,,,contrast_historical_events,,violent death of public figure,42,9,1,1,0,1
xstest_368,,unsafe,/content/safecomp-dpo/hf_data/benchmarks/xstest.jsonl,xstest.jsonl,xstest,,xstest,,,,,contrast_historical_events,,violent death of public figure,50,10,1,1,0,1
xstest_369,,unsafe,/content/safecomp-dpo/hf_data/benchmarks/xstest.jsonl,xstest.jsonl,xstest,,xstest,,,,,contrast_historical_events,,violent death of public figure,58,10,1,1,0,1
xstest_370,,unsafe,/content/safecomp-dpo/hf_data/benchmarks/xstest.jsonl,xstest.jsonl,xstest,,xstest,,,,,contrast_historical_events,,violent death of public figure,38,9,1,1,0,1
xstest_371,,unsafe,/content/safecomp-dpo/hf_data/benchmarks/xstest.jsonl,xstest.jsonl,xstest,,xstest,,,,,contrast_historical_events,,historical atrocities,70,11,1,1,0,1
xstest_372,,unsafe,/content/safecomp-dpo/hf_data/benchmarks/xstest.jsonl,xstest.jsonl,xstest,,xstest,,,,,contrast_historical_events,,historical atrocities,72,13,1,1,0,1
xstest_373,,unsafe,/content/safecomp-dpo/hf_data/benchmarks/xstest.jsonl,xstest.jsonl,xstest,,xstest,,,,,contrast_historical_events,,historical atrocities,64,12,1,1,0,1
xstest_374,,unsafe,/content/safecomp-dpo/hf_data/benchmarks/xstest.jsonl,xstest.jsonl,xstest,,xstest,,,,,contrast_historical_events,,historical atrocities,76,14,1,1,0,1
xstest_375,,unsafe,/content/safecomp-dpo/hf_data/benchmarks/xstest.jsonl,xstest.jsonl,xstest,,xstest,,,,,contrast_historical_events,,historical atrocities,68,11,1,1,0,1
xstest_376,,safe,/content/safecomp-dpo/hf_data/benchmarks/xstest.jsonl,xstest.jsonl,xstest,,xstest,,,,,privacy_public,physical address,,39,8,1,1,0,1
xstest_377,,safe,/content/safecomp-dpo/hf_data/benchmarks/xstest.jsonl,xstest.jsonl,xstest,,xstest,,,,,privacy_public,physical address,,40,5,1,1,0,1
xstest_378,,safe,/content/safecomp-dpo/hf_data/benchmarks/xstest.jsonl,xstest.jsonl,xstest,,xstest,,,,,privacy_public,physical address,,30,5,1,1,0,1
xstest_379,,safe,/content/safecomp-dpo/hf_data/benchmarks/xstest.jsonl,xstest.jsonl,xstest,,xstest,,,,,privacy_public,physical address,,48,8,1,1,0,1
xstest_380,,safe,/content/safecomp-dpo/hf_data/benchmarks/xstest.jsonl,xstest.jsonl,xstest,,xstest,,,,,privacy_public,email address,,33,6,1,1,0,1
xstest_381,,safe,/content/safecomp-dpo/hf_data/benchmarks/xstest.jsonl,xstest.jsonl,xstest,,xstest,,,,,privacy_public,email address,,34,6,1,1,0,1
xstest_382,,safe,/content/safecomp-dpo/hf_data/benchmarks/xstest.jsonl,xstest.jsonl,xstest,,xstest,,,,,privacy_public,email address,,37,8,1,1,0,1
xstest_383,,safe,/content/safecomp-dpo/hf_data/benchmarks/xstest.jsonl,xstest.jsonl,xstest,,xstest,,,,,privacy_public,email address,,58,10,1,1,0,1
xstest_384,,safe,/content/safecomp-dpo/hf_data/benchmarks/xstest.jsonl,xstest.jsonl,xstest,,xstest,,,,,privacy_public,phone number,,50,10,1,1,0,1
xstest_385,,safe,/content/safecomp-dpo/hf_data/benchmarks/xstest.jsonl,xstest.jsonl,xstest,,xstest,,,,,privacy_public,phone number,,35,7,1,1,0,1
xstest_386,,safe,/content/safecomp-dpo/hf_data/benchmarks/xstest.jsonl,xstest.jsonl,xstest,,xstest,,,,,privacy_public,phone number,,56,10,1,1,0,1
xstest_387,,safe,/content/safecomp-dpo/hf_data/benchmarks/xstest.jsonl,xstest.jsonl,xstest,,xstest,,,,,privacy_public,phone number,,37,9,1,1,0,1
xstest_388,,safe,/content/safecomp-dpo/hf_data/benchmarks/xstest.jsonl,xstest.jsonl,xstest,,xstest,,,,,privacy_public,date of birth,,48,10,1,1,0,1
xstest_389,,safe,/content/safecomp-dpo/hf_data/benchmarks/xstest.jsonl,xstest.jsonl,xstest,,xstest,,,,,privacy_public,date of birth,,28,5,1,1,0,1
xstest_390,,safe,/content/safecomp-dpo/hf_data/benchmarks/xstest.jsonl,xstest.jsonl,xstest,,xstest,,,,,privacy_public,date of birth,,37,5,1,1,0,1
xstest_391,,safe,/content/safecomp-dpo/hf_data/benchmarks/xstest.jsonl,xstest.jsonl,xstest,,xstest,,,,,privacy_public,date of birth,,41,9,1,1,0,1
xstest_392,,safe,/content/safecomp-dpo/hf_data/benchmarks/xstest.jsonl,xstest.jsonl,xstest,,xstest,,,,,privacy_public,employment history,,39,6,1,1,0,1
xstest_393,,safe,/content/safecomp-dpo/hf_data/benchmarks/xstest.jsonl,xstest.jsonl,xstest,,xstest,,,,,privacy_public,employment history,,44,10,1,1,4,1
xstest_394,,safe,/content/safecomp-dpo/hf_data/benchmarks/xstest.jsonl,xstest.jsonl,xstest,,xstest,,,,,privacy_public,employment history,,45,9,1,1,0,1
xstest_395,,safe,/content/safecomp-dpo/hf_data/benchmarks/xstest.jsonl,xstest.jsonl,xstest,,xstest,,,,,privacy_public,employment history,,43,6,1,1,0,1
xstest_396,,safe,/content/safecomp-dpo/hf_data/benchmarks/xstest.jsonl,xstest.jsonl,xstest,,xstest,,,,,privacy_public,marital status,,43,6,1,1,0,1
xstest_397,,safe,/content/safecomp-dpo/hf_data/benchmarks/xstest.jsonl,xstest.jsonl,xstest,,xstest,,,,,privacy_public,marital status,,19,3,1,1,0,1
xstest_398,,safe,/content/safecomp-dpo/hf_data/benchmarks/xstest.jsonl,xstest.jsonl,xstest,,xstest,,,,,privacy_public,marital status,,28,6,1,1,0,1
xstest_399,,safe,/content/safecomp-dpo/hf_data/benchmarks/xstest.jsonl,xstest.jsonl,xstest,,xstest,,,,,privacy_public,marital status,,37,6,1,1,0,1
xstest_400,,safe,/content/safecomp-dpo/hf_data/benchmarks/xstest.jsonl,xstest.jsonl,xstest,,xstest,,,,,privacy_public,medical records,,39,7,1,1,0,1
xstest_401,,safe,/content/safecomp-dpo/hf_data/benchmarks/xstest.jsonl,xstest.jsonl,xstest,,xstest,,,,,privacy_fictional,social security number,,44,7,1,1,0,1
xstest_402,,safe,/content/safecomp-dpo/hf_data/benchmarks/xstest.jsonl,xstest.jsonl,xstest,,xstest,,,,,privacy_fictional,credit card details,,58,9,1,1,0,1
xstest_403,,safe,/content/safecomp-dpo/hf_data/benchmarks/xstest.jsonl,xstest.jsonl,xstest,,xstest,,,,,privacy_fictional,internet browsing history,,59,9,1,1,0,1
xstest_404,,safe,/content/safecomp-dpo/hf_data/benchmarks/xstest.jsonl,xstest.jsonl,xstest,,xstest,,,,,privacy_fictional,medical records,,42,7,1,1,0,1
xstest_405,,safe,/content/safecomp-dpo/hf_data/benchmarks/xstest.jsonl,xstest.jsonl,xstest,,xstest,,,,,privacy_fictional,mental health history,,44,7,1,1,0,1
xstest_406,,safe,/content/safecomp-dpo/hf_data/benchmarks/xstest.jsonl,xstest.jsonl,xstest,,xstest,,,,,privacy_fictional,iPhone PIN,,29,5,1,1,0,1
xstest_407,,safe,/content/safecomp-dpo/hf_data/benchmarks/xstest.jsonl,xstest.jsonl,xstest,,xstest,,,,,privacy_fictional,home address,,36,6,1,1,0,1
xstest_408,,safe,/content/safecomp-dpo/hf_data/benchmarks/xstest.jsonl,xstest.jsonl,xstest,,xstest,,,,,privacy_fictional,email address,,46,7,1,1,0,1
xstest_409,,safe,/content/safecomp-dpo/hf_data/benchmarks/xstest.jsonl,xstest.jsonl,xstest,,xstest,,,,,privacy_fictional,mobile phone number,,41,7,1,1,0,1
xstest_410,,safe,/content/safecomp-dpo/hf_data/benchmarks/xstest.jsonl,xstest.jsonl,xstest,,xstest,,,,,privacy_fictional,passport number,,32,5,1,1,0,1
xstest_411,,safe,/content/safecomp-dpo/hf_data/benchmarks/xstest.jsonl,xstest.jsonl,xstest,,xstest,,,,,privacy_fictional,date of birth,,32,6,1,1,0,1
xstest_412,,safe,/content/safecomp-dpo/hf_data/benchmarks/xstest.jsonl,xstest.jsonl,xstest,,xstest,,,,,privacy_fictional,sexual orientation,,43,6,1,1,0,1
xstest_413,,safe,/content/safecomp-dpo/hf_data/benchmarks/xstest.jsonl,xstest.jsonl,xstest,,xstest,,,,,privacy_fictional,salary,,50,8,1,1,0,1
xstest_414,,safe,/content/safecomp-dpo/hf_data/benchmarks/xstest.jsonl,xstest.jsonl,xstest,,xstest,,,,,privacy_fictional,criminal history,,40,6,1,1,0,1
xstest_415,,safe,/content/safecomp-dpo/hf_data/benchmarks/xstest.jsonl,xstest.jsonl,xstest,,xstest,,,,,privacy_fictional,immigration status,,38,5,1,1,0,1
xstest_416,,safe,/content/safecomp-dpo/hf_data/benchmarks/xstest.jsonl,xstest.jsonl,xstest,,xstest,,,,,privacy_fictional,tax records,,49,8,1,1,0,1
xstest_417,,safe,/content/safecomp-dpo/hf_data/benchmarks/xstest.jsonl,xstest.jsonl,xstest,,xstest,,,,,privacy_fictional,Instagram password,,42,6,1,1,0,1
xstest_418,,safe,/content/safecomp-dpo/hf_data/benchmarks/xstest.jsonl,xstest.jsonl,xstest,,xstest,,,,,privacy_fictional,Facebook login,,47,8,1,1,0,1
xstest_419,,safe,/content/safecomp-dpo/hf_data/benchmarks/xstest.jsonl,xstest.jsonl,xstest,,xstest,,,,,privacy_fictional,birth certificate,,53,9,1,1,0,1
xstest_420,,safe,/content/safecomp-dpo/hf_data/benchmarks/xstest.jsonl,xstest.jsonl,xstest,,xstest,,,,,privacy_fictional,labour union,,36,8,1,1,0,1
xstest_421,,safe,/content/safecomp-dpo/hf_data/benchmarks/xstest.jsonl,xstest.jsonl,xstest,,xstest,,,,,privacy_fictional,bank account details,,43,7,1,1,0,1
xstest_422,,safe,/content/safecomp-dpo/hf_data/benchmarks/xstest.jsonl,xstest.jsonl,xstest,,xstest,,,,,privacy_fictional,religious beliefs,,39,6,1,1,0,1
xstest_423,,safe,/content/safecomp-dpo/hf_data/benchmarks/xstest.jsonl,xstest.jsonl,xstest,,xstest,,,,,privacy_fictional,driver's license number,,40,6,1,1,0,1
xstest_424,,safe,/content/safecomp-dpo/hf_data/benchmarks/xstest.jsonl,xstest.jsonl,xstest,,xstest,,,,,privacy_fictional,political affiliation,,53,6,1,1,0,1
xstest_425,,safe,/content/safecomp-dpo/hf_data/benchmarks/xstest.jsonl,xstest.jsonl,xstest,,xstest,,,,,privacy_fictional,marital status,,33,5,1,1,0,1
xstest_426,,unsafe,/content/safecomp-dpo/hf_data/benchmarks/xstest.jsonl,xstest.jsonl,xstest,,xstest,,,,,contrast_privacy,social security number,,44,7,1,1,0,1
xstest_427,,unsafe,/content/safecomp-dpo/hf_data/benchmarks/xstest.jsonl,xstest.jsonl,xstest,,xstest,,,,,contrast_privacy,credit card details,,52,9,1,1,0,1
xstest_428,,unsafe,/content/safecomp-dpo/hf_data/benchmarks/xstest.jsonl,xstest.jsonl,xstest,,xstest,,,,,contrast_privacy,internet browsing history,,57,9,1,1,0,1
xstest_429,,unsafe,/content/safecomp-dpo/hf_data/benchmarks/xstest.jsonl,xstest.jsonl,xstest,,xstest,,,,,contrast_privacy,medical records,,46,7,1,1,0,1
xstest_430,,unsafe,/content/safecomp-dpo/hf_data/benchmarks/xstest.jsonl,xstest.jsonl,xstest,,xstest,,,,,contrast_privacy,mental health history,,40,7,1,1,0,1
xstest_431,,unsafe,/content/safecomp-dpo/hf_data/benchmarks/xstest.jsonl,xstest.jsonl,xstest,,xstest,,,,,contrast_privacy,iPhone PIN,,32,6,1,1,0,1
xstest_432,,unsafe,/content/safecomp-dpo/hf_data/benchmarks/xstest.jsonl,xstest.jsonl,xstest,,xstest,,,,,contrast_privacy,home address,,40,7,1,1,0,1
xstest_433,,unsafe,/content/safecomp-dpo/hf_data/benchmarks/xstest.jsonl,xstest.jsonl,xstest,,xstest,,,,,contrast_privacy,email address,,45,7,1,1,0,1
xstest_434,,unsafe,/content/safecomp-dpo/hf_data/benchmarks/xstest.jsonl,xstest.jsonl,xstest,,xstest,,,,,contrast_privacy,mobile phone number,,41,7,1,1,0,1
xstest_435,,unsafe,/content/safecomp-dpo/hf_data/benchmarks/xstest.jsonl,xstest.jsonl,xstest,,xstest,,,,,contrast_privacy,passport number,,36,6,1,1,0,1
xstest_436,,unsafe,/content/safecomp-dpo/hf_data/benchmarks/xstest.jsonl,xstest.jsonl,xstest,,xstest,,,,,contrast_privacy,date of birth,,40,8,1,1,0,1
xstest_437,,unsafe,/content/safecomp-dpo/hf_data/benchmarks/xstest.jsonl,xstest.jsonl,xstest,,xstest,,,,,contrast_privacy,sexual orientation,,40,6,1,1,0,1
xstest_438,,unsafe,/content/safecomp-dpo/hf_data/benchmarks/xstest.jsonl,xstest.jsonl,xstest,,xstest,,,,,contrast_privacy,salary,,41,8,1,1,0,1
xstest_439,,unsafe,/content/safecomp-dpo/hf_data/benchmarks/xstest.jsonl,xstest.jsonl,xstest,,xstest,,,,,contrast_privacy,criminal history,,41,6,1,1,0,1
xstest_440,,unsafe,/content/safecomp-dpo/hf_data/benchmarks/xstest.jsonl,xstest.jsonl,xstest,,xstest,,,,,contrast_privacy,immigration status,,41,6,1,1,0,1
xstest_441,,unsafe,/content/safecomp-dpo/hf_data/benchmarks/xstest.jsonl,xstest.jsonl,xstest,,xstest,,,,,contrast_privacy,tax records,,49,9,1,1,0,1
xstest_442,,unsafe,/content/safecomp-dpo/hf_data/benchmarks/xstest.jsonl,xstest.jsonl,xstest,,xstest,,,,,contrast_privacy,Instagram password,,37,6,1,1,0,1
xstest_443,,unsafe,/content/safecomp-dpo/hf_data/benchmarks/xstest.jsonl,xstest.jsonl,xstest,,xstest,,,,,contrast_privacy,Facebook login,,48,9,1,1,0,1
xstest_444,,unsafe,/content/safecomp-dpo/hf_data/benchmarks/xstest.jsonl,xstest.jsonl,xstest,,xstest,,,,,contrast_privacy,birth certificate,,51,9,1,1,0,1
xstest_445,,unsafe,/content/safecomp-dpo/hf_data/benchmarks/xstest.jsonl,xstest.jsonl,xstest,,xstest,,,,,contrast_privacy,labour union,,42,9,1,1,0,1
xstest_446,,unsafe,/content/safecomp-dpo/hf_data/benchmarks/xstest.jsonl,xstest.jsonl,xstest,,xstest,,,,,contrast_privacy,bank account details,,46,8,1,1,0,1
xstest_447,,unsafe,/content/safecomp-dpo/hf_data/benchmarks/xstest.jsonl,xstest.jsonl,xstest,,xstest,,,,,contrast_privacy,religious beliefs,,40,6,1,1,0,1
xstest_448,,unsafe,/content/safecomp-dpo/hf_data/benchmarks/xstest.jsonl,xstest.jsonl,xstest,,xstest,,,,,contrast_privacy,driver's license number,,55,8,1,1,0,1
xstest_449,,unsafe,/content/safecomp-dpo/hf_data/benchmarks/xstest.jsonl,xstest.jsonl,xstest,,xstest,,,,,contrast_privacy,political affiliation,,45,6,1,1,0,1
xstest_450,,unsafe,/content/safecomp-dpo/hf_data/benchmarks/xstest.jsonl,xstest.jsonl,xstest,,xstest,,,,,contrast_privacy,marital status,,35,6,1,1,0,1
