prompt_id,category,possible_pair,pair_type
alpaca_train_000010,benign,helpful_answer > hard_refusal,safe_completion
alpaca_train_000028,benign,helpful_answer > hard_refusal,safe_completion
alpaca_train_000078,benign,helpful_answer > hard_refusal,safe_completion
alpaca_train_000082,benign,helpful_answer > hard_refusal,safe_completion
alpaca_train_000096,benign,helpful_answer > hard_refusal,safe_completion
alpaca_train_000167,benign,helpful_answer > hard_refusal,safe_completion
alpaca_train_000183,benign,helpful_answer > hard_refusal,safe_completion
alpaca_train_000191,benign,helpful_answer > hard_refusal,safe_completion
alpaca_train_000243,benign,helpful_answer > hard_refusal,safe_completion
alpaca_train_000326,benign,helpful_answer > hard_refusal,safe_completion
alpaca_train_000383,benign,helpful_answer > hard_refusal,safe_completion
alpaca_train_000408,benign,helpful_answer > hard_refusal,safe_completion
alpaca_train_000443,benign,helpful_answer > hard_refusal,safe_completion
alpaca_train_000510,benign,helpful_answer > hard_refusal,safe_completion
alpaca_train_000523,benign,helpful_answer > hard_refusal,safe_completion
alpaca_train_000679,benign,helpful_answer > hard_refusal,safe_completion
alpaca_train_000695,benign,helpful_answer > hard_refusal,safe_completion
alpaca_train_000723,benign,helpful_answer > hard_refusal,safe_completion
alpaca_train_000747,benign,helpful_answer > hard_refusal,safe_completion
alpaca_train_000770,benign,helpful_answer > hard_refusal,safe_completion
alpaca_train_000771,benign,helpful_answer > hard_refusal,safe_completion
alpaca_train_000790,benign,helpful_answer > hard_refusal,safe_completion
alpaca_train_000819,benign,helpful_answer > hard_refusal,safe_completion
alpaca_train_000836,benign,helpful_answer > hard_refusal,safe_completion
alpaca_train_000911,benign,helpful_answer > hard_refusal,safe_completion
alpaca_train_001092,benign,helpful_answer > hard_refusal,safe_completion
alpaca_train_001101,benign,helpful_answer > hard_refusal,safe_completion
alpaca_train_001171,benign,helpful_answer > hard_refusal,safe_completion
alpaca_train_001211,benign,helpful_answer > hard_refusal,safe_completion
alpaca_train_001240,benign,helpful_answer > hard_refusal,safe_completion
alpaca_train_001279,benign,helpful_answer > hard_refusal,safe_completion
alpaca_train_001306,benign,helpful_answer > hard_refusal,safe_completion
alpaca_train_001355,benign,helpful_answer > hard_refusal,safe_completion
alpaca_train_001460,benign,helpful_answer > hard_refusal,safe_completion
alpaca_train_001462,benign,helpful_answer > hard_refusal,safe_completion
alpaca_train_001481,benign,helpful_answer > hard_refusal,safe_completion
alpaca_train_001520,benign,helpful_answer > hard_refusal,safe_completion
alpaca_train_001533,benign,helpful_answer > hard_refusal,safe_completion
alpaca_train_001580,benign,helpful_answer > hard_refusal,safe_completion
alpaca_train_001600,benign,helpful_answer > hard_refusal,safe_completion
alpaca_train_001656,benign,helpful_answer > hard_refusal,safe_completion
alpaca_train_001673,benign,helpful_answer > hard_refusal,safe_completion
alpaca_train_001689,benign,helpful_answer > hard_refusal,safe_completion
alpaca_train_001779,benign,helpful_answer > hard_refusal,safe_completion
alpaca_train_001791,benign,helpful_answer > hard_refusal,safe_completion
alpaca_train_001795,benign,helpful_answer > hard_refusal,safe_completion
alpaca_train_001818,benign,helpful_answer > hard_refusal,safe_completion
alpaca_train_001868,benign,helpful_answer > hard_refusal,safe_completion
alpaca_train_001896,benign,helpful_answer > hard_refusal,safe_completion
alpaca_train_001910,benign,helpful_answer > hard_refusal,safe_completion
alpaca_train_001929,benign,helpful_answer > hard_refusal,safe_completion
alpaca_train_001938,benign,helpful_answer > hard_refusal,safe_completion
alpaca_train_002032,benign,helpful_answer > hard_refusal,safe_completion
alpaca_train_002089,benign,helpful_answer > hard_refusal,safe_completion
alpaca_train_002128,benign,helpful_answer > hard_refusal,safe_completion
alpaca_train_002131,benign,helpful_answer > hard_refusal,safe_completion
alpaca_train_002163,benign,helpful_answer > hard_refusal,safe_completion
alpaca_train_002185,benign,helpful_answer > hard_refusal,safe_completion
alpaca_train_002266,benign,helpful_answer > hard_refusal,safe_completion
alpaca_train_002283,benign,helpful_answer > hard_refusal,safe_completion
alpaca_train_002352,benign,helpful_answer > hard_refusal,safe_completion
alpaca_train_002361,benign,helpful_answer > hard_refusal,safe_completion
alpaca_train_002369,benign,helpful_answer > hard_refusal,safe_completion
alpaca_train_002409,benign,helpful_answer > hard_refusal,safe_completion
alpaca_train_002414,benign,helpful_answer > hard_refusal,safe_completion
alpaca_train_002468,benign,helpful_answer > hard_refusal,safe_completion
alpaca_train_002493,benign,helpful_answer > hard_refusal,safe_completion
alpaca_train_002582,benign,helpful_answer > hard_refusal,safe_completion
alpaca_train_002616,benign,helpful_answer > hard_refusal,safe_completion
alpaca_train_002623,benign,helpful_answer > hard_refusal,safe_completion
alpaca_train_002632,benign,helpful_answer > hard_refusal,safe_completion
alpaca_train_002691,benign,helpful_answer > hard_refusal,safe_completion
alpaca_train_002697,benign,helpful_answer > hard_refusal,safe_completion
alpaca_train_002732,benign,helpful_answer > hard_refusal,safe_completion
alpaca_train_002733,benign,helpful_answer > hard_refusal,safe_completion
alpaca_train_002752,benign,helpful_answer > hard_refusal,safe_completion
alpaca_train_002796,benign,helpful_answer > hard_refusal,safe_completion
alpaca_train_002805,benign,helpful_answer > hard_refusal,safe_completion
alpaca_train_002911,benign,helpful_answer > hard_refusal,safe_completion
alpaca_train_002979,benign,helpful_answer > hard_refusal,safe_completion
alpaca_train_002992,benign,helpful_answer > hard_refusal,safe_completion
alpaca_train_003012,benign,helpful_answer > hard_refusal,safe_completion
alpaca_train_003020,benign,helpful_answer > hard_refusal,safe_completion
alpaca_train_003021,benign,helpful_answer > hard_refusal,safe_completion
alpaca_train_003031,benign,helpful_answer > hard_refusal,safe_completion
alpaca_train_003162,benign,helpful_answer > hard_refusal,safe_completion
alpaca_train_003186,benign,helpful_answer > hard_refusal,safe_completion
alpaca_train_003264,benign,helpful_answer > hard_refusal,safe_completion
alpaca_train_003328,benign,helpful_answer > hard_refusal,safe_completion
alpaca_train_003345,benign,helpful_answer > hard_refusal,safe_completion
alpaca_train_003411,benign,helpful_answer > hard_refusal,safe_completion
alpaca_train_003441,benign,helpful_answer > hard_refusal,safe_completion
alpaca_train_003450,benign,helpful_answer > hard_refusal,safe_completion
alpaca_train_003503,benign,helpful_answer > hard_refusal,safe_completion
alpaca_train_003550,benign,helpful_answer > hard_refusal,safe_completion
alpaca_train_003594,benign,helpful_answer > hard_refusal,safe_completion
alpaca_train_003604,benign,helpful_answer > hard_refusal,safe_completion
alpaca_train_003622,benign,helpful_answer > hard_refusal,safe_completion
alpaca_train_003647,benign,helpful_answer > hard_refusal,safe_completion
alpaca_train_003650,benign,helpful_answer > hard_refusal,safe_completion
alpaca_train_003717,benign,helpful_answer > hard_refusal,safe_completion
alpaca_train_003757,benign,helpful_answer > hard_refusal,safe_completion
alpaca_train_003769,benign,helpful_answer > hard_refusal,safe_completion
alpaca_train_003770,benign,helpful_answer > hard_refusal,safe_completion
alpaca_train_003795,benign,helpful_answer > hard_refusal,safe_completion
alpaca_train_003819,benign,helpful_answer > hard_refusal,safe_completion
alpaca_train_003933,benign,helpful_answer > hard_refusal,safe_completion
alpaca_train_003934,benign,helpful_answer > hard_refusal,safe_completion
alpaca_train_003936,benign,helpful_answer > hard_refusal,safe_completion
alpaca_train_003937,benign,helpful_answer > hard_refusal,safe_completion
alpaca_train_003942,benign,helpful_answer > hard_refusal,safe_completion
alpaca_train_003944,benign,helpful_answer > hard_refusal,safe_completion
alpaca_train_003972,benign,helpful_answer > hard_refusal,safe_completion
alpaca_train_003994,benign,helpful_answer > hard_refusal,safe_completion
alpaca_train_004129,benign,helpful_answer > hard_refusal,safe_completion
alpaca_train_004181,benign,helpful_answer > hard_refusal,safe_completion
alpaca_train_004202,benign,helpful_answer > hard_refusal,safe_completion
alpaca_train_004209,benign,helpful_answer > hard_refusal,safe_completion
alpaca_train_004220,benign,helpful_answer > hard_refusal,safe_completion
alpaca_train_004243,benign,helpful_answer > hard_refusal,safe_completion
alpaca_train_004284,benign,helpful_answer > hard_refusal,safe_completion
alpaca_train_004331,benign,helpful_answer > hard_refusal,safe_completion
alpaca_train_004341,benign,helpful_answer > hard_refusal,safe_completion
alpaca_train_004357,benign,helpful_answer > hard_refusal,safe_completion
alpaca_train_004360,benign,helpful_answer > hard_refusal,safe_completion
alpaca_train_004372,benign,helpful_answer > hard_refusal,safe_completion
alpaca_train_004384,benign,helpful_answer > hard_refusal,safe_completion
alpaca_train_004387,benign,helpful_answer > hard_refusal,safe_completion
alpaca_train_004438,benign,helpful_answer > hard_refusal,safe_completion
alpaca_train_004456,benign,helpful_answer > hard_refusal,safe_completion
alpaca_train_004550,benign,helpful_answer > hard_refusal,safe_completion
alpaca_train_004591,benign,helpful_answer > hard_refusal,safe_completion
alpaca_train_004653,benign,helpful_answer > hard_refusal,safe_completion
alpaca_train_004671,benign,helpful_answer > hard_refusal,safe_completion
alpaca_train_004693,benign,helpful_answer > hard_refusal,safe_completion
alpaca_train_004751,benign,helpful_answer > hard_refusal,safe_completion
alpaca_train_004789,benign,helpful_answer > hard_refusal,safe_completion
alpaca_train_004819,benign,helpful_answer > hard_refusal,safe_completion
alpaca_train_004831,benign,helpful_answer > hard_refusal,safe_completion
alpaca_train_004843,benign,helpful_answer > hard_refusal,safe_completion
alpaca_train_004860,benign,helpful_answer > hard_refusal,safe_completion
alpaca_train_004876,benign,helpful_answer > hard_refusal,safe_completion
alpaca_train_004896,benign,helpful_answer > hard_refusal,safe_completion
alpaca_train_004947,benign,helpful_answer > hard_refusal,safe_completion
alpaca_train_004998,benign,helpful_answer > hard_refusal,safe_completion
alpaca_train_005017,benign,helpful_answer > hard_refusal,safe_completion
alpaca_train_005031,benign,helpful_answer > hard_refusal,safe_completion
alpaca_train_005065,benign,helpful_answer > hard_refusal,safe_completion
alpaca_train_005140,benign,helpful_answer > hard_refusal,safe_completion
alpaca_train_005188,benign,helpful_answer > hard_refusal,safe_completion
alpaca_train_005220,benign,helpful_answer > hard_refusal,safe_completion
alpaca_train_005238,benign,helpful_answer > hard_refusal,safe_completion
alpaca_train_005255,benign,helpful_answer > hard_refusal,safe_completion
alpaca_train_005277,benign,helpful_answer > hard_refusal,safe_completion
alpaca_train_005356,benign,helpful_answer > hard_refusal,safe_completion
alpaca_train_005377,benign,helpful_answer > hard_refusal,safe_completion
alpaca_train_005444,benign,helpful_answer > hard_refusal,safe_completion
alpaca_train_005446,benign,helpful_answer > hard_refusal,safe_completion
alpaca_train_005527,benign,helpful_answer > hard_refusal,safe_completion
alpaca_train_005535,benign,helpful_answer > hard_refusal,safe_completion
alpaca_train_005551,benign,helpful_answer > hard_refusal,safe_completion
alpaca_train_005598,benign,helpful_answer > hard_refusal,safe_completion
alpaca_train_005697,benign,helpful_answer > hard_refusal,safe_completion
alpaca_train_005715,benign,helpful_answer > hard_refusal,safe_completion
alpaca_train_005760,benign,helpful_answer > hard_refusal,safe_completion
alpaca_train_005769,benign,helpful_answer > hard_refusal,safe_completion
alpaca_train_005781,benign,helpful_answer > hard_refusal,safe_completion
alpaca_train_005811,benign,helpful_answer > hard_refusal,safe_completion
alpaca_train_005816,benign,helpful_answer > hard_refusal,safe_completion
alpaca_train_005858,benign,helpful_answer > hard_refusal,safe_completion
alpaca_train_005874,benign,helpful_answer > hard_refusal,safe_completion
alpaca_train_005915,benign,helpful_answer > hard_refusal,safe_completion
alpaca_train_005935,benign,helpful_answer > hard_refusal,safe_completion
alpaca_train_005952,benign,helpful_answer > hard_refusal,safe_completion
alpaca_train_005972,benign,helpful_answer > hard_refusal,safe_completion
alpaca_train_006012,benign,helpful_answer > hard_refusal,safe_completion
alpaca_train_006028,benign,helpful_answer > hard_refusal,safe_completion
alpaca_train_006029,benign,helpful_answer > hard_refusal,safe_completion
alpaca_train_006091,benign,helpful_answer > hard_refusal,safe_completion
alpaca_train_006184,benign,helpful_answer > hard_refusal,safe_completion
alpaca_train_006193,benign,helpful_answer > hard_refusal,safe_completion
alpaca_train_006204,benign,helpful_answer > hard_refusal,safe_completion
alpaca_train_006219,benign,helpful_answer > hard_refusal,safe_completion
alpaca_train_006247,benign,helpful_answer > hard_refusal,safe_completion
alpaca_train_006257,benign,helpful_answer > hard_refusal,safe_completion
alpaca_train_006280,benign,helpful_answer > hard_refusal,safe_completion
alpaca_train_006339,benign,helpful_answer > hard_refusal,safe_completion
alpaca_train_006348,benign,helpful_answer > hard_refusal,safe_completion
alpaca_train_006355,benign,helpful_answer > hard_refusal,safe_completion
alpaca_train_006356,benign,helpful_answer > hard_refusal,safe_completion
alpaca_train_006394,benign,helpful_answer > hard_refusal,safe_completion
alpaca_train_006420,benign,helpful_answer > hard_refusal,safe_completion
alpaca_train_006515,benign,helpful_answer > hard_refusal,safe_completion
alpaca_train_006602,benign,helpful_answer > hard_refusal,safe_completion
alpaca_train_006696,benign,helpful_answer > hard_refusal,safe_completion
alpaca_train_006750,benign,helpful_answer > hard_refusal,safe_completion
alpaca_train_006752,benign,helpful_answer > hard_refusal,safe_completion
alpaca_train_006761,benign,helpful_answer > hard_refusal,safe_completion
alpaca_train_006794,benign,helpful_answer > hard_refusal,safe_completion
alpaca_train_006817,benign,helpful_answer > hard_refusal,safe_completion
alpaca_train_006823,benign,helpful_answer > hard_refusal,safe_completion
alpaca_train_006824,benign,helpful_answer > hard_refusal,safe_completion
alpaca_train_006848,benign,helpful_answer > hard_refusal,safe_completion
alpaca_train_006896,benign,helpful_answer > hard_refusal,safe_completion
alpaca_train_006968,benign,helpful_answer > hard_refusal,safe_completion
alpaca_train_006988,benign,helpful_answer > hard_refusal,safe_completion
alpaca_train_007033,benign,helpful_answer > hard_refusal,safe_completion
alpaca_train_007073,benign,helpful_answer > hard_refusal,safe_completion
alpaca_train_007086,benign,helpful_answer > hard_refusal,safe_completion
alpaca_train_007095,benign,helpful_answer > hard_refusal,safe_completion
alpaca_train_007150,benign,helpful_answer > hard_refusal,safe_completion
alpaca_train_007206,benign,helpful_answer > hard_refusal,safe_completion
alpaca_train_007260,benign,helpful_answer > hard_refusal,safe_completion
alpaca_train_007262,benign,helpful_answer > hard_refusal,safe_completion
alpaca_train_007285,benign,helpful_answer > hard_refusal,safe_completion
alpaca_train_007295,benign,helpful_answer > hard_refusal,safe_completion
alpaca_train_007332,benign,helpful_answer > hard_refusal,safe_completion
alpaca_train_007360,benign,helpful_answer > hard_refusal,safe_completion
alpaca_train_007368,benign,helpful_answer > hard_refusal,safe_completion
alpaca_train_007374,benign,helpful_answer > hard_refusal,safe_completion
alpaca_train_007418,benign,helpful_answer > hard_refusal,safe_completion
alpaca_train_007438,benign,helpful_answer > hard_refusal,safe_completion
alpaca_train_007445,benign,helpful_answer > hard_refusal,safe_completion
alpaca_train_007450,benign,helpful_answer > hard_refusal,safe_completion
alpaca_train_007499,benign,helpful_answer > hard_refusal,safe_completion
alpaca_train_007501,benign,helpful_answer > hard_refusal,safe_completion
alpaca_train_007544,benign,helpful_answer > hard_refusal,safe_completion
alpaca_train_007643,benign,helpful_answer > hard_refusal,safe_completion
alpaca_train_007644,benign,helpful_answer > hard_refusal,safe_completion
alpaca_train_007731,benign,helpful_answer > hard_refusal,safe_completion
alpaca_train_007774,benign,helpful_answer > hard_refusal,safe_completion
alpaca_train_007799,benign,helpful_answer > hard_refusal,safe_completion
alpaca_train_007808,benign,helpful_answer > hard_refusal,safe_completion
alpaca_train_007812,benign,helpful_answer > hard_refusal,safe_completion
alpaca_train_007822,benign,helpful_answer > hard_refusal,safe_completion
alpaca_train_007829,benign,helpful_answer > hard_refusal,safe_completion
alpaca_train_007957,benign,helpful_answer > hard_refusal,safe_completion
alpaca_train_007979,benign,helpful_answer > hard_refusal,safe_completion
alpaca_train_008005,benign,helpful_answer > hard_refusal,safe_completion
alpaca_train_008019,benign,helpful_answer > hard_refusal,safe_completion
alpaca_train_008033,benign,helpful_answer > hard_refusal,safe_completion
alpaca_train_008096,benign,helpful_answer > hard_refusal,safe_completion
alpaca_train_008115,benign,helpful_answer > hard_refusal,safe_completion
alpaca_train_008141,benign,helpful_answer > hard_refusal,safe_completion
alpaca_train_008175,benign,helpful_answer > hard_refusal,safe_completion
alpaca_train_008206,benign,helpful_answer > hard_refusal,safe_completion
alpaca_train_008254,benign,helpful_answer > hard_refusal,safe_completion
alpaca_train_008451,benign,helpful_answer > hard_refusal,safe_completion
alpaca_train_008515,benign,helpful_answer > hard_refusal,safe_completion
alpaca_train_008535,benign,helpful_answer > hard_refusal,safe_completion
alpaca_train_008538,benign,helpful_answer > hard_refusal,safe_completion
alpaca_train_008560,benign,helpful_answer > hard_refusal,safe_completion
alpaca_train_008569,benign,helpful_answer > hard_refusal,safe_completion
alpaca_train_008614,benign,helpful_answer > hard_refusal,safe_completion
alpaca_train_008624,benign,helpful_answer > hard_refusal,safe_completion
alpaca_train_008654,benign,helpful_answer > hard_refusal,safe_completion
alpaca_train_008729,benign,helpful_answer > hard_refusal,safe_completion
alpaca_train_008801,benign,helpful_answer > hard_refusal,safe_completion
alpaca_train_008804,benign,helpful_answer > hard_refusal,safe_completion
alpaca_train_008831,benign,helpful_answer > hard_refusal,safe_completion
alpaca_train_008873,benign,helpful_answer > hard_refusal,safe_completion
alpaca_train_008876,benign,helpful_answer > hard_refusal,safe_completion
alpaca_train_008884,benign,helpful_answer > hard_refusal,safe_completion
alpaca_train_008899,benign,helpful_answer > hard_refusal,safe_completion
alpaca_train_008903,benign,helpful_answer > hard_refusal,safe_completion
alpaca_train_008930,benign,helpful_answer > hard_refusal,safe_completion
alpaca_train_008961,benign,helpful_answer > hard_refusal,safe_completion
alpaca_train_008983,benign,helpful_answer > hard_refusal,safe_completion
alpaca_train_009009,benign,helpful_answer > hard_refusal,safe_completion
alpaca_train_009111,benign,helpful_answer > hard_refusal,safe_completion
alpaca_train_009121,benign,helpful_answer > hard_refusal,safe_completion
alpaca_train_009159,benign,helpful_answer > hard_refusal,safe_completion
alpaca_train_009161,benign,helpful_answer > hard_refusal,safe_completion
alpaca_train_009166,benign,helpful_answer > hard_refusal,safe_completion
alpaca_train_009308,benign,helpful_answer > hard_refusal,safe_completion
alpaca_train_009355,benign,helpful_answer > hard_refusal,safe_completion
alpaca_train_009369,benign,helpful_answer > hard_refusal,safe_completion
alpaca_train_009489,benign,helpful_answer > hard_refusal,safe_completion
alpaca_train_009570,benign,helpful_answer > hard_refusal,safe_completion
alpaca_train_009639,benign,helpful_answer > hard_refusal,safe_completion
alpaca_train_009698,benign,helpful_answer > hard_refusal,safe_completion
alpaca_train_009700,benign,helpful_answer > hard_refusal,safe_completion
alpaca_train_009757,benign,helpful_answer > hard_refusal,safe_completion
alpaca_train_009839,benign,helpful_answer > hard_refusal,safe_completion
alpaca_train_009859,benign,helpful_answer > hard_refusal,safe_completion
alpaca_train_009881,benign,helpful_answer > hard_refusal,safe_completion
alpaca_train_009906,benign,helpful_answer > hard_refusal,safe_completion
alpaca_train_009925,benign,helpful_answer > hard_refusal,safe_completion
alpaca_train_009983,benign,helpful_answer > hard_refusal,safe_completion
alpaca_train_010011,benign,helpful_answer > hard_refusal,safe_completion
alpaca_train_010044,benign,helpful_answer > hard_refusal,safe_completion
alpaca_train_010050,benign,helpful_answer > hard_refusal,safe_completion
alpaca_train_010076,benign,helpful_answer > hard_refusal,safe_completion
alpaca_train_010077,benign,helpful_answer > hard_refusal,safe_completion
alpaca_train_010097,benign,helpful_answer > hard_refusal,safe_completion
alpaca_train_010162,benign,helpful_answer > hard_refusal,safe_completion
alpaca_train_010177,benign,helpful_answer > hard_refusal,safe_completion
alpaca_train_010191,benign,helpful_answer > hard_refusal,safe_completion
alpaca_train_010199,benign,helpful_answer > hard_refusal,safe_completion
alpaca_train_010229,benign,helpful_answer > hard_refusal,safe_completion
alpaca_train_010241,benign,helpful_answer > hard_refusal,safe_completion
alpaca_train_010247,benign,helpful_answer > hard_refusal,safe_completion
alpaca_train_010275,benign,helpful_answer > hard_refusal,safe_completion
alpaca_train_010291,benign,helpful_answer > hard_refusal,safe_completion
alpaca_train_010308,benign,helpful_answer > hard_refusal,safe_completion
alpaca_train_010356,benign,helpful_answer > hard_refusal,safe_completion
alpaca_train_010378,benign,helpful_answer > hard_refusal,safe_completion
alpaca_train_010433,benign,helpful_answer > hard_refusal,safe_completion
alpaca_train_010464,benign,helpful_answer > hard_refusal,safe_completion
alpaca_train_010500,benign,helpful_answer > hard_refusal,safe_completion
alpaca_train_010565,benign,helpful_answer > hard_refusal,safe_completion
alpaca_train_010571,benign,helpful_answer > hard_refusal,safe_completion
alpaca_train_010631,benign,helpful_answer > hard_refusal,safe_completion
alpaca_train_010652,benign,helpful_answer > hard_refusal,safe_completion
alpaca_train_010832,benign,helpful_answer > hard_refusal,safe_completion
alpaca_train_010838,benign,helpful_answer > hard_refusal,safe_completion
alpaca_train_010854,benign,helpful_answer > hard_refusal,safe_completion
alpaca_train_010905,benign,helpful_answer > hard_refusal,safe_completion
alpaca_train_010932,benign,helpful_answer > hard_refusal,safe_completion
alpaca_train_010939,benign,helpful_answer > hard_refusal,safe_completion
alpaca_train_010950,benign,helpful_answer > hard_refusal,safe_completion
alpaca_train_011029,benign,helpful_answer > hard_refusal,safe_completion
alpaca_train_011046,benign,helpful_answer > hard_refusal,safe_completion
alpaca_train_011051,benign,helpful_answer > hard_refusal,safe_completion
alpaca_train_011088,benign,helpful_answer > hard_refusal,safe_completion
alpaca_train_011092,benign,helpful_answer > hard_refusal,safe_completion
alpaca_train_011102,benign,helpful_answer > hard_refusal,safe_completion
alpaca_train_011181,benign,helpful_answer > hard_refusal,safe_completion
alpaca_train_011186,benign,helpful_answer > hard_refusal,safe_completion
alpaca_train_011190,benign,helpful_answer > hard_refusal,safe_completion
alpaca_train_011218,benign,helpful_answer > hard_refusal,safe_completion
alpaca_train_011315,benign,helpful_answer > hard_refusal,safe_completion
alpaca_train_011339,benign,helpful_answer > hard_refusal,safe_completion
alpaca_train_011344,benign,helpful_answer > hard_refusal,safe_completion
alpaca_train_011357,benign,helpful_answer > hard_refusal,safe_completion
alpaca_train_011359,benign,helpful_answer > hard_refusal,safe_completion
alpaca_train_011470,benign,helpful_answer > hard_refusal,safe_completion
alpaca_train_011478,benign,helpful_answer > hard_refusal,safe_completion
alpaca_train_011489,benign,helpful_answer > hard_refusal,safe_completion
alpaca_train_011531,benign,helpful_answer > hard_refusal,safe_completion
alpaca_train_011573,benign,helpful_answer > hard_refusal,safe_completion
alpaca_train_011676,benign,helpful_answer > hard_refusal,safe_completion
alpaca_train_011705,benign,helpful_answer > hard_refusal,safe_completion
alpaca_train_011730,benign,helpful_answer > hard_refusal,safe_completion
alpaca_train_011872,benign,helpful_answer > hard_refusal,safe_completion
alpaca_train_011874,benign,helpful_answer > hard_refusal,safe_completion
alpaca_train_011882,benign,helpful_answer > hard_refusal,safe_completion
alpaca_train_011953,benign,helpful_answer > hard_refusal,safe_completion
alpaca_train_011992,benign,helpful_answer > hard_refusal,safe_completion
alpaca_train_011998,benign,helpful_answer > hard_refusal,safe_completion
alpaca_train_012043,benign,helpful_answer > hard_refusal,safe_completion
alpaca_train_012050,benign,helpful_answer > hard_refusal,safe_completion
alpaca_train_012073,benign,helpful_answer > hard_refusal,safe_completion
alpaca_train_012077,benign,helpful_answer > hard_refusal,safe_completion
alpaca_train_012098,benign,helpful_answer > hard_refusal,safe_completion
alpaca_train_012209,benign,helpful_answer > hard_refusal,safe_completion
alpaca_train_012242,benign,helpful_answer > hard_refusal,safe_completion
alpaca_train_012269,benign,helpful_answer > hard_refusal,safe_completion
alpaca_train_012294,benign,helpful_answer > hard_refusal,safe_completion
alpaca_train_012299,benign,helpful_answer > hard_refusal,safe_completion
alpaca_train_012319,benign,helpful_answer > hard_refusal,safe_completion
alpaca_train_012321,benign,helpful_answer > hard_refusal,safe_completion
alpaca_train_012334,benign,helpful_answer > hard_refusal,safe_completion
alpaca_train_012339,benign,helpful_answer > hard_refusal,safe_completion
alpaca_train_012581,benign,helpful_answer > hard_refusal,safe_completion
alpaca_train_012587,benign,helpful_answer > hard_refusal,safe_completion
alpaca_train_012605,benign,helpful_answer > hard_refusal,safe_completion
alpaca_train_012656,benign,helpful_answer > hard_refusal,safe_completion
alpaca_train_012682,benign,helpful_answer > hard_refusal,safe_completion
alpaca_train_012738,benign,helpful_answer > hard_refusal,safe_completion
alpaca_train_012744,benign,helpful_answer > hard_refusal,safe_completion
alpaca_train_012751,benign,helpful_answer > hard_refusal,safe_completion
alpaca_train_012790,benign,helpful_answer > hard_refusal,safe_completion
alpaca_train_012808,benign,helpful_answer > hard_refusal,safe_completion
alpaca_train_012848,benign,helpful_answer > hard_refusal,safe_completion
alpaca_train_012880,benign,helpful_answer > hard_refusal,safe_completion
alpaca_train_012906,benign,helpful_answer > hard_refusal,safe_completion
alpaca_train_012949,benign,helpful_answer > hard_refusal,safe_completion
alpaca_train_012977,benign,helpful_answer > hard_refusal,safe_completion
alpaca_train_013032,benign,helpful_answer > hard_refusal,safe_completion
alpaca_train_013036,benign,helpful_answer > hard_refusal,safe_completion
alpaca_train_013046,benign,helpful_answer > hard_refusal,safe_completion
alpaca_train_013058,benign,helpful_answer > hard_refusal,safe_completion
alpaca_train_013059,benign,helpful_answer > hard_refusal,safe_completion
alpaca_train_013061,benign,helpful_answer > hard_refusal,safe_completion
alpaca_train_013129,benign,helpful_answer > hard_refusal,safe_completion
alpaca_train_013225,benign,helpful_answer > hard_refusal,safe_completion
alpaca_train_013264,benign,helpful_answer > hard_refusal,safe_completion
alpaca_train_013265,benign,helpful_answer > hard_refusal,safe_completion
alpaca_train_013334,benign,helpful_answer > hard_refusal,safe_completion
alpaca_train_013512,benign,helpful_answer > hard_refusal,safe_completion
alpaca_train_013530,benign,helpful_answer > hard_refusal,safe_completion
alpaca_train_013568,benign,helpful_answer > hard_refusal,safe_completion
alpaca_train_013649,benign,helpful_answer > hard_refusal,safe_completion
alpaca_train_013650,benign,helpful_answer > hard_refusal,safe_completion
alpaca_train_013668,benign,helpful_answer > hard_refusal,safe_completion
alpaca_train_013698,benign,helpful_answer > hard_refusal,safe_completion
alpaca_train_013708,benign,helpful_answer > hard_refusal,safe_completion
alpaca_train_013724,benign,helpful_answer > hard_refusal,safe_completion
alpaca_train_013730,benign,helpful_answer > hard_refusal,safe_completion
alpaca_train_013763,benign,helpful_answer > hard_refusal,safe_completion
alpaca_train_013786,benign,helpful_answer > hard_refusal,safe_completion
alpaca_train_013796,benign,helpful_answer > hard_refusal,safe_completion
alpaca_train_013805,benign,helpful_answer > hard_refusal,safe_completion
alpaca_train_013812,benign,helpful_answer > hard_refusal,safe_completion
alpaca_train_013901,benign,helpful_answer > hard_refusal,safe_completion
alpaca_train_013903,benign,helpful_answer > hard_refusal,safe_completion
alpaca_train_013999,benign,helpful_answer > hard_refusal,safe_completion
alpaca_train_014031,benign,helpful_answer > hard_refusal,safe_completion
alpaca_train_014083,benign,helpful_answer > hard_refusal,safe_completion
alpaca_train_014094,benign,helpful_answer > hard_refusal,safe_completion
alpaca_train_014106,benign,helpful_answer > hard_refusal,safe_completion
alpaca_train_014108,benign,helpful_answer > hard_refusal,safe_completion
alpaca_train_014138,benign,helpful_answer > hard_refusal,safe_completion
alpaca_train_014143,benign,helpful_answer > hard_refusal,safe_completion
alpaca_train_014171,benign,helpful_answer > hard_refusal,safe_completion
alpaca_train_014196,benign,helpful_answer > hard_refusal,safe_completion
alpaca_train_014242,benign,helpful_answer > hard_refusal,safe_completion
alpaca_train_014259,benign,helpful_answer > hard_refusal,safe_completion
alpaca_train_014302,benign,helpful_answer > hard_refusal,safe_completion
alpaca_train_014325,benign,helpful_answer > hard_refusal,safe_completion
alpaca_train_014343,benign,helpful_answer > hard_refusal,safe_completion
alpaca_train_014372,benign,helpful_answer > hard_refusal,safe_completion
alpaca_train_014377,benign,helpful_answer > hard_refusal,safe_completion
alpaca_train_014425,benign,helpful_answer > hard_refusal,safe_completion
alpaca_train_014439,benign,helpful_answer > hard_refusal,safe_completion
alpaca_train_014440,benign,helpful_answer > hard_refusal,safe_completion
alpaca_train_014458,benign,helpful_answer > hard_refusal,safe_completion
alpaca_train_014513,benign,helpful_answer > hard_refusal,safe_completion
alpaca_train_014535,benign,helpful_answer > hard_refusal,safe_completion
alpaca_train_014576,benign,helpful_answer > hard_refusal,safe_completion
alpaca_train_014605,benign,helpful_answer > hard_refusal,safe_completion
alpaca_train_014633,benign,helpful_answer > hard_refusal,safe_completion
alpaca_train_014645,benign,helpful_answer > hard_refusal,safe_completion
alpaca_train_014674,benign,helpful_answer > hard_refusal,safe_completion
alpaca_train_014682,benign,helpful_answer > hard_refusal,safe_completion
alpaca_train_014713,benign,helpful_answer > hard_refusal,safe_completion
alpaca_train_014740,benign,helpful_answer > hard_refusal,safe_completion
alpaca_train_014759,benign,helpful_answer > hard_refusal,safe_completion
alpaca_train_014763,benign,helpful_answer > hard_refusal,safe_completion
alpaca_train_014777,benign,helpful_answer > hard_refusal,safe_completion
alpaca_train_014787,benign,helpful_answer > hard_refusal,safe_completion
alpaca_train_014849,benign,helpful_answer > hard_refusal,safe_completion
alpaca_train_014930,benign,helpful_answer > hard_refusal,safe_completion
alpaca_train_014962,benign,helpful_answer > hard_refusal,safe_completion
alpaca_train_014975,benign,helpful_answer > hard_refusal,safe_completion
alpaca_train_015001,benign,helpful_answer > hard_refusal,safe_completion
alpaca_train_015032,benign,helpful_answer > hard_refusal,safe_completion
alpaca_train_015033,benign,helpful_answer > hard_refusal,safe_completion
alpaca_train_015110,benign,helpful_answer > hard_refusal,safe_completion
alpaca_train_015138,benign,helpful_answer > hard_refusal,safe_completion
alpaca_train_015150,benign,helpful_answer > hard_refusal,safe_completion
alpaca_train_015166,benign,helpful_answer > hard_refusal,safe_completion
alpaca_train_015207,benign,helpful_answer > hard_refusal,safe_completion
alpaca_train_015250,benign,helpful_answer > hard_refusal,safe_completion
alpaca_train_015261,benign,helpful_answer > hard_refusal,safe_completion
alpaca_train_015313,benign,helpful_answer > hard_refusal,safe_completion
alpaca_train_015343,benign,helpful_answer > hard_refusal,safe_completion
alpaca_train_015363,benign,helpful_answer > hard_refusal,safe_completion
alpaca_train_015403,benign,helpful_answer > hard_refusal,safe_completion
alpaca_train_015411,benign,helpful_answer > hard_refusal,safe_completion
alpaca_train_015419,benign,helpful_answer > hard_refusal,safe_completion
alpaca_train_015424,benign,helpful_answer > hard_refusal,safe_completion
alpaca_train_015467,benign,helpful_answer > hard_refusal,safe_completion
alpaca_train_015535,benign,helpful_answer > hard_refusal,safe_completion
alpaca_train_015539,benign,helpful_answer > hard_refusal,safe_completion
alpaca_train_015566,benign,helpful_answer > hard_refusal,safe_completion
alpaca_train_015585,benign,helpful_answer > hard_refusal,safe_completion
alpaca_train_015600,benign,helpful_answer > hard_refusal,safe_completion
alpaca_train_015625,benign,helpful_answer > hard_refusal,safe_completion
alpaca_train_015707,benign,helpful_answer > hard_refusal,safe_completion
alpaca_train_015750,benign,helpful_answer > hard_refusal,safe_completion
alpaca_train_015793,benign,helpful_answer > hard_refusal,safe_completion
alpaca_train_015892,benign,helpful_answer > hard_refusal,safe_completion
alpaca_train_015903,benign,helpful_answer > hard_refusal,safe_completion
alpaca_train_015919,benign,helpful_answer > hard_refusal,safe_completion
alpaca_train_016010,benign,helpful_answer > hard_refusal,safe_completion
alpaca_train_016013,benign,helpful_answer > hard_refusal,safe_completion
alpaca_train_016017,benign,helpful_answer > hard_refusal,safe_completion
alpaca_train_016081,benign,helpful_answer > hard_refusal,safe_completion
alpaca_train_016084,benign,helpful_answer > hard_refusal,safe_completion
alpaca_train_016124,benign,helpful_answer > hard_refusal,safe_completion
alpaca_train_016156,benign,helpful_answer > hard_refusal,safe_completion
alpaca_train_016194,benign,helpful_answer > hard_refusal,safe_completion
alpaca_train_016197,benign,helpful_answer > hard_refusal,safe_completion
alpaca_train_016218,benign,helpful_answer > hard_refusal,safe_completion
alpaca_train_016259,benign,helpful_answer > hard_refusal,safe_completion
alpaca_train_016274,benign,helpful_answer > hard_refusal,safe_completion
alpaca_train_016283,benign,helpful_answer > hard_refusal,safe_completion
alpaca_train_016312,benign,helpful_answer > hard_refusal,safe_completion
alpaca_train_016322,benign,helpful_answer > hard_refusal,safe_completion
alpaca_train_016336,benign,helpful_answer > hard_refusal,safe_completion
alpaca_train_016448,benign,helpful_answer > hard_refusal,safe_completion
alpaca_train_016472,benign,helpful_answer > hard_refusal,safe_completion
alpaca_train_016529,benign,helpful_answer > hard_refusal,safe_completion
alpaca_train_016555,benign,helpful_answer > hard_refusal,safe_completion
alpaca_train_016580,benign,helpful_answer > hard_refusal,safe_completion
alpaca_train_016592,benign,helpful_answer > hard_refusal,safe_completion
alpaca_train_016651,benign,helpful_answer > hard_refusal,safe_completion
alpaca_train_016670,benign,helpful_answer > hard_refusal,safe_completion
alpaca_train_016682,benign,helpful_answer > hard_refusal,safe_completion
alpaca_train_016707,benign,helpful_answer > hard_refusal,safe_completion
alpaca_train_016719,benign,helpful_answer > hard_refusal,safe_completion
alpaca_train_016768,benign,helpful_answer > hard_refusal,safe_completion
alpaca_train_016781,benign,helpful_answer > hard_refusal,safe_completion
alpaca_train_016822,benign,helpful_answer > hard_refusal,safe_completion
alpaca_train_016924,benign,helpful_answer > hard_refusal,safe_completion
alpaca_train_016990,benign,helpful_answer > hard_refusal,safe_completion
alpaca_train_017073,benign,helpful_answer > hard_refusal,safe_completion
alpaca_train_017132,benign,helpful_answer > hard_refusal,safe_completion
alpaca_train_017175,benign,helpful_answer > hard_refusal,safe_completion
alpaca_train_017178,benign,helpful_answer > hard_refusal,safe_completion
alpaca_train_017194,benign,helpful_answer > hard_refusal,safe_completion
alpaca_train_017199,benign,helpful_answer > hard_refusal,safe_completion
alpaca_train_017225,benign,helpful_answer > hard_refusal,safe_completion
alpaca_train_017271,benign,helpful_answer > hard_refusal,safe_completion
alpaca_train_017279,benign,helpful_answer > hard_refusal,safe_completion
alpaca_train_017282,benign,helpful_answer > hard_refusal,safe_completion
alpaca_train_017290,benign,helpful_answer > hard_refusal,safe_completion
alpaca_train_017303,benign,helpful_answer > hard_refusal,safe_completion
alpaca_train_017357,benign,helpful_answer > hard_refusal,safe_completion
alpaca_train_017391,benign,helpful_answer > hard_refusal,safe_completion
alpaca_train_017416,benign,helpful_answer > hard_refusal,safe_completion
alpaca_train_017438,benign,helpful_answer > hard_refusal,safe_completion
alpaca_train_017456,benign,helpful_answer > hard_refusal,safe_completion
alpaca_train_017469,benign,helpful_answer > hard_refusal,safe_completion
alpaca_train_017480,benign,helpful_answer > hard_refusal,safe_completion
alpaca_train_017510,benign,helpful_answer > hard_refusal,safe_completion
alpaca_train_017511,benign,helpful_answer > hard_refusal,safe_completion
alpaca_train_017516,benign,helpful_answer > hard_refusal,safe_completion
alpaca_train_017527,benign,helpful_answer > hard_refusal,safe_completion
alpaca_train_017576,benign,helpful_answer > hard_refusal,safe_completion
alpaca_train_017633,benign,helpful_answer > hard_refusal,safe_completion
alpaca_train_017667,benign,helpful_answer > hard_refusal,safe_completion
alpaca_train_017671,benign,helpful_answer > hard_refusal,safe_completion
alpaca_train_017677,benign,helpful_answer > hard_refusal,safe_completion
alpaca_train_017720,benign,helpful_answer > hard_refusal,safe_completion
alpaca_train_017728,benign,helpful_answer > hard_refusal,safe_completion
alpaca_train_017768,benign,helpful_answer > hard_refusal,safe_completion
alpaca_train_017773,benign,helpful_answer > hard_refusal,safe_completion
alpaca_train_017836,benign,helpful_answer > hard_refusal,safe_completion
alpaca_train_017865,benign,helpful_answer > hard_refusal,safe_completion
alpaca_train_017901,benign,helpful_answer > hard_refusal,safe_completion
alpaca_train_017904,benign,helpful_answer > hard_refusal,safe_completion
alpaca_train_017955,benign,helpful_answer > hard_refusal,safe_completion
alpaca_train_017962,benign,helpful_answer > hard_refusal,safe_completion
alpaca_train_018022,benign,helpful_answer > hard_refusal,safe_completion
alpaca_train_018026,benign,helpful_answer > hard_refusal,safe_completion
alpaca_train_018029,benign,helpful_answer > hard_refusal,safe_completion
alpaca_train_018044,benign,helpful_answer > hard_refusal,safe_completion
alpaca_train_018098,benign,helpful_answer > hard_refusal,safe_completion
alpaca_train_018105,benign,helpful_answer > hard_refusal,safe_completion
alpaca_train_018191,benign,helpful_answer > hard_refusal,safe_completion
alpaca_train_018206,benign,helpful_answer > hard_refusal,safe_completion
alpaca_train_018217,benign,helpful_answer > hard_refusal,safe_completion
alpaca_train_018227,benign,helpful_answer > hard_refusal,safe_completion
alpaca_train_018230,benign,helpful_answer > hard_refusal,safe_completion
alpaca_train_018237,benign,helpful_answer > hard_refusal,safe_completion
alpaca_train_018243,benign,helpful_answer > hard_refusal,safe_completion
alpaca_train_018247,benign,helpful_answer > hard_refusal,safe_completion
alpaca_train_018257,benign,helpful_answer > hard_refusal,safe_completion
alpaca_train_018260,benign,helpful_answer > hard_refusal,safe_completion
alpaca_train_018261,benign,helpful_answer > hard_refusal,safe_completion
alpaca_train_018298,benign,helpful_answer > hard_refusal,safe_completion
alpaca_train_018315,benign,helpful_answer > hard_refusal,safe_completion
alpaca_train_018359,benign,helpful_answer > hard_refusal,safe_completion
alpaca_train_018411,benign,helpful_answer > hard_refusal,safe_completion
alpaca_train_018417,benign,helpful_answer > hard_refusal,safe_completion
alpaca_train_018459,benign,helpful_answer > hard_refusal,safe_completion
alpaca_train_018511,benign,helpful_answer > hard_refusal,safe_completion
alpaca_train_018521,benign,helpful_answer > hard_refusal,safe_completion
alpaca_train_018531,benign,helpful_answer > hard_refusal,safe_completion
alpaca_train_018537,benign,helpful_answer > hard_refusal,safe_completion
alpaca_train_018580,benign,helpful_answer > hard_refusal,safe_completion
alpaca_train_018615,benign,helpful_answer > hard_refusal,safe_completion
alpaca_train_018651,benign,helpful_answer > hard_refusal,safe_completion
alpaca_train_018783,benign,helpful_answer > hard_refusal,safe_completion
alpaca_train_018830,benign,helpful_answer > hard_refusal,safe_completion
alpaca_train_018844,benign,helpful_answer > hard_refusal,safe_completion
alpaca_train_018877,benign,helpful_answer > hard_refusal,safe_completion
alpaca_train_018911,benign,helpful_answer > hard_refusal,safe_completion
alpaca_train_018934,benign,helpful_answer > hard_refusal,safe_completion
alpaca_train_018936,benign,helpful_answer > hard_refusal,safe_completion
alpaca_train_018960,benign,helpful_answer > hard_refusal,safe_completion
alpaca_train_019019,benign,helpful_answer > hard_refusal,safe_completion
alpaca_train_019089,benign,helpful_answer > hard_refusal,safe_completion
alpaca_train_019102,benign,helpful_answer > hard_refusal,safe_completion
alpaca_train_019145,benign,helpful_answer > hard_refusal,safe_completion
alpaca_train_019164,benign,helpful_answer > hard_refusal,safe_completion
alpaca_train_019199,benign,helpful_answer > hard_refusal,safe_completion
alpaca_train_019236,benign,helpful_answer > hard_refusal,safe_completion
alpaca_train_019247,benign,helpful_answer > hard_refusal,safe_completion
alpaca_train_019266,benign,helpful_answer > hard_refusal,safe_completion
alpaca_train_019278,benign,helpful_answer > hard_refusal,safe_completion
alpaca_train_019288,benign,helpful_answer > hard_refusal,safe_completion
alpaca_train_019357,benign,helpful_answer > hard_refusal,safe_completion
alpaca_train_019365,benign,helpful_answer > hard_refusal,safe_completion
alpaca_train_019368,benign,helpful_answer > hard_refusal,safe_completion
alpaca_train_019371,benign,helpful_answer > hard_refusal,safe_completion
alpaca_train_019420,benign,helpful_answer > hard_refusal,safe_completion
alpaca_train_019426,benign,helpful_answer > hard_refusal,safe_completion
alpaca_train_019440,benign,helpful_answer > hard_refusal,safe_completion
alpaca_train_019497,benign,helpful_answer > hard_refusal,safe_completion
alpaca_train_019507,benign,helpful_answer > hard_refusal,safe_completion
alpaca_train_019568,benign,helpful_answer > hard_refusal,safe_completion
alpaca_train_019592,benign,helpful_answer > hard_refusal,safe_completion
alpaca_train_019673,benign,helpful_answer > hard_refusal,safe_completion
alpaca_train_019675,benign,helpful_answer > hard_refusal,safe_completion
alpaca_train_019695,benign,helpful_answer > hard_refusal,safe_completion
alpaca_train_019702,benign,helpful_answer > hard_refusal,safe_completion
alpaca_train_019703,benign,helpful_answer > hard_refusal,safe_completion
alpaca_train_019750,benign,helpful_answer > hard_refusal,safe_completion
alpaca_train_019775,benign,helpful_answer > hard_refusal,safe_completion
alpaca_train_019830,benign,helpful_answer > hard_refusal,safe_completion
alpaca_train_019868,benign,helpful_answer > hard_refusal,safe_completion
alpaca_train_019914,benign,helpful_answer > hard_refusal,safe_completion
alpaca_train_019936,benign,helpful_answer > hard_refusal,safe_completion
alpaca_train_019971,benign,helpful_answer > hard_refusal,safe_completion
alpaca_train_019987,benign,helpful_answer > hard_refusal,safe_completion
alpaca_train_020011,benign,helpful_answer > hard_refusal,safe_completion
alpaca_train_020051,benign,helpful_answer > hard_refusal,safe_completion
alpaca_train_020062,benign,helpful_answer > hard_refusal,safe_completion
alpaca_train_020159,benign,helpful_answer > hard_refusal,safe_completion
alpaca_train_020165,benign,helpful_answer > hard_refusal,safe_completion
alpaca_train_020182,benign,helpful_answer > hard_refusal,safe_completion
alpaca_train_020262,benign,helpful_answer > hard_refusal,safe_completion
alpaca_train_020312,benign,helpful_answer > hard_refusal,safe_completion
alpaca_train_020365,benign,helpful_answer > hard_refusal,safe_completion
alpaca_train_020436,benign,helpful_answer > hard_refusal,safe_completion
alpaca_train_020504,benign,helpful_answer > hard_refusal,safe_completion
alpaca_train_020566,benign,helpful_answer > hard_refusal,safe_completion
alpaca_train_020624,benign,helpful_answer > hard_refusal,safe_completion
alpaca_train_020638,benign,helpful_answer > hard_refusal,safe_completion
alpaca_train_020703,benign,helpful_answer > hard_refusal,safe_completion
alpaca_train_020710,benign,helpful_answer > hard_refusal,safe_completion
alpaca_train_020713,benign,helpful_answer > hard_refusal,safe_completion
alpaca_train_020771,benign,helpful_answer > hard_refusal,safe_completion
alpaca_train_020779,benign,helpful_answer > hard_refusal,safe_completion
alpaca_train_020859,benign,helpful_answer > hard_refusal,safe_completion
alpaca_train_020880,benign,helpful_answer > hard_refusal,safe_completion
alpaca_train_020920,benign,helpful_answer > hard_refusal,safe_completion
alpaca_train_020984,benign,helpful_answer > hard_refusal,safe_completion
alpaca_train_021052,benign,helpful_answer > hard_refusal,safe_completion
alpaca_train_021116,benign,helpful_answer > hard_refusal,safe_completion
alpaca_train_021155,benign,helpful_answer > hard_refusal,safe_completion
alpaca_train_021157,benign,helpful_answer > hard_refusal,safe_completion
alpaca_train_021166,benign,helpful_answer > hard_refusal,safe_completion
alpaca_train_021175,benign,helpful_answer > hard_refusal,safe_completion
alpaca_train_021280,benign,helpful_answer > hard_refusal,safe_completion
alpaca_train_021384,benign,helpful_answer > hard_refusal,safe_completion
alpaca_train_021412,benign,helpful_answer > hard_refusal,safe_completion
alpaca_train_021528,benign,helpful_answer > hard_refusal,safe_completion
alpaca_train_021544,benign,helpful_answer > hard_refusal,safe_completion
alpaca_train_021658,benign,helpful_answer > hard_refusal,safe_completion
alpaca_train_021681,benign,helpful_answer > hard_refusal,safe_completion
alpaca_train_021698,benign,helpful_answer > hard_refusal,safe_completion
alpaca_train_021722,benign,helpful_answer > hard_refusal,safe_completion
alpaca_train_021742,benign,helpful_answer > hard_refusal,safe_completion
alpaca_train_021749,benign,helpful_answer > hard_refusal,safe_completion
alpaca_train_021770,benign,helpful_answer > hard_refusal,safe_completion
alpaca_train_021808,benign,helpful_answer > hard_refusal,safe_completion
alpaca_train_021813,benign,helpful_answer > hard_refusal,safe_completion
alpaca_train_021825,benign,helpful_answer > hard_refusal,safe_completion
alpaca_train_021828,benign,helpful_answer > hard_refusal,safe_completion
alpaca_train_022024,benign,helpful_answer > hard_refusal,safe_completion
alpaca_train_022045,benign,helpful_answer > hard_refusal,safe_completion
alpaca_train_022071,benign,helpful_answer > hard_refusal,safe_completion
alpaca_train_022091,benign,helpful_answer > hard_refusal,safe_completion
alpaca_train_022210,benign,helpful_answer > hard_refusal,safe_completion
alpaca_train_022223,benign,helpful_answer > hard_refusal,safe_completion
alpaca_train_022298,benign,helpful_answer > hard_refusal,safe_completion
alpaca_train_022337,benign,helpful_answer > hard_refusal,safe_completion
alpaca_train_022340,benign,helpful_answer > hard_refusal,safe_completion
alpaca_train_022374,benign,helpful_answer > hard_refusal,safe_completion
alpaca_train_022379,benign,helpful_answer > hard_refusal,safe_completion
alpaca_train_022446,benign,helpful_answer > hard_refusal,safe_completion
alpaca_train_022466,benign,helpful_answer > hard_refusal,safe_completion
alpaca_train_022470,benign,helpful_answer > hard_refusal,safe_completion
alpaca_train_022516,benign,helpful_answer > hard_refusal,safe_completion
alpaca_train_022527,benign,helpful_answer > hard_refusal,safe_completion
alpaca_train_022557,benign,helpful_answer > hard_refusal,safe_completion
alpaca_train_022573,benign,helpful_answer > hard_refusal,safe_completion
alpaca_train_022588,benign,helpful_answer > hard_refusal,safe_completion
alpaca_train_022615,benign,helpful_answer > hard_refusal,safe_completion
alpaca_train_022618,benign,helpful_answer > hard_refusal,safe_completion
alpaca_train_022645,benign,helpful_answer > hard_refusal,safe_completion
alpaca_train_022694,benign,helpful_answer > hard_refusal,safe_completion
alpaca_train_022696,benign,helpful_answer > hard_refusal,safe_completion
alpaca_train_022716,benign,helpful_answer > hard_refusal,safe_completion
alpaca_train_022721,benign,helpful_answer > hard_refusal,safe_completion
alpaca_train_022801,benign,helpful_answer > hard_refusal,safe_completion
alpaca_train_022807,benign,helpful_answer > hard_refusal,safe_completion
alpaca_train_022809,benign,helpful_answer > hard_refusal,safe_completion
alpaca_train_022871,benign,helpful_answer > hard_refusal,safe_completion
alpaca_train_022922,benign,helpful_answer > hard_refusal,safe_completion
alpaca_train_022923,benign,helpful_answer > hard_refusal,safe_completion
alpaca_train_022955,benign,helpful_answer > hard_refusal,safe_completion
alpaca_train_023135,benign,helpful_answer > hard_refusal,safe_completion
alpaca_train_023137,benign,helpful_answer > hard_refusal,safe_completion
alpaca_train_023183,benign,helpful_answer > hard_refusal,safe_completion
alpaca_train_023246,benign,helpful_answer > hard_refusal,safe_completion
alpaca_train_023321,benign,helpful_answer > hard_refusal,safe_completion
alpaca_train_023334,benign,helpful_answer > hard_refusal,safe_completion
alpaca_train_023393,benign,helpful_answer > hard_refusal,safe_completion
alpaca_train_023436,benign,helpful_answer > hard_refusal,safe_completion
alpaca_train_023484,benign,helpful_answer > hard_refusal,safe_completion
alpaca_train_023491,benign,helpful_answer > hard_refusal,safe_completion
alpaca_train_023591,benign,helpful_answer > hard_refusal,safe_completion
alpaca_train_023595,benign,helpful_answer > hard_refusal,safe_completion
alpaca_train_023602,benign,helpful_answer > hard_refusal,safe_completion
alpaca_train_023695,benign,helpful_answer > hard_refusal,safe_completion
alpaca_train_023725,benign,helpful_answer > hard_refusal,safe_completion
alpaca_train_023731,benign,helpful_answer > hard_refusal,safe_completion
alpaca_train_023736,benign,helpful_answer > hard_refusal,safe_completion
alpaca_train_023790,benign,helpful_answer > hard_refusal,safe_completion
alpaca_train_023830,benign,helpful_answer > hard_refusal,safe_completion
alpaca_train_023844,benign,helpful_answer > hard_refusal,safe_completion
alpaca_train_023943,benign,helpful_answer > hard_refusal,safe_completion
alpaca_train_023947,benign,helpful_answer > hard_refusal,safe_completion
alpaca_train_024009,benign,helpful_answer > hard_refusal,safe_completion
alpaca_train_024020,benign,helpful_answer > hard_refusal,safe_completion
alpaca_train_024030,benign,helpful_answer > hard_refusal,safe_completion
alpaca_train_024034,benign,helpful_answer > hard_refusal,safe_completion
alpaca_train_024088,benign,helpful_answer > hard_refusal,safe_completion
alpaca_train_024128,benign,helpful_answer > hard_refusal,safe_completion
alpaca_train_024152,benign,helpful_answer > hard_refusal,safe_completion
alpaca_train_024211,benign,helpful_answer > hard_refusal,safe_completion
alpaca_train_024219,benign,helpful_answer > hard_refusal,safe_completion
alpaca_train_024235,benign,helpful_answer > hard_refusal,safe_completion
alpaca_train_024252,benign,helpful_answer > hard_refusal,safe_completion
alpaca_train_024332,benign,helpful_answer > hard_refusal,safe_completion
alpaca_train_024348,benign,helpful_answer > hard_refusal,safe_completion
alpaca_train_024374,benign,helpful_answer > hard_refusal,safe_completion
alpaca_train_024407,benign,helpful_answer > hard_refusal,safe_completion
alpaca_train_024426,benign,helpful_answer > hard_refusal,safe_completion
alpaca_train_024460,benign,helpful_answer > hard_refusal,safe_completion
alpaca_train_024461,benign,helpful_answer > hard_refusal,safe_completion
alpaca_train_024464,benign,helpful_answer > hard_refusal,safe_completion
alpaca_train_024500,benign,helpful_answer > hard_refusal,safe_completion
alpaca_train_024523,benign,helpful_answer > hard_refusal,safe_completion
alpaca_train_024574,benign,helpful_answer > hard_refusal,safe_completion
alpaca_train_024576,benign,helpful_answer > hard_refusal,safe_completion
alpaca_train_024689,benign,helpful_answer > hard_refusal,safe_completion
alpaca_train_024701,benign,helpful_answer > hard_refusal,safe_completion
alpaca_train_024764,benign,helpful_answer > hard_refusal,safe_completion
alpaca_train_024802,benign,helpful_answer > hard_refusal,safe_completion
alpaca_train_024810,benign,helpful_answer > hard_refusal,safe_completion
alpaca_train_024820,benign,helpful_answer > hard_refusal,safe_completion
alpaca_train_024994,benign,helpful_answer > hard_refusal,safe_completion
alpaca_train_025011,benign,helpful_answer > hard_refusal,safe_completion
alpaca_train_025012,benign,helpful_answer > hard_refusal,safe_completion
alpaca_train_025113,benign,helpful_answer > hard_refusal,safe_completion
alpaca_train_025144,benign,helpful_answer > hard_refusal,safe_completion
alpaca_train_025160,benign,helpful_answer > hard_refusal,safe_completion
alpaca_train_025161,benign,helpful_answer > hard_refusal,safe_completion
alpaca_train_025174,benign,helpful_answer > hard_refusal,safe_completion
alpaca_train_025194,benign,helpful_answer > hard_refusal,safe_completion
alpaca_train_025218,benign,helpful_answer > hard_refusal,safe_completion
alpaca_train_025246,benign,helpful_answer > hard_refusal,safe_completion
alpaca_train_025256,benign,helpful_answer > hard_refusal,safe_completion
alpaca_train_025273,benign,helpful_answer > hard_refusal,safe_completion
alpaca_train_025327,benign,helpful_answer > hard_refusal,safe_completion
alpaca_train_025328,benign,helpful_answer > hard_refusal,safe_completion
alpaca_train_025340,benign,helpful_answer > hard_refusal,safe_completion
alpaca_train_025362,benign,helpful_answer > hard_refusal,safe_completion
alpaca_train_025363,benign,helpful_answer > hard_refusal,safe_completion
alpaca_train_025401,benign,helpful_answer > hard_refusal,safe_completion
alpaca_train_025478,benign,helpful_answer > hard_refusal,safe_completion
alpaca_train_025481,benign,helpful_answer > hard_refusal,safe_completion
alpaca_train_025617,benign,helpful_answer > hard_refusal,safe_completion
alpaca_train_025625,benign,helpful_answer > hard_refusal,safe_completion
alpaca_train_025626,benign,helpful_answer > hard_refusal,safe_completion
alpaca_train_025678,benign,helpful_answer > hard_refusal,safe_completion
alpaca_train_025693,benign,helpful_answer > hard_refusal,safe_completion
alpaca_train_025709,benign,helpful_answer > hard_refusal,safe_completion
alpaca_train_025713,benign,helpful_answer > hard_refusal,safe_completion
alpaca_train_025776,benign,helpful_answer > hard_refusal,safe_completion
alpaca_train_025812,benign,helpful_answer > hard_refusal,safe_completion
alpaca_train_025866,benign,helpful_answer > hard_refusal,safe_completion
alpaca_train_025926,benign,helpful_answer > hard_refusal,safe_completion
alpaca_train_026016,benign,helpful_answer > hard_refusal,safe_completion
alpaca_train_026036,benign,helpful_answer > hard_refusal,safe_completion
alpaca_train_026037,benign,helpful_answer > hard_refusal,safe_completion
alpaca_train_026057,benign,helpful_answer > hard_refusal,safe_completion
alpaca_train_026083,benign,helpful_answer > hard_refusal,safe_completion
alpaca_train_026086,benign,helpful_answer > hard_refusal,safe_completion
alpaca_train_026090,benign,helpful_answer > hard_refusal,safe_completion
alpaca_train_026223,benign,helpful_answer > hard_refusal,safe_completion
alpaca_train_026265,benign,helpful_answer > hard_refusal,safe_completion
alpaca_train_026292,benign,helpful_answer > hard_refusal,safe_completion
alpaca_train_026355,benign,helpful_answer > hard_refusal,safe_completion
alpaca_train_026447,benign,helpful_answer > hard_refusal,safe_completion
alpaca_train_026569,benign,helpful_answer > hard_refusal,safe_completion
alpaca_train_026594,benign,helpful_answer > hard_refusal,safe_completion
alpaca_train_026724,benign,helpful_answer > hard_refusal,safe_completion
alpaca_train_026773,benign,helpful_answer > hard_refusal,safe_completion
alpaca_train_026802,benign,helpful_answer > hard_refusal,safe_completion
alpaca_train_026820,benign,helpful_answer > hard_refusal,safe_completion
alpaca_train_026846,benign,helpful_answer > hard_refusal,safe_completion
alpaca_train_026864,benign,helpful_answer > hard_refusal,safe_completion
alpaca_train_026926,benign,helpful_answer > hard_refusal,safe_completion
alpaca_train_026975,benign,helpful_answer > hard_refusal,safe_completion
alpaca_train_026983,benign,helpful_answer > hard_refusal,safe_completion
alpaca_train_026998,benign,helpful_answer > hard_refusal,safe_completion
alpaca_train_027017,benign,helpful_answer > hard_refusal,safe_completion
alpaca_train_027037,benign,helpful_answer > hard_refusal,safe_completion
alpaca_train_027095,benign,helpful_answer > hard_refusal,safe_completion
alpaca_train_027129,benign,helpful_answer > hard_refusal,safe_completion
alpaca_train_027145,benign,helpful_answer > hard_refusal,safe_completion
alpaca_train_027148,benign,helpful_answer > hard_refusal,safe_completion
alpaca_train_027203,benign,helpful_answer > hard_refusal,safe_completion
alpaca_train_027205,benign,helpful_answer > hard_refusal,safe_completion
alpaca_train_027225,benign,helpful_answer > hard_refusal,safe_completion
alpaca_train_027374,benign,helpful_answer > hard_refusal,safe_completion
alpaca_train_027384,benign,helpful_answer > hard_refusal,safe_completion
alpaca_train_027386,benign,helpful_answer > hard_refusal,safe_completion
alpaca_train_027417,benign,helpful_answer > hard_refusal,safe_completion
alpaca_train_027497,benign,helpful_answer > hard_refusal,safe_completion
alpaca_train_027501,benign,helpful_answer > hard_refusal,safe_completion
alpaca_train_027523,benign,helpful_answer > hard_refusal,safe_completion
alpaca_train_027527,benign,helpful_answer > hard_refusal,safe_completion
alpaca_train_027563,benign,helpful_answer > hard_refusal,safe_completion
alpaca_train_027569,benign,helpful_answer > hard_refusal,safe_completion
alpaca_train_027579,benign,helpful_answer > hard_refusal,safe_completion
alpaca_train_027597,benign,helpful_answer > hard_refusal,safe_completion
alpaca_train_027600,benign,helpful_answer > hard_refusal,safe_completion
alpaca_train_027604,benign,helpful_answer > hard_refusal,safe_completion
alpaca_train_027771,benign,helpful_answer > hard_refusal,safe_completion
alpaca_train_027812,benign,helpful_answer > hard_refusal,safe_completion
alpaca_train_027891,benign,helpful_answer > hard_refusal,safe_completion
alpaca_train_027894,benign,helpful_answer > hard_refusal,safe_completion
alpaca_train_027901,benign,helpful_answer > hard_refusal,safe_completion
alpaca_train_027934,benign,helpful_answer > hard_refusal,safe_completion
alpaca_train_027959,benign,helpful_answer > hard_refusal,safe_completion
alpaca_train_027967,benign,helpful_answer > hard_refusal,safe_completion
alpaca_train_028007,benign,helpful_answer > hard_refusal,safe_completion
alpaca_train_028008,benign,helpful_answer > hard_refusal,safe_completion
alpaca_train_028021,benign,helpful_answer > hard_refusal,safe_completion
alpaca_train_028084,benign,helpful_answer > hard_refusal,safe_completion
alpaca_train_028146,benign,helpful_answer > hard_refusal,safe_completion
alpaca_train_028148,benign,helpful_answer > hard_refusal,safe_completion
alpaca_train_028155,benign,helpful_answer > hard_refusal,safe_completion
alpaca_train_028166,benign,helpful_answer > hard_refusal,safe_completion
alpaca_train_028216,benign,helpful_answer > hard_refusal,safe_completion
alpaca_train_028217,benign,helpful_answer > hard_refusal,safe_completion
alpaca_train_028230,benign,helpful_answer > hard_refusal,safe_completion
alpaca_train_028237,benign,helpful_answer > hard_refusal,safe_completion
alpaca_train_028246,benign,helpful_answer > hard_refusal,safe_completion
alpaca_train_028306,benign,helpful_answer > hard_refusal,safe_completion
alpaca_train_028338,benign,helpful_answer > hard_refusal,safe_completion
alpaca_train_028339,benign,helpful_answer > hard_refusal,safe_completion
alpaca_train_028363,benign,helpful_answer > hard_refusal,safe_completion
alpaca_train_028382,benign,helpful_answer > hard_refusal,safe_completion
alpaca_train_028401,benign,helpful_answer > hard_refusal,safe_completion
alpaca_train_028441,benign,helpful_answer > hard_refusal,safe_completion
alpaca_train_028458,benign,helpful_answer > hard_refusal,safe_completion
alpaca_train_028493,benign,helpful_answer > hard_refusal,safe_completion
alpaca_train_028501,benign,helpful_answer > hard_refusal,safe_completion
alpaca_train_028527,benign,helpful_answer > hard_refusal,safe_completion
alpaca_train_028533,benign,helpful_answer > hard_refusal,safe_completion
alpaca_train_028565,benign,helpful_answer > hard_refusal,safe_completion
alpaca_train_028701,benign,helpful_answer > hard_refusal,safe_completion
alpaca_train_028712,benign,helpful_answer > hard_refusal,safe_completion
alpaca_train_028720,benign,helpful_answer > hard_refusal,safe_completion
alpaca_train_028833,benign,helpful_answer > hard_refusal,safe_completion
alpaca_train_028842,benign,helpful_answer > hard_refusal,safe_completion
alpaca_train_028871,benign,helpful_answer > hard_refusal,safe_completion
alpaca_train_028881,benign,helpful_answer > hard_refusal,safe_completion
alpaca_train_028903,benign,helpful_answer > hard_refusal,safe_completion
alpaca_train_028958,benign,helpful_answer > hard_refusal,safe_completion
alpaca_train_029056,benign,helpful_answer > hard_refusal,safe_completion
alpaca_train_029067,benign,helpful_answer > hard_refusal,safe_completion
alpaca_train_029102,benign,helpful_answer > hard_refusal,safe_completion
alpaca_train_029158,benign,helpful_answer > hard_refusal,safe_completion
alpaca_train_029174,benign,helpful_answer > hard_refusal,safe_completion
alpaca_train_029226,benign,helpful_answer > hard_refusal,safe_completion
alpaca_train_029249,benign,helpful_answer > hard_refusal,safe_completion
alpaca_train_029287,benign,helpful_answer > hard_refusal,safe_completion
alpaca_train_029290,benign,helpful_answer > hard_refusal,safe_completion
alpaca_train_029301,benign,helpful_answer > hard_refusal,safe_completion
alpaca_train_029342,benign,helpful_answer > hard_refusal,safe_completion
alpaca_train_029369,benign,helpful_answer > hard_refusal,safe_completion
alpaca_train_029375,benign,helpful_answer > hard_refusal,safe_completion
alpaca_train_029441,benign,helpful_answer > hard_refusal,safe_completion
alpaca_train_029529,benign,helpful_answer > hard_refusal,safe_completion
alpaca_train_029624,benign,helpful_answer > hard_refusal,safe_completion
alpaca_train_029679,benign,helpful_answer > hard_refusal,safe_completion
alpaca_train_029805,benign,helpful_answer > hard_refusal,safe_completion
alpaca_train_029819,benign,helpful_answer > hard_refusal,safe_completion
alpaca_train_029846,benign,helpful_answer > hard_refusal,safe_completion
alpaca_train_029885,benign,helpful_answer > hard_refusal,safe_completion
alpaca_train_029893,benign,helpful_answer > hard_refusal,safe_completion
alpaca_train_029934,benign,helpful_answer > hard_refusal,safe_completion
alpaca_train_029959,benign,helpful_answer > hard_refusal,safe_completion
alpaca_train_030023,benign,helpful_answer > hard_refusal,safe_completion
alpaca_train_030036,benign,helpful_answer > hard_refusal,safe_completion
alpaca_train_030042,benign,helpful_answer > hard_refusal,safe_completion
alpaca_train_030054,benign,helpful_answer > hard_refusal,safe_completion
alpaca_train_030129,benign,helpful_answer > hard_refusal,safe_completion
alpaca_train_030143,benign,helpful_answer > hard_refusal,safe_completion
alpaca_train_030153,benign,helpful_answer > hard_refusal,safe_completion
alpaca_train_030168,benign,helpful_answer > hard_refusal,safe_completion
alpaca_train_030182,benign,helpful_answer > hard_refusal,safe_completion
alpaca_train_030241,benign,helpful_answer > hard_refusal,safe_completion
alpaca_train_030250,benign,helpful_answer > hard_refusal,safe_completion
alpaca_train_030253,benign,helpful_answer > hard_refusal,safe_completion
alpaca_train_030273,benign,helpful_answer > hard_refusal,safe_completion
alpaca_train_030278,benign,helpful_answer > hard_refusal,safe_completion
alpaca_train_030283,benign,helpful_answer > hard_refusal,safe_completion
alpaca_train_030295,benign,helpful_answer > hard_refusal,safe_completion
alpaca_train_030317,benign,helpful_answer > hard_refusal,safe_completion
alpaca_train_030345,benign,helpful_answer > hard_refusal,safe_completion
alpaca_train_030351,benign,helpful_answer > hard_refusal,safe_completion
alpaca_train_030376,benign,helpful_answer > hard_refusal,safe_completion
alpaca_train_030387,benign,helpful_answer > hard_refusal,safe_completion
alpaca_train_030392,benign,helpful_answer > hard_refusal,safe_completion
alpaca_train_030472,benign,helpful_answer > hard_refusal,safe_completion
alpaca_train_030475,benign,helpful_answer > hard_refusal,safe_completion
alpaca_train_030487,benign,helpful_answer > hard_refusal,safe_completion
alpaca_train_030528,benign,helpful_answer > hard_refusal,safe_completion
alpaca_train_030534,benign,helpful_answer > hard_refusal,safe_completion
alpaca_train_030585,benign,helpful_answer > hard_refusal,safe_completion
alpaca_train_030629,benign,helpful_answer > hard_refusal,safe_completion
alpaca_train_030658,benign,helpful_answer > hard_refusal,safe_completion
alpaca_train_030659,benign,helpful_answer > hard_refusal,safe_completion
alpaca_train_030703,benign,helpful_answer > hard_refusal,safe_completion
alpaca_train_030740,benign,helpful_answer > hard_refusal,safe_completion
alpaca_train_030748,benign,helpful_answer > hard_refusal,safe_completion
alpaca_train_030752,benign,helpful_answer > hard_refusal,safe_completion
alpaca_train_030760,benign,helpful_answer > hard_refusal,safe_completion
alpaca_train_030779,benign,helpful_answer > hard_refusal,safe_completion
alpaca_train_030795,benign,helpful_answer > hard_refusal,safe_completion
alpaca_train_030815,benign,helpful_answer > hard_refusal,safe_completion
alpaca_train_030838,benign,helpful_answer > hard_refusal,safe_completion
alpaca_train_030898,benign,helpful_answer > hard_refusal,safe_completion
alpaca_train_030944,benign,helpful_answer > hard_refusal,safe_completion
alpaca_train_031030,benign,helpful_answer > hard_refusal,safe_completion
alpaca_train_031098,benign,helpful_answer > hard_refusal,safe_completion
alpaca_train_031101,benign,helpful_answer > hard_refusal,safe_completion
alpaca_train_031125,benign,helpful_answer > hard_refusal,safe_completion
alpaca_train_031134,benign,helpful_answer > hard_refusal,safe_completion
alpaca_train_031143,benign,helpful_answer > hard_refusal,safe_completion
alpaca_train_031152,benign,helpful_answer > hard_refusal,safe_completion
alpaca_train_031222,benign,helpful_answer > hard_refusal,safe_completion
alpaca_train_031280,benign,helpful_answer > hard_refusal,safe_completion
alpaca_train_031332,benign,helpful_answer > hard_refusal,safe_completion
alpaca_train_031391,benign,helpful_answer > hard_refusal,safe_completion
alpaca_train_031406,benign,helpful_answer > hard_refusal,safe_completion
alpaca_train_031426,benign,helpful_answer > hard_refusal,safe_completion
alpaca_train_031429,benign,helpful_answer > hard_refusal,safe_completion
alpaca_train_031441,benign,helpful_answer > hard_refusal,safe_completion
alpaca_train_031475,benign,helpful_answer > hard_refusal,safe_completion
alpaca_train_031573,benign,helpful_answer > hard_refusal,safe_completion
alpaca_train_031611,benign,helpful_answer > hard_refusal,safe_completion
alpaca_train_031612,benign,helpful_answer > hard_refusal,safe_completion
alpaca_train_031647,benign,helpful_answer > hard_refusal,safe_completion
alpaca_train_031654,benign,helpful_answer > hard_refusal,safe_completion
alpaca_train_031656,benign,helpful_answer > hard_refusal,safe_completion
alpaca_train_031739,benign,helpful_answer > hard_refusal,safe_completion
alpaca_train_031822,benign,helpful_answer > hard_refusal,safe_completion
alpaca_train_031847,benign,helpful_answer > hard_refusal,safe_completion
alpaca_train_031878,benign,helpful_answer > hard_refusal,safe_completion
alpaca_train_031880,benign,helpful_answer > hard_refusal,safe_completion
alpaca_train_031992,benign,helpful_answer > hard_refusal,safe_completion
alpaca_train_032026,benign,helpful_answer > hard_refusal,safe_completion
alpaca_train_032054,benign,helpful_answer > hard_refusal,safe_completion
alpaca_train_032090,benign,helpful_answer > hard_refusal,safe_completion
alpaca_train_032106,benign,helpful_answer > hard_refusal,safe_completion
alpaca_train_032208,benign,helpful_answer > hard_refusal,safe_completion
alpaca_train_032339,benign,helpful_answer > hard_refusal,safe_completion
alpaca_train_032340,benign,helpful_answer > hard_refusal,safe_completion
alpaca_train_032360,benign,helpful_answer > hard_refusal,safe_completion
alpaca_train_032451,benign,helpful_answer > hard_refusal,safe_completion
alpaca_train_032503,benign,helpful_answer > hard_refusal,safe_completion
alpaca_train_032529,benign,helpful_answer > hard_refusal,safe_completion
alpaca_train_032542,benign,helpful_answer > hard_refusal,safe_completion
alpaca_train_032552,benign,helpful_answer > hard_refusal,safe_completion
alpaca_train_032580,benign,helpful_answer > hard_refusal,safe_completion
alpaca_train_032592,benign,helpful_answer > hard_refusal,safe_completion
alpaca_train_032600,benign,helpful_answer > hard_refusal,safe_completion
alpaca_train_032616,benign,helpful_answer > hard_refusal,safe_completion
alpaca_train_032675,benign,helpful_answer > hard_refusal,safe_completion
alpaca_train_032690,benign,helpful_answer > hard_refusal,safe_completion
alpaca_train_032693,benign,helpful_answer > hard_refusal,safe_completion
alpaca_train_032707,benign,helpful_answer > hard_refusal,safe_completion
alpaca_train_032716,benign,helpful_answer > hard_refusal,safe_completion
alpaca_train_032770,benign,helpful_answer > hard_refusal,safe_completion
alpaca_train_032846,benign,helpful_answer > hard_refusal,safe_completion
alpaca_train_032855,benign,helpful_answer > hard_refusal,safe_completion
alpaca_train_032927,benign,helpful_answer > hard_refusal,safe_completion
alpaca_train_032936,benign,helpful_answer > hard_refusal,safe_completion
alpaca_train_033005,benign,helpful_answer > hard_refusal,safe_completion
alpaca_train_033049,benign,helpful_answer > hard_refusal,safe_completion
alpaca_train_033077,benign,helpful_answer > hard_refusal,safe_completion
alpaca_train_033203,benign,helpful_answer > hard_refusal,safe_completion
alpaca_train_033265,benign,helpful_answer > hard_refusal,safe_completion
alpaca_train_033280,benign,helpful_answer > hard_refusal,safe_completion
alpaca_train_033299,benign,helpful_answer > hard_refusal,safe_completion
alpaca_train_033443,benign,helpful_answer > hard_refusal,safe_completion
alpaca_train_033461,benign,helpful_answer > hard_refusal,safe_completion
alpaca_train_033497,benign,helpful_answer > hard_refusal,safe_completion
alpaca_train_033550,benign,helpful_answer > hard_refusal,safe_completion
alpaca_train_033576,benign,helpful_answer > hard_refusal,safe_completion
alpaca_train_033588,benign,helpful_answer > hard_refusal,safe_completion
alpaca_train_033653,benign,helpful_answer > hard_refusal,safe_completion
alpaca_train_033659,benign,helpful_answer > hard_refusal,safe_completion
alpaca_train_033683,benign,helpful_answer > hard_refusal,safe_completion
alpaca_train_033734,benign,helpful_answer > hard_refusal,safe_completion
alpaca_train_033735,benign,helpful_answer > hard_refusal,safe_completion
alpaca_train_033736,benign,helpful_answer > hard_refusal,safe_completion
alpaca_train_033789,benign,helpful_answer > hard_refusal,safe_completion
alpaca_train_033820,benign,helpful_answer > hard_refusal,safe_completion
alpaca_train_033837,benign,helpful_answer > hard_refusal,safe_completion
alpaca_train_033839,benign,helpful_answer > hard_refusal,safe_completion
alpaca_train_033845,benign,helpful_answer > hard_refusal,safe_completion
alpaca_train_033846,benign,helpful_answer > hard_refusal,safe_completion
alpaca_train_033851,benign,helpful_answer > hard_refusal,safe_completion
alpaca_train_033947,benign,helpful_answer > hard_refusal,safe_completion
alpaca_train_033980,benign,helpful_answer > hard_refusal,safe_completion
alpaca_train_033993,benign,helpful_answer > hard_refusal,safe_completion
alpaca_train_034013,benign,helpful_answer > hard_refusal,safe_completion
alpaca_train_034042,benign,helpful_answer > hard_refusal,safe_completion
alpaca_train_034059,benign,helpful_answer > hard_refusal,safe_completion
alpaca_train_034135,benign,helpful_answer > hard_refusal,safe_completion
alpaca_train_034168,benign,helpful_answer > hard_refusal,safe_completion
alpaca_train_034171,benign,helpful_answer > hard_refusal,safe_completion
alpaca_train_034192,benign,helpful_answer > hard_refusal,safe_completion
alpaca_train_034199,benign,helpful_answer > hard_refusal,safe_completion
alpaca_train_034233,benign,helpful_answer > hard_refusal,safe_completion
alpaca_train_034237,benign,helpful_answer > hard_refusal,safe_completion
alpaca_train_034271,benign,helpful_answer > hard_refusal,safe_completion
alpaca_train_034273,benign,helpful_answer > hard_refusal,safe_completion
alpaca_train_034335,benign,helpful_answer > hard_refusal,safe_completion
alpaca_train_034374,benign,helpful_answer > hard_refusal,safe_completion
alpaca_train_034391,benign,helpful_answer > hard_refusal,safe_completion
alpaca_train_034399,benign,helpful_answer > hard_refusal,safe_completion
alpaca_train_034404,benign,helpful_answer > hard_refusal,safe_completion
alpaca_train_034417,benign,helpful_answer > hard_refusal,safe_completion
alpaca_train_034462,benign,helpful_answer > hard_refusal,safe_completion
alpaca_train_034538,benign,helpful_answer > hard_refusal,safe_completion
alpaca_train_034570,benign,helpful_answer > hard_refusal,safe_completion
alpaca_train_034647,benign,helpful_answer > hard_refusal,safe_completion
alpaca_train_034664,benign,helpful_answer > hard_refusal,safe_completion
alpaca_train_034756,benign,helpful_answer > hard_refusal,safe_completion
alpaca_train_034763,benign,helpful_answer > hard_refusal,safe_completion
alpaca_train_034847,benign,helpful_answer > hard_refusal,safe_completion
alpaca_train_034905,benign,helpful_answer > hard_refusal,safe_completion
alpaca_train_034951,benign,helpful_answer > hard_refusal,safe_completion
alpaca_train_034953,benign,helpful_answer > hard_refusal,safe_completion
alpaca_train_034957,benign,helpful_answer > hard_refusal,safe_completion
alpaca_train_034968,benign,helpful_answer > hard_refusal,safe_completion
alpaca_train_035014,benign,helpful_answer > hard_refusal,safe_completion
alpaca_train_035020,benign,helpful_answer > hard_refusal,safe_completion
alpaca_train_035066,benign,helpful_answer > hard_refusal,safe_completion
alpaca_train_035078,benign,helpful_answer > hard_refusal,safe_completion
alpaca_train_035356,benign,helpful_answer > hard_refusal,safe_completion
alpaca_train_035365,benign,helpful_answer > hard_refusal,safe_completion
alpaca_train_035376,benign,helpful_answer > hard_refusal,safe_completion
alpaca_train_035440,benign,helpful_answer > hard_refusal,safe_completion
alpaca_train_035451,benign,helpful_answer > hard_refusal,safe_completion
alpaca_train_035490,benign,helpful_answer > hard_refusal,safe_completion
alpaca_train_035601,benign,helpful_answer > hard_refusal,safe_completion
alpaca_train_035625,benign,helpful_answer > hard_refusal,safe_completion
alpaca_train_035638,benign,helpful_answer > hard_refusal,safe_completion
alpaca_train_035716,benign,helpful_answer > hard_refusal,safe_completion
alpaca_train_035726,benign,helpful_answer > hard_refusal,safe_completion
alpaca_train_035728,benign,helpful_answer > hard_refusal,safe_completion
alpaca_train_035739,benign,helpful_answer > hard_refusal,safe_completion
alpaca_train_035799,benign,helpful_answer > hard_refusal,safe_completion
alpaca_train_035824,benign,helpful_answer > hard_refusal,safe_completion
alpaca_train_035826,benign,helpful_answer > hard_refusal,safe_completion
alpaca_train_035878,benign,helpful_answer > hard_refusal,safe_completion
alpaca_train_035890,benign,helpful_answer > hard_refusal,safe_completion
alpaca_train_035909,benign,helpful_answer > hard_refusal,safe_completion
alpaca_train_035915,benign,helpful_answer > hard_refusal,safe_completion
alpaca_train_035936,benign,helpful_answer > hard_refusal,safe_completion
alpaca_train_035938,benign,helpful_answer > hard_refusal,safe_completion
alpaca_train_035985,benign,helpful_answer > hard_refusal,safe_completion
alpaca_train_036030,benign,helpful_answer > hard_refusal,safe_completion
alpaca_train_036056,benign,helpful_answer > hard_refusal,safe_completion
alpaca_train_036067,benign,helpful_answer > hard_refusal,safe_completion
alpaca_train_036118,benign,helpful_answer > hard_refusal,safe_completion
alpaca_train_036120,benign,helpful_answer > hard_refusal,safe_completion
alpaca_train_036126,benign,helpful_answer > hard_refusal,safe_completion
alpaca_train_036192,benign,helpful_answer > hard_refusal,safe_completion
alpaca_train_036197,benign,helpful_answer > hard_refusal,safe_completion
alpaca_train_036203,benign,helpful_answer > hard_refusal,safe_completion
alpaca_train_036222,benign,helpful_answer > hard_refusal,safe_completion
alpaca_train_036228,benign,helpful_answer > hard_refusal,safe_completion
alpaca_train_036255,benign,helpful_answer > hard_refusal,safe_completion
alpaca_train_036315,benign,helpful_answer > hard_refusal,safe_completion
alpaca_train_036408,benign,helpful_answer > hard_refusal,safe_completion
alpaca_train_036429,benign,helpful_answer > hard_refusal,safe_completion
alpaca_train_036442,benign,helpful_answer > hard_refusal,safe_completion
alpaca_train_036491,benign,helpful_answer > hard_refusal,safe_completion
alpaca_train_036497,benign,helpful_answer > hard_refusal,safe_completion
alpaca_train_036515,benign,helpful_answer > hard_refusal,safe_completion
alpaca_train_036536,benign,helpful_answer > hard_refusal,safe_completion
alpaca_train_036578,benign,helpful_answer > hard_refusal,safe_completion
alpaca_train_036616,benign,helpful_answer > hard_refusal,safe_completion
alpaca_train_036639,benign,helpful_answer > hard_refusal,safe_completion
alpaca_train_036650,benign,helpful_answer > hard_refusal,safe_completion
alpaca_train_036671,benign,helpful_answer > hard_refusal,safe_completion
alpaca_train_036673,benign,helpful_answer > hard_refusal,safe_completion
alpaca_train_036720,benign,helpful_answer > hard_refusal,safe_completion
alpaca_train_036730,benign,helpful_answer > hard_refusal,safe_completion
alpaca_train_036757,benign,helpful_answer > hard_refusal,safe_completion
alpaca_train_036762,benign,helpful_answer > hard_refusal,safe_completion
alpaca_train_036830,benign,helpful_answer > hard_refusal,safe_completion
alpaca_train_036842,benign,helpful_answer > hard_refusal,safe_completion
alpaca_train_036860,benign,helpful_answer > hard_refusal,safe_completion
alpaca_train_036890,benign,helpful_answer > hard_refusal,safe_completion
alpaca_train_036904,benign,helpful_answer > hard_refusal,safe_completion
alpaca_train_036919,benign,helpful_answer > hard_refusal,safe_completion
alpaca_train_036966,benign,helpful_answer > hard_refusal,safe_completion
alpaca_train_036988,benign,helpful_answer > hard_refusal,safe_completion
alpaca_train_037031,benign,helpful_answer > hard_refusal,safe_completion
alpaca_train_037096,benign,helpful_answer > hard_refusal,safe_completion
alpaca_train_037228,benign,helpful_answer > hard_refusal,safe_completion
alpaca_train_037243,benign,helpful_answer > hard_refusal,safe_completion
alpaca_train_037300,benign,helpful_answer > hard_refusal,safe_completion
alpaca_train_037301,benign,helpful_answer > hard_refusal,safe_completion
alpaca_train_037303,benign,helpful_answer > hard_refusal,safe_completion
alpaca_train_037315,benign,helpful_answer > hard_refusal,safe_completion
alpaca_train_037328,benign,helpful_answer > hard_refusal,safe_completion
alpaca_train_037331,benign,helpful_answer > hard_refusal,safe_completion
alpaca_train_037336,benign,helpful_answer > hard_refusal,safe_completion
alpaca_train_037385,benign,helpful_answer > hard_refusal,safe_completion
alpaca_train_037401,benign,helpful_answer > hard_refusal,safe_completion
alpaca_train_037426,benign,helpful_answer > hard_refusal,safe_completion
alpaca_train_037459,benign,helpful_answer > hard_refusal,safe_completion
alpaca_train_037477,benign,helpful_answer > hard_refusal,safe_completion
alpaca_train_037498,benign,helpful_answer > hard_refusal,safe_completion
alpaca_train_037525,benign,helpful_answer > hard_refusal,safe_completion
alpaca_train_037536,benign,helpful_answer > hard_refusal,safe_completion
alpaca_train_037661,benign,helpful_answer > hard_refusal,safe_completion
alpaca_train_037696,benign,helpful_answer > hard_refusal,safe_completion
alpaca_train_037712,benign,helpful_answer > hard_refusal,safe_completion
alpaca_train_037939,benign,helpful_answer > hard_refusal,safe_completion
alpaca_train_037959,benign,helpful_answer > hard_refusal,safe_completion
alpaca_train_037995,benign,helpful_answer > hard_refusal,safe_completion
alpaca_train_038002,benign,helpful_answer > hard_refusal,safe_completion
alpaca_train_038154,benign,helpful_answer > hard_refusal,safe_completion
alpaca_train_038167,benign,helpful_answer > hard_refusal,safe_completion
alpaca_train_038205,benign,helpful_answer > hard_refusal,safe_completion
alpaca_train_038223,benign,helpful_answer > hard_refusal,safe_completion
alpaca_train_038228,benign,helpful_answer > hard_refusal,safe_completion
alpaca_train_038380,benign,helpful_answer > hard_refusal,safe_completion
alpaca_train_038397,benign,helpful_answer > hard_refusal,safe_completion
alpaca_train_038400,benign,helpful_answer > hard_refusal,safe_completion
alpaca_train_038429,benign,helpful_answer > hard_refusal,safe_completion
alpaca_train_038442,benign,helpful_answer > hard_refusal,safe_completion
alpaca_train_038446,benign,helpful_answer > hard_refusal,safe_completion
alpaca_train_038503,benign,helpful_answer > hard_refusal,safe_completion
alpaca_train_038516,benign,helpful_answer > hard_refusal,safe_completion
alpaca_train_038565,benign,helpful_answer > hard_refusal,safe_completion
alpaca_train_038576,benign,helpful_answer > hard_refusal,safe_completion
alpaca_train_038603,benign,helpful_answer > hard_refusal,safe_completion
alpaca_train_038632,benign,helpful_answer > hard_refusal,safe_completion
alpaca_train_038638,benign,helpful_answer > hard_refusal,safe_completion
alpaca_train_038641,benign,helpful_answer > hard_refusal,safe_completion
alpaca_train_038673,benign,helpful_answer > hard_refusal,safe_completion
alpaca_train_038700,benign,helpful_answer > hard_refusal,safe_completion
alpaca_train_038851,benign,helpful_answer > hard_refusal,safe_completion
alpaca_train_038862,benign,helpful_answer > hard_refusal,safe_completion
alpaca_train_038868,benign,helpful_answer > hard_refusal,safe_completion
alpaca_train_038880,benign,helpful_answer > hard_refusal,safe_completion
alpaca_train_038881,benign,helpful_answer > hard_refusal,safe_completion
alpaca_train_038907,benign,helpful_answer > hard_refusal,safe_completion
alpaca_train_038951,benign,helpful_answer > hard_refusal,safe_completion
alpaca_train_039062,benign,helpful_answer > hard_refusal,safe_completion
alpaca_train_039070,benign,helpful_answer > hard_refusal,safe_completion
alpaca_train_039096,benign,helpful_answer > hard_refusal,safe_completion
alpaca_train_039117,benign,helpful_answer > hard_refusal,safe_completion
alpaca_train_039118,benign,helpful_answer > hard_refusal,safe_completion
alpaca_train_039132,benign,helpful_answer > hard_refusal,safe_completion
alpaca_train_039182,benign,helpful_answer > hard_refusal,safe_completion
alpaca_train_039206,benign,helpful_answer > hard_refusal,safe_completion
alpaca_train_039214,benign,helpful_answer > hard_refusal,safe_completion
alpaca_train_039250,benign,helpful_answer > hard_refusal,safe_completion
alpaca_train_039271,benign,helpful_answer > hard_refusal,safe_completion
alpaca_train_039276,benign,helpful_answer > hard_refusal,safe_completion
alpaca_train_039284,benign,helpful_answer > hard_refusal,safe_completion
alpaca_train_039299,benign,helpful_answer > hard_refusal,safe_completion
alpaca_train_039314,benign,helpful_answer > hard_refusal,safe_completion
alpaca_train_039332,benign,helpful_answer > hard_refusal,safe_completion
alpaca_train_039347,benign,helpful_answer > hard_refusal,safe_completion
alpaca_train_039393,benign,helpful_answer > hard_refusal,safe_completion
alpaca_train_039450,benign,helpful_answer > hard_refusal,safe_completion
alpaca_train_039465,benign,helpful_answer > hard_refusal,safe_completion
alpaca_train_039531,benign,helpful_answer > hard_refusal,safe_completion
alpaca_train_039536,benign,helpful_answer > hard_refusal,safe_completion
alpaca_train_039586,benign,helpful_answer > hard_refusal,safe_completion
alpaca_train_039612,benign,helpful_answer > hard_refusal,safe_completion
alpaca_train_039659,benign,helpful_answer > hard_refusal,safe_completion
alpaca_train_039679,benign,helpful_answer > hard_refusal,safe_completion
alpaca_train_039698,benign,helpful_answer > hard_refusal,safe_completion
alpaca_train_039702,benign,helpful_answer > hard_refusal,safe_completion
alpaca_train_039720,benign,helpful_answer > hard_refusal,safe_completion
alpaca_train_039763,benign,helpful_answer > hard_refusal,safe_completion
alpaca_train_039777,benign,helpful_answer > hard_refusal,safe_completion
alpaca_train_039788,benign,helpful_answer > hard_refusal,safe_completion
alpaca_train_039815,benign,helpful_answer > hard_refusal,safe_completion
alpaca_train_039827,benign,helpful_answer > hard_refusal,safe_completion
alpaca_train_039893,benign,helpful_answer > hard_refusal,safe_completion
alpaca_train_039920,benign,helpful_answer > hard_refusal,safe_completion
alpaca_train_039973,benign,helpful_answer > hard_refusal,safe_completion
alpaca_train_039979,benign,helpful_answer > hard_refusal,safe_completion
alpaca_train_039999,benign,helpful_answer > hard_refusal,safe_completion
alpaca_train_040040,benign,helpful_answer > hard_refusal,safe_completion
alpaca_train_040050,benign,helpful_answer > hard_refusal,safe_completion
alpaca_train_040074,benign,helpful_answer > hard_refusal,safe_completion
alpaca_train_040139,benign,helpful_answer > hard_refusal,safe_completion
alpaca_train_040177,benign,helpful_answer > hard_refusal,safe_completion
alpaca_train_040221,benign,helpful_answer > hard_refusal,safe_completion
alpaca_train_040225,benign,helpful_answer > hard_refusal,safe_completion
alpaca_train_040242,benign,helpful_answer > hard_refusal,safe_completion
alpaca_train_040248,benign,helpful_answer > hard_refusal,safe_completion
alpaca_train_040249,benign,helpful_answer > hard_refusal,safe_completion
alpaca_train_040255,benign,helpful_answer > hard_refusal,safe_completion
alpaca_train_040273,benign,helpful_answer > hard_refusal,safe_completion
alpaca_train_040329,benign,helpful_answer > hard_refusal,safe_completion
alpaca_train_040388,benign,helpful_answer > hard_refusal,safe_completion
alpaca_train_040412,benign,helpful_answer > hard_refusal,safe_completion
alpaca_train_040429,benign,helpful_answer > hard_refusal,safe_completion
alpaca_train_040444,benign,helpful_answer > hard_refusal,safe_completion
alpaca_train_040495,benign,helpful_answer > hard_refusal,safe_completion
alpaca_train_040498,benign,helpful_answer > hard_refusal,safe_completion
alpaca_train_040509,benign,helpful_answer > hard_refusal,safe_completion
alpaca_train_040527,benign,helpful_answer > hard_refusal,safe_completion
alpaca_train_040530,benign,helpful_answer > hard_refusal,safe_completion
alpaca_train_040538,benign,helpful_answer > hard_refusal,safe_completion
alpaca_train_040576,benign,helpful_answer > hard_refusal,safe_completion
alpaca_train_040614,benign,helpful_answer > hard_refusal,safe_completion
alpaca_train_040615,benign,helpful_answer > hard_refusal,safe_completion
alpaca_train_040666,benign,helpful_answer > hard_refusal,safe_completion
alpaca_train_040752,benign,helpful_answer > hard_refusal,safe_completion
alpaca_train_040755,benign,helpful_answer > hard_refusal,safe_completion
alpaca_train_040771,benign,helpful_answer > hard_refusal,safe_completion
alpaca_train_040805,benign,helpful_answer > hard_refusal,safe_completion
alpaca_train_040817,benign,helpful_answer > hard_refusal,safe_completion
alpaca_train_040870,benign,helpful_answer > hard_refusal,safe_completion
alpaca_train_040972,benign,helpful_answer > hard_refusal,safe_completion
alpaca_train_040984,benign,helpful_answer > hard_refusal,safe_completion
alpaca_train_040986,benign,helpful_answer > hard_refusal,safe_completion
alpaca_train_041052,benign,helpful_answer > hard_refusal,safe_completion
alpaca_train_041090,benign,helpful_answer > hard_refusal,safe_completion
alpaca_train_041162,benign,helpful_answer > hard_refusal,safe_completion
alpaca_train_041175,benign,helpful_answer > hard_refusal,safe_completion
alpaca_train_041296,benign,helpful_answer > hard_refusal,safe_completion
alpaca_train_041298,benign,helpful_answer > hard_refusal,safe_completion
alpaca_train_041304,benign,helpful_answer > hard_refusal,safe_completion
alpaca_train_041305,benign,helpful_answer > hard_refusal,safe_completion
alpaca_train_041337,benign,helpful_answer > hard_refusal,safe_completion
alpaca_train_041364,benign,helpful_answer > hard_refusal,safe_completion
alpaca_train_041388,benign,helpful_answer > hard_refusal,safe_completion
alpaca_train_041418,benign,helpful_answer > hard_refusal,safe_completion
alpaca_train_041457,benign,helpful_answer > hard_refusal,safe_completion
alpaca_train_041543,benign,helpful_answer > hard_refusal,safe_completion
alpaca_train_041576,benign,helpful_answer > hard_refusal,safe_completion
alpaca_train_041592,benign,helpful_answer > hard_refusal,safe_completion
alpaca_train_041661,benign,helpful_answer > hard_refusal,safe_completion
alpaca_train_041696,benign,helpful_answer > hard_refusal,safe_completion
alpaca_train_041798,benign,helpful_answer > hard_refusal,safe_completion
alpaca_train_041802,benign,helpful_answer > hard_refusal,safe_completion
alpaca_train_041884,benign,helpful_answer > hard_refusal,safe_completion
alpaca_train_041888,benign,helpful_answer > hard_refusal,safe_completion
alpaca_train_041965,benign,helpful_answer > hard_refusal,safe_completion
alpaca_train_041982,benign,helpful_answer > hard_refusal,safe_completion
alpaca_train_041990,benign,helpful_answer > hard_refusal,safe_completion
alpaca_train_042041,benign,helpful_answer > hard_refusal,safe_completion
alpaca_train_042073,benign,helpful_answer > hard_refusal,safe_completion
alpaca_train_042098,benign,helpful_answer > hard_refusal,safe_completion
alpaca_train_042108,benign,helpful_answer > hard_refusal,safe_completion
alpaca_train_042118,benign,helpful_answer > hard_refusal,safe_completion
alpaca_train_042120,benign,helpful_answer > hard_refusal,safe_completion
alpaca_train_042138,benign,helpful_answer > hard_refusal,safe_completion
alpaca_train_042163,benign,helpful_answer > hard_refusal,safe_completion
alpaca_train_042200,benign,helpful_answer > hard_refusal,safe_completion
alpaca_train_042225,benign,helpful_answer > hard_refusal,safe_completion
alpaca_train_042311,benign,helpful_answer > hard_refusal,safe_completion
alpaca_train_042443,benign,helpful_answer > hard_refusal,safe_completion
alpaca_train_042459,benign,helpful_answer > hard_refusal,safe_completion
alpaca_train_042462,benign,helpful_answer > hard_refusal,safe_completion
alpaca_train_042486,benign,helpful_answer > hard_refusal,safe_completion
alpaca_train_042501,benign,helpful_answer > hard_refusal,safe_completion
alpaca_train_042593,benign,helpful_answer > hard_refusal,safe_completion
alpaca_train_042600,benign,helpful_answer > hard_refusal,safe_completion
alpaca_train_042659,benign,helpful_answer > hard_refusal,safe_completion
alpaca_train_042667,benign,helpful_answer > hard_refusal,safe_completion
alpaca_train_042696,benign,helpful_answer > hard_refusal,safe_completion
alpaca_train_042698,benign,helpful_answer > hard_refusal,safe_completion
alpaca_train_042770,benign,helpful_answer > hard_refusal,safe_completion
alpaca_train_042809,benign,helpful_answer > hard_refusal,safe_completion
alpaca_train_042861,benign,helpful_answer > hard_refusal,safe_completion
alpaca_train_042892,benign,helpful_answer > hard_refusal,safe_completion
alpaca_train_042898,benign,helpful_answer > hard_refusal,safe_completion
alpaca_train_042915,benign,helpful_answer > hard_refusal,safe_completion
alpaca_train_042939,benign,helpful_answer > hard_refusal,safe_completion
alpaca_train_042943,benign,helpful_answer > hard_refusal,safe_completion
alpaca_train_042963,benign,helpful_answer > hard_refusal,safe_completion
alpaca_train_042977,benign,helpful_answer > hard_refusal,safe_completion
alpaca_train_042979,benign,helpful_answer > hard_refusal,safe_completion
alpaca_train_043016,benign,helpful_answer > hard_refusal,safe_completion
alpaca_train_043047,benign,helpful_answer > hard_refusal,safe_completion
alpaca_train_043058,benign,helpful_answer > hard_refusal,safe_completion
alpaca_train_043097,benign,helpful_answer > hard_refusal,safe_completion
alpaca_train_043117,benign,helpful_answer > hard_refusal,safe_completion
alpaca_train_043131,benign,helpful_answer > hard_refusal,safe_completion
alpaca_train_043134,benign,helpful_answer > hard_refusal,safe_completion
alpaca_train_043153,benign,helpful_answer > hard_refusal,safe_completion
alpaca_train_043312,benign,helpful_answer > hard_refusal,safe_completion
alpaca_train_043348,benign,helpful_answer > hard_refusal,safe_completion
alpaca_train_043368,benign,helpful_answer > hard_refusal,safe_completion
alpaca_train_043372,benign,helpful_answer > hard_refusal,safe_completion
alpaca_train_043394,benign,helpful_answer > hard_refusal,safe_completion
alpaca_train_043414,benign,helpful_answer > hard_refusal,safe_completion
alpaca_train_043464,benign,helpful_answer > hard_refusal,safe_completion
alpaca_train_043473,benign,helpful_answer > hard_refusal,safe_completion
alpaca_train_043478,benign,helpful_answer > hard_refusal,safe_completion
alpaca_train_043529,benign,helpful_answer > hard_refusal,safe_completion
alpaca_train_043534,benign,helpful_answer > hard_refusal,safe_completion
alpaca_train_043559,benign,helpful_answer > hard_refusal,safe_completion
alpaca_train_043701,benign,helpful_answer > hard_refusal,safe_completion
alpaca_train_043703,benign,helpful_answer > hard_refusal,safe_completion
alpaca_train_043710,benign,helpful_answer > hard_refusal,safe_completion
alpaca_train_043759,benign,helpful_answer > hard_refusal,safe_completion
alpaca_train_043789,benign,helpful_answer > hard_refusal,safe_completion
alpaca_train_043794,benign,helpful_answer > hard_refusal,safe_completion
alpaca_train_043864,benign,helpful_answer > hard_refusal,safe_completion
alpaca_train_043876,benign,helpful_answer > hard_refusal,safe_completion
alpaca_train_043880,benign,helpful_answer > hard_refusal,safe_completion
alpaca_train_043914,benign,helpful_answer > hard_refusal,safe_completion
alpaca_train_043916,benign,helpful_answer > hard_refusal,safe_completion
alpaca_train_043934,benign,helpful_answer > hard_refusal,safe_completion
alpaca_train_043948,benign,helpful_answer > hard_refusal,safe_completion
alpaca_train_043974,benign,helpful_answer > hard_refusal,safe_completion
alpaca_train_044081,benign,helpful_answer > hard_refusal,safe_completion
alpaca_train_044086,benign,helpful_answer > hard_refusal,safe_completion
alpaca_train_044122,benign,helpful_answer > hard_refusal,safe_completion
alpaca_train_044199,benign,helpful_answer > hard_refusal,safe_completion
alpaca_train_044210,benign,helpful_answer > hard_refusal,safe_completion
alpaca_train_044251,benign,helpful_answer > hard_refusal,safe_completion
alpaca_train_044345,benign,helpful_answer > hard_refusal,safe_completion
alpaca_train_044385,benign,helpful_answer > hard_refusal,safe_completion
alpaca_train_044414,benign,helpful_answer > hard_refusal,safe_completion
alpaca_train_044426,benign,helpful_answer > hard_refusal,safe_completion
alpaca_train_044437,benign,helpful_answer > hard_refusal,safe_completion
alpaca_train_044502,benign,helpful_answer > hard_refusal,safe_completion
alpaca_train_044598,benign,helpful_answer > hard_refusal,safe_completion
alpaca_train_044613,benign,helpful_answer > hard_refusal,safe_completion
alpaca_train_044634,benign,helpful_answer > hard_refusal,safe_completion
alpaca_train_044680,benign,helpful_answer > hard_refusal,safe_completion
alpaca_train_044704,benign,helpful_answer > hard_refusal,safe_completion
alpaca_train_044727,benign,helpful_answer > hard_refusal,safe_completion
alpaca_train_044802,benign,helpful_answer > hard_refusal,safe_completion
alpaca_train_044820,benign,helpful_answer > hard_refusal,safe_completion
alpaca_train_044838,benign,helpful_answer > hard_refusal,safe_completion
alpaca_train_044852,benign,helpful_answer > hard_refusal,safe_completion
alpaca_train_044864,benign,helpful_answer > hard_refusal,safe_completion
alpaca_train_044877,benign,helpful_answer > hard_refusal,safe_completion
alpaca_train_044898,benign,helpful_answer > hard_refusal,safe_completion
alpaca_train_044911,benign,helpful_answer > hard_refusal,safe_completion
alpaca_train_044926,benign,helpful_answer > hard_refusal,safe_completion
alpaca_train_044932,benign,helpful_answer > hard_refusal,safe_completion
alpaca_train_044951,benign,helpful_answer > hard_refusal,safe_completion
alpaca_train_044953,benign,helpful_answer > hard_refusal,safe_completion
alpaca_train_044970,benign,helpful_answer > hard_refusal,safe_completion
alpaca_train_044984,benign,helpful_answer > hard_refusal,safe_completion
alpaca_train_045001,benign,helpful_answer > hard_refusal,safe_completion
alpaca_train_045012,benign,helpful_answer > hard_refusal,safe_completion
alpaca_train_045018,benign,helpful_answer > hard_refusal,safe_completion
alpaca_train_045086,benign,helpful_answer > hard_refusal,safe_completion
alpaca_train_045101,benign,helpful_answer > hard_refusal,safe_completion
alpaca_train_045209,benign,helpful_answer > hard_refusal,safe_completion
alpaca_train_045223,benign,helpful_answer > hard_refusal,safe_completion
alpaca_train_045318,benign,helpful_answer > hard_refusal,safe_completion
alpaca_train_045354,benign,helpful_answer > hard_refusal,safe_completion
alpaca_train_045356,benign,helpful_answer > hard_refusal,safe_completion
alpaca_train_045369,benign,helpful_answer > hard_refusal,safe_completion
alpaca_train_045446,benign,helpful_answer > hard_refusal,safe_completion
alpaca_train_045459,benign,helpful_answer > hard_refusal,safe_completion
alpaca_train_045464,benign,helpful_answer > hard_refusal,safe_completion
alpaca_train_045476,benign,helpful_answer > hard_refusal,safe_completion
alpaca_train_045515,benign,helpful_answer > hard_refusal,safe_completion
alpaca_train_045565,benign,helpful_answer > hard_refusal,safe_completion
alpaca_train_045597,benign,helpful_answer > hard_refusal,safe_completion
alpaca_train_045639,benign,helpful_answer > hard_refusal,safe_completion
alpaca_train_045662,benign,helpful_answer > hard_refusal,safe_completion
alpaca_train_045726,benign,helpful_answer > hard_refusal,safe_completion
alpaca_train_045762,benign,helpful_answer > hard_refusal,safe_completion
alpaca_train_045784,benign,helpful_answer > hard_refusal,safe_completion
alpaca_train_045814,benign,helpful_answer > hard_refusal,safe_completion
alpaca_train_045862,benign,helpful_answer > hard_refusal,safe_completion
alpaca_train_045866,benign,helpful_answer > hard_refusal,safe_completion
alpaca_train_045895,benign,helpful_answer > hard_refusal,safe_completion
alpaca_train_045912,benign,helpful_answer > hard_refusal,safe_completion
alpaca_train_046034,benign,helpful_answer > hard_refusal,safe_completion
alpaca_train_046048,benign,helpful_answer > hard_refusal,safe_completion
alpaca_train_046112,benign,helpful_answer > hard_refusal,safe_completion
alpaca_train_046191,benign,helpful_answer > hard_refusal,safe_completion
alpaca_train_046201,benign,helpful_answer > hard_refusal,safe_completion
alpaca_train_046206,benign,helpful_answer > hard_refusal,safe_completion
alpaca_train_046229,benign,helpful_answer > hard_refusal,safe_completion
alpaca_train_046239,benign,helpful_answer > hard_refusal,safe_completion
alpaca_train_046244,benign,helpful_answer > hard_refusal,safe_completion
alpaca_train_046266,benign,helpful_answer > hard_refusal,safe_completion
alpaca_train_046311,benign,helpful_answer > hard_refusal,safe_completion
alpaca_train_046350,benign,helpful_answer > hard_refusal,safe_completion
alpaca_train_046365,benign,helpful_answer > hard_refusal,safe_completion
alpaca_train_046439,benign,helpful_answer > hard_refusal,safe_completion
alpaca_train_046468,benign,helpful_answer > hard_refusal,safe_completion
alpaca_train_046583,benign,helpful_answer > hard_refusal,safe_completion
alpaca_train_046625,benign,helpful_answer > hard_refusal,safe_completion
alpaca_train_046636,benign,helpful_answer > hard_refusal,safe_completion
alpaca_train_046681,benign,helpful_answer > hard_refusal,safe_completion
alpaca_train_046709,benign,helpful_answer > hard_refusal,safe_completion
alpaca_train_046731,benign,helpful_answer > hard_refusal,safe_completion
alpaca_train_046741,benign,helpful_answer > hard_refusal,safe_completion
alpaca_train_046768,benign,helpful_answer > hard_refusal,safe_completion
alpaca_train_046820,benign,helpful_answer > hard_refusal,safe_completion
alpaca_train_046822,benign,helpful_answer > hard_refusal,safe_completion
alpaca_train_046854,benign,helpful_answer > hard_refusal,safe_completion
alpaca_train_046867,benign,helpful_answer > hard_refusal,safe_completion
alpaca_train_046902,benign,helpful_answer > hard_refusal,safe_completion
alpaca_train_046916,benign,helpful_answer > hard_refusal,safe_completion
alpaca_train_046919,benign,helpful_answer > hard_refusal,safe_completion
alpaca_train_046938,benign,helpful_answer > hard_refusal,safe_completion
alpaca_train_046954,benign,helpful_answer > hard_refusal,safe_completion
alpaca_train_046969,benign,helpful_answer > hard_refusal,safe_completion
alpaca_train_046994,benign,helpful_answer > hard_refusal,safe_completion
alpaca_train_047022,benign,helpful_answer > hard_refusal,safe_completion
alpaca_train_047037,benign,helpful_answer > hard_refusal,safe_completion
alpaca_train_047052,benign,helpful_answer > hard_refusal,safe_completion
alpaca_train_047069,benign,helpful_answer > hard_refusal,safe_completion
alpaca_train_047103,benign,helpful_answer > hard_refusal,safe_completion
alpaca_train_047105,benign,helpful_answer > hard_refusal,safe_completion
alpaca_train_047141,benign,helpful_answer > hard_refusal,safe_completion
alpaca_train_047164,benign,helpful_answer > hard_refusal,safe_completion
alpaca_train_047244,benign,helpful_answer > hard_refusal,safe_completion
alpaca_train_047300,benign,helpful_answer > hard_refusal,safe_completion
alpaca_train_047325,benign,helpful_answer > hard_refusal,safe_completion
alpaca_train_047336,benign,helpful_answer > hard_refusal,safe_completion
alpaca_train_047359,benign,helpful_answer > hard_refusal,safe_completion
alpaca_train_047428,benign,helpful_answer > hard_refusal,safe_completion
alpaca_train_047496,benign,helpful_answer > hard_refusal,safe_completion
alpaca_train_047553,benign,helpful_answer > hard_refusal,safe_completion
alpaca_train_047576,benign,helpful_answer > hard_refusal,safe_completion
alpaca_train_047590,benign,helpful_answer > hard_refusal,safe_completion
alpaca_train_047604,benign,helpful_answer > hard_refusal,safe_completion
alpaca_train_047657,benign,helpful_answer > hard_refusal,safe_completion
alpaca_train_047674,benign,helpful_answer > hard_refusal,safe_completion
alpaca_train_047741,benign,helpful_answer > hard_refusal,safe_completion
alpaca_train_047756,benign,helpful_answer > hard_refusal,safe_completion
alpaca_train_047822,benign,helpful_answer > hard_refusal,safe_completion
alpaca_train_047826,benign,helpful_answer > hard_refusal,safe_completion
alpaca_train_047984,benign,helpful_answer > hard_refusal,safe_completion
alpaca_train_048018,benign,helpful_answer > hard_refusal,safe_completion
alpaca_train_048021,benign,helpful_answer > hard_refusal,safe_completion
alpaca_train_048080,benign,helpful_answer > hard_refusal,safe_completion
alpaca_train_048104,benign,helpful_answer > hard_refusal,safe_completion
alpaca_train_048224,benign,helpful_answer > hard_refusal,safe_completion
alpaca_train_048238,benign,helpful_answer > hard_refusal,safe_completion
alpaca_train_048270,benign,helpful_answer > hard_refusal,safe_completion
alpaca_train_048290,benign,helpful_answer > hard_refusal,safe_completion
alpaca_train_048327,benign,helpful_answer > hard_refusal,safe_completion
alpaca_train_048353,benign,helpful_answer > hard_refusal,safe_completion
alpaca_train_048406,benign,helpful_answer > hard_refusal,safe_completion
alpaca_train_048433,benign,helpful_answer > hard_refusal,safe_completion
alpaca_train_048486,benign,helpful_answer > hard_refusal,safe_completion
alpaca_train_048495,benign,helpful_answer > hard_refusal,safe_completion
alpaca_train_048533,benign,helpful_answer > hard_refusal,safe_completion
alpaca_train_048554,benign,helpful_answer > hard_refusal,safe_completion
alpaca_train_048601,benign,helpful_answer > hard_refusal,safe_completion
alpaca_train_048660,benign,helpful_answer > hard_refusal,safe_completion
alpaca_train_048683,benign,helpful_answer > hard_refusal,safe_completion
alpaca_train_048785,benign,helpful_answer > hard_refusal,safe_completion
alpaca_train_048795,benign,helpful_answer > hard_refusal,safe_completion
alpaca_train_048797,benign,helpful_answer > hard_refusal,safe_completion
alpaca_train_048820,benign,helpful_answer > hard_refusal,safe_completion
alpaca_train_048875,benign,helpful_answer > hard_refusal,safe_completion
alpaca_train_048901,benign,helpful_answer > hard_refusal,safe_completion
alpaca_train_048904,benign,helpful_answer > hard_refusal,safe_completion
alpaca_train_048905,benign,helpful_answer > hard_refusal,safe_completion
alpaca_train_048924,benign,helpful_answer > hard_refusal,safe_completion
alpaca_train_048974,benign,helpful_answer > hard_refusal,safe_completion
alpaca_train_048977,benign,helpful_answer > hard_refusal,safe_completion
alpaca_train_049012,benign,helpful_answer > hard_refusal,safe_completion
alpaca_train_049019,benign,helpful_answer > hard_refusal,safe_completion
alpaca_train_049035,benign,helpful_answer > hard_refusal,safe_completion
alpaca_train_049072,benign,helpful_answer > hard_refusal,safe_completion
alpaca_train_049118,benign,helpful_answer > hard_refusal,safe_completion
alpaca_train_049125,benign,helpful_answer > hard_refusal,safe_completion
alpaca_train_049171,benign,helpful_answer > hard_refusal,safe_completion
alpaca_train_049205,benign,helpful_answer > hard_refusal,safe_completion
alpaca_train_049234,benign,helpful_answer > hard_refusal,safe_completion
alpaca_train_049251,benign,helpful_answer > hard_refusal,safe_completion
alpaca_train_049263,benign,helpful_answer > hard_refusal,safe_completion
alpaca_train_049270,benign,helpful_answer > hard_refusal,safe_completion
alpaca_train_049296,benign,helpful_answer > hard_refusal,safe_completion
alpaca_train_049305,benign,helpful_answer > hard_refusal,safe_completion
alpaca_train_049307,benign,helpful_answer > hard_refusal,safe_completion
alpaca_train_049335,benign,helpful_answer > hard_refusal,safe_completion
alpaca_train_049353,benign,helpful_answer > hard_refusal,safe_completion
alpaca_train_049359,benign,helpful_answer > hard_refusal,safe_completion
alpaca_train_049365,benign,helpful_answer > hard_refusal,safe_completion
alpaca_train_049399,benign,helpful_answer > hard_refusal,safe_completion
alpaca_train_049475,benign,helpful_answer > hard_refusal,safe_completion
alpaca_train_049485,benign,helpful_answer > hard_refusal,safe_completion
alpaca_train_049490,benign,helpful_answer > hard_refusal,safe_completion
alpaca_train_049560,benign,helpful_answer > hard_refusal,safe_completion
alpaca_train_049572,benign,helpful_answer > hard_refusal,safe_completion
alpaca_train_049680,benign,helpful_answer > hard_refusal,safe_completion
alpaca_train_049732,benign,helpful_answer > hard_refusal,safe_completion
alpaca_train_049748,benign,helpful_answer > hard_refusal,safe_completion
alpaca_train_049801,benign,helpful_answer > hard_refusal,safe_completion
alpaca_train_049808,benign,helpful_answer > hard_refusal,safe_completion
alpaca_train_049819,benign,helpful_answer > hard_refusal,safe_completion
alpaca_train_049861,benign,helpful_answer > hard_refusal,safe_completion
alpaca_train_049867,benign,helpful_answer > hard_refusal,safe_completion
alpaca_train_049870,benign,helpful_answer > hard_refusal,safe_completion
alpaca_train_049893,benign,helpful_answer > hard_refusal,safe_completion
alpaca_train_049914,benign,helpful_answer > hard_refusal,safe_completion
alpaca_train_049969,benign,helpful_answer > hard_refusal,safe_completion
alpaca_train_049971,benign,helpful_answer > hard_refusal,safe_completion
alpaca_train_050023,benign,helpful_answer > hard_refusal,safe_completion
alpaca_train_050052,benign,helpful_answer > hard_refusal,safe_completion
alpaca_train_050089,benign,helpful_answer > hard_refusal,safe_completion
alpaca_train_050103,benign,helpful_answer > hard_refusal,safe_completion
alpaca_train_050105,benign,helpful_answer > hard_refusal,safe_completion
alpaca_train_050137,benign,helpful_answer > hard_refusal,safe_completion
alpaca_train_050140,benign,helpful_answer > hard_refusal,safe_completion
alpaca_train_050187,benign,helpful_answer > hard_refusal,safe_completion
alpaca_train_050276,benign,helpful_answer > hard_refusal,safe_completion
alpaca_train_050281,benign,helpful_answer > hard_refusal,safe_completion
alpaca_train_050287,benign,helpful_answer > hard_refusal,safe_completion
alpaca_train_050330,benign,helpful_answer > hard_refusal,safe_completion
alpaca_train_050337,benign,helpful_answer > hard_refusal,safe_completion
alpaca_train_050413,benign,helpful_answer > hard_refusal,safe_completion
alpaca_train_050433,benign,helpful_answer > hard_refusal,safe_completion
alpaca_train_050445,benign,helpful_answer > hard_refusal,safe_completion
alpaca_train_050460,benign,helpful_answer > hard_refusal,safe_completion
alpaca_train_050510,benign,helpful_answer > hard_refusal,safe_completion
alpaca_train_050543,benign,helpful_answer > hard_refusal,safe_completion
alpaca_train_050573,benign,helpful_answer > hard_refusal,safe_completion
alpaca_train_050600,benign,helpful_answer > hard_refusal,safe_completion
alpaca_train_050631,benign,helpful_answer > hard_refusal,safe_completion
alpaca_train_050640,benign,helpful_answer > hard_refusal,safe_completion
alpaca_train_050653,benign,helpful_answer > hard_refusal,safe_completion
alpaca_train_050655,benign,helpful_answer > hard_refusal,safe_completion
alpaca_train_050689,benign,helpful_answer > hard_refusal,safe_completion
alpaca_train_050728,benign,helpful_answer > hard_refusal,safe_completion
alpaca_train_050741,benign,helpful_answer > hard_refusal,safe_completion
alpaca_train_050743,benign,helpful_answer > hard_refusal,safe_completion
alpaca_train_050748,benign,helpful_answer > hard_refusal,safe_completion
alpaca_train_050767,benign,helpful_answer > hard_refusal,safe_completion
alpaca_train_050809,benign,helpful_answer > hard_refusal,safe_completion
alpaca_train_050834,benign,helpful_answer > hard_refusal,safe_completion
alpaca_train_050857,benign,helpful_answer > hard_refusal,safe_completion
alpaca_train_050892,benign,helpful_answer > hard_refusal,safe_completion
alpaca_train_050894,benign,helpful_answer > hard_refusal,safe_completion
alpaca_train_050923,benign,helpful_answer > hard_refusal,safe_completion
alpaca_train_051002,benign,helpful_answer > hard_refusal,safe_completion
alpaca_train_051012,benign,helpful_answer > hard_refusal,safe_completion
alpaca_train_051028,benign,helpful_answer > hard_refusal,safe_completion
alpaca_train_051069,benign,helpful_answer > hard_refusal,safe_completion
alpaca_train_051146,benign,helpful_answer > hard_refusal,safe_completion
alpaca_train_051147,benign,helpful_answer > hard_refusal,safe_completion
alpaca_train_051159,benign,helpful_answer > hard_refusal,safe_completion
alpaca_train_051167,benign,helpful_answer > hard_refusal,safe_completion
alpaca_train_051207,benign,helpful_answer > hard_refusal,safe_completion
alpaca_train_051228,benign,helpful_answer > hard_refusal,safe_completion
alpaca_train_051236,benign,helpful_answer > hard_refusal,safe_completion
alpaca_train_051271,benign,helpful_answer > hard_refusal,safe_completion
alpaca_train_051301,benign,helpful_answer > hard_refusal,safe_completion
alpaca_train_051358,benign,helpful_answer > hard_refusal,safe_completion
alpaca_train_051391,benign,helpful_answer > hard_refusal,safe_completion
alpaca_train_051425,benign,helpful_answer > hard_refusal,safe_completion
alpaca_train_051487,benign,helpful_answer > hard_refusal,safe_completion
alpaca_train_051499,benign,helpful_answer > hard_refusal,safe_completion
alpaca_train_051532,benign,helpful_answer > hard_refusal,safe_completion
alpaca_train_051551,benign,helpful_answer > hard_refusal,safe_completion
alpaca_train_051591,benign,helpful_answer > hard_refusal,safe_completion
alpaca_train_051619,benign,helpful_answer > hard_refusal,safe_completion
alpaca_train_051632,benign,helpful_answer > hard_refusal,safe_completion
alpaca_train_051645,benign,helpful_answer > hard_refusal,safe_completion
alpaca_train_051675,benign,helpful_answer > hard_refusal,safe_completion
alpaca_train_051764,benign,helpful_answer > hard_refusal,safe_completion
alpaca_train_051772,benign,helpful_answer > hard_refusal,safe_completion
alpaca_train_051780,benign,helpful_answer > hard_refusal,safe_completion
alpaca_train_051817,benign,helpful_answer > hard_refusal,safe_completion
alpaca_train_051852,benign,helpful_answer > hard_refusal,safe_completion
alpaca_train_051907,benign,helpful_answer > hard_refusal,safe_completion
alpaca_train_051909,benign,helpful_answer > hard_refusal,safe_completion
alpaca_train_051914,benign,helpful_answer > hard_refusal,safe_completion
alpaca_train_051921,benign,helpful_answer > hard_refusal,safe_completion
alpaca_train_051932,benign,helpful_answer > hard_refusal,safe_completion
alpaca_train_051938,benign,helpful_answer > hard_refusal,safe_completion
alpaca_train_051946,benign,helpful_answer > hard_refusal,safe_completion
alpaca_train_051962,benign,helpful_answer > hard_refusal,safe_completion
bt_30k_train_000001,unsafe,hard_refusal > unsafe_compliance,baseline_refusal
bt_30k_train_000003,unsafe,hard_refusal > unsafe_compliance,baseline_refusal
bt_30k_train_000016,unsafe,hard_refusal > unsafe_compliance,baseline_refusal
bt_30k_train_000023,unsafe,hard_refusal > unsafe_compliance,baseline_refusal
bt_30k_train_000025,unsafe,hard_refusal > unsafe_compliance,baseline_refusal
bt_30k_train_000026,unsafe,hard_refusal > unsafe_compliance,baseline_refusal
bt_30k_train_000038,unsafe,hard_refusal > unsafe_compliance,baseline_refusal
bt_30k_train_000043,unsafe,hard_refusal > unsafe_compliance,baseline_refusal
bt_30k_train_000065,unsafe,hard_refusal > unsafe_compliance,baseline_refusal
bt_30k_train_000071,unsafe,hard_refusal > unsafe_compliance,baseline_refusal
bt_30k_train_000073,unsafe,hard_refusal > unsafe_compliance,baseline_refusal
bt_30k_train_000075,unsafe,hard_refusal > unsafe_compliance,baseline_refusal
bt_30k_train_000085,unsafe,hard_refusal > unsafe_compliance,baseline_refusal
bt_30k_train_000086,unsafe,hard_refusal > unsafe_compliance,baseline_refusal
bt_30k_train_000087,unsafe,hard_refusal > unsafe_compliance,baseline_refusal
bt_30k_train_000093,unsafe,hard_refusal > unsafe_compliance,baseline_refusal
bt_30k_train_000096,unsafe,hard_refusal > unsafe_compliance,baseline_refusal
bt_30k_train_000097,unsafe,hard_refusal > unsafe_compliance,baseline_refusal
bt_30k_train_000106,unsafe,hard_refusal > unsafe_compliance,baseline_refusal
bt_30k_train_000113,unsafe,hard_refusal > unsafe_compliance,baseline_refusal
bt_30k_train_000129,unsafe,hard_refusal > unsafe_compliance,baseline_refusal
bt_30k_train_000130,unsafe,hard_refusal > unsafe_compliance,baseline_refusal
bt_30k_train_000146,unsafe,hard_refusal > unsafe_compliance,baseline_refusal
bt_30k_train_000151,unsafe,hard_refusal > unsafe_compliance,baseline_refusal
bt_30k_train_000154,unsafe,hard_refusal > unsafe_compliance,baseline_refusal
bt_30k_train_000156,unsafe,hard_refusal > unsafe_compliance,baseline_refusal
bt_30k_train_000164,unsafe,hard_refusal > unsafe_compliance,baseline_refusal
bt_30k_train_000171,unsafe,hard_refusal > unsafe_compliance,baseline_refusal
bt_30k_train_000172,unsafe,hard_refusal > unsafe_compliance,baseline_refusal
bt_30k_train_000183,unsafe,hard_refusal > unsafe_compliance,baseline_refusal
bt_30k_train_000187,unsafe,hard_refusal > unsafe_compliance,baseline_refusal
bt_30k_train_000197,unsafe,hard_refusal > unsafe_compliance,baseline_refusal
bt_30k_train_000202,unsafe,hard_refusal > unsafe_compliance,baseline_refusal
bt_30k_train_000204,unsafe,hard_refusal > unsafe_compliance,baseline_refusal
bt_30k_train_000207,unsafe,hard_refusal > unsafe_compliance,baseline_refusal
bt_30k_train_000215,unsafe,hard_refusal > unsafe_compliance,baseline_refusal
bt_30k_train_000229,unsafe,hard_refusal > unsafe_compliance,baseline_refusal
bt_30k_train_000230,unsafe,hard_refusal > unsafe_compliance,baseline_refusal
bt_30k_train_000236,unsafe,hard_refusal > unsafe_compliance,baseline_refusal
bt_30k_train_000240,unsafe,hard_refusal > unsafe_compliance,baseline_refusal
bt_30k_train_000247,unsafe,hard_refusal > unsafe_compliance,baseline_refusal
bt_30k_train_000269,unsafe,hard_refusal > unsafe_compliance,baseline_refusal
bt_30k_train_000283,unsafe,hard_refusal > unsafe_compliance,baseline_refusal
bt_30k_train_000284,unsafe,hard_refusal > unsafe_compliance,baseline_refusal
bt_30k_train_000295,unsafe,hard_refusal > unsafe_compliance,baseline_refusal
bt_30k_train_000298,unsafe,hard_refusal > unsafe_compliance,baseline_refusal
bt_30k_train_000299,unsafe,hard_refusal > unsafe_compliance,baseline_refusal
bt_30k_train_000300,unsafe,hard_refusal > unsafe_compliance,baseline_refusal
bt_30k_train_000305,unsafe,hard_refusal > unsafe_compliance,baseline_refusal
bt_30k_train_000316,unsafe,hard_refusal > unsafe_compliance,baseline_refusal
bt_30k_train_000324,unsafe,hard_refusal > unsafe_compliance,baseline_refusal
bt_30k_train_000327,unsafe,hard_refusal > unsafe_compliance,baseline_refusal
bt_30k_train_000328,unsafe,hard_refusal > unsafe_compliance,baseline_refusal
bt_30k_train_000329,unsafe,hard_refusal > unsafe_compliance,baseline_refusal
bt_30k_train_000336,unsafe,hard_refusal > unsafe_compliance,baseline_refusal
bt_30k_train_000343,unsafe,hard_refusal > unsafe_compliance,baseline_refusal
bt_30k_train_000349,unsafe,hard_refusal > unsafe_compliance,baseline_refusal
bt_30k_train_000351,unsafe,hard_refusal > unsafe_compliance,baseline_refusal
bt_30k_train_000353,unsafe,hard_refusal > unsafe_compliance,baseline_refusal
bt_30k_train_000356,unsafe,hard_refusal > unsafe_compliance,baseline_refusal
bt_30k_train_000359,unsafe,hard_refusal > unsafe_compliance,baseline_refusal
bt_30k_train_000386,unsafe,hard_refusal > unsafe_compliance,baseline_refusal
bt_30k_train_000390,unsafe,hard_refusal > unsafe_compliance,baseline_refusal
bt_30k_train_000405,unsafe,hard_refusal > unsafe_compliance,baseline_refusal
bt_30k_train_000417,unsafe,hard_refusal > unsafe_compliance,baseline_refusal
bt_30k_train_000424,unsafe,hard_refusal > unsafe_compliance,baseline_refusal
bt_30k_train_000429,unsafe,hard_refusal > unsafe_compliance,baseline_refusal
bt_30k_train_000443,unsafe,hard_refusal > unsafe_compliance,baseline_refusal
bt_30k_train_000447,unsafe,hard_refusal > unsafe_compliance,baseline_refusal
bt_30k_train_000455,unsafe,hard_refusal > unsafe_compliance,baseline_refusal
bt_30k_train_000464,unsafe,hard_refusal > unsafe_compliance,baseline_refusal
bt_30k_train_000465,unsafe,hard_refusal > unsafe_compliance,baseline_refusal
bt_30k_train_000470,unsafe,hard_refusal > unsafe_compliance,baseline_refusal
bt_30k_train_000471,unsafe,hard_refusal > unsafe_compliance,baseline_refusal
bt_30k_train_000474,unsafe,hard_refusal > unsafe_compliance,baseline_refusal
bt_30k_train_000484,unsafe,hard_refusal > unsafe_compliance,baseline_refusal
bt_30k_train_000486,unsafe,hard_refusal > unsafe_compliance,baseline_refusal
bt_30k_train_000488,unsafe,hard_refusal > unsafe_compliance,baseline_refusal
bt_30k_train_000492,unsafe,hard_refusal > unsafe_compliance,baseline_refusal
bt_30k_train_000498,unsafe,hard_refusal > unsafe_compliance,baseline_refusal
bt_30k_train_000499,unsafe,hard_refusal > unsafe_compliance,baseline_refusal
bt_30k_train_000507,unsafe,hard_refusal > unsafe_compliance,baseline_refusal
bt_30k_train_000508,unsafe,hard_refusal > unsafe_compliance,baseline_refusal
bt_30k_train_000509,unsafe,hard_refusal > unsafe_compliance,baseline_refusal
bt_30k_train_000516,unsafe,hard_refusal > unsafe_compliance,baseline_refusal
bt_30k_train_000517,unsafe,hard_refusal > unsafe_compliance,baseline_refusal
bt_30k_train_000520,unsafe,hard_refusal > unsafe_compliance,baseline_refusal
bt_30k_train_000528,unsafe,hard_refusal > unsafe_compliance,baseline_refusal
bt_30k_train_000532,unsafe,hard_refusal > unsafe_compliance,baseline_refusal
bt_30k_train_000538,unsafe,hard_refusal > unsafe_compliance,baseline_refusal
bt_30k_train_000552,unsafe,hard_refusal > unsafe_compliance,baseline_refusal
bt_30k_train_000555,unsafe,hard_refusal > unsafe_compliance,baseline_refusal
bt_30k_train_000562,unsafe,hard_refusal > unsafe_compliance,baseline_refusal
bt_30k_train_000574,unsafe,hard_refusal > unsafe_compliance,baseline_refusal
bt_30k_train_000581,unsafe,hard_refusal > unsafe_compliance,baseline_refusal
bt_30k_train_000583,unsafe,hard_refusal > unsafe_compliance,baseline_refusal
bt_30k_train_000598,unsafe,hard_refusal > unsafe_compliance,baseline_refusal
bt_30k_train_000603,unsafe,hard_refusal > unsafe_compliance,baseline_refusal
bt_30k_train_000613,unsafe,hard_refusal > unsafe_compliance,baseline_refusal
bt_30k_train_000620,unsafe,hard_refusal > unsafe_compliance,baseline_refusal
bt_30k_train_000640,unsafe,hard_refusal > unsafe_compliance,baseline_refusal
bt_30k_train_000641,unsafe,hard_refusal > unsafe_compliance,baseline_refusal
bt_30k_train_000647,unsafe,hard_refusal > unsafe_compliance,baseline_refusal
bt_30k_train_000662,unsafe,hard_refusal > unsafe_compliance,baseline_refusal
bt_30k_train_000663,unsafe,hard_refusal > unsafe_compliance,baseline_refusal
bt_30k_train_000664,unsafe,hard_refusal > unsafe_compliance,baseline_refusal
bt_30k_train_000669,unsafe,hard_refusal > unsafe_compliance,baseline_refusal
bt_30k_train_000679,unsafe,hard_refusal > unsafe_compliance,baseline_refusal
bt_30k_train_000680,unsafe,hard_refusal > unsafe_compliance,baseline_refusal
bt_30k_train_000688,unsafe,hard_refusal > unsafe_compliance,baseline_refusal
bt_30k_train_000697,unsafe,hard_refusal > unsafe_compliance,baseline_refusal
bt_30k_train_000703,unsafe,hard_refusal > unsafe_compliance,baseline_refusal
bt_30k_train_000707,unsafe,hard_refusal > unsafe_compliance,baseline_refusal
bt_30k_train_000713,unsafe,hard_refusal > unsafe_compliance,baseline_refusal
bt_30k_train_000717,unsafe,hard_refusal > unsafe_compliance,baseline_refusal
bt_30k_train_000721,unsafe,hard_refusal > unsafe_compliance,baseline_refusal
bt_30k_train_000729,unsafe,hard_refusal > unsafe_compliance,baseline_refusal
bt_30k_train_000731,unsafe,hard_refusal > unsafe_compliance,baseline_refusal
bt_30k_train_000742,unsafe,hard_refusal > unsafe_compliance,baseline_refusal
bt_30k_train_000749,unsafe,hard_refusal > unsafe_compliance,baseline_refusal
bt_30k_train_000771,unsafe,hard_refusal > unsafe_compliance,baseline_refusal
bt_30k_train_000772,unsafe,hard_refusal > unsafe_compliance,baseline_refusal
bt_30k_train_000773,unsafe,hard_refusal > unsafe_compliance,baseline_refusal
bt_30k_train_000786,unsafe,hard_refusal > unsafe_compliance,baseline_refusal
bt_30k_train_000789,unsafe,hard_refusal > unsafe_compliance,baseline_refusal
bt_30k_train_000793,unsafe,hard_refusal > unsafe_compliance,baseline_refusal
bt_30k_train_000798,unsafe,hard_refusal > unsafe_compliance,baseline_refusal
bt_30k_train_000803,unsafe,hard_refusal > unsafe_compliance,baseline_refusal
bt_30k_train_000809,unsafe,hard_refusal > unsafe_compliance,baseline_refusal
bt_30k_train_000815,unsafe,hard_refusal > unsafe_compliance,baseline_refusal
bt_30k_train_000818,unsafe,hard_refusal > unsafe_compliance,baseline_refusal
bt_30k_train_000822,unsafe,hard_refusal > unsafe_compliance,baseline_refusal
bt_30k_train_000826,unsafe,hard_refusal > unsafe_compliance,baseline_refusal
bt_30k_train_000834,unsafe,hard_refusal > unsafe_compliance,baseline_refusal
bt_30k_train_000836,unsafe,hard_refusal > unsafe_compliance,baseline_refusal
bt_30k_train_000837,unsafe,hard_refusal > unsafe_compliance,baseline_refusal
bt_30k_train_000845,unsafe,hard_refusal > unsafe_compliance,baseline_refusal
bt_30k_train_000846,unsafe,hard_refusal > unsafe_compliance,baseline_refusal
bt_30k_train_000851,unsafe,hard_refusal > unsafe_compliance,baseline_refusal
bt_30k_train_000853,unsafe,hard_refusal > unsafe_compliance,baseline_refusal
bt_30k_train_000856,unsafe,hard_refusal > unsafe_compliance,baseline_refusal
bt_30k_train_000858,unsafe,hard_refusal > unsafe_compliance,baseline_refusal
bt_30k_train_000862,unsafe,hard_refusal > unsafe_compliance,baseline_refusal
bt_30k_train_000864,unsafe,hard_refusal > unsafe_compliance,baseline_refusal
bt_30k_train_000870,unsafe,hard_refusal > unsafe_compliance,baseline_refusal
bt_30k_train_000873,unsafe,hard_refusal > unsafe_compliance,baseline_refusal
bt_30k_train_000890,unsafe,hard_refusal > unsafe_compliance,baseline_refusal
bt_30k_train_000893,unsafe,hard_refusal > unsafe_compliance,baseline_refusal
bt_30k_train_000895,unsafe,hard_refusal > unsafe_compliance,baseline_refusal
bt_30k_train_000896,unsafe,hard_refusal > unsafe_compliance,baseline_refusal
bt_30k_train_000898,unsafe,hard_refusal > unsafe_compliance,baseline_refusal
bt_30k_train_000899,unsafe,hard_refusal > unsafe_compliance,baseline_refusal
bt_30k_train_000903,unsafe,hard_refusal > unsafe_compliance,baseline_refusal
bt_30k_train_000906,unsafe,hard_refusal > unsafe_compliance,baseline_refusal
bt_30k_train_000912,unsafe,hard_refusal > unsafe_compliance,baseline_refusal
bt_30k_train_000916,unsafe,hard_refusal > unsafe_compliance,baseline_refusal
bt_30k_train_000922,unsafe,hard_refusal > unsafe_compliance,baseline_refusal
bt_30k_train_000923,unsafe,hard_refusal > unsafe_compliance,baseline_refusal
bt_30k_train_000925,unsafe,hard_refusal > unsafe_compliance,baseline_refusal
bt_30k_train_000947,unsafe,hard_refusal > unsafe_compliance,baseline_refusal
bt_30k_train_000959,unsafe,hard_refusal > unsafe_compliance,baseline_refusal
bt_30k_train_000966,unsafe,hard_refusal > unsafe_compliance,baseline_refusal
bt_30k_train_000967,unsafe,hard_refusal > unsafe_compliance,baseline_refusal
bt_30k_train_000970,unsafe,hard_refusal > unsafe_compliance,baseline_refusal
bt_30k_train_000971,unsafe,hard_refusal > unsafe_compliance,baseline_refusal
bt_30k_train_000973,unsafe,hard_refusal > unsafe_compliance,baseline_refusal
bt_30k_train_000975,unsafe,hard_refusal > unsafe_compliance,baseline_refusal
bt_30k_train_000977,unsafe,hard_refusal > unsafe_compliance,baseline_refusal
bt_30k_train_000979,unsafe,hard_refusal > unsafe_compliance,baseline_refusal
bt_30k_train_000983,unsafe,hard_refusal > unsafe_compliance,baseline_refusal
bt_30k_train_000985,unsafe,hard_refusal > unsafe_compliance,baseline_refusal
bt_30k_train_000986,unsafe,hard_refusal > unsafe_compliance,baseline_refusal
bt_30k_train_000995,unsafe,hard_refusal > unsafe_compliance,baseline_refusal
bt_30k_train_000996,unsafe,hard_refusal > unsafe_compliance,baseline_refusal
bt_30k_train_000997,unsafe,hard_refusal > unsafe_compliance,baseline_refusal
bt_30k_train_001001,unsafe,hard_refusal > unsafe_compliance,baseline_refusal
bt_30k_train_001006,unsafe,hard_refusal > unsafe_compliance,baseline_refusal
bt_30k_train_001007,unsafe,hard_refusal > unsafe_compliance,baseline_refusal
bt_30k_train_001009,unsafe,hard_refusal > unsafe_compliance,baseline_refusal
bt_30k_train_001018,unsafe,hard_refusal > unsafe_compliance,baseline_refusal
bt_30k_train_001028,unsafe,hard_refusal > unsafe_compliance,baseline_refusal
bt_30k_train_001032,unsafe,hard_refusal > unsafe_compliance,baseline_refusal
bt_30k_train_001055,unsafe,hard_refusal > unsafe_compliance,baseline_refusal
bt_30k_train_001056,unsafe,hard_refusal > unsafe_compliance,baseline_refusal
bt_30k_train_001059,unsafe,hard_refusal > unsafe_compliance,baseline_refusal
bt_30k_train_001067,unsafe,hard_refusal > unsafe_compliance,baseline_refusal
bt_30k_train_001068,unsafe,hard_refusal > unsafe_compliance,baseline_refusal
bt_30k_train_001081,unsafe,hard_refusal > unsafe_compliance,baseline_refusal
bt_30k_train_001098,unsafe,hard_refusal > unsafe_compliance,baseline_refusal
bt_30k_train_001100,unsafe,hard_refusal > unsafe_compliance,baseline_refusal
bt_30k_train_001118,unsafe,hard_refusal > unsafe_compliance,baseline_refusal
bt_30k_train_001124,unsafe,hard_refusal > unsafe_compliance,baseline_refusal
bt_30k_train_001129,unsafe,hard_refusal > unsafe_compliance,baseline_refusal
bt_30k_train_001131,unsafe,hard_refusal > unsafe_compliance,baseline_refusal
bt_30k_train_001136,unsafe,hard_refusal > unsafe_compliance,baseline_refusal
bt_30k_train_001137,unsafe,hard_refusal > unsafe_compliance,baseline_refusal
bt_30k_train_001148,unsafe,hard_refusal > unsafe_compliance,baseline_refusal
bt_30k_train_001157,unsafe,hard_refusal > unsafe_compliance,baseline_refusal
bt_30k_train_001160,unsafe,hard_refusal > unsafe_compliance,baseline_refusal
bt_30k_train_001161,unsafe,hard_refusal > unsafe_compliance,baseline_refusal
bt_30k_train_001173,unsafe,hard_refusal > unsafe_compliance,baseline_refusal
bt_30k_train_001177,unsafe,hard_refusal > unsafe_compliance,baseline_refusal
bt_30k_train_001178,unsafe,hard_refusal > unsafe_compliance,baseline_refusal
bt_30k_train_001192,unsafe,hard_refusal > unsafe_compliance,baseline_refusal
bt_30k_train_001196,unsafe,hard_refusal > unsafe_compliance,baseline_refusal
bt_30k_train_001212,unsafe,hard_refusal > unsafe_compliance,baseline_refusal
bt_30k_train_001215,unsafe,hard_refusal > unsafe_compliance,baseline_refusal
bt_30k_train_001219,unsafe,hard_refusal > unsafe_compliance,baseline_refusal
bt_30k_train_001224,unsafe,hard_refusal > unsafe_compliance,baseline_refusal
bt_30k_train_001229,unsafe,hard_refusal > unsafe_compliance,baseline_refusal
bt_30k_train_001232,unsafe,hard_refusal > unsafe_compliance,baseline_refusal
bt_30k_train_001237,unsafe,hard_refusal > unsafe_compliance,baseline_refusal
bt_30k_train_001241,unsafe,hard_refusal > unsafe_compliance,baseline_refusal
bt_30k_train_001242,unsafe,hard_refusal > unsafe_compliance,baseline_refusal
bt_30k_train_001244,unsafe,hard_refusal > unsafe_compliance,baseline_refusal
bt_30k_train_001251,unsafe,hard_refusal > unsafe_compliance,baseline_refusal
bt_30k_train_001260,unsafe,hard_refusal > unsafe_compliance,baseline_refusal
bt_30k_train_001267,unsafe,hard_refusal > unsafe_compliance,baseline_refusal
bt_30k_train_001269,unsafe,hard_refusal > unsafe_compliance,baseline_refusal
bt_30k_train_001276,unsafe,hard_refusal > unsafe_compliance,baseline_refusal
bt_30k_train_001278,unsafe,hard_refusal > unsafe_compliance,baseline_refusal
bt_30k_train_001280,unsafe,hard_refusal > unsafe_compliance,baseline_refusal
bt_30k_train_001288,unsafe,hard_refusal > unsafe_compliance,baseline_refusal
bt_30k_train_001290,unsafe,hard_refusal > unsafe_compliance,baseline_refusal
bt_30k_train_001298,unsafe,hard_refusal > unsafe_compliance,baseline_refusal
bt_30k_train_001302,unsafe,hard_refusal > unsafe_compliance,baseline_refusal
bt_30k_train_001316,unsafe,hard_refusal > unsafe_compliance,baseline_refusal
bt_30k_train_001327,unsafe,hard_refusal > unsafe_compliance,baseline_refusal
bt_30k_train_001337,unsafe,hard_refusal > unsafe_compliance,baseline_refusal
bt_30k_train_001347,unsafe,hard_refusal > unsafe_compliance,baseline_refusal
bt_30k_train_001357,unsafe,hard_refusal > unsafe_compliance,baseline_refusal
bt_30k_train_001364,unsafe,hard_refusal > unsafe_compliance,baseline_refusal
bt_30k_train_001371,unsafe,hard_refusal > unsafe_compliance,baseline_refusal
bt_30k_train_001372,unsafe,hard_refusal > unsafe_compliance,baseline_refusal
bt_30k_train_001379,unsafe,hard_refusal > unsafe_compliance,baseline_refusal
bt_30k_train_001389,unsafe,hard_refusal > unsafe_compliance,baseline_refusal
bt_30k_train_001395,unsafe,hard_refusal > unsafe_compliance,baseline_refusal
bt_30k_train_001403,unsafe,hard_refusal > unsafe_compliance,baseline_refusal
bt_30k_train_001424,unsafe,hard_refusal > unsafe_compliance,baseline_refusal
bt_30k_train_001425,unsafe,hard_refusal > unsafe_compliance,baseline_refusal
bt_30k_train_001426,unsafe,hard_refusal > unsafe_compliance,baseline_refusal
bt_30k_train_001444,unsafe,hard_refusal > unsafe_compliance,baseline_refusal
bt_30k_train_001448,unsafe,hard_refusal > unsafe_compliance,baseline_refusal
bt_30k_train_001454,unsafe,hard_refusal > unsafe_compliance,baseline_refusal
bt_30k_train_001456,unsafe,hard_refusal > unsafe_compliance,baseline_refusal
bt_30k_train_001458,unsafe,hard_refusal > unsafe_compliance,baseline_refusal
bt_30k_train_001465,unsafe,hard_refusal > unsafe_compliance,baseline_refusal
bt_30k_train_001480,unsafe,hard_refusal > unsafe_compliance,baseline_refusal
bt_30k_train_001482,unsafe,hard_refusal > unsafe_compliance,baseline_refusal
bt_30k_train_001489,unsafe,hard_refusal > unsafe_compliance,baseline_refusal
bt_30k_train_001491,unsafe,hard_refusal > unsafe_compliance,baseline_refusal
bt_30k_train_001494,unsafe,hard_refusal > unsafe_compliance,baseline_refusal
bt_30k_train_001502,unsafe,hard_refusal > unsafe_compliance,baseline_refusal
bt_30k_train_001503,unsafe,hard_refusal > unsafe_compliance,baseline_refusal
bt_30k_train_001506,unsafe,hard_refusal > unsafe_compliance,baseline_refusal
bt_30k_train_001516,unsafe,hard_refusal > unsafe_compliance,baseline_refusal
bt_30k_train_001518,unsafe,hard_refusal > unsafe_compliance,baseline_refusal
bt_30k_train_001522,unsafe,hard_refusal > unsafe_compliance,baseline_refusal
bt_30k_train_001526,unsafe,hard_refusal > unsafe_compliance,baseline_refusal
bt_30k_train_001544,unsafe,hard_refusal > unsafe_compliance,baseline_refusal
bt_30k_train_001546,unsafe,hard_refusal > unsafe_compliance,baseline_refusal
bt_30k_train_001547,unsafe,hard_refusal > unsafe_compliance,baseline_refusal
bt_30k_train_001552,unsafe,hard_refusal > unsafe_compliance,baseline_refusal
bt_30k_train_001557,unsafe,hard_refusal > unsafe_compliance,baseline_refusal
bt_30k_train_001570,unsafe,hard_refusal > unsafe_compliance,baseline_refusal
bt_30k_train_001571,unsafe,hard_refusal > unsafe_compliance,baseline_refusal
bt_30k_train_001573,unsafe,hard_refusal > unsafe_compliance,baseline_refusal
bt_30k_train_001596,unsafe,hard_refusal > unsafe_compliance,baseline_refusal
bt_30k_train_001599,unsafe,hard_refusal > unsafe_compliance,baseline_refusal
bt_30k_train_001608,unsafe,hard_refusal > unsafe_compliance,baseline_refusal
bt_30k_train_001614,unsafe,hard_refusal > unsafe_compliance,baseline_refusal
bt_30k_train_001615,unsafe,hard_refusal > unsafe_compliance,baseline_refusal
bt_30k_train_001663,unsafe,hard_refusal > unsafe_compliance,baseline_refusal
bt_30k_train_001667,unsafe,hard_refusal > unsafe_compliance,baseline_refusal
bt_30k_train_001695,unsafe,hard_refusal > unsafe_compliance,baseline_refusal
bt_30k_train_001702,unsafe,hard_refusal > unsafe_compliance,baseline_refusal
bt_30k_train_001711,unsafe,hard_refusal > unsafe_compliance,baseline_refusal
bt_30k_train_001720,unsafe,hard_refusal > unsafe_compliance,baseline_refusal
bt_30k_train_001730,unsafe,hard_refusal > unsafe_compliance,baseline_refusal
bt_30k_train_001733,unsafe,hard_refusal > unsafe_compliance,baseline_refusal
bt_30k_train_001736,unsafe,hard_refusal > unsafe_compliance,baseline_refusal
bt_30k_train_001753,unsafe,hard_refusal > unsafe_compliance,baseline_refusal
bt_30k_train_001756,unsafe,hard_refusal > unsafe_compliance,baseline_refusal
bt_30k_train_001759,unsafe,hard_refusal > unsafe_compliance,baseline_refusal
bt_30k_train_001761,unsafe,hard_refusal > unsafe_compliance,baseline_refusal
bt_30k_train_001763,unsafe,hard_refusal > unsafe_compliance,baseline_refusal
bt_30k_train_001780,unsafe,hard_refusal > unsafe_compliance,baseline_refusal
bt_30k_train_001783,unsafe,hard_refusal > unsafe_compliance,baseline_refusal
bt_30k_train_001788,unsafe,hard_refusal > unsafe_compliance,baseline_refusal
bt_30k_train_001794,unsafe,hard_refusal > unsafe_compliance,baseline_refusal
bt_30k_train_001797,unsafe,hard_refusal > unsafe_compliance,baseline_refusal
bt_30k_train_001800,unsafe,hard_refusal > unsafe_compliance,baseline_refusal
bt_30k_train_001801,unsafe,hard_refusal > unsafe_compliance,baseline_refusal
bt_30k_train_001811,unsafe,hard_refusal > unsafe_compliance,baseline_refusal
bt_30k_train_001819,unsafe,hard_refusal > unsafe_compliance,baseline_refusal
bt_30k_train_001841,unsafe,hard_refusal > unsafe_compliance,baseline_refusal
bt_30k_train_001847,unsafe,hard_refusal > unsafe_compliance,baseline_refusal
bt_30k_train_001850,unsafe,hard_refusal > unsafe_compliance,baseline_refusal
bt_30k_train_001855,unsafe,hard_refusal > unsafe_compliance,baseline_refusal
bt_30k_train_001867,unsafe,hard_refusal > unsafe_compliance,baseline_refusal
bt_30k_train_001874,unsafe,hard_refusal > unsafe_compliance,baseline_refusal
bt_30k_train_001878,unsafe,hard_refusal > unsafe_compliance,baseline_refusal
bt_30k_train_001884,unsafe,hard_refusal > unsafe_compliance,baseline_refusal
bt_30k_train_001887,unsafe,hard_refusal > unsafe_compliance,baseline_refusal
bt_30k_train_001892,unsafe,hard_refusal > unsafe_compliance,baseline_refusal
bt_30k_train_001895,unsafe,hard_refusal > unsafe_compliance,baseline_refusal
bt_30k_train_001901,unsafe,hard_refusal > unsafe_compliance,baseline_refusal
bt_30k_train_001906,unsafe,hard_refusal > unsafe_compliance,baseline_refusal
bt_30k_train_001908,unsafe,hard_refusal > unsafe_compliance,baseline_refusal
bt_30k_train_001915,unsafe,hard_refusal > unsafe_compliance,baseline_refusal
bt_30k_train_001918,unsafe,hard_refusal > unsafe_compliance,baseline_refusal
bt_30k_train_001921,unsafe,hard_refusal > unsafe_compliance,baseline_refusal
bt_30k_train_001930,unsafe,hard_refusal > unsafe_compliance,baseline_refusal
bt_30k_train_001931,unsafe,hard_refusal > unsafe_compliance,baseline_refusal
bt_30k_train_001935,unsafe,hard_refusal > unsafe_compliance,baseline_refusal
bt_30k_train_001940,unsafe,hard_refusal > unsafe_compliance,baseline_refusal
bt_30k_train_001946,unsafe,hard_refusal > unsafe_compliance,baseline_refusal
bt_30k_train_001953,unsafe,hard_refusal > unsafe_compliance,baseline_refusal
bt_30k_train_001955,unsafe,hard_refusal > unsafe_compliance,baseline_refusal
bt_30k_train_001968,unsafe,hard_refusal > unsafe_compliance,baseline_refusal
bt_30k_train_001974,unsafe,hard_refusal > unsafe_compliance,baseline_refusal
bt_30k_train_001983,unsafe,hard_refusal > unsafe_compliance,baseline_refusal
bt_30k_train_001994,unsafe,hard_refusal > unsafe_compliance,baseline_refusal
bt_30k_train_001996,unsafe,hard_refusal > unsafe_compliance,baseline_refusal
bt_30k_train_002012,unsafe,hard_refusal > unsafe_compliance,baseline_refusal
bt_30k_train_002014,unsafe,hard_refusal > unsafe_compliance,baseline_refusal
bt_30k_train_002018,unsafe,hard_refusal > unsafe_compliance,baseline_refusal
bt_30k_train_002028,unsafe,hard_refusal > unsafe_compliance,baseline_refusal
bt_30k_train_002045,unsafe,hard_refusal > unsafe_compliance,baseline_refusal
bt_30k_train_002064,unsafe,hard_refusal > unsafe_compliance,baseline_refusal
bt_30k_train_002076,unsafe,hard_refusal > unsafe_compliance,baseline_refusal
bt_30k_train_002083,unsafe,hard_refusal > unsafe_compliance,baseline_refusal
bt_30k_train_002101,unsafe,hard_refusal > unsafe_compliance,baseline_refusal
bt_30k_train_002104,unsafe,hard_refusal > unsafe_compliance,baseline_refusal
bt_30k_train_002107,unsafe,hard_refusal > unsafe_compliance,baseline_refusal
bt_30k_train_002115,unsafe,hard_refusal > unsafe_compliance,baseline_refusal
bt_30k_train_002118,unsafe,hard_refusal > unsafe_compliance,baseline_refusal
bt_30k_train_002134,unsafe,hard_refusal > unsafe_compliance,baseline_refusal
bt_30k_train_002148,unsafe,hard_refusal > unsafe_compliance,baseline_refusal
bt_30k_train_002154,unsafe,hard_refusal > unsafe_compliance,baseline_refusal
bt_30k_train_002162,unsafe,hard_refusal > unsafe_compliance,baseline_refusal
bt_30k_train_002172,unsafe,hard_refusal > unsafe_compliance,baseline_refusal
bt_30k_train_002178,unsafe,hard_refusal > unsafe_compliance,baseline_refusal
bt_30k_train_002180,unsafe,hard_refusal > unsafe_compliance,baseline_refusal
bt_30k_train_002187,unsafe,hard_refusal > unsafe_compliance,baseline_refusal
bt_30k_train_002190,unsafe,hard_refusal > unsafe_compliance,baseline_refusal
bt_30k_train_002196,unsafe,hard_refusal > unsafe_compliance,baseline_refusal
bt_30k_train_002197,unsafe,hard_refusal > unsafe_compliance,baseline_refusal
bt_30k_train_002235,unsafe,hard_refusal > unsafe_compliance,baseline_refusal
bt_30k_train_002237,unsafe,hard_refusal > unsafe_compliance,baseline_refusal
bt_30k_train_002239,unsafe,hard_refusal > unsafe_compliance,baseline_refusal
bt_30k_train_002242,unsafe,hard_refusal > unsafe_compliance,baseline_refusal
bt_30k_train_002247,unsafe,hard_refusal > unsafe_compliance,baseline_refusal
bt_30k_train_002251,unsafe,hard_refusal > unsafe_compliance,baseline_refusal
bt_30k_train_002259,unsafe,hard_refusal > unsafe_compliance,baseline_refusal
bt_30k_train_002271,unsafe,hard_refusal > unsafe_compliance,baseline_refusal
bt_30k_train_002275,unsafe,hard_refusal > unsafe_compliance,baseline_refusal
bt_30k_train_002276,unsafe,hard_refusal > unsafe_compliance,baseline_refusal
bt_30k_train_002281,unsafe,hard_refusal > unsafe_compliance,baseline_refusal
bt_30k_train_002292,unsafe,hard_refusal > unsafe_compliance,baseline_refusal
bt_30k_train_002294,unsafe,hard_refusal > unsafe_compliance,baseline_refusal
bt_30k_train_002303,unsafe,hard_refusal > unsafe_compliance,baseline_refusal
bt_30k_train_002306,unsafe,hard_refusal > unsafe_compliance,baseline_refusal
bt_30k_train_002308,unsafe,hard_refusal > unsafe_compliance,baseline_refusal
bt_30k_train_002323,unsafe,hard_refusal > unsafe_compliance,baseline_refusal
bt_30k_train_002328,unsafe,hard_refusal > unsafe_compliance,baseline_refusal
bt_30k_train_002332,unsafe,hard_refusal > unsafe_compliance,baseline_refusal
bt_30k_train_002335,unsafe,hard_refusal > unsafe_compliance,baseline_refusal
bt_30k_train_002337,unsafe,hard_refusal > unsafe_compliance,baseline_refusal
bt_30k_train_002342,unsafe,hard_refusal > unsafe_compliance,baseline_refusal
bt_30k_train_002354,unsafe,hard_refusal > unsafe_compliance,baseline_refusal
bt_30k_train_002362,unsafe,hard_refusal > unsafe_compliance,baseline_refusal
bt_30k_train_002367,unsafe,hard_refusal > unsafe_compliance,baseline_refusal
bt_30k_train_002368,unsafe,hard_refusal > unsafe_compliance,baseline_refusal
bt_30k_train_002375,unsafe,hard_refusal > unsafe_compliance,baseline_refusal
bt_30k_train_002376,unsafe,hard_refusal > unsafe_compliance,baseline_refusal
bt_30k_train_002391,unsafe,hard_refusal > unsafe_compliance,baseline_refusal
bt_30k_train_002392,unsafe,hard_refusal > unsafe_compliance,baseline_refusal
bt_30k_train_002395,unsafe,hard_refusal > unsafe_compliance,baseline_refusal
bt_30k_train_002401,unsafe,hard_refusal > unsafe_compliance,baseline_refusal
bt_30k_train_002411,unsafe,hard_refusal > unsafe_compliance,baseline_refusal
bt_30k_train_002414,unsafe,hard_refusal > unsafe_compliance,baseline_refusal
bt_30k_train_002426,unsafe,hard_refusal > unsafe_compliance,baseline_refusal
bt_30k_train_002429,unsafe,hard_refusal > unsafe_compliance,baseline_refusal
bt_30k_train_002432,unsafe,hard_refusal > unsafe_compliance,baseline_refusal
bt_30k_train_002443,unsafe,hard_refusal > unsafe_compliance,baseline_refusal
bt_30k_train_002448,unsafe,hard_refusal > unsafe_compliance,baseline_refusal
bt_30k_train_002449,unsafe,hard_refusal > unsafe_compliance,baseline_refusal
bt_30k_train_002450,unsafe,hard_refusal > unsafe_compliance,baseline_refusal
bt_30k_train_002452,unsafe,hard_refusal > unsafe_compliance,baseline_refusal
bt_30k_train_002471,unsafe,hard_refusal > unsafe_compliance,baseline_refusal
bt_30k_train_002472,unsafe,hard_refusal > unsafe_compliance,baseline_refusal
bt_30k_train_002518,unsafe,hard_refusal > unsafe_compliance,baseline_refusal
bt_30k_train_002522,unsafe,hard_refusal > unsafe_compliance,baseline_refusal
bt_30k_train_002529,unsafe,hard_refusal > unsafe_compliance,baseline_refusal
bt_30k_train_002531,unsafe,hard_refusal > unsafe_compliance,baseline_refusal
bt_30k_train_002533,unsafe,hard_refusal > unsafe_compliance,baseline_refusal
bt_30k_train_002541,unsafe,hard_refusal > unsafe_compliance,baseline_refusal
bt_30k_train_002545,unsafe,hard_refusal > unsafe_compliance,baseline_refusal
bt_30k_train_002572,unsafe,hard_refusal > unsafe_compliance,baseline_refusal
bt_30k_train_002576,unsafe,hard_refusal > unsafe_compliance,baseline_refusal
bt_30k_train_002589,unsafe,hard_refusal > unsafe_compliance,baseline_refusal
bt_30k_train_002613,unsafe,hard_refusal > unsafe_compliance,baseline_refusal
bt_30k_train_002623,unsafe,hard_refusal > unsafe_compliance,baseline_refusal
bt_30k_train_002624,unsafe,hard_refusal > unsafe_compliance,baseline_refusal
bt_30k_train_002630,unsafe,hard_refusal > unsafe_compliance,baseline_refusal
bt_30k_train_002637,unsafe,hard_refusal > unsafe_compliance,baseline_refusal
bt_30k_train_002639,unsafe,hard_refusal > unsafe_compliance,baseline_refusal
bt_30k_train_002659,unsafe,hard_refusal > unsafe_compliance,baseline_refusal
bt_30k_train_002660,unsafe,hard_refusal > unsafe_compliance,baseline_refusal
bt_30k_train_002666,unsafe,hard_refusal > unsafe_compliance,baseline_refusal
bt_30k_train_002668,unsafe,hard_refusal > unsafe_compliance,baseline_refusal
bt_30k_train_002676,unsafe,hard_refusal > unsafe_compliance,baseline_refusal
bt_30k_train_002680,unsafe,hard_refusal > unsafe_compliance,baseline_refusal
bt_30k_train_002690,unsafe,hard_refusal > unsafe_compliance,baseline_refusal
bt_30k_train_002698,unsafe,hard_refusal > unsafe_compliance,baseline_refusal
bt_30k_train_002703,unsafe,hard_refusal > unsafe_compliance,baseline_refusal
bt_30k_train_002719,unsafe,hard_refusal > unsafe_compliance,baseline_refusal
bt_30k_train_002722,unsafe,hard_refusal > unsafe_compliance,baseline_refusal
bt_30k_train_002732,unsafe,hard_refusal > unsafe_compliance,baseline_refusal
bt_30k_train_002741,unsafe,hard_refusal > unsafe_compliance,baseline_refusal
bt_30k_train_002746,unsafe,hard_refusal > unsafe_compliance,baseline_refusal
bt_30k_train_002751,unsafe,hard_refusal > unsafe_compliance,baseline_refusal
bt_30k_train_002757,unsafe,hard_refusal > unsafe_compliance,baseline_refusal
bt_30k_train_002771,unsafe,hard_refusal > unsafe_compliance,baseline_refusal
bt_30k_train_002776,unsafe,hard_refusal > unsafe_compliance,baseline_refusal
bt_30k_train_002785,unsafe,hard_refusal > unsafe_compliance,baseline_refusal
bt_30k_train_002788,unsafe,hard_refusal > unsafe_compliance,baseline_refusal
bt_30k_train_002790,unsafe,hard_refusal > unsafe_compliance,baseline_refusal
bt_30k_train_002792,unsafe,hard_refusal > unsafe_compliance,baseline_refusal
bt_30k_train_002797,unsafe,hard_refusal > unsafe_compliance,baseline_refusal
bt_30k_train_002798,unsafe,hard_refusal > unsafe_compliance,baseline_refusal
bt_30k_train_002803,unsafe,hard_refusal > unsafe_compliance,baseline_refusal
bt_30k_train_002810,unsafe,hard_refusal > unsafe_compliance,baseline_refusal
bt_30k_train_002811,unsafe,hard_refusal > unsafe_compliance,baseline_refusal
bt_30k_train_002814,unsafe,hard_refusal > unsafe_compliance,baseline_refusal
bt_30k_train_002815,unsafe,hard_refusal > unsafe_compliance,baseline_refusal
bt_30k_train_002837,unsafe,hard_refusal > unsafe_compliance,baseline_refusal
bt_30k_train_002845,unsafe,hard_refusal > unsafe_compliance,baseline_refusal
bt_30k_train_002846,unsafe,hard_refusal > unsafe_compliance,baseline_refusal
bt_30k_train_002873,unsafe,hard_refusal > unsafe_compliance,baseline_refusal
bt_30k_train_002875,unsafe,hard_refusal > unsafe_compliance,baseline_refusal
bt_30k_train_002908,unsafe,hard_refusal > unsafe_compliance,baseline_refusal
bt_30k_train_002915,unsafe,hard_refusal > unsafe_compliance,baseline_refusal
bt_30k_train_002919,unsafe,hard_refusal > unsafe_compliance,baseline_refusal
bt_30k_train_002929,unsafe,hard_refusal > unsafe_compliance,baseline_refusal
bt_30k_train_002936,unsafe,hard_refusal > unsafe_compliance,baseline_refusal
bt_30k_train_002941,unsafe,hard_refusal > unsafe_compliance,baseline_refusal
bt_30k_train_002947,unsafe,hard_refusal > unsafe_compliance,baseline_refusal
bt_30k_train_002955,unsafe,hard_refusal > unsafe_compliance,baseline_refusal
bt_30k_train_002957,unsafe,hard_refusal > unsafe_compliance,baseline_refusal
bt_30k_train_002966,unsafe,hard_refusal > unsafe_compliance,baseline_refusal
bt_30k_train_002967,unsafe,hard_refusal > unsafe_compliance,baseline_refusal
bt_30k_train_002971,unsafe,hard_refusal > unsafe_compliance,baseline_refusal
bt_30k_train_002975,unsafe,hard_refusal > unsafe_compliance,baseline_refusal
bt_30k_train_002989,unsafe,hard_refusal > unsafe_compliance,baseline_refusal
bt_30k_train_002999,unsafe,hard_refusal > unsafe_compliance,baseline_refusal
bt_30k_train_003021,unsafe,hard_refusal > unsafe_compliance,baseline_refusal
bt_30k_train_003022,unsafe,hard_refusal > unsafe_compliance,baseline_refusal
bt_30k_train_003041,unsafe,hard_refusal > unsafe_compliance,baseline_refusal
bt_30k_train_003046,unsafe,hard_refusal > unsafe_compliance,baseline_refusal
bt_30k_train_003051,unsafe,hard_refusal > unsafe_compliance,baseline_refusal
bt_30k_train_003073,unsafe,hard_refusal > unsafe_compliance,baseline_refusal
bt_30k_train_003076,unsafe,hard_refusal > unsafe_compliance,baseline_refusal
bt_30k_train_003081,unsafe,hard_refusal > unsafe_compliance,baseline_refusal
bt_30k_train_003089,unsafe,hard_refusal > unsafe_compliance,baseline_refusal
bt_30k_train_003091,unsafe,hard_refusal > unsafe_compliance,baseline_refusal
bt_30k_train_003106,unsafe,hard_refusal > unsafe_compliance,baseline_refusal
bt_30k_train_003116,unsafe,hard_refusal > unsafe_compliance,baseline_refusal
bt_30k_train_003126,unsafe,hard_refusal > unsafe_compliance,baseline_refusal
bt_30k_train_003143,unsafe,hard_refusal > unsafe_compliance,baseline_refusal
bt_30k_train_003147,unsafe,hard_refusal > unsafe_compliance,baseline_refusal
bt_30k_train_003150,unsafe,hard_refusal > unsafe_compliance,baseline_refusal
bt_30k_train_003153,unsafe,hard_refusal > unsafe_compliance,baseline_refusal
bt_30k_train_003159,unsafe,hard_refusal > unsafe_compliance,baseline_refusal
bt_30k_train_003161,unsafe,hard_refusal > unsafe_compliance,baseline_refusal
bt_30k_train_003180,unsafe,hard_refusal > unsafe_compliance,baseline_refusal
bt_30k_train_003188,unsafe,hard_refusal > unsafe_compliance,baseline_refusal
bt_30k_train_003194,unsafe,hard_refusal > unsafe_compliance,baseline_refusal
bt_30k_train_003195,unsafe,hard_refusal > unsafe_compliance,baseline_refusal
bt_30k_train_003197,unsafe,hard_refusal > unsafe_compliance,baseline_refusal
bt_30k_train_003210,unsafe,hard_refusal > unsafe_compliance,baseline_refusal
bt_30k_train_003216,unsafe,hard_refusal > unsafe_compliance,baseline_refusal
bt_30k_train_003229,unsafe,hard_refusal > unsafe_compliance,baseline_refusal
bt_30k_train_003241,unsafe,hard_refusal > unsafe_compliance,baseline_refusal
bt_30k_train_003244,unsafe,hard_refusal > unsafe_compliance,baseline_refusal
bt_30k_train_003250,unsafe,hard_refusal > unsafe_compliance,baseline_refusal
bt_30k_train_003251,unsafe,hard_refusal > unsafe_compliance,baseline_refusal
bt_30k_train_003262,unsafe,hard_refusal > unsafe_compliance,baseline_refusal
bt_30k_train_003269,unsafe,hard_refusal > unsafe_compliance,baseline_refusal
bt_30k_train_003277,unsafe,hard_refusal > unsafe_compliance,baseline_refusal
bt_30k_train_003287,unsafe,hard_refusal > unsafe_compliance,baseline_refusal
bt_30k_train_003299,unsafe,hard_refusal > unsafe_compliance,baseline_refusal
bt_30k_train_003323,unsafe,hard_refusal > unsafe_compliance,baseline_refusal
bt_30k_train_003328,unsafe,hard_refusal > unsafe_compliance,baseline_refusal
bt_30k_train_003329,unsafe,hard_refusal > unsafe_compliance,baseline_refusal
bt_30k_train_003335,unsafe,hard_refusal > unsafe_compliance,baseline_refusal
bt_30k_train_003354,unsafe,hard_refusal > unsafe_compliance,baseline_refusal
bt_30k_train_003365,unsafe,hard_refusal > unsafe_compliance,baseline_refusal
bt_30k_train_003377,unsafe,hard_refusal > unsafe_compliance,baseline_refusal
bt_30k_train_003380,unsafe,hard_refusal > unsafe_compliance,baseline_refusal
bt_30k_train_003382,unsafe,hard_refusal > unsafe_compliance,baseline_refusal
bt_30k_train_003386,unsafe,hard_refusal > unsafe_compliance,baseline_refusal
bt_30k_train_003387,unsafe,hard_refusal > unsafe_compliance,baseline_refusal
bt_30k_train_003392,unsafe,hard_refusal > unsafe_compliance,baseline_refusal
bt_30k_train_003395,unsafe,hard_refusal > unsafe_compliance,baseline_refusal
bt_30k_train_003404,unsafe,hard_refusal > unsafe_compliance,baseline_refusal
bt_30k_train_003420,unsafe,hard_refusal > unsafe_compliance,baseline_refusal
bt_30k_train_003425,unsafe,hard_refusal > unsafe_compliance,baseline_refusal
bt_30k_train_003426,unsafe,hard_refusal > unsafe_compliance,baseline_refusal
bt_30k_train_003454,unsafe,hard_refusal > unsafe_compliance,baseline_refusal
bt_30k_train_003455,unsafe,hard_refusal > unsafe_compliance,baseline_refusal
bt_30k_train_003468,unsafe,hard_refusal > unsafe_compliance,baseline_refusal
bt_30k_train_003469,unsafe,hard_refusal > unsafe_compliance,baseline_refusal
bt_30k_train_003474,unsafe,hard_refusal > unsafe_compliance,baseline_refusal
bt_30k_train_003486,unsafe,hard_refusal > unsafe_compliance,baseline_refusal
bt_30k_train_003506,unsafe,hard_refusal > unsafe_compliance,baseline_refusal
bt_30k_train_003520,unsafe,hard_refusal > unsafe_compliance,baseline_refusal
bt_30k_train_003522,unsafe,hard_refusal > unsafe_compliance,baseline_refusal
bt_30k_train_003546,unsafe,hard_refusal > unsafe_compliance,baseline_refusal
bt_30k_train_003549,unsafe,hard_refusal > unsafe_compliance,baseline_refusal
bt_30k_train_003554,unsafe,hard_refusal > unsafe_compliance,baseline_refusal
bt_30k_train_003557,unsafe,hard_refusal > unsafe_compliance,baseline_refusal
bt_30k_train_003560,unsafe,hard_refusal > unsafe_compliance,baseline_refusal
bt_30k_train_003573,unsafe,hard_refusal > unsafe_compliance,baseline_refusal
bt_30k_train_003597,unsafe,hard_refusal > unsafe_compliance,baseline_refusal
bt_30k_train_003598,unsafe,hard_refusal > unsafe_compliance,baseline_refusal
bt_30k_train_003607,unsafe,hard_refusal > unsafe_compliance,baseline_refusal
bt_30k_train_003619,unsafe,hard_refusal > unsafe_compliance,baseline_refusal
bt_30k_train_003621,unsafe,hard_refusal > unsafe_compliance,baseline_refusal
bt_30k_train_003627,unsafe,hard_refusal > unsafe_compliance,baseline_refusal
bt_30k_train_003634,unsafe,hard_refusal > unsafe_compliance,baseline_refusal
bt_30k_train_003638,unsafe,hard_refusal > unsafe_compliance,baseline_refusal
bt_30k_train_003640,unsafe,hard_refusal > unsafe_compliance,baseline_refusal
bt_30k_train_003645,unsafe,hard_refusal > unsafe_compliance,baseline_refusal
bt_30k_train_003653,unsafe,hard_refusal > unsafe_compliance,baseline_refusal
bt_30k_train_003657,unsafe,hard_refusal > unsafe_compliance,baseline_refusal
bt_30k_train_003661,unsafe,hard_refusal > unsafe_compliance,baseline_refusal
bt_30k_train_003664,unsafe,hard_refusal > unsafe_compliance,baseline_refusal
bt_30k_train_003683,unsafe,hard_refusal > unsafe_compliance,baseline_refusal
bt_30k_train_003699,unsafe,hard_refusal > unsafe_compliance,baseline_refusal
bt_30k_train_003702,unsafe,hard_refusal > unsafe_compliance,baseline_refusal
bt_30k_train_003707,unsafe,hard_refusal > unsafe_compliance,baseline_refusal
bt_30k_train_003720,unsafe,hard_refusal > unsafe_compliance,baseline_refusal
bt_30k_train_003722,unsafe,hard_refusal > unsafe_compliance,baseline_refusal
bt_30k_train_003727,unsafe,hard_refusal > unsafe_compliance,baseline_refusal
bt_30k_train_003732,unsafe,hard_refusal > unsafe_compliance,baseline_refusal
bt_30k_train_003753,unsafe,hard_refusal > unsafe_compliance,baseline_refusal
bt_30k_train_003755,unsafe,hard_refusal > unsafe_compliance,baseline_refusal
bt_30k_train_003770,unsafe,hard_refusal > unsafe_compliance,baseline_refusal
bt_30k_train_003773,unsafe,hard_refusal > unsafe_compliance,baseline_refusal
bt_30k_train_003781,unsafe,hard_refusal > unsafe_compliance,baseline_refusal
bt_30k_train_003782,unsafe,hard_refusal > unsafe_compliance,baseline_refusal
bt_30k_train_003788,unsafe,hard_refusal > unsafe_compliance,baseline_refusal
bt_30k_train_003791,unsafe,hard_refusal > unsafe_compliance,baseline_refusal
bt_30k_train_003794,unsafe,hard_refusal > unsafe_compliance,baseline_refusal
bt_30k_train_003799,unsafe,hard_refusal > unsafe_compliance,baseline_refusal
bt_30k_train_003802,unsafe,hard_refusal > unsafe_compliance,baseline_refusal
bt_30k_train_003805,unsafe,hard_refusal > unsafe_compliance,baseline_refusal
bt_30k_train_003823,unsafe,hard_refusal > unsafe_compliance,baseline_refusal
bt_30k_train_003834,unsafe,hard_refusal > unsafe_compliance,baseline_refusal
bt_30k_train_003844,unsafe,hard_refusal > unsafe_compliance,baseline_refusal
bt_30k_train_003849,unsafe,hard_refusal > unsafe_compliance,baseline_refusal
bt_30k_train_003865,unsafe,hard_refusal > unsafe_compliance,baseline_refusal
bt_30k_train_003876,unsafe,hard_refusal > unsafe_compliance,baseline_refusal
bt_30k_train_003877,unsafe,hard_refusal > unsafe_compliance,baseline_refusal
bt_30k_train_003880,unsafe,hard_refusal > unsafe_compliance,baseline_refusal
bt_30k_train_003883,unsafe,hard_refusal > unsafe_compliance,baseline_refusal
bt_30k_train_003886,unsafe,hard_refusal > unsafe_compliance,baseline_refusal
bt_30k_train_003889,unsafe,hard_refusal > unsafe_compliance,baseline_refusal
bt_30k_train_003892,unsafe,hard_refusal > unsafe_compliance,baseline_refusal
bt_30k_train_003896,unsafe,hard_refusal > unsafe_compliance,baseline_refusal
bt_30k_train_003903,unsafe,hard_refusal > unsafe_compliance,baseline_refusal
bt_30k_train_003905,unsafe,hard_refusal > unsafe_compliance,baseline_refusal
bt_30k_train_003908,unsafe,hard_refusal > unsafe_compliance,baseline_refusal
bt_30k_train_003911,unsafe,hard_refusal > unsafe_compliance,baseline_refusal
bt_30k_train_003917,unsafe,hard_refusal > unsafe_compliance,baseline_refusal
bt_30k_train_003921,unsafe,hard_refusal > unsafe_compliance,baseline_refusal
bt_30k_train_003947,unsafe,hard_refusal > unsafe_compliance,baseline_refusal
bt_30k_train_003951,unsafe,hard_refusal > unsafe_compliance,baseline_refusal
bt_30k_train_003955,unsafe,hard_refusal > unsafe_compliance,baseline_refusal
bt_30k_train_003958,unsafe,hard_refusal > unsafe_compliance,baseline_refusal
bt_30k_train_003986,unsafe,hard_refusal > unsafe_compliance,baseline_refusal
bt_30k_train_003989,unsafe,hard_refusal > unsafe_compliance,baseline_refusal
bt_30k_train_003996,unsafe,hard_refusal > unsafe_compliance,baseline_refusal
bt_30k_train_003997,unsafe,hard_refusal > unsafe_compliance,baseline_refusal
bt_30k_train_004008,unsafe,hard_refusal > unsafe_compliance,baseline_refusal
bt_30k_train_004022,unsafe,hard_refusal > unsafe_compliance,baseline_refusal
bt_30k_train_004038,unsafe,hard_refusal > unsafe_compliance,baseline_refusal
bt_30k_train_004043,unsafe,hard_refusal > unsafe_compliance,baseline_refusal
bt_30k_train_004051,unsafe,hard_refusal > unsafe_compliance,baseline_refusal
bt_30k_train_004058,unsafe,hard_refusal > unsafe_compliance,baseline_refusal
bt_30k_train_004062,unsafe,hard_refusal > unsafe_compliance,baseline_refusal
bt_30k_train_004067,unsafe,hard_refusal > unsafe_compliance,baseline_refusal
bt_30k_train_004083,unsafe,hard_refusal > unsafe_compliance,baseline_refusal
bt_30k_train_004103,unsafe,hard_refusal > unsafe_compliance,baseline_refusal
bt_30k_train_004115,unsafe,hard_refusal > unsafe_compliance,baseline_refusal
bt_30k_train_004138,unsafe,hard_refusal > unsafe_compliance,baseline_refusal
bt_30k_train_004146,unsafe,hard_refusal > unsafe_compliance,baseline_refusal
bt_30k_train_004147,unsafe,hard_refusal > unsafe_compliance,baseline_refusal
bt_30k_train_004159,unsafe,hard_refusal > unsafe_compliance,baseline_refusal
bt_30k_train_004160,unsafe,hard_refusal > unsafe_compliance,baseline_refusal
bt_30k_train_004162,unsafe,hard_refusal > unsafe_compliance,baseline_refusal
bt_30k_train_004168,unsafe,hard_refusal > unsafe_compliance,baseline_refusal
bt_30k_train_004170,unsafe,hard_refusal > unsafe_compliance,baseline_refusal
bt_30k_train_004171,unsafe,hard_refusal > unsafe_compliance,baseline_refusal
bt_30k_train_004176,unsafe,hard_refusal > unsafe_compliance,baseline_refusal
bt_30k_train_004178,unsafe,hard_refusal > unsafe_compliance,baseline_refusal
bt_30k_train_004183,unsafe,hard_refusal > unsafe_compliance,baseline_refusal
bt_30k_train_004186,unsafe,hard_refusal > unsafe_compliance,baseline_refusal
bt_30k_train_004187,unsafe,hard_refusal > unsafe_compliance,baseline_refusal
bt_30k_train_004202,unsafe,hard_refusal > unsafe_compliance,baseline_refusal
bt_30k_train_004203,unsafe,hard_refusal > unsafe_compliance,baseline_refusal
bt_30k_train_004205,unsafe,hard_refusal > unsafe_compliance,baseline_refusal
bt_30k_train_004214,unsafe,hard_refusal > unsafe_compliance,baseline_refusal
bt_30k_train_004217,unsafe,hard_refusal > unsafe_compliance,baseline_refusal
bt_30k_train_004225,unsafe,hard_refusal > unsafe_compliance,baseline_refusal
bt_30k_train_004234,unsafe,hard_refusal > unsafe_compliance,baseline_refusal
bt_30k_train_004240,unsafe,hard_refusal > unsafe_compliance,baseline_refusal
bt_30k_train_004243,unsafe,hard_refusal > unsafe_compliance,baseline_refusal
bt_30k_train_004245,unsafe,hard_refusal > unsafe_compliance,baseline_refusal
bt_30k_train_004249,unsafe,hard_refusal > unsafe_compliance,baseline_refusal
bt_30k_train_004257,unsafe,hard_refusal > unsafe_compliance,baseline_refusal
bt_30k_train_004265,unsafe,hard_refusal > unsafe_compliance,baseline_refusal
bt_30k_train_004290,unsafe,hard_refusal > unsafe_compliance,baseline_refusal
bt_30k_train_004311,unsafe,hard_refusal > unsafe_compliance,baseline_refusal
bt_30k_train_004319,unsafe,hard_refusal > unsafe_compliance,baseline_refusal
bt_30k_train_004322,unsafe,hard_refusal > unsafe_compliance,baseline_refusal
bt_30k_train_004323,unsafe,hard_refusal > unsafe_compliance,baseline_refusal
bt_30k_train_004328,unsafe,hard_refusal > unsafe_compliance,baseline_refusal
bt_30k_train_004330,unsafe,hard_refusal > unsafe_compliance,baseline_refusal
bt_30k_train_004331,unsafe,hard_refusal > unsafe_compliance,baseline_refusal
bt_30k_train_004357,unsafe,hard_refusal > unsafe_compliance,baseline_refusal
bt_30k_train_004358,unsafe,hard_refusal > unsafe_compliance,baseline_refusal
bt_30k_train_004372,unsafe,hard_refusal > unsafe_compliance,baseline_refusal
bt_30k_train_004375,unsafe,hard_refusal > unsafe_compliance,baseline_refusal
bt_30k_train_004380,unsafe,hard_refusal > unsafe_compliance,baseline_refusal
bt_30k_train_004385,unsafe,hard_refusal > unsafe_compliance,baseline_refusal
bt_30k_train_004396,unsafe,hard_refusal > unsafe_compliance,baseline_refusal
bt_30k_train_004407,unsafe,hard_refusal > unsafe_compliance,baseline_refusal
bt_30k_train_004413,unsafe,hard_refusal > unsafe_compliance,baseline_refusal
bt_30k_train_004417,unsafe,hard_refusal > unsafe_compliance,baseline_refusal
bt_30k_train_004430,unsafe,hard_refusal > unsafe_compliance,baseline_refusal
bt_30k_train_004441,unsafe,hard_refusal > unsafe_compliance,baseline_refusal
bt_30k_train_004456,unsafe,hard_refusal > unsafe_compliance,baseline_refusal
bt_30k_train_004470,unsafe,hard_refusal > unsafe_compliance,baseline_refusal
bt_30k_train_004481,unsafe,hard_refusal > unsafe_compliance,baseline_refusal
bt_30k_train_004487,unsafe,hard_refusal > unsafe_compliance,baseline_refusal
bt_30k_train_004490,unsafe,hard_refusal > unsafe_compliance,baseline_refusal
bt_30k_train_004500,unsafe,hard_refusal > unsafe_compliance,baseline_refusal
bt_30k_train_004534,unsafe,hard_refusal > unsafe_compliance,baseline_refusal
bt_30k_train_004537,unsafe,hard_refusal > unsafe_compliance,baseline_refusal
bt_30k_train_004545,unsafe,hard_refusal > unsafe_compliance,baseline_refusal
bt_30k_train_004571,unsafe,hard_refusal > unsafe_compliance,baseline_refusal
bt_30k_train_004578,unsafe,hard_refusal > unsafe_compliance,baseline_refusal
bt_30k_train_004584,unsafe,hard_refusal > unsafe_compliance,baseline_refusal
bt_30k_train_004590,unsafe,hard_refusal > unsafe_compliance,baseline_refusal
bt_30k_train_004614,unsafe,hard_refusal > unsafe_compliance,baseline_refusal
bt_30k_train_004621,unsafe,hard_refusal > unsafe_compliance,baseline_refusal
bt_30k_train_004633,unsafe,hard_refusal > unsafe_compliance,baseline_refusal
bt_30k_train_004641,unsafe,hard_refusal > unsafe_compliance,baseline_refusal
bt_30k_train_004644,unsafe,hard_refusal > unsafe_compliance,baseline_refusal
bt_30k_train_004665,unsafe,hard_refusal > unsafe_compliance,baseline_refusal
bt_30k_train_004669,unsafe,hard_refusal > unsafe_compliance,baseline_refusal
bt_30k_train_004670,unsafe,hard_refusal > unsafe_compliance,baseline_refusal
bt_30k_train_004672,unsafe,hard_refusal > unsafe_compliance,baseline_refusal
bt_30k_train_004683,unsafe,hard_refusal > unsafe_compliance,baseline_refusal
bt_30k_train_004691,unsafe,hard_refusal > unsafe_compliance,baseline_refusal
bt_30k_train_004694,unsafe,hard_refusal > unsafe_compliance,baseline_refusal
bt_30k_train_004707,unsafe,hard_refusal > unsafe_compliance,baseline_refusal
bt_30k_train_004714,unsafe,hard_refusal > unsafe_compliance,baseline_refusal
bt_30k_train_004717,unsafe,hard_refusal > unsafe_compliance,baseline_refusal
bt_30k_train_004720,unsafe,hard_refusal > unsafe_compliance,baseline_refusal
bt_30k_train_004728,unsafe,hard_refusal > unsafe_compliance,baseline_refusal
bt_30k_train_004733,unsafe,hard_refusal > unsafe_compliance,baseline_refusal
bt_30k_train_004740,unsafe,hard_refusal > unsafe_compliance,baseline_refusal
bt_30k_train_004742,unsafe,hard_refusal > unsafe_compliance,baseline_refusal
bt_30k_train_004745,unsafe,hard_refusal > unsafe_compliance,baseline_refusal
bt_30k_train_004750,unsafe,hard_refusal > unsafe_compliance,baseline_refusal
bt_30k_train_004753,unsafe,hard_refusal > unsafe_compliance,baseline_refusal
bt_30k_train_004763,unsafe,hard_refusal > unsafe_compliance,baseline_refusal
bt_30k_train_004765,unsafe,hard_refusal > unsafe_compliance,baseline_refusal
bt_30k_train_004778,unsafe,hard_refusal > unsafe_compliance,baseline_refusal
bt_30k_train_004780,unsafe,hard_refusal > unsafe_compliance,baseline_refusal
bt_30k_train_004785,unsafe,hard_refusal > unsafe_compliance,baseline_refusal
bt_30k_train_004786,unsafe,hard_refusal > unsafe_compliance,baseline_refusal
bt_30k_train_004796,unsafe,hard_refusal > unsafe_compliance,baseline_refusal
bt_30k_train_004813,unsafe,hard_refusal > unsafe_compliance,baseline_refusal
bt_30k_train_004828,unsafe,hard_refusal > unsafe_compliance,baseline_refusal
bt_30k_train_004833,unsafe,hard_refusal > unsafe_compliance,baseline_refusal
bt_30k_train_004834,unsafe,hard_refusal > unsafe_compliance,baseline_refusal
bt_30k_train_004846,unsafe,hard_refusal > unsafe_compliance,baseline_refusal
bt_30k_train_004847,unsafe,hard_refusal > unsafe_compliance,baseline_refusal
bt_30k_train_004860,unsafe,hard_refusal > unsafe_compliance,baseline_refusal
bt_30k_train_004861,unsafe,hard_refusal > unsafe_compliance,baseline_refusal
bt_30k_train_004866,unsafe,hard_refusal > unsafe_compliance,baseline_refusal
bt_30k_train_004867,unsafe,hard_refusal > unsafe_compliance,baseline_refusal
bt_30k_train_004873,unsafe,hard_refusal > unsafe_compliance,baseline_refusal
bt_30k_train_004880,unsafe,hard_refusal > unsafe_compliance,baseline_refusal
bt_30k_train_004885,unsafe,hard_refusal > unsafe_compliance,baseline_refusal
bt_30k_train_004898,unsafe,hard_refusal > unsafe_compliance,baseline_refusal
bt_30k_train_004903,unsafe,hard_refusal > unsafe_compliance,baseline_refusal
bt_30k_train_004924,unsafe,hard_refusal > unsafe_compliance,baseline_refusal
bt_30k_train_004930,unsafe,hard_refusal > unsafe_compliance,baseline_refusal
bt_30k_train_004938,unsafe,hard_refusal > unsafe_compliance,baseline_refusal
bt_30k_train_004961,unsafe,hard_refusal > unsafe_compliance,baseline_refusal
bt_30k_train_004964,unsafe,hard_refusal > unsafe_compliance,baseline_refusal
bt_30k_train_004979,unsafe,hard_refusal > unsafe_compliance,baseline_refusal
bt_30k_train_004989,unsafe,hard_refusal > unsafe_compliance,baseline_refusal
bt_30k_train_004993,unsafe,hard_refusal > unsafe_compliance,baseline_refusal
bt_30k_train_005001,unsafe,hard_refusal > unsafe_compliance,baseline_refusal
bt_30k_train_005006,unsafe,hard_refusal > unsafe_compliance,baseline_refusal
bt_30k_train_005008,unsafe,hard_refusal > unsafe_compliance,baseline_refusal
bt_30k_train_005013,unsafe,hard_refusal > unsafe_compliance,baseline_refusal
bt_30k_train_005022,unsafe,hard_refusal > unsafe_compliance,baseline_refusal
bt_30k_train_005023,unsafe,hard_refusal > unsafe_compliance,baseline_refusal
bt_30k_train_005032,unsafe,hard_refusal > unsafe_compliance,baseline_refusal
bt_30k_train_005045,unsafe,hard_refusal > unsafe_compliance,baseline_refusal
bt_30k_train_005055,unsafe,hard_refusal > unsafe_compliance,baseline_refusal
bt_30k_train_005068,unsafe,hard_refusal > unsafe_compliance,baseline_refusal
bt_30k_train_005069,unsafe,hard_refusal > unsafe_compliance,baseline_refusal
bt_30k_train_005073,unsafe,hard_refusal > unsafe_compliance,baseline_refusal
bt_30k_train_005075,unsafe,hard_refusal > unsafe_compliance,baseline_refusal
bt_30k_train_005076,unsafe,hard_refusal > unsafe_compliance,baseline_refusal
bt_30k_train_005082,unsafe,hard_refusal > unsafe_compliance,baseline_refusal
bt_30k_train_005088,unsafe,hard_refusal > unsafe_compliance,baseline_refusal
bt_30k_train_005106,unsafe,hard_refusal > unsafe_compliance,baseline_refusal
bt_30k_train_005108,unsafe,hard_refusal > unsafe_compliance,baseline_refusal
bt_30k_train_005113,unsafe,hard_refusal > unsafe_compliance,baseline_refusal
bt_30k_train_005123,unsafe,hard_refusal > unsafe_compliance,baseline_refusal
bt_30k_train_005134,unsafe,hard_refusal > unsafe_compliance,baseline_refusal
bt_30k_train_005137,unsafe,hard_refusal > unsafe_compliance,baseline_refusal
bt_30k_train_005138,unsafe,hard_refusal > unsafe_compliance,baseline_refusal
bt_30k_train_005139,unsafe,hard_refusal > unsafe_compliance,baseline_refusal
bt_30k_train_005140,unsafe,hard_refusal > unsafe_compliance,baseline_refusal
bt_30k_train_005155,unsafe,hard_refusal > unsafe_compliance,baseline_refusal
bt_30k_train_005172,unsafe,hard_refusal > unsafe_compliance,baseline_refusal
bt_30k_train_005179,unsafe,hard_refusal > unsafe_compliance,baseline_refusal
bt_30k_train_005183,unsafe,hard_refusal > unsafe_compliance,baseline_refusal
bt_30k_train_005205,unsafe,hard_refusal > unsafe_compliance,baseline_refusal
bt_30k_train_005216,unsafe,hard_refusal > unsafe_compliance,baseline_refusal
bt_30k_train_005225,unsafe,hard_refusal > unsafe_compliance,baseline_refusal
bt_30k_train_005230,unsafe,hard_refusal > unsafe_compliance,baseline_refusal
bt_30k_train_005240,unsafe,hard_refusal > unsafe_compliance,baseline_refusal
bt_30k_train_005241,unsafe,hard_refusal > unsafe_compliance,baseline_refusal
bt_30k_train_005244,unsafe,hard_refusal > unsafe_compliance,baseline_refusal
bt_30k_train_005249,unsafe,hard_refusal > unsafe_compliance,baseline_refusal
bt_30k_train_005273,unsafe,hard_refusal > unsafe_compliance,baseline_refusal
bt_30k_train_005277,unsafe,hard_refusal > unsafe_compliance,baseline_refusal
bt_30k_train_005286,unsafe,hard_refusal > unsafe_compliance,baseline_refusal
bt_30k_train_005299,unsafe,hard_refusal > unsafe_compliance,baseline_refusal
bt_30k_train_005303,unsafe,hard_refusal > unsafe_compliance,baseline_refusal
bt_30k_train_005307,unsafe,hard_refusal > unsafe_compliance,baseline_refusal
bt_30k_train_005310,unsafe,hard_refusal > unsafe_compliance,baseline_refusal
bt_30k_train_005311,unsafe,hard_refusal > unsafe_compliance,baseline_refusal
bt_30k_train_005321,unsafe,hard_refusal > unsafe_compliance,baseline_refusal
bt_30k_train_005322,unsafe,hard_refusal > unsafe_compliance,baseline_refusal
bt_30k_train_005324,unsafe,hard_refusal > unsafe_compliance,baseline_refusal
bt_30k_train_005331,unsafe,hard_refusal > unsafe_compliance,baseline_refusal
bt_30k_train_005340,unsafe,hard_refusal > unsafe_compliance,baseline_refusal
bt_30k_train_005364,unsafe,hard_refusal > unsafe_compliance,baseline_refusal
bt_30k_train_005365,unsafe,hard_refusal > unsafe_compliance,baseline_refusal
bt_30k_train_005372,unsafe,hard_refusal > unsafe_compliance,baseline_refusal
bt_30k_train_005382,unsafe,hard_refusal > unsafe_compliance,baseline_refusal
bt_30k_train_005386,unsafe,hard_refusal > unsafe_compliance,baseline_refusal
bt_30k_train_005402,unsafe,hard_refusal > unsafe_compliance,baseline_refusal
bt_30k_train_005410,unsafe,hard_refusal > unsafe_compliance,baseline_refusal
bt_30k_train_005411,unsafe,hard_refusal > unsafe_compliance,baseline_refusal
bt_30k_train_005441,unsafe,hard_refusal > unsafe_compliance,baseline_refusal
bt_30k_train_005460,unsafe,hard_refusal > unsafe_compliance,baseline_refusal
bt_30k_train_005490,unsafe,hard_refusal > unsafe_compliance,baseline_refusal
bt_30k_train_005495,unsafe,hard_refusal > unsafe_compliance,baseline_refusal
bt_30k_train_005510,unsafe,hard_refusal > unsafe_compliance,baseline_refusal
bt_30k_train_005512,unsafe,hard_refusal > unsafe_compliance,baseline_refusal
bt_30k_train_005518,unsafe,hard_refusal > unsafe_compliance,baseline_refusal
bt_30k_train_005523,unsafe,hard_refusal > unsafe_compliance,baseline_refusal
bt_30k_train_005528,unsafe,hard_refusal > unsafe_compliance,baseline_refusal
bt_30k_train_005544,unsafe,hard_refusal > unsafe_compliance,baseline_refusal
bt_30k_train_005560,unsafe,hard_refusal > unsafe_compliance,baseline_refusal
bt_30k_train_005569,unsafe,hard_refusal > unsafe_compliance,baseline_refusal
bt_30k_train_005576,unsafe,hard_refusal > unsafe_compliance,baseline_refusal
bt_30k_train_005595,unsafe,hard_refusal > unsafe_compliance,baseline_refusal
bt_30k_train_005607,unsafe,hard_refusal > unsafe_compliance,baseline_refusal
bt_30k_train_005609,unsafe,hard_refusal > unsafe_compliance,baseline_refusal
bt_30k_train_005611,unsafe,hard_refusal > unsafe_compliance,baseline_refusal
bt_30k_train_005615,unsafe,hard_refusal > unsafe_compliance,baseline_refusal
bt_30k_train_005635,unsafe,hard_refusal > unsafe_compliance,baseline_refusal
bt_30k_train_005647,unsafe,hard_refusal > unsafe_compliance,baseline_refusal
bt_30k_train_005655,unsafe,hard_refusal > unsafe_compliance,baseline_refusal
bt_30k_train_005658,unsafe,hard_refusal > unsafe_compliance,baseline_refusal
bt_30k_train_005659,unsafe,hard_refusal > unsafe_compliance,baseline_refusal
bt_30k_train_005711,unsafe,hard_refusal > unsafe_compliance,baseline_refusal
bt_30k_train_005717,unsafe,hard_refusal > unsafe_compliance,baseline_refusal
bt_30k_train_005718,unsafe,hard_refusal > unsafe_compliance,baseline_refusal
bt_30k_train_005743,unsafe,hard_refusal > unsafe_compliance,baseline_refusal
bt_30k_train_005744,unsafe,hard_refusal > unsafe_compliance,baseline_refusal
bt_30k_train_005801,unsafe,hard_refusal > unsafe_compliance,baseline_refusal
bt_30k_train_005812,unsafe,hard_refusal > unsafe_compliance,baseline_refusal
bt_30k_train_005816,unsafe,hard_refusal > unsafe_compliance,baseline_refusal
bt_30k_train_005825,unsafe,hard_refusal > unsafe_compliance,baseline_refusal
bt_30k_train_005827,unsafe,hard_refusal > unsafe_compliance,baseline_refusal
bt_30k_train_005833,unsafe,hard_refusal > unsafe_compliance,baseline_refusal
bt_30k_train_005836,unsafe,hard_refusal > unsafe_compliance,baseline_refusal
bt_30k_train_005839,unsafe,hard_refusal > unsafe_compliance,baseline_refusal
bt_30k_train_005865,unsafe,hard_refusal > unsafe_compliance,baseline_refusal
bt_30k_train_005872,unsafe,hard_refusal > unsafe_compliance,baseline_refusal
bt_30k_train_005873,unsafe,hard_refusal > unsafe_compliance,baseline_refusal
bt_30k_train_005880,unsafe,hard_refusal > unsafe_compliance,baseline_refusal
bt_30k_train_005885,unsafe,hard_refusal > unsafe_compliance,baseline_refusal
bt_30k_train_005890,unsafe,hard_refusal > unsafe_compliance,baseline_refusal
bt_30k_train_005896,unsafe,hard_refusal > unsafe_compliance,baseline_refusal
bt_30k_train_005904,unsafe,hard_refusal > unsafe_compliance,baseline_refusal
bt_30k_train_005907,unsafe,hard_refusal > unsafe_compliance,baseline_refusal
bt_30k_train_005931,unsafe,hard_refusal > unsafe_compliance,baseline_refusal
bt_30k_train_005939,unsafe,hard_refusal > unsafe_compliance,baseline_refusal
bt_30k_train_005943,unsafe,hard_refusal > unsafe_compliance,baseline_refusal
bt_30k_train_005948,unsafe,hard_refusal > unsafe_compliance,baseline_refusal
bt_30k_train_005949,unsafe,hard_refusal > unsafe_compliance,baseline_refusal
bt_30k_train_005971,unsafe,hard_refusal > unsafe_compliance,baseline_refusal
bt_30k_train_005975,unsafe,hard_refusal > unsafe_compliance,baseline_refusal
bt_30k_train_005985,unsafe,hard_refusal > unsafe_compliance,baseline_refusal
bt_30k_train_006003,unsafe,hard_refusal > unsafe_compliance,baseline_refusal
bt_30k_train_006004,unsafe,hard_refusal > unsafe_compliance,baseline_refusal
bt_30k_train_006016,unsafe,hard_refusal > unsafe_compliance,baseline_refusal
bt_30k_train_006021,unsafe,hard_refusal > unsafe_compliance,baseline_refusal
bt_30k_train_006027,unsafe,hard_refusal > unsafe_compliance,baseline_refusal
bt_30k_train_006035,unsafe,hard_refusal > unsafe_compliance,baseline_refusal
bt_30k_train_006049,unsafe,hard_refusal > unsafe_compliance,baseline_refusal
bt_30k_train_006055,unsafe,hard_refusal > unsafe_compliance,baseline_refusal
bt_30k_train_006056,unsafe,hard_refusal > unsafe_compliance,baseline_refusal
bt_30k_train_006070,unsafe,hard_refusal > unsafe_compliance,baseline_refusal
bt_30k_train_006082,unsafe,hard_refusal > unsafe_compliance,baseline_refusal
bt_30k_train_006083,unsafe,hard_refusal > unsafe_compliance,baseline_refusal
bt_30k_train_006101,unsafe,hard_refusal > unsafe_compliance,baseline_refusal
bt_30k_train_006106,unsafe,hard_refusal > unsafe_compliance,baseline_refusal
bt_30k_train_006156,unsafe,hard_refusal > unsafe_compliance,baseline_refusal
bt_30k_train_006165,unsafe,hard_refusal > unsafe_compliance,baseline_refusal
bt_30k_train_006173,unsafe,hard_refusal > unsafe_compliance,baseline_refusal
bt_30k_train_006177,unsafe,hard_refusal > unsafe_compliance,baseline_refusal
bt_30k_train_006180,unsafe,hard_refusal > unsafe_compliance,baseline_refusal
bt_30k_train_006205,unsafe,hard_refusal > unsafe_compliance,baseline_refusal
bt_30k_train_006208,unsafe,hard_refusal > unsafe_compliance,baseline_refusal
bt_30k_train_006210,unsafe,hard_refusal > unsafe_compliance,baseline_refusal
bt_30k_train_006211,unsafe,hard_refusal > unsafe_compliance,baseline_refusal
bt_30k_train_006212,unsafe,hard_refusal > unsafe_compliance,baseline_refusal
bt_30k_train_006224,unsafe,hard_refusal > unsafe_compliance,baseline_refusal
bt_30k_train_006229,unsafe,hard_refusal > unsafe_compliance,baseline_refusal
bt_30k_train_006234,unsafe,hard_refusal > unsafe_compliance,baseline_refusal
bt_30k_train_006238,unsafe,hard_refusal > unsafe_compliance,baseline_refusal
bt_30k_train_006251,unsafe,hard_refusal > unsafe_compliance,baseline_refusal
bt_30k_train_006261,unsafe,hard_refusal > unsafe_compliance,baseline_refusal
bt_30k_train_006268,unsafe,hard_refusal > unsafe_compliance,baseline_refusal
bt_30k_train_006280,unsafe,hard_refusal > unsafe_compliance,baseline_refusal
bt_30k_train_006320,unsafe,hard_refusal > unsafe_compliance,baseline_refusal
bt_30k_train_006333,unsafe,hard_refusal > unsafe_compliance,baseline_refusal
bt_30k_train_006337,unsafe,hard_refusal > unsafe_compliance,baseline_refusal
bt_30k_train_006341,unsafe,hard_refusal > unsafe_compliance,baseline_refusal
bt_30k_train_006346,unsafe,hard_refusal > unsafe_compliance,baseline_refusal
bt_30k_train_006360,unsafe,hard_refusal > unsafe_compliance,baseline_refusal
bt_30k_train_006378,unsafe,hard_refusal > unsafe_compliance,baseline_refusal
bt_30k_train_006382,unsafe,hard_refusal > unsafe_compliance,baseline_refusal
bt_30k_train_006394,unsafe,hard_refusal > unsafe_compliance,baseline_refusal
bt_30k_train_006404,unsafe,hard_refusal > unsafe_compliance,baseline_refusal
bt_30k_train_006406,unsafe,hard_refusal > unsafe_compliance,baseline_refusal
bt_30k_train_006426,unsafe,hard_refusal > unsafe_compliance,baseline_refusal
bt_30k_train_006440,unsafe,hard_refusal > unsafe_compliance,baseline_refusal
bt_30k_train_006449,unsafe,hard_refusal > unsafe_compliance,baseline_refusal
bt_30k_train_006457,unsafe,hard_refusal > unsafe_compliance,baseline_refusal
bt_30k_train_006484,unsafe,hard_refusal > unsafe_compliance,baseline_refusal
bt_30k_train_006486,unsafe,hard_refusal > unsafe_compliance,baseline_refusal
bt_30k_train_006490,unsafe,hard_refusal > unsafe_compliance,baseline_refusal
bt_30k_train_006493,unsafe,hard_refusal > unsafe_compliance,baseline_refusal
bt_30k_train_006494,unsafe,hard_refusal > unsafe_compliance,baseline_refusal
bt_30k_train_006501,unsafe,hard_refusal > unsafe_compliance,baseline_refusal
bt_30k_train_006505,unsafe,hard_refusal > unsafe_compliance,baseline_refusal
bt_30k_train_006518,unsafe,hard_refusal > unsafe_compliance,baseline_refusal
bt_30k_train_006541,unsafe,hard_refusal > unsafe_compliance,baseline_refusal
bt_30k_train_006542,unsafe,hard_refusal > unsafe_compliance,baseline_refusal
bt_30k_train_006543,unsafe,hard_refusal > unsafe_compliance,baseline_refusal
bt_30k_train_006549,unsafe,hard_refusal > unsafe_compliance,baseline_refusal
bt_30k_train_006557,unsafe,hard_refusal > unsafe_compliance,baseline_refusal
bt_30k_train_006568,unsafe,hard_refusal > unsafe_compliance,baseline_refusal
bt_30k_train_006571,unsafe,hard_refusal > unsafe_compliance,baseline_refusal
bt_30k_train_006587,unsafe,hard_refusal > unsafe_compliance,baseline_refusal
bt_30k_train_006623,unsafe,hard_refusal > unsafe_compliance,baseline_refusal
bt_30k_train_006662,unsafe,hard_refusal > unsafe_compliance,baseline_refusal
bt_30k_train_006666,unsafe,hard_refusal > unsafe_compliance,baseline_refusal
bt_30k_train_006674,unsafe,hard_refusal > unsafe_compliance,baseline_refusal
bt_30k_train_006702,unsafe,hard_refusal > unsafe_compliance,baseline_refusal
bt_30k_train_006703,unsafe,hard_refusal > unsafe_compliance,baseline_refusal
bt_30k_train_006715,unsafe,hard_refusal > unsafe_compliance,baseline_refusal
bt_30k_train_006733,unsafe,hard_refusal > unsafe_compliance,baseline_refusal
bt_30k_train_006742,unsafe,hard_refusal > unsafe_compliance,baseline_refusal
bt_30k_train_006751,unsafe,hard_refusal > unsafe_compliance,baseline_refusal
bt_30k_train_006791,unsafe,hard_refusal > unsafe_compliance,baseline_refusal
bt_30k_train_006797,unsafe,hard_refusal > unsafe_compliance,baseline_refusal
bt_30k_train_006805,unsafe,hard_refusal > unsafe_compliance,baseline_refusal
bt_30k_train_006822,unsafe,hard_refusal > unsafe_compliance,baseline_refusal
bt_30k_train_006848,unsafe,hard_refusal > unsafe_compliance,baseline_refusal
bt_30k_train_006849,unsafe,hard_refusal > unsafe_compliance,baseline_refusal
bt_30k_train_006868,unsafe,hard_refusal > unsafe_compliance,baseline_refusal
bt_30k_train_006885,unsafe,hard_refusal > unsafe_compliance,baseline_refusal
bt_30k_train_006887,unsafe,hard_refusal > unsafe_compliance,baseline_refusal
bt_30k_train_006893,unsafe,hard_refusal > unsafe_compliance,baseline_refusal
bt_30k_train_006914,unsafe,hard_refusal > unsafe_compliance,baseline_refusal
bt_30k_train_006918,unsafe,hard_refusal > unsafe_compliance,baseline_refusal
bt_30k_train_006931,unsafe,hard_refusal > unsafe_compliance,baseline_refusal
bt_30k_train_006984,unsafe,hard_refusal > unsafe_compliance,baseline_refusal
bt_30k_train_006989,unsafe,hard_refusal > unsafe_compliance,baseline_refusal
bt_30k_train_006996,unsafe,hard_refusal > unsafe_compliance,baseline_refusal
bt_30k_train_007007,unsafe,hard_refusal > unsafe_compliance,baseline_refusal
bt_30k_train_007020,unsafe,hard_refusal > unsafe_compliance,baseline_refusal
bt_30k_train_007047,unsafe,hard_refusal > unsafe_compliance,baseline_refusal
bt_30k_train_007088,unsafe,hard_refusal > unsafe_compliance,baseline_refusal
bt_30k_train_007091,unsafe,hard_refusal > unsafe_compliance,baseline_refusal
bt_30k_train_007094,unsafe,hard_refusal > unsafe_compliance,baseline_refusal
bt_30k_train_007097,unsafe,hard_refusal > unsafe_compliance,baseline_refusal
bt_30k_train_007106,unsafe,hard_refusal > unsafe_compliance,baseline_refusal
bt_30k_train_007125,unsafe,hard_refusal > unsafe_compliance,baseline_refusal
bt_30k_train_007132,unsafe,hard_refusal > unsafe_compliance,baseline_refusal
bt_30k_train_007140,unsafe,hard_refusal > unsafe_compliance,baseline_refusal
bt_30k_train_007149,unsafe,hard_refusal > unsafe_compliance,baseline_refusal
bt_30k_train_007165,unsafe,hard_refusal > unsafe_compliance,baseline_refusal
bt_30k_train_007168,unsafe,hard_refusal > unsafe_compliance,baseline_refusal
bt_30k_train_007178,unsafe,hard_refusal > unsafe_compliance,baseline_refusal
bt_30k_train_007180,unsafe,hard_refusal > unsafe_compliance,baseline_refusal
bt_30k_train_007183,unsafe,hard_refusal > unsafe_compliance,baseline_refusal
bt_30k_train_007184,unsafe,hard_refusal > unsafe_compliance,baseline_refusal
bt_30k_train_007196,unsafe,hard_refusal > unsafe_compliance,baseline_refusal
bt_30k_train_007197,unsafe,hard_refusal > unsafe_compliance,baseline_refusal
bt_30k_train_007199,unsafe,hard_refusal > unsafe_compliance,baseline_refusal
bt_30k_train_007200,unsafe,hard_refusal > unsafe_compliance,baseline_refusal
bt_30k_train_007212,unsafe,hard_refusal > unsafe_compliance,baseline_refusal
bt_30k_train_007213,unsafe,hard_refusal > unsafe_compliance,baseline_refusal
bt_30k_train_007222,unsafe,hard_refusal > unsafe_compliance,baseline_refusal
bt_30k_train_007224,unsafe,hard_refusal > unsafe_compliance,baseline_refusal
bt_30k_train_007236,unsafe,hard_refusal > unsafe_compliance,baseline_refusal
bt_30k_train_007252,unsafe,hard_refusal > unsafe_compliance,baseline_refusal
bt_30k_train_007255,unsafe,hard_refusal > unsafe_compliance,baseline_refusal
bt_30k_train_007256,unsafe,hard_refusal > unsafe_compliance,baseline_refusal
bt_30k_train_007257,unsafe,hard_refusal > unsafe_compliance,baseline_refusal
bt_30k_train_007287,unsafe,hard_refusal > unsafe_compliance,baseline_refusal
bt_30k_train_007299,unsafe,hard_refusal > unsafe_compliance,baseline_refusal
bt_30k_train_007305,unsafe,hard_refusal > unsafe_compliance,baseline_refusal
bt_30k_train_007306,unsafe,hard_refusal > unsafe_compliance,baseline_refusal
bt_30k_train_007307,unsafe,hard_refusal > unsafe_compliance,baseline_refusal
bt_30k_train_007318,unsafe,hard_refusal > unsafe_compliance,baseline_refusal
bt_30k_train_007325,unsafe,hard_refusal > unsafe_compliance,baseline_refusal
bt_30k_train_007336,unsafe,hard_refusal > unsafe_compliance,baseline_refusal
bt_30k_train_007340,unsafe,hard_refusal > unsafe_compliance,baseline_refusal
bt_30k_train_007341,unsafe,hard_refusal > unsafe_compliance,baseline_refusal
bt_30k_train_007343,unsafe,hard_refusal > unsafe_compliance,baseline_refusal
bt_30k_train_007359,unsafe,hard_refusal > unsafe_compliance,baseline_refusal
bt_30k_train_007361,unsafe,hard_refusal > unsafe_compliance,baseline_refusal
bt_30k_train_007373,unsafe,hard_refusal > unsafe_compliance,baseline_refusal
bt_30k_train_007377,unsafe,hard_refusal > unsafe_compliance,baseline_refusal
bt_30k_train_007380,unsafe,hard_refusal > unsafe_compliance,baseline_refusal
bt_30k_train_007384,unsafe,hard_refusal > unsafe_compliance,baseline_refusal
bt_30k_train_007389,unsafe,hard_refusal > unsafe_compliance,baseline_refusal
bt_30k_train_007418,unsafe,hard_refusal > unsafe_compliance,baseline_refusal
bt_30k_train_007425,unsafe,hard_refusal > unsafe_compliance,baseline_refusal
bt_30k_train_007427,unsafe,hard_refusal > unsafe_compliance,baseline_refusal
bt_30k_train_007432,unsafe,hard_refusal > unsafe_compliance,baseline_refusal
bt_30k_train_007433,unsafe,hard_refusal > unsafe_compliance,baseline_refusal
bt_30k_train_007445,unsafe,hard_refusal > unsafe_compliance,baseline_refusal
bt_30k_train_007473,unsafe,hard_refusal > unsafe_compliance,baseline_refusal
bt_30k_train_007481,unsafe,hard_refusal > unsafe_compliance,baseline_refusal
bt_30k_train_007491,unsafe,hard_refusal > unsafe_compliance,baseline_refusal
bt_30k_train_007501,unsafe,hard_refusal > unsafe_compliance,baseline_refusal
bt_30k_train_007511,unsafe,hard_refusal > unsafe_compliance,baseline_refusal
bt_30k_train_007516,unsafe,hard_refusal > unsafe_compliance,baseline_refusal
bt_30k_train_007534,unsafe,hard_refusal > unsafe_compliance,baseline_refusal
bt_30k_train_007545,unsafe,hard_refusal > unsafe_compliance,baseline_refusal
bt_30k_train_007571,unsafe,hard_refusal > unsafe_compliance,baseline_refusal
bt_30k_train_007572,unsafe,hard_refusal > unsafe_compliance,baseline_refusal
bt_30k_train_007576,unsafe,hard_refusal > unsafe_compliance,baseline_refusal
bt_30k_train_007582,unsafe,hard_refusal > unsafe_compliance,baseline_refusal
bt_30k_train_007590,unsafe,hard_refusal > unsafe_compliance,baseline_refusal
bt_30k_train_007602,unsafe,hard_refusal > unsafe_compliance,baseline_refusal
bt_30k_train_007614,unsafe,hard_refusal > unsafe_compliance,baseline_refusal
bt_30k_train_007627,unsafe,hard_refusal > unsafe_compliance,baseline_refusal
bt_30k_train_007636,unsafe,hard_refusal > unsafe_compliance,baseline_refusal
bt_30k_train_007639,unsafe,hard_refusal > unsafe_compliance,baseline_refusal
bt_30k_train_007649,unsafe,hard_refusal > unsafe_compliance,baseline_refusal
bt_30k_train_007684,unsafe,hard_refusal > unsafe_compliance,baseline_refusal
bt_30k_train_007686,unsafe,hard_refusal > unsafe_compliance,baseline_refusal
bt_30k_train_007694,unsafe,hard_refusal > unsafe_compliance,baseline_refusal
bt_30k_train_007702,unsafe,hard_refusal > unsafe_compliance,baseline_refusal
bt_30k_train_007712,unsafe,hard_refusal > unsafe_compliance,baseline_refusal
bt_30k_train_007721,unsafe,hard_refusal > unsafe_compliance,baseline_refusal
bt_30k_train_007725,unsafe,hard_refusal > unsafe_compliance,baseline_refusal
bt_30k_train_007742,unsafe,hard_refusal > unsafe_compliance,baseline_refusal
bt_30k_train_007747,unsafe,hard_refusal > unsafe_compliance,baseline_refusal
bt_30k_train_007770,unsafe,hard_refusal > unsafe_compliance,baseline_refusal
bt_30k_train_007782,unsafe,hard_refusal > unsafe_compliance,baseline_refusal
bt_30k_train_007796,unsafe,hard_refusal > unsafe_compliance,baseline_refusal
bt_30k_train_007797,unsafe,hard_refusal > unsafe_compliance,baseline_refusal
bt_30k_train_007800,unsafe,hard_refusal > unsafe_compliance,baseline_refusal
bt_30k_train_007806,unsafe,hard_refusal > unsafe_compliance,baseline_refusal
bt_30k_train_007807,unsafe,hard_refusal > unsafe_compliance,baseline_refusal
bt_30k_train_007833,unsafe,hard_refusal > unsafe_compliance,baseline_refusal
bt_30k_train_007844,unsafe,hard_refusal > unsafe_compliance,baseline_refusal
bt_30k_train_007866,unsafe,hard_refusal > unsafe_compliance,baseline_refusal
bt_30k_train_007900,unsafe,hard_refusal > unsafe_compliance,baseline_refusal
bt_30k_train_007905,unsafe,hard_refusal > unsafe_compliance,baseline_refusal
bt_30k_train_007975,unsafe,hard_refusal > unsafe_compliance,baseline_refusal
bt_30k_train_007979,unsafe,hard_refusal > unsafe_compliance,baseline_refusal
bt_30k_train_007980,unsafe,hard_refusal > unsafe_compliance,baseline_refusal
bt_30k_train_007984,unsafe,hard_refusal > unsafe_compliance,baseline_refusal
bt_30k_train_007987,unsafe,hard_refusal > unsafe_compliance,baseline_refusal
bt_30k_train_008008,unsafe,hard_refusal > unsafe_compliance,baseline_refusal
bt_30k_train_008015,unsafe,hard_refusal > unsafe_compliance,baseline_refusal
bt_30k_train_008019,unsafe,hard_refusal > unsafe_compliance,baseline_refusal
bt_30k_train_008028,unsafe,hard_refusal > unsafe_compliance,baseline_refusal
bt_30k_train_008038,unsafe,hard_refusal > unsafe_compliance,baseline_refusal
bt_30k_train_008064,unsafe,hard_refusal > unsafe_compliance,baseline_refusal
bt_30k_train_008070,unsafe,hard_refusal > unsafe_compliance,baseline_refusal
bt_30k_train_008086,unsafe,hard_refusal > unsafe_compliance,baseline_refusal
bt_30k_train_008101,unsafe,hard_refusal > unsafe_compliance,baseline_refusal
bt_30k_train_008129,unsafe,hard_refusal > unsafe_compliance,baseline_refusal
bt_30k_train_008141,unsafe,hard_refusal > unsafe_compliance,baseline_refusal
bt_30k_train_008166,unsafe,hard_refusal > unsafe_compliance,baseline_refusal
bt_30k_train_008195,unsafe,hard_refusal > unsafe_compliance,baseline_refusal
bt_30k_train_008198,unsafe,hard_refusal > unsafe_compliance,baseline_refusal
bt_30k_train_008206,unsafe,hard_refusal > unsafe_compliance,baseline_refusal
bt_30k_train_008223,unsafe,hard_refusal > unsafe_compliance,baseline_refusal
bt_30k_train_008237,unsafe,hard_refusal > unsafe_compliance,baseline_refusal
bt_30k_train_008243,unsafe,hard_refusal > unsafe_compliance,baseline_refusal
bt_30k_train_008251,unsafe,hard_refusal > unsafe_compliance,baseline_refusal
bt_30k_train_008259,unsafe,hard_refusal > unsafe_compliance,baseline_refusal
bt_30k_train_008262,unsafe,hard_refusal > unsafe_compliance,baseline_refusal
bt_30k_train_008267,unsafe,hard_refusal > unsafe_compliance,baseline_refusal
bt_30k_train_008275,unsafe,hard_refusal > unsafe_compliance,baseline_refusal
bt_30k_train_008283,unsafe,hard_refusal > unsafe_compliance,baseline_refusal
bt_30k_train_008291,unsafe,hard_refusal > unsafe_compliance,baseline_refusal
bt_30k_train_008314,unsafe,hard_refusal > unsafe_compliance,baseline_refusal
bt_30k_train_008321,unsafe,hard_refusal > unsafe_compliance,baseline_refusal
bt_30k_train_008322,unsafe,hard_refusal > unsafe_compliance,baseline_refusal
bt_30k_train_008328,unsafe,hard_refusal > unsafe_compliance,baseline_refusal
bt_30k_train_008338,unsafe,hard_refusal > unsafe_compliance,baseline_refusal
bt_30k_train_008357,unsafe,hard_refusal > unsafe_compliance,baseline_refusal
bt_30k_train_008369,unsafe,hard_refusal > unsafe_compliance,baseline_refusal
bt_30k_train_008372,unsafe,hard_refusal > unsafe_compliance,baseline_refusal
bt_30k_train_008378,unsafe,hard_refusal > unsafe_compliance,baseline_refusal
bt_30k_train_008380,unsafe,hard_refusal > unsafe_compliance,baseline_refusal
bt_30k_train_008395,unsafe,hard_refusal > unsafe_compliance,baseline_refusal
bt_30k_train_008406,unsafe,hard_refusal > unsafe_compliance,baseline_refusal
bt_30k_train_008419,unsafe,hard_refusal > unsafe_compliance,baseline_refusal
bt_30k_train_008425,unsafe,hard_refusal > unsafe_compliance,baseline_refusal
bt_30k_train_008445,unsafe,hard_refusal > unsafe_compliance,baseline_refusal
bt_30k_train_008469,unsafe,hard_refusal > unsafe_compliance,baseline_refusal
bt_30k_train_008481,unsafe,hard_refusal > unsafe_compliance,baseline_refusal
bt_30k_train_008500,unsafe,hard_refusal > unsafe_compliance,baseline_refusal
bt_30k_train_008510,unsafe,hard_refusal > unsafe_compliance,baseline_refusal
bt_30k_train_008513,unsafe,hard_refusal > unsafe_compliance,baseline_refusal
bt_30k_train_008515,unsafe,hard_refusal > unsafe_compliance,baseline_refusal
bt_30k_train_008521,unsafe,hard_refusal > unsafe_compliance,baseline_refusal
bt_30k_train_008530,unsafe,hard_refusal > unsafe_compliance,baseline_refusal
bt_30k_train_008542,unsafe,hard_refusal > unsafe_compliance,baseline_refusal
bt_30k_train_008574,unsafe,hard_refusal > unsafe_compliance,baseline_refusal
bt_30k_train_008580,unsafe,hard_refusal > unsafe_compliance,baseline_refusal
bt_30k_train_008585,unsafe,hard_refusal > unsafe_compliance,baseline_refusal
bt_30k_train_008591,unsafe,hard_refusal > unsafe_compliance,baseline_refusal
bt_30k_train_008594,unsafe,hard_refusal > unsafe_compliance,baseline_refusal
bt_30k_train_008596,unsafe,hard_refusal > unsafe_compliance,baseline_refusal
bt_30k_train_008607,unsafe,hard_refusal > unsafe_compliance,baseline_refusal
bt_30k_train_008652,unsafe,hard_refusal > unsafe_compliance,baseline_refusal
bt_30k_train_008678,unsafe,hard_refusal > unsafe_compliance,baseline_refusal
bt_30k_train_008690,unsafe,hard_refusal > unsafe_compliance,baseline_refusal
bt_30k_train_008707,unsafe,hard_refusal > unsafe_compliance,baseline_refusal
bt_30k_train_008749,unsafe,hard_refusal > unsafe_compliance,baseline_refusal
bt_30k_train_008768,unsafe,hard_refusal > unsafe_compliance,baseline_refusal
bt_30k_train_008769,unsafe,hard_refusal > unsafe_compliance,baseline_refusal
bt_30k_train_008809,unsafe,hard_refusal > unsafe_compliance,baseline_refusal
bt_30k_train_008810,unsafe,hard_refusal > unsafe_compliance,baseline_refusal
bt_30k_train_008822,unsafe,hard_refusal > unsafe_compliance,baseline_refusal
bt_30k_train_008823,unsafe,hard_refusal > unsafe_compliance,baseline_refusal
bt_30k_train_008835,unsafe,hard_refusal > unsafe_compliance,baseline_refusal
bt_30k_train_008840,unsafe,hard_refusal > unsafe_compliance,baseline_refusal
bt_30k_train_008862,unsafe,hard_refusal > unsafe_compliance,baseline_refusal
bt_30k_train_008864,unsafe,hard_refusal > unsafe_compliance,baseline_refusal
bt_30k_train_008868,unsafe,hard_refusal > unsafe_compliance,baseline_refusal
bt_30k_train_008889,unsafe,hard_refusal > unsafe_compliance,baseline_refusal
bt_30k_train_008890,unsafe,hard_refusal > unsafe_compliance,baseline_refusal
bt_30k_train_008892,unsafe,hard_refusal > unsafe_compliance,baseline_refusal
bt_30k_train_008905,unsafe,hard_refusal > unsafe_compliance,baseline_refusal
bt_30k_train_008921,unsafe,hard_refusal > unsafe_compliance,baseline_refusal
bt_30k_train_008925,unsafe,hard_refusal > unsafe_compliance,baseline_refusal
bt_30k_train_008960,unsafe,hard_refusal > unsafe_compliance,baseline_refusal
bt_30k_train_008978,unsafe,hard_refusal > unsafe_compliance,baseline_refusal
bt_30k_train_008983,unsafe,hard_refusal > unsafe_compliance,baseline_refusal
bt_30k_train_009005,unsafe,hard_refusal > unsafe_compliance,baseline_refusal
bt_30k_train_009009,unsafe,hard_refusal > unsafe_compliance,baseline_refusal
bt_30k_train_009020,unsafe,hard_refusal > unsafe_compliance,baseline_refusal
bt_30k_train_009030,unsafe,hard_refusal > unsafe_compliance,baseline_refusal
bt_30k_train_009059,unsafe,hard_refusal > unsafe_compliance,baseline_refusal
bt_30k_train_009067,unsafe,hard_refusal > unsafe_compliance,baseline_refusal
bt_30k_train_009069,unsafe,hard_refusal > unsafe_compliance,baseline_refusal
bt_30k_train_009113,unsafe,hard_refusal > unsafe_compliance,baseline_refusal
bt_30k_train_009125,unsafe,hard_refusal > unsafe_compliance,baseline_refusal
bt_30k_train_009138,unsafe,hard_refusal > unsafe_compliance,baseline_refusal
bt_30k_train_009152,unsafe,hard_refusal > unsafe_compliance,baseline_refusal
bt_30k_train_009168,unsafe,hard_refusal > unsafe_compliance,baseline_refusal
bt_30k_train_009177,unsafe,hard_refusal > unsafe_compliance,baseline_refusal
bt_30k_train_009236,unsafe,hard_refusal > unsafe_compliance,baseline_refusal
bt_30k_train_009239,unsafe,hard_refusal > unsafe_compliance,baseline_refusal
bt_30k_train_009246,unsafe,hard_refusal > unsafe_compliance,baseline_refusal
bt_30k_train_009247,unsafe,hard_refusal > unsafe_compliance,baseline_refusal
bt_30k_train_009248,unsafe,hard_refusal > unsafe_compliance,baseline_refusal
bt_30k_train_009251,unsafe,hard_refusal > unsafe_compliance,baseline_refusal
bt_30k_train_009253,unsafe,hard_refusal > unsafe_compliance,baseline_refusal
bt_30k_train_009257,unsafe,hard_refusal > unsafe_compliance,baseline_refusal
bt_30k_train_009271,unsafe,hard_refusal > unsafe_compliance,baseline_refusal
bt_30k_train_009284,unsafe,hard_refusal > unsafe_compliance,baseline_refusal
bt_30k_train_009292,unsafe,hard_refusal > unsafe_compliance,baseline_refusal
bt_30k_train_009322,unsafe,hard_refusal > unsafe_compliance,baseline_refusal
bt_30k_train_009323,unsafe,hard_refusal > unsafe_compliance,baseline_refusal
bt_30k_train_009325,unsafe,hard_refusal > unsafe_compliance,baseline_refusal
bt_30k_train_009328,unsafe,hard_refusal > unsafe_compliance,baseline_refusal
bt_30k_train_009338,unsafe,hard_refusal > unsafe_compliance,baseline_refusal
bt_30k_train_009368,unsafe,hard_refusal > unsafe_compliance,baseline_refusal
bt_30k_train_009393,unsafe,hard_refusal > unsafe_compliance,baseline_refusal
bt_30k_train_009396,unsafe,hard_refusal > unsafe_compliance,baseline_refusal
bt_30k_train_009406,unsafe,hard_refusal > unsafe_compliance,baseline_refusal
bt_30k_train_009411,unsafe,hard_refusal > unsafe_compliance,baseline_refusal
bt_30k_train_009415,unsafe,hard_refusal > unsafe_compliance,baseline_refusal
bt_30k_train_009426,unsafe,hard_refusal > unsafe_compliance,baseline_refusal
bt_30k_train_009427,unsafe,hard_refusal > unsafe_compliance,baseline_refusal
bt_30k_train_009473,unsafe,hard_refusal > unsafe_compliance,baseline_refusal
bt_30k_train_009502,unsafe,hard_refusal > unsafe_compliance,baseline_refusal
bt_30k_train_009512,unsafe,hard_refusal > unsafe_compliance,baseline_refusal
bt_30k_train_009523,unsafe,hard_refusal > unsafe_compliance,baseline_refusal
bt_30k_train_009534,unsafe,hard_refusal > unsafe_compliance,baseline_refusal
bt_30k_train_009569,unsafe,hard_refusal > unsafe_compliance,baseline_refusal
bt_30k_train_009573,unsafe,hard_refusal > unsafe_compliance,baseline_refusal
bt_30k_train_009583,unsafe,hard_refusal > unsafe_compliance,baseline_refusal
bt_30k_train_009619,unsafe,hard_refusal > unsafe_compliance,baseline_refusal
bt_30k_train_009630,unsafe,hard_refusal > unsafe_compliance,baseline_refusal
bt_30k_train_009644,unsafe,hard_refusal > unsafe_compliance,baseline_refusal
bt_30k_train_009654,unsafe,hard_refusal > unsafe_compliance,baseline_refusal
bt_30k_train_009657,unsafe,hard_refusal > unsafe_compliance,baseline_refusal
bt_30k_train_009670,unsafe,hard_refusal > unsafe_compliance,baseline_refusal
bt_30k_train_009676,unsafe,hard_refusal > unsafe_compliance,baseline_refusal
bt_30k_train_009693,unsafe,hard_refusal > unsafe_compliance,baseline_refusal
bt_30k_train_009696,unsafe,hard_refusal > unsafe_compliance,baseline_refusal
bt_30k_train_009700,unsafe,hard_refusal > unsafe_compliance,baseline_refusal
bt_30k_train_009702,unsafe,hard_refusal > unsafe_compliance,baseline_refusal
bt_30k_train_009724,unsafe,hard_refusal > unsafe_compliance,baseline_refusal
bt_30k_train_009726,unsafe,hard_refusal > unsafe_compliance,baseline_refusal
bt_30k_train_009733,unsafe,hard_refusal > unsafe_compliance,baseline_refusal
bt_30k_train_009740,unsafe,hard_refusal > unsafe_compliance,baseline_refusal
bt_30k_train_009743,unsafe,hard_refusal > unsafe_compliance,baseline_refusal
bt_30k_train_009801,unsafe,hard_refusal > unsafe_compliance,baseline_refusal
bt_30k_train_009820,unsafe,hard_refusal > unsafe_compliance,baseline_refusal
bt_30k_train_009825,unsafe,hard_refusal > unsafe_compliance,baseline_refusal
bt_30k_train_009827,unsafe,hard_refusal > unsafe_compliance,baseline_refusal
bt_30k_train_009828,unsafe,hard_refusal > unsafe_compliance,baseline_refusal
bt_30k_train_009831,unsafe,hard_refusal > unsafe_compliance,baseline_refusal
bt_30k_train_009882,unsafe,hard_refusal > unsafe_compliance,baseline_refusal
bt_30k_train_009885,unsafe,hard_refusal > unsafe_compliance,baseline_refusal
bt_30k_train_009889,unsafe,hard_refusal > unsafe_compliance,baseline_refusal
bt_30k_train_009941,unsafe,hard_refusal > unsafe_compliance,baseline_refusal
bt_30k_train_009969,unsafe,hard_refusal > unsafe_compliance,baseline_refusal
bt_30k_train_009984,unsafe,hard_refusal > unsafe_compliance,baseline_refusal
bt_30k_train_010000,unsafe,hard_refusal > unsafe_compliance,baseline_refusal
bt_30k_train_010011,unsafe,hard_refusal > unsafe_compliance,baseline_refusal
bt_30k_train_010031,unsafe,hard_refusal > unsafe_compliance,baseline_refusal
bt_30k_train_010055,unsafe,hard_refusal > unsafe_compliance,baseline_refusal
bt_30k_train_010056,unsafe,hard_refusal > unsafe_compliance,baseline_refusal
bt_30k_train_010090,unsafe,hard_refusal > unsafe_compliance,baseline_refusal
bt_30k_train_010104,unsafe,hard_refusal > unsafe_compliance,baseline_refusal
bt_30k_train_010115,unsafe,hard_refusal > unsafe_compliance,baseline_refusal
bt_30k_train_010118,unsafe,hard_refusal > unsafe_compliance,baseline_refusal
bt_30k_train_010129,unsafe,hard_refusal > unsafe_compliance,baseline_refusal
bt_30k_train_010157,unsafe,hard_refusal > unsafe_compliance,baseline_refusal
bt_30k_train_010169,unsafe,hard_refusal > unsafe_compliance,baseline_refusal
bt_30k_train_010181,unsafe,hard_refusal > unsafe_compliance,baseline_refusal
bt_30k_train_010185,unsafe,hard_refusal > unsafe_compliance,baseline_refusal
bt_30k_train_010237,unsafe,hard_refusal > unsafe_compliance,baseline_refusal
bt_30k_train_010244,unsafe,hard_refusal > unsafe_compliance,baseline_refusal
bt_30k_train_010247,unsafe,hard_refusal > unsafe_compliance,baseline_refusal
bt_30k_train_010256,unsafe,hard_refusal > unsafe_compliance,baseline_refusal
bt_30k_train_010290,unsafe,hard_refusal > unsafe_compliance,baseline_refusal
bt_30k_train_010292,unsafe,hard_refusal > unsafe_compliance,baseline_refusal
bt_30k_train_010303,unsafe,hard_refusal > unsafe_compliance,baseline_refusal
bt_30k_train_010315,unsafe,hard_refusal > unsafe_compliance,baseline_refusal
bt_30k_train_010326,unsafe,hard_refusal > unsafe_compliance,baseline_refusal
bt_30k_train_010344,unsafe,hard_refusal > unsafe_compliance,baseline_refusal
bt_30k_train_010425,unsafe,hard_refusal > unsafe_compliance,baseline_refusal
bt_30k_train_010429,unsafe,hard_refusal > unsafe_compliance,baseline_refusal
bt_30k_train_010436,unsafe,hard_refusal > unsafe_compliance,baseline_refusal
bt_30k_train_010454,unsafe,hard_refusal > unsafe_compliance,baseline_refusal
bt_30k_train_010481,unsafe,hard_refusal > unsafe_compliance,baseline_refusal
bt_30k_train_010490,unsafe,hard_refusal > unsafe_compliance,baseline_refusal
bt_30k_train_010500,unsafe,hard_refusal > unsafe_compliance,baseline_refusal
bt_30k_train_010530,unsafe,hard_refusal > unsafe_compliance,baseline_refusal
bt_30k_train_010547,unsafe,hard_refusal > unsafe_compliance,baseline_refusal
bt_30k_train_010553,unsafe,hard_refusal > unsafe_compliance,baseline_refusal
bt_30k_train_010569,unsafe,hard_refusal > unsafe_compliance,baseline_refusal
bt_30k_train_010596,unsafe,hard_refusal > unsafe_compliance,baseline_refusal
bt_30k_train_010617,unsafe,hard_refusal > unsafe_compliance,baseline_refusal
bt_30k_train_010633,unsafe,hard_refusal > unsafe_compliance,baseline_refusal
bt_30k_train_010641,unsafe,hard_refusal > unsafe_compliance,baseline_refusal
bt_30k_train_010653,unsafe,hard_refusal > unsafe_compliance,baseline_refusal
bt_30k_train_010661,unsafe,hard_refusal > unsafe_compliance,baseline_refusal
bt_30k_train_010704,unsafe,hard_refusal > unsafe_compliance,baseline_refusal
bt_30k_train_010719,unsafe,hard_refusal > unsafe_compliance,baseline_refusal
bt_30k_train_010730,unsafe,hard_refusal > unsafe_compliance,baseline_refusal
bt_30k_train_010741,unsafe,hard_refusal > unsafe_compliance,baseline_refusal
bt_30k_train_010751,unsafe,hard_refusal > unsafe_compliance,baseline_refusal
bt_30k_train_010800,unsafe,hard_refusal > unsafe_compliance,baseline_refusal
bt_30k_train_010818,unsafe,hard_refusal > unsafe_compliance,baseline_refusal
bt_30k_train_010819,unsafe,hard_refusal > unsafe_compliance,baseline_refusal
bt_30k_train_010850,unsafe,hard_refusal > unsafe_compliance,baseline_refusal
bt_30k_train_010851,unsafe,hard_refusal > unsafe_compliance,baseline_refusal
bt_30k_train_010861,unsafe,hard_refusal > unsafe_compliance,baseline_refusal
bt_30k_train_010900,unsafe,hard_refusal > unsafe_compliance,baseline_refusal
bt_30k_train_010914,unsafe,hard_refusal > unsafe_compliance,baseline_refusal
bt_30k_train_010943,unsafe,hard_refusal > unsafe_compliance,baseline_refusal
bt_30k_train_010946,unsafe,hard_refusal > unsafe_compliance,baseline_refusal
bt_30k_train_010995,unsafe,hard_refusal > unsafe_compliance,baseline_refusal
bt_30k_train_011023,unsafe,hard_refusal > unsafe_compliance,baseline_refusal
bt_30k_train_011036,unsafe,hard_refusal > unsafe_compliance,baseline_refusal
bt_30k_train_011082,unsafe,hard_refusal > unsafe_compliance,baseline_refusal
bt_30k_train_011088,unsafe,hard_refusal > unsafe_compliance,baseline_refusal
bt_30k_train_011101,unsafe,hard_refusal > unsafe_compliance,baseline_refusal
bt_30k_train_011115,unsafe,hard_refusal > unsafe_compliance,baseline_refusal
bt_30k_train_011126,unsafe,hard_refusal > unsafe_compliance,baseline_refusal
bt_30k_train_011144,unsafe,hard_refusal > unsafe_compliance,baseline_refusal
bt_30k_train_011189,unsafe,hard_refusal > unsafe_compliance,baseline_refusal
bt_30k_train_011205,unsafe,hard_refusal > unsafe_compliance,baseline_refusal
bt_30k_train_011208,unsafe,hard_refusal > unsafe_compliance,baseline_refusal
bt_30k_train_011220,unsafe,hard_refusal > unsafe_compliance,baseline_refusal
bt_30k_train_011223,unsafe,hard_refusal > unsafe_compliance,baseline_refusal
bt_30k_train_011234,unsafe,hard_refusal > unsafe_compliance,baseline_refusal
bt_30k_train_011267,unsafe,hard_refusal > unsafe_compliance,baseline_refusal
bt_30k_train_011273,unsafe,hard_refusal > unsafe_compliance,baseline_refusal
bt_30k_train_011304,unsafe,hard_refusal > unsafe_compliance,baseline_refusal
bt_30k_train_011332,unsafe,hard_refusal > unsafe_compliance,baseline_refusal
bt_30k_train_011333,unsafe,hard_refusal > unsafe_compliance,baseline_refusal
bt_30k_train_011361,unsafe,hard_refusal > unsafe_compliance,baseline_refusal
bt_30k_train_011368,unsafe,hard_refusal > unsafe_compliance,baseline_refusal
bt_30k_train_011388,unsafe,hard_refusal > unsafe_compliance,baseline_refusal
bt_30k_train_011390,unsafe,hard_refusal > unsafe_compliance,baseline_refusal
bt_30k_train_011393,unsafe,hard_refusal > unsafe_compliance,baseline_refusal
bt_30k_train_011405,unsafe,hard_refusal > unsafe_compliance,baseline_refusal
bt_30k_train_011424,unsafe,hard_refusal > unsafe_compliance,baseline_refusal
bt_30k_train_011430,unsafe,hard_refusal > unsafe_compliance,baseline_refusal
bt_30k_train_011432,unsafe,hard_refusal > unsafe_compliance,baseline_refusal
bt_30k_train_011464,unsafe,hard_refusal > unsafe_compliance,baseline_refusal
bt_30k_train_011465,unsafe,hard_refusal > unsafe_compliance,baseline_refusal
bt_30k_train_011466,unsafe,hard_refusal > unsafe_compliance,baseline_refusal
bt_30k_train_011473,unsafe,hard_refusal > unsafe_compliance,baseline_refusal
bt_30k_train_011478,unsafe,hard_refusal > unsafe_compliance,baseline_refusal
bt_30k_train_011483,unsafe,hard_refusal > unsafe_compliance,baseline_refusal
bt_30k_train_011485,unsafe,hard_refusal > unsafe_compliance,baseline_refusal
bt_30k_train_011508,unsafe,hard_refusal > unsafe_compliance,baseline_refusal
bt_30k_train_011510,unsafe,hard_refusal > unsafe_compliance,baseline_refusal
bt_30k_train_011527,unsafe,hard_refusal > unsafe_compliance,baseline_refusal
bt_30k_train_011533,unsafe,hard_refusal > unsafe_compliance,baseline_refusal
bt_30k_train_011545,unsafe,hard_refusal > unsafe_compliance,baseline_refusal
bt_30k_train_011551,unsafe,hard_refusal > unsafe_compliance,baseline_refusal
bt_30k_train_011565,unsafe,hard_refusal > unsafe_compliance,baseline_refusal
bt_30k_train_011569,unsafe,hard_refusal > unsafe_compliance,baseline_refusal
bt_30k_train_011570,unsafe,hard_refusal > unsafe_compliance,baseline_refusal
bt_30k_train_011584,unsafe,hard_refusal > unsafe_compliance,baseline_refusal
bt_30k_train_011587,unsafe,hard_refusal > unsafe_compliance,baseline_refusal
bt_30k_train_011601,unsafe,hard_refusal > unsafe_compliance,baseline_refusal
bt_30k_train_011611,unsafe,hard_refusal > unsafe_compliance,baseline_refusal
bt_30k_train_011617,unsafe,hard_refusal > unsafe_compliance,baseline_refusal
bt_30k_train_011626,unsafe,hard_refusal > unsafe_compliance,baseline_refusal
bt_30k_train_011628,unsafe,hard_refusal > unsafe_compliance,baseline_refusal
bt_30k_train_011632,unsafe,hard_refusal > unsafe_compliance,baseline_refusal
bt_30k_train_011642,unsafe,hard_refusal > unsafe_compliance,baseline_refusal
bt_30k_train_011645,unsafe,hard_refusal > unsafe_compliance,baseline_refusal
bt_30k_train_011652,unsafe,hard_refusal > unsafe_compliance,baseline_refusal
bt_30k_train_011671,unsafe,hard_refusal > unsafe_compliance,baseline_refusal
bt_30k_train_011699,unsafe,hard_refusal > unsafe_compliance,baseline_refusal
bt_30k_train_011710,unsafe,hard_refusal > unsafe_compliance,baseline_refusal
bt_30k_train_011725,unsafe,hard_refusal > unsafe_compliance,baseline_refusal
bt_30k_train_011729,unsafe,hard_refusal > unsafe_compliance,baseline_refusal
bt_30k_train_011731,unsafe,hard_refusal > unsafe_compliance,baseline_refusal
bt_30k_train_011735,unsafe,hard_refusal > unsafe_compliance,baseline_refusal
bt_30k_train_011753,unsafe,hard_refusal > unsafe_compliance,baseline_refusal
bt_30k_train_011771,unsafe,hard_refusal > unsafe_compliance,baseline_refusal
bt_30k_train_011780,unsafe,hard_refusal > unsafe_compliance,baseline_refusal
bt_30k_train_011790,unsafe,hard_refusal > unsafe_compliance,baseline_refusal
bt_30k_train_011797,unsafe,hard_refusal > unsafe_compliance,baseline_refusal
bt_30k_train_011798,unsafe,hard_refusal > unsafe_compliance,baseline_refusal
bt_30k_train_011817,unsafe,hard_refusal > unsafe_compliance,baseline_refusal
bt_30k_train_011845,unsafe,hard_refusal > unsafe_compliance,baseline_refusal
bt_30k_train_011878,unsafe,hard_refusal > unsafe_compliance,baseline_refusal
bt_30k_train_011916,unsafe,hard_refusal > unsafe_compliance,baseline_refusal
bt_30k_train_011926,unsafe,hard_refusal > unsafe_compliance,baseline_refusal
bt_30k_train_011962,unsafe,hard_refusal > unsafe_compliance,baseline_refusal
bt_30k_train_011965,unsafe,hard_refusal > unsafe_compliance,baseline_refusal
bt_30k_train_011982,unsafe,hard_refusal > unsafe_compliance,baseline_refusal
bt_30k_train_011984,unsafe,hard_refusal > unsafe_compliance,baseline_refusal
bt_30k_train_011989,unsafe,hard_refusal > unsafe_compliance,baseline_refusal
bt_30k_train_011990,unsafe,hard_refusal > unsafe_compliance,baseline_refusal
bt_30k_train_012011,unsafe,hard_refusal > unsafe_compliance,baseline_refusal
bt_30k_train_012017,unsafe,hard_refusal > unsafe_compliance,baseline_refusal
bt_30k_train_012019,unsafe,hard_refusal > unsafe_compliance,baseline_refusal
bt_30k_train_012055,unsafe,hard_refusal > unsafe_compliance,baseline_refusal
bt_30k_train_012081,unsafe,hard_refusal > unsafe_compliance,baseline_refusal
bt_30k_train_012090,unsafe,hard_refusal > unsafe_compliance,baseline_refusal
bt_30k_train_012112,unsafe,hard_refusal > unsafe_compliance,baseline_refusal
bt_30k_train_012135,unsafe,hard_refusal > unsafe_compliance,baseline_refusal
bt_30k_train_012141,unsafe,hard_refusal > unsafe_compliance,baseline_refusal
bt_30k_train_012176,unsafe,hard_refusal > unsafe_compliance,baseline_refusal
bt_30k_train_012181,unsafe,hard_refusal > unsafe_compliance,baseline_refusal
bt_30k_train_012195,unsafe,hard_refusal > unsafe_compliance,baseline_refusal
bt_30k_train_012198,unsafe,hard_refusal > unsafe_compliance,baseline_refusal
bt_30k_train_012217,unsafe,hard_refusal > unsafe_compliance,baseline_refusal
bt_30k_train_012228,unsafe,hard_refusal > unsafe_compliance,baseline_refusal
bt_30k_train_012239,unsafe,hard_refusal > unsafe_compliance,baseline_refusal
bt_30k_train_012240,unsafe,hard_refusal > unsafe_compliance,baseline_refusal
bt_30k_train_012266,unsafe,hard_refusal > unsafe_compliance,baseline_refusal
bt_30k_train_012281,unsafe,hard_refusal > unsafe_compliance,baseline_refusal
bt_30k_train_012285,unsafe,hard_refusal > unsafe_compliance,baseline_refusal
bt_30k_train_012287,unsafe,hard_refusal > unsafe_compliance,baseline_refusal
bt_30k_train_012299,unsafe,hard_refusal > unsafe_compliance,baseline_refusal
bt_30k_train_012308,unsafe,hard_refusal > unsafe_compliance,baseline_refusal
bt_30k_train_012314,unsafe,hard_refusal > unsafe_compliance,baseline_refusal
bt_30k_train_012315,unsafe,hard_refusal > unsafe_compliance,baseline_refusal
bt_30k_train_012318,unsafe,hard_refusal > unsafe_compliance,baseline_refusal
bt_30k_train_012323,unsafe,hard_refusal > unsafe_compliance,baseline_refusal
bt_30k_train_012344,unsafe,hard_refusal > unsafe_compliance,baseline_refusal
bt_30k_train_012367,unsafe,hard_refusal > unsafe_compliance,baseline_refusal
bt_30k_train_012369,unsafe,hard_refusal > unsafe_compliance,baseline_refusal
bt_30k_train_012379,unsafe,hard_refusal > unsafe_compliance,baseline_refusal
bt_30k_train_012427,unsafe,hard_refusal > unsafe_compliance,baseline_refusal
bt_30k_train_012430,unsafe,hard_refusal > unsafe_compliance,baseline_refusal
bt_30k_train_012444,unsafe,hard_refusal > unsafe_compliance,baseline_refusal
bt_30k_train_012446,unsafe,hard_refusal > unsafe_compliance,baseline_refusal
bt_30k_train_012474,unsafe,hard_refusal > unsafe_compliance,baseline_refusal
bt_30k_train_012479,unsafe,hard_refusal > unsafe_compliance,baseline_refusal
bt_30k_train_012496,unsafe,hard_refusal > unsafe_compliance,baseline_refusal
bt_30k_train_012497,unsafe,hard_refusal > unsafe_compliance,baseline_refusal
bt_30k_train_012500,unsafe,hard_refusal > unsafe_compliance,baseline_refusal
bt_30k_train_012506,unsafe,hard_refusal > unsafe_compliance,baseline_refusal
bt_30k_train_012523,unsafe,hard_refusal > unsafe_compliance,baseline_refusal
bt_30k_train_012525,unsafe,hard_refusal > unsafe_compliance,baseline_refusal
bt_30k_train_012547,unsafe,hard_refusal > unsafe_compliance,baseline_refusal
bt_30k_train_012579,unsafe,hard_refusal > unsafe_compliance,baseline_refusal
bt_30k_train_012588,unsafe,hard_refusal > unsafe_compliance,baseline_refusal
bt_30k_train_012594,unsafe,hard_refusal > unsafe_compliance,baseline_refusal
bt_30k_train_012602,unsafe,hard_refusal > unsafe_compliance,baseline_refusal
bt_30k_train_012616,unsafe,hard_refusal > unsafe_compliance,baseline_refusal
bt_30k_train_012636,unsafe,hard_refusal > unsafe_compliance,baseline_refusal
bt_30k_train_012659,unsafe,hard_refusal > unsafe_compliance,baseline_refusal
bt_30k_train_012681,unsafe,hard_refusal > unsafe_compliance,baseline_refusal
bt_30k_train_012699,unsafe,hard_refusal > unsafe_compliance,baseline_refusal
bt_30k_train_012700,unsafe,hard_refusal > unsafe_compliance,baseline_refusal
bt_30k_train_012734,unsafe,hard_refusal > unsafe_compliance,baseline_refusal
bt_30k_train_012742,unsafe,hard_refusal > unsafe_compliance,baseline_refusal
bt_30k_train_012759,unsafe,hard_refusal > unsafe_compliance,baseline_refusal
bt_30k_train_012790,unsafe,hard_refusal > unsafe_compliance,baseline_refusal
bt_30k_train_012848,unsafe,hard_refusal > unsafe_compliance,baseline_refusal
bt_30k_train_012858,unsafe,hard_refusal > unsafe_compliance,baseline_refusal
bt_30k_train_012864,unsafe,hard_refusal > unsafe_compliance,baseline_refusal
bt_30k_train_012874,unsafe,hard_refusal > unsafe_compliance,baseline_refusal
bt_30k_train_012883,unsafe,hard_refusal > unsafe_compliance,baseline_refusal
bt_30k_train_012896,unsafe,hard_refusal > unsafe_compliance,baseline_refusal
bt_30k_train_012905,unsafe,hard_refusal > unsafe_compliance,baseline_refusal
bt_30k_train_012954,unsafe,hard_refusal > unsafe_compliance,baseline_refusal
bt_30k_train_012974,unsafe,hard_refusal > unsafe_compliance,baseline_refusal
bt_30k_train_012993,unsafe,hard_refusal > unsafe_compliance,baseline_refusal
bt_30k_train_012996,unsafe,hard_refusal > unsafe_compliance,baseline_refusal
bt_30k_train_013000,unsafe,hard_refusal > unsafe_compliance,baseline_refusal
bt_30k_train_013042,unsafe,hard_refusal > unsafe_compliance,baseline_refusal
bt_30k_train_013051,unsafe,hard_refusal > unsafe_compliance,baseline_refusal
bt_30k_train_013086,unsafe,hard_refusal > unsafe_compliance,baseline_refusal
bt_30k_train_013095,unsafe,hard_refusal > unsafe_compliance,baseline_refusal
bt_30k_train_013109,unsafe,hard_refusal > unsafe_compliance,baseline_refusal
bt_30k_train_013186,unsafe,hard_refusal > unsafe_compliance,baseline_refusal
bt_30k_train_013190,unsafe,hard_refusal > unsafe_compliance,baseline_refusal
bt_30k_train_013194,unsafe,hard_refusal > unsafe_compliance,baseline_refusal
bt_30k_train_013211,unsafe,hard_refusal > unsafe_compliance,baseline_refusal
bt_30k_train_013219,unsafe,hard_refusal > unsafe_compliance,baseline_refusal
bt_30k_train_013232,unsafe,hard_refusal > unsafe_compliance,baseline_refusal
bt_30k_train_013251,unsafe,hard_refusal > unsafe_compliance,baseline_refusal
bt_30k_train_013317,unsafe,hard_refusal > unsafe_compliance,baseline_refusal
bt_30k_train_013334,unsafe,hard_refusal > unsafe_compliance,baseline_refusal
bt_30k_train_013340,unsafe,hard_refusal > unsafe_compliance,baseline_refusal
bt_30k_train_013352,unsafe,hard_refusal > unsafe_compliance,baseline_refusal
bt_30k_train_013398,unsafe,hard_refusal > unsafe_compliance,baseline_refusal
bt_30k_train_013405,unsafe,hard_refusal > unsafe_compliance,baseline_refusal
bt_30k_train_013418,unsafe,hard_refusal > unsafe_compliance,baseline_refusal
bt_30k_train_013437,unsafe,hard_refusal > unsafe_compliance,baseline_refusal
bt_30k_train_013450,unsafe,hard_refusal > unsafe_compliance,baseline_refusal
bt_30k_train_013451,unsafe,hard_refusal > unsafe_compliance,baseline_refusal
bt_30k_train_013460,unsafe,hard_refusal > unsafe_compliance,baseline_refusal
bt_30k_train_013483,unsafe,hard_refusal > unsafe_compliance,baseline_refusal
bt_30k_train_013484,unsafe,hard_refusal > unsafe_compliance,baseline_refusal
bt_30k_train_013557,unsafe,hard_refusal > unsafe_compliance,baseline_refusal
bt_30k_train_013569,unsafe,hard_refusal > unsafe_compliance,baseline_refusal
bt_30k_train_013587,unsafe,hard_refusal > unsafe_compliance,baseline_refusal
bt_30k_train_013608,unsafe,hard_refusal > unsafe_compliance,baseline_refusal
bt_30k_train_013649,unsafe,hard_refusal > unsafe_compliance,baseline_refusal
bt_30k_train_013679,unsafe,hard_refusal > unsafe_compliance,baseline_refusal
bt_30k_train_013700,unsafe,hard_refusal > unsafe_compliance,baseline_refusal
bt_30k_train_013714,unsafe,hard_refusal > unsafe_compliance,baseline_refusal
bt_30k_train_013716,unsafe,hard_refusal > unsafe_compliance,baseline_refusal
bt_30k_train_013732,unsafe,hard_refusal > unsafe_compliance,baseline_refusal
bt_30k_train_013760,unsafe,hard_refusal > unsafe_compliance,baseline_refusal
bt_30k_train_013762,unsafe,hard_refusal > unsafe_compliance,baseline_refusal
bt_30k_train_013765,unsafe,hard_refusal > unsafe_compliance,baseline_refusal
bt_30k_train_013766,unsafe,hard_refusal > unsafe_compliance,baseline_refusal
bt_30k_train_013772,unsafe,hard_refusal > unsafe_compliance,baseline_refusal
bt_30k_train_013775,unsafe,hard_refusal > unsafe_compliance,baseline_refusal
bt_30k_train_013783,unsafe,hard_refusal > unsafe_compliance,baseline_refusal
bt_30k_train_013794,unsafe,hard_refusal > unsafe_compliance,baseline_refusal
bt_30k_train_013850,unsafe,hard_refusal > unsafe_compliance,baseline_refusal
bt_30k_train_013864,unsafe,hard_refusal > unsafe_compliance,baseline_refusal
bt_30k_train_013888,unsafe,hard_refusal > unsafe_compliance,baseline_refusal
bt_30k_train_013894,unsafe,hard_refusal > unsafe_compliance,baseline_refusal
bt_30k_train_013937,unsafe,hard_refusal > unsafe_compliance,baseline_refusal
bt_30k_train_013942,unsafe,hard_refusal > unsafe_compliance,baseline_refusal
bt_30k_train_013964,unsafe,hard_refusal > unsafe_compliance,baseline_refusal
bt_30k_train_013978,unsafe,hard_refusal > unsafe_compliance,baseline_refusal
bt_30k_train_013984,unsafe,hard_refusal > unsafe_compliance,baseline_refusal
bt_30k_train_014051,unsafe,hard_refusal > unsafe_compliance,baseline_refusal
bt_30k_train_014071,unsafe,hard_refusal > unsafe_compliance,baseline_refusal
bt_30k_train_014090,unsafe,hard_refusal > unsafe_compliance,baseline_refusal
bt_30k_train_014092,unsafe,hard_refusal > unsafe_compliance,baseline_refusal
bt_30k_train_014106,unsafe,hard_refusal > unsafe_compliance,baseline_refusal
bt_30k_train_014114,unsafe,hard_refusal > unsafe_compliance,baseline_refusal
bt_30k_train_014148,unsafe,hard_refusal > unsafe_compliance,baseline_refusal
bt_30k_train_014159,unsafe,hard_refusal > unsafe_compliance,baseline_refusal
bt_30k_train_014170,unsafe,hard_refusal > unsafe_compliance,baseline_refusal
bt_30k_train_014174,unsafe,hard_refusal > unsafe_compliance,baseline_refusal
bt_30k_train_014177,unsafe,hard_refusal > unsafe_compliance,baseline_refusal
bt_30k_train_014190,unsafe,hard_refusal > unsafe_compliance,baseline_refusal
bt_30k_train_014200,unsafe,hard_refusal > unsafe_compliance,baseline_refusal
bt_30k_train_014206,unsafe,hard_refusal > unsafe_compliance,baseline_refusal
bt_30k_train_014224,unsafe,hard_refusal > unsafe_compliance,baseline_refusal
bt_30k_train_014255,unsafe,hard_refusal > unsafe_compliance,baseline_refusal
bt_30k_train_014294,unsafe,hard_refusal > unsafe_compliance,baseline_refusal
bt_30k_train_014309,unsafe,hard_refusal > unsafe_compliance,baseline_refusal
bt_30k_train_014373,unsafe,hard_refusal > unsafe_compliance,baseline_refusal
bt_30k_train_014393,unsafe,hard_refusal > unsafe_compliance,baseline_refusal
bt_30k_train_014439,unsafe,hard_refusal > unsafe_compliance,baseline_refusal
bt_30k_train_014459,unsafe,hard_refusal > unsafe_compliance,baseline_refusal
bt_30k_train_014465,unsafe,hard_refusal > unsafe_compliance,baseline_refusal
bt_30k_train_014475,unsafe,hard_refusal > unsafe_compliance,baseline_refusal
bt_30k_train_014488,unsafe,hard_refusal > unsafe_compliance,baseline_refusal
bt_30k_train_014497,unsafe,hard_refusal > unsafe_compliance,baseline_refusal
bt_30k_train_014504,unsafe,hard_refusal > unsafe_compliance,baseline_refusal
bt_30k_train_014511,unsafe,hard_refusal > unsafe_compliance,baseline_refusal
bt_30k_train_014520,unsafe,hard_refusal > unsafe_compliance,baseline_refusal
bt_30k_train_014538,unsafe,hard_refusal > unsafe_compliance,baseline_refusal
bt_30k_train_014563,unsafe,hard_refusal > unsafe_compliance,baseline_refusal
bt_30k_train_014572,unsafe,hard_refusal > unsafe_compliance,baseline_refusal
bt_30k_train_014581,unsafe,hard_refusal > unsafe_compliance,baseline_refusal
bt_30k_train_014588,unsafe,hard_refusal > unsafe_compliance,baseline_refusal
bt_30k_train_014593,unsafe,hard_refusal > unsafe_compliance,baseline_refusal
bt_30k_train_014612,unsafe,hard_refusal > unsafe_compliance,baseline_refusal
bt_30k_train_014685,unsafe,hard_refusal > unsafe_compliance,baseline_refusal
bt_30k_train_014729,unsafe,hard_refusal > unsafe_compliance,baseline_refusal
bt_30k_train_014803,unsafe,hard_refusal > unsafe_compliance,baseline_refusal
bt_30k_train_014819,unsafe,hard_refusal > unsafe_compliance,baseline_refusal
bt_30k_train_014829,unsafe,hard_refusal > unsafe_compliance,baseline_refusal
bt_30k_train_014842,unsafe,hard_refusal > unsafe_compliance,baseline_refusal
bt_30k_train_014931,unsafe,hard_refusal > unsafe_compliance,baseline_refusal
bt_30k_train_014953,unsafe,hard_refusal > unsafe_compliance,baseline_refusal
bt_30k_train_015019,unsafe,hard_refusal > unsafe_compliance,baseline_refusal
bt_30k_train_015038,unsafe,hard_refusal > unsafe_compliance,baseline_refusal
bt_30k_train_015048,unsafe,hard_refusal > unsafe_compliance,baseline_refusal
bt_30k_train_015052,unsafe,hard_refusal > unsafe_compliance,baseline_refusal
bt_30k_train_015058,unsafe,hard_refusal > unsafe_compliance,baseline_refusal
bt_30k_train_015076,unsafe,hard_refusal > unsafe_compliance,baseline_refusal
bt_30k_train_015096,unsafe,hard_refusal > unsafe_compliance,baseline_refusal
bt_30k_train_015101,unsafe,hard_refusal > unsafe_compliance,baseline_refusal
bt_30k_train_015110,unsafe,hard_refusal > unsafe_compliance,baseline_refusal
bt_30k_train_015119,unsafe,hard_refusal > unsafe_compliance,baseline_refusal
bt_30k_train_015131,unsafe,hard_refusal > unsafe_compliance,baseline_refusal
bt_30k_train_015143,unsafe,hard_refusal > unsafe_compliance,baseline_refusal
bt_30k_train_015153,unsafe,hard_refusal > unsafe_compliance,baseline_refusal
bt_30k_train_015182,unsafe,hard_refusal > unsafe_compliance,baseline_refusal
bt_30k_train_015259,unsafe,hard_refusal > unsafe_compliance,baseline_refusal
bt_30k_train_015286,unsafe,hard_refusal > unsafe_compliance,baseline_refusal
bt_30k_train_015293,unsafe,hard_refusal > unsafe_compliance,baseline_refusal
bt_30k_train_015304,unsafe,hard_refusal > unsafe_compliance,baseline_refusal
bt_30k_train_015332,unsafe,hard_refusal > unsafe_compliance,baseline_refusal
bt_30k_train_015340,unsafe,hard_refusal > unsafe_compliance,baseline_refusal
bt_30k_train_015355,unsafe,hard_refusal > unsafe_compliance,baseline_refusal
bt_30k_train_015376,unsafe,hard_refusal > unsafe_compliance,baseline_refusal
bt_30k_train_015409,unsafe,hard_refusal > unsafe_compliance,baseline_refusal
bt_30k_train_015410,unsafe,hard_refusal > unsafe_compliance,baseline_refusal
bt_30k_train_015423,unsafe,hard_refusal > unsafe_compliance,baseline_refusal
bt_30k_train_015473,unsafe,hard_refusal > unsafe_compliance,baseline_refusal
bt_30k_train_015491,unsafe,hard_refusal > unsafe_compliance,baseline_refusal
bt_30k_train_015493,unsafe,hard_refusal > unsafe_compliance,baseline_refusal
bt_30k_train_015495,unsafe,hard_refusal > unsafe_compliance,baseline_refusal
bt_30k_train_015628,unsafe,hard_refusal > unsafe_compliance,baseline_refusal
bt_30k_train_015681,unsafe,hard_refusal > unsafe_compliance,baseline_refusal
bt_30k_train_015711,unsafe,hard_refusal > unsafe_compliance,baseline_refusal
bt_30k_train_015716,unsafe,hard_refusal > unsafe_compliance,baseline_refusal
bt_30k_train_015722,unsafe,hard_refusal > unsafe_compliance,baseline_refusal
bt_30k_train_015727,unsafe,hard_refusal > unsafe_compliance,baseline_refusal
bt_30k_train_015750,unsafe,hard_refusal > unsafe_compliance,baseline_refusal
bt_30k_train_015800,unsafe,hard_refusal > unsafe_compliance,baseline_refusal
bt_30k_train_015822,unsafe,hard_refusal > unsafe_compliance,baseline_refusal
bt_30k_train_015828,unsafe,hard_refusal > unsafe_compliance,baseline_refusal
bt_30k_train_015831,unsafe,hard_refusal > unsafe_compliance,baseline_refusal
bt_30k_train_015854,unsafe,hard_refusal > unsafe_compliance,baseline_refusal
bt_30k_train_015883,unsafe,hard_refusal > unsafe_compliance,baseline_refusal
bt_30k_train_015889,unsafe,hard_refusal > unsafe_compliance,baseline_refusal
bt_30k_train_015895,unsafe,hard_refusal > unsafe_compliance,baseline_refusal
bt_30k_train_015955,unsafe,hard_refusal > unsafe_compliance,baseline_refusal
bt_30k_train_015974,unsafe,hard_refusal > unsafe_compliance,baseline_refusal
bt_30k_train_015983,unsafe,hard_refusal > unsafe_compliance,baseline_refusal
bt_30k_train_015997,unsafe,hard_refusal > unsafe_compliance,baseline_refusal
bt_30k_train_016005,unsafe,hard_refusal > unsafe_compliance,baseline_refusal
bt_30k_train_016029,unsafe,hard_refusal > unsafe_compliance,baseline_refusal
bt_30k_train_016076,unsafe,hard_refusal > unsafe_compliance,baseline_refusal
bt_30k_train_016095,unsafe,hard_refusal > unsafe_compliance,baseline_refusal
bt_30k_train_016096,unsafe,hard_refusal > unsafe_compliance,baseline_refusal
bt_30k_train_016124,unsafe,hard_refusal > unsafe_compliance,baseline_refusal
bt_30k_train_016165,unsafe,hard_refusal > unsafe_compliance,baseline_refusal
bt_30k_train_016170,unsafe,hard_refusal > unsafe_compliance,baseline_refusal
bt_30k_train_016212,unsafe,hard_refusal > unsafe_compliance,baseline_refusal
bt_30k_train_016235,unsafe,hard_refusal > unsafe_compliance,baseline_refusal
bt_30k_train_016237,unsafe,hard_refusal > unsafe_compliance,baseline_refusal
bt_30k_train_016256,unsafe,hard_refusal > unsafe_compliance,baseline_refusal
bt_30k_train_016269,unsafe,hard_refusal > unsafe_compliance,baseline_refusal
bt_30k_train_016294,unsafe,hard_refusal > unsafe_compliance,baseline_refusal
bt_30k_train_016329,unsafe,hard_refusal > unsafe_compliance,baseline_refusal
bt_30k_train_016338,unsafe,hard_refusal > unsafe_compliance,baseline_refusal
bt_30k_train_016339,unsafe,hard_refusal > unsafe_compliance,baseline_refusal
bt_30k_train_016397,unsafe,hard_refusal > unsafe_compliance,baseline_refusal
bt_30k_train_016404,unsafe,hard_refusal > unsafe_compliance,baseline_refusal
bt_30k_train_016406,unsafe,hard_refusal > unsafe_compliance,baseline_refusal
bt_30k_train_016418,unsafe,hard_refusal > unsafe_compliance,baseline_refusal
bt_30k_train_016449,unsafe,hard_refusal > unsafe_compliance,baseline_refusal
bt_30k_train_016465,unsafe,hard_refusal > unsafe_compliance,baseline_refusal
bt_30k_train_016495,unsafe,hard_refusal > unsafe_compliance,baseline_refusal
bt_30k_train_016512,unsafe,hard_refusal > unsafe_compliance,baseline_refusal
bt_30k_train_016527,unsafe,hard_refusal > unsafe_compliance,baseline_refusal
bt_30k_train_016534,unsafe,hard_refusal > unsafe_compliance,baseline_refusal
bt_30k_train_016538,unsafe,hard_refusal > unsafe_compliance,baseline_refusal
bt_30k_train_016547,unsafe,hard_refusal > unsafe_compliance,baseline_refusal
bt_30k_train_016559,unsafe,hard_refusal > unsafe_compliance,baseline_refusal
bt_30k_train_016580,unsafe,hard_refusal > unsafe_compliance,baseline_refusal
bt_30k_train_016592,unsafe,hard_refusal > unsafe_compliance,baseline_refusal
bt_30k_train_016604,unsafe,hard_refusal > unsafe_compliance,baseline_refusal
bt_30k_train_016625,unsafe,hard_refusal > unsafe_compliance,baseline_refusal
bt_30k_train_016638,unsafe,hard_refusal > unsafe_compliance,baseline_refusal
bt_30k_train_016657,unsafe,hard_refusal > unsafe_compliance,baseline_refusal
bt_30k_train_016669,unsafe,hard_refusal > unsafe_compliance,baseline_refusal
bt_30k_train_016689,unsafe,hard_refusal > unsafe_compliance,baseline_refusal
bt_30k_train_016756,unsafe,hard_refusal > unsafe_compliance,baseline_refusal
bt_30k_train_016853,unsafe,hard_refusal > unsafe_compliance,baseline_refusal
bt_30k_train_016870,unsafe,hard_refusal > unsafe_compliance,baseline_refusal
bt_30k_train_016890,unsafe,hard_refusal > unsafe_compliance,baseline_refusal
bt_30k_train_016903,unsafe,hard_refusal > unsafe_compliance,baseline_refusal
bt_30k_train_016949,unsafe,hard_refusal > unsafe_compliance,baseline_refusal
bt_30k_train_017012,unsafe,hard_refusal > unsafe_compliance,baseline_refusal
bt_30k_train_017026,unsafe,hard_refusal > unsafe_compliance,baseline_refusal
bt_30k_train_017029,unsafe,hard_refusal > unsafe_compliance,baseline_refusal
bt_30k_train_017064,unsafe,hard_refusal > unsafe_compliance,baseline_refusal
bt_30k_train_017125,unsafe,hard_refusal > unsafe_compliance,baseline_refusal
bt_30k_train_017126,unsafe,hard_refusal > unsafe_compliance,baseline_refusal
bt_30k_train_017143,unsafe,hard_refusal > unsafe_compliance,baseline_refusal
bt_30k_train_017155,unsafe,hard_refusal > unsafe_compliance,baseline_refusal
bt_30k_train_017173,unsafe,hard_refusal > unsafe_compliance,baseline_refusal
bt_30k_train_017178,unsafe,hard_refusal > unsafe_compliance,baseline_refusal
bt_30k_train_017192,unsafe,hard_refusal > unsafe_compliance,baseline_refusal
bt_30k_train_017228,unsafe,hard_refusal > unsafe_compliance,baseline_refusal
bt_30k_train_017294,unsafe,hard_refusal > unsafe_compliance,baseline_refusal
bt_30k_train_017460,unsafe,hard_refusal > unsafe_compliance,baseline_refusal
bt_30k_train_017472,unsafe,hard_refusal > unsafe_compliance,baseline_refusal
bt_30k_train_017491,unsafe,hard_refusal > unsafe_compliance,baseline_refusal
bt_30k_train_017501,unsafe,hard_refusal > unsafe_compliance,baseline_refusal
bt_30k_train_017503,unsafe,hard_refusal > unsafe_compliance,baseline_refusal
bt_30k_train_017510,unsafe,hard_refusal > unsafe_compliance,baseline_refusal
bt_30k_train_017511,unsafe,hard_refusal > unsafe_compliance,baseline_refusal
bt_30k_train_017524,unsafe,hard_refusal > unsafe_compliance,baseline_refusal
bt_30k_train_017541,unsafe,hard_refusal > unsafe_compliance,baseline_refusal
bt_30k_train_017554,unsafe,hard_refusal > unsafe_compliance,baseline_refusal
bt_30k_train_017642,unsafe,hard_refusal > unsafe_compliance,baseline_refusal
bt_30k_train_017677,unsafe,hard_refusal > unsafe_compliance,baseline_refusal
bt_30k_train_017697,unsafe,hard_refusal > unsafe_compliance,baseline_refusal
bt_30k_train_017715,unsafe,hard_refusal > unsafe_compliance,baseline_refusal
bt_30k_train_017750,unsafe,hard_refusal > unsafe_compliance,baseline_refusal
bt_30k_train_017800,unsafe,hard_refusal > unsafe_compliance,baseline_refusal
bt_30k_train_017821,unsafe,hard_refusal > unsafe_compliance,baseline_refusal
bt_30k_train_017869,unsafe,hard_refusal > unsafe_compliance,baseline_refusal
bt_30k_train_017912,unsafe,hard_refusal > unsafe_compliance,baseline_refusal
bt_30k_train_017917,unsafe,hard_refusal > unsafe_compliance,baseline_refusal
bt_30k_train_017982,unsafe,hard_refusal > unsafe_compliance,baseline_refusal
bt_30k_train_018049,unsafe,hard_refusal > unsafe_compliance,baseline_refusal
bt_30k_train_018064,unsafe,hard_refusal > unsafe_compliance,baseline_refusal
bt_30k_train_018065,unsafe,hard_refusal > unsafe_compliance,baseline_refusal
bt_30k_train_018144,unsafe,hard_refusal > unsafe_compliance,baseline_refusal
bt_30k_train_018145,unsafe,hard_refusal > unsafe_compliance,baseline_refusal
bt_30k_train_018183,unsafe,hard_refusal > unsafe_compliance,baseline_refusal
bt_30k_train_018228,unsafe,hard_refusal > unsafe_compliance,baseline_refusal
bt_30k_train_018230,unsafe,hard_refusal > unsafe_compliance,baseline_refusal
bt_30k_train_018325,unsafe,hard_refusal > unsafe_compliance,baseline_refusal
bt_30k_train_018340,unsafe,hard_refusal > unsafe_compliance,baseline_refusal
bt_30k_train_018351,unsafe,hard_refusal > unsafe_compliance,baseline_refusal
bt_30k_train_018425,unsafe,hard_refusal > unsafe_compliance,baseline_refusal
bt_30k_train_018435,unsafe,hard_refusal > unsafe_compliance,baseline_refusal
bt_30k_train_018499,unsafe,hard_refusal > unsafe_compliance,baseline_refusal
bt_30k_train_018538,unsafe,hard_refusal > unsafe_compliance,baseline_refusal
bt_30k_train_018556,unsafe,hard_refusal > unsafe_compliance,baseline_refusal
bt_30k_train_018580,unsafe,hard_refusal > unsafe_compliance,baseline_refusal
bt_30k_train_018588,unsafe,hard_refusal > unsafe_compliance,baseline_refusal
bt_30k_train_018591,unsafe,hard_refusal > unsafe_compliance,baseline_refusal
bt_30k_train_018604,unsafe,hard_refusal > unsafe_compliance,baseline_refusal
bt_30k_train_018613,unsafe,hard_refusal > unsafe_compliance,baseline_refusal
bt_30k_train_018713,unsafe,hard_refusal > unsafe_compliance,baseline_refusal
bt_30k_train_018714,unsafe,hard_refusal > unsafe_compliance,baseline_refusal
bt_30k_train_018739,unsafe,hard_refusal > unsafe_compliance,baseline_refusal
bt_30k_train_018777,unsafe,hard_refusal > unsafe_compliance,baseline_refusal
bt_30k_train_018823,unsafe,hard_refusal > unsafe_compliance,baseline_refusal
bt_30k_train_018834,unsafe,hard_refusal > unsafe_compliance,baseline_refusal
bt_30k_train_018858,unsafe,hard_refusal > unsafe_compliance,baseline_refusal
bt_30k_train_018897,unsafe,hard_refusal > unsafe_compliance,baseline_refusal
bt_30k_train_018940,unsafe,hard_refusal > unsafe_compliance,baseline_refusal
bt_30k_train_019006,unsafe,hard_refusal > unsafe_compliance,baseline_refusal
bt_30k_train_019170,unsafe,hard_refusal > unsafe_compliance,baseline_refusal
bt_30k_train_019186,unsafe,hard_refusal > unsafe_compliance,baseline_refusal
bt_30k_train_019204,unsafe,hard_refusal > unsafe_compliance,baseline_refusal
bt_30k_train_019250,unsafe,hard_refusal > unsafe_compliance,baseline_refusal
bt_30k_train_019274,unsafe,hard_refusal > unsafe_compliance,baseline_refusal
bt_30k_train_019292,unsafe,hard_refusal > unsafe_compliance,baseline_refusal
bt_30k_train_019313,unsafe,hard_refusal > unsafe_compliance,baseline_refusal
bt_30k_train_019355,unsafe,hard_refusal > unsafe_compliance,baseline_refusal
bt_30k_train_019365,unsafe,hard_refusal > unsafe_compliance,baseline_refusal
bt_30k_train_019410,unsafe,hard_refusal > unsafe_compliance,baseline_refusal
bt_30k_train_019426,unsafe,hard_refusal > unsafe_compliance,baseline_refusal
bt_30k_train_019476,unsafe,hard_refusal > unsafe_compliance,baseline_refusal
bt_30k_train_019506,unsafe,hard_refusal > unsafe_compliance,baseline_refusal
bt_30k_train_019546,unsafe,hard_refusal > unsafe_compliance,baseline_refusal
bt_30k_train_019552,unsafe,hard_refusal > unsafe_compliance,baseline_refusal
bt_30k_train_019561,unsafe,hard_refusal > unsafe_compliance,baseline_refusal
bt_30k_train_019573,unsafe,hard_refusal > unsafe_compliance,baseline_refusal
bt_30k_train_019587,unsafe,hard_refusal > unsafe_compliance,baseline_refusal
bt_30k_train_019592,unsafe,hard_refusal > unsafe_compliance,baseline_refusal
bt_30k_train_019693,unsafe,hard_refusal > unsafe_compliance,baseline_refusal
bt_30k_train_019703,unsafe,hard_refusal > unsafe_compliance,baseline_refusal
bt_30k_train_019750,unsafe,hard_refusal > unsafe_compliance,baseline_refusal
bt_30k_train_019754,unsafe,hard_refusal > unsafe_compliance,baseline_refusal
bt_30k_train_019755,unsafe,hard_refusal > unsafe_compliance,baseline_refusal
bt_30k_train_019897,unsafe,hard_refusal > unsafe_compliance,baseline_refusal
bt_30k_train_019943,unsafe,hard_refusal > unsafe_compliance,baseline_refusal
bt_30k_train_019976,unsafe,hard_refusal > unsafe_compliance,baseline_refusal
bt_30k_train_020125,unsafe,hard_refusal > unsafe_compliance,baseline_refusal
bt_30k_train_020139,unsafe,hard_refusal > unsafe_compliance,baseline_refusal
bt_30k_train_020241,unsafe,hard_refusal > unsafe_compliance,baseline_refusal
bt_30k_train_020242,unsafe,hard_refusal > unsafe_compliance,baseline_refusal
bt_30k_train_020289,unsafe,hard_refusal > unsafe_compliance,baseline_refusal
bt_30k_train_020305,unsafe,hard_refusal > unsafe_compliance,baseline_refusal
bt_30k_train_020315,unsafe,hard_refusal > unsafe_compliance,baseline_refusal
bt_30k_train_020348,unsafe,hard_refusal > unsafe_compliance,baseline_refusal
bt_30k_train_020391,unsafe,hard_refusal > unsafe_compliance,baseline_refusal
bt_30k_train_020401,unsafe,hard_refusal > unsafe_compliance,baseline_refusal
bt_30k_train_020402,unsafe,hard_refusal > unsafe_compliance,baseline_refusal
bt_30k_train_020453,unsafe,hard_refusal > unsafe_compliance,baseline_refusal
bt_30k_train_020474,unsafe,hard_refusal > unsafe_compliance,baseline_refusal
bt_30k_train_020481,unsafe,hard_refusal > unsafe_compliance,baseline_refusal
bt_30k_train_020559,unsafe,hard_refusal > unsafe_compliance,baseline_refusal
bt_30k_train_020652,unsafe,hard_refusal > unsafe_compliance,baseline_refusal
bt_30k_train_020692,unsafe,hard_refusal > unsafe_compliance,baseline_refusal
bt_30k_train_020770,unsafe,hard_refusal > unsafe_compliance,baseline_refusal
bt_30k_train_020772,unsafe,hard_refusal > unsafe_compliance,baseline_refusal
bt_30k_train_020904,unsafe,hard_refusal > unsafe_compliance,baseline_refusal
bt_30k_train_020913,unsafe,hard_refusal > unsafe_compliance,baseline_refusal
bt_30k_train_020919,unsafe,hard_refusal > unsafe_compliance,baseline_refusal
bt_30k_train_021009,unsafe,hard_refusal > unsafe_compliance,baseline_refusal
bt_30k_train_021074,unsafe,hard_refusal > unsafe_compliance,baseline_refusal
bt_30k_train_021112,unsafe,hard_refusal > unsafe_compliance,baseline_refusal
bt_30k_train_021140,unsafe,hard_refusal > unsafe_compliance,baseline_refusal
bt_30k_train_021175,unsafe,hard_refusal > unsafe_compliance,baseline_refusal
bt_30k_train_021191,unsafe,hard_refusal > unsafe_compliance,baseline_refusal
bt_30k_train_021265,unsafe,hard_refusal > unsafe_compliance,baseline_refusal
bt_30k_train_021280,unsafe,hard_refusal > unsafe_compliance,baseline_refusal
bt_30k_train_021303,unsafe,hard_refusal > unsafe_compliance,baseline_refusal
bt_30k_train_021304,unsafe,hard_refusal > unsafe_compliance,baseline_refusal
bt_30k_train_021462,unsafe,hard_refusal > unsafe_compliance,baseline_refusal
bt_30k_train_021467,unsafe,hard_refusal > unsafe_compliance,baseline_refusal
bt_30k_train_021529,unsafe,hard_refusal > unsafe_compliance,baseline_refusal
bt_30k_train_021532,unsafe,hard_refusal > unsafe_compliance,baseline_refusal
bt_30k_train_021660,unsafe,hard_refusal > unsafe_compliance,baseline_refusal
bt_30k_train_021775,unsafe,hard_refusal > unsafe_compliance,baseline_refusal
bt_30k_train_021835,unsafe,hard_refusal > unsafe_compliance,baseline_refusal
bt_30k_train_021845,unsafe,hard_refusal > unsafe_compliance,baseline_refusal
bt_30k_train_021877,unsafe,hard_refusal > unsafe_compliance,baseline_refusal
bt_30k_train_021926,unsafe,hard_refusal > unsafe_compliance,baseline_refusal
bt_30k_train_021942,unsafe,hard_refusal > unsafe_compliance,baseline_refusal
bt_30k_train_021971,unsafe,hard_refusal > unsafe_compliance,baseline_refusal
bt_30k_train_022069,unsafe,hard_refusal > unsafe_compliance,baseline_refusal
bt_30k_train_022088,unsafe,hard_refusal > unsafe_compliance,baseline_refusal
bt_30k_train_022195,unsafe,hard_refusal > unsafe_compliance,baseline_refusal
bt_30k_train_022299,unsafe,hard_refusal > unsafe_compliance,baseline_refusal
bt_30k_train_022340,unsafe,hard_refusal > unsafe_compliance,baseline_refusal
bt_30k_train_022343,unsafe,hard_refusal > unsafe_compliance,baseline_refusal
bt_30k_train_022453,unsafe,hard_refusal > unsafe_compliance,baseline_refusal
bt_30k_train_022505,unsafe,hard_refusal > unsafe_compliance,baseline_refusal
bt_30k_train_022546,unsafe,hard_refusal > unsafe_compliance,baseline_refusal
bt_30k_train_022569,unsafe,hard_refusal > unsafe_compliance,baseline_refusal
bt_30k_train_022612,unsafe,hard_refusal > unsafe_compliance,baseline_refusal
bt_30k_train_022657,unsafe,hard_refusal > unsafe_compliance,baseline_refusal
bt_30k_train_022705,unsafe,hard_refusal > unsafe_compliance,baseline_refusal
bt_30k_train_022735,unsafe,hard_refusal > unsafe_compliance,baseline_refusal
bt_30k_train_022798,unsafe,hard_refusal > unsafe_compliance,baseline_refusal
bt_30k_train_022998,unsafe,hard_refusal > unsafe_compliance,baseline_refusal
bt_30k_train_023033,unsafe,hard_refusal > unsafe_compliance,baseline_refusal
bt_30k_train_023036,unsafe,hard_refusal > unsafe_compliance,baseline_refusal
bt_30k_train_023039,unsafe,hard_refusal > unsafe_compliance,baseline_refusal
bt_30k_train_023060,unsafe,hard_refusal > unsafe_compliance,baseline_refusal
bt_30k_train_023092,unsafe,hard_refusal > unsafe_compliance,baseline_refusal
bt_30k_train_023112,unsafe,hard_refusal > unsafe_compliance,baseline_refusal
bt_30k_train_023209,unsafe,hard_refusal > unsafe_compliance,baseline_refusal
bt_30k_train_023226,unsafe,hard_refusal > unsafe_compliance,baseline_refusal
bt_30k_train_023230,unsafe,hard_refusal > unsafe_compliance,baseline_refusal
bt_30k_train_023252,unsafe,hard_refusal > unsafe_compliance,baseline_refusal
bt_30k_train_023270,unsafe,hard_refusal > unsafe_compliance,baseline_refusal
bt_30k_train_023278,unsafe,hard_refusal > unsafe_compliance,baseline_refusal
bt_30k_train_023458,unsafe,hard_refusal > unsafe_compliance,baseline_refusal
bt_30k_train_023474,unsafe,hard_refusal > unsafe_compliance,baseline_refusal
bt_30k_train_023602,unsafe,hard_refusal > unsafe_compliance,baseline_refusal
bt_30k_train_023704,unsafe,hard_refusal > unsafe_compliance,baseline_refusal
bt_30k_train_023746,unsafe,hard_refusal > unsafe_compliance,baseline_refusal
bt_30k_train_023770,unsafe,hard_refusal > unsafe_compliance,baseline_refusal
bt_30k_train_023873,unsafe,hard_refusal > unsafe_compliance,baseline_refusal
bt_30k_train_023917,unsafe,hard_refusal > unsafe_compliance,baseline_refusal
bt_30k_train_023931,unsafe,hard_refusal > unsafe_compliance,baseline_refusal
bt_30k_train_023972,unsafe,hard_refusal > unsafe_compliance,baseline_refusal
bt_30k_train_023983,unsafe,hard_refusal > unsafe_compliance,baseline_refusal
bt_30k_train_023988,unsafe,hard_refusal > unsafe_compliance,baseline_refusal
bt_30k_train_024022,unsafe,hard_refusal > unsafe_compliance,baseline_refusal
bt_30k_train_024036,unsafe,hard_refusal > unsafe_compliance,baseline_refusal
bt_30k_train_024115,unsafe,hard_refusal > unsafe_compliance,baseline_refusal
bt_30k_train_024205,unsafe,hard_refusal > unsafe_compliance,baseline_refusal
bt_30k_train_024495,unsafe,hard_refusal > unsafe_compliance,baseline_refusal
bt_30k_train_024635,unsafe,hard_refusal > unsafe_compliance,baseline_refusal
bt_30k_train_024738,unsafe,hard_refusal > unsafe_compliance,baseline_refusal
bt_30k_train_024889,unsafe,hard_refusal > unsafe_compliance,baseline_refusal
bt_30k_train_024916,unsafe,hard_refusal > unsafe_compliance,baseline_refusal
bt_30k_train_024917,unsafe,hard_refusal > unsafe_compliance,baseline_refusal
bt_30k_train_025010,unsafe,hard_refusal > unsafe_compliance,baseline_refusal
bt_30k_train_025035,unsafe,hard_refusal > unsafe_compliance,baseline_refusal
bt_30k_train_025134,unsafe,hard_refusal > unsafe_compliance,baseline_refusal
bt_30k_train_025231,unsafe,hard_refusal > unsafe_compliance,baseline_refusal
bt_30k_train_025341,unsafe,hard_refusal > unsafe_compliance,baseline_refusal
bt_30k_train_025737,unsafe,hard_refusal > unsafe_compliance,baseline_refusal
bt_30k_train_025764,unsafe,hard_refusal > unsafe_compliance,baseline_refusal
bt_30k_train_025886,unsafe,hard_refusal > unsafe_compliance,baseline_refusal
bt_30k_train_025946,unsafe,hard_refusal > unsafe_compliance,baseline_refusal
bt_30k_train_026070,unsafe,hard_refusal > unsafe_compliance,baseline_refusal
bt_30k_train_026127,unsafe,hard_refusal > unsafe_compliance,baseline_refusal
bt_30k_train_026174,unsafe,hard_refusal > unsafe_compliance,baseline_refusal
bt_30k_train_026185,unsafe,hard_refusal > unsafe_compliance,baseline_refusal
bt_30k_train_026195,unsafe,hard_refusal > unsafe_compliance,baseline_refusal
bt_30k_train_026207,unsafe,hard_refusal > unsafe_compliance,baseline_refusal
bt_30k_train_026227,unsafe,hard_refusal > unsafe_compliance,baseline_refusal
bt_30k_train_026251,unsafe,hard_refusal > unsafe_compliance,baseline_refusal
bt_30k_train_026309,unsafe,hard_refusal > unsafe_compliance,baseline_refusal
bt_30k_train_026323,unsafe,hard_refusal > unsafe_compliance,baseline_refusal
bt_30k_train_026342,unsafe,hard_refusal > unsafe_compliance,baseline_refusal
bt_30k_train_026491,unsafe,hard_refusal > unsafe_compliance,baseline_refusal
bt_30k_train_026693,unsafe,hard_refusal > unsafe_compliance,baseline_refusal
bt_30k_train_026751,unsafe,hard_refusal > unsafe_compliance,baseline_refusal
bt_30k_train_026770,unsafe,hard_refusal > unsafe_compliance,baseline_refusal
bt_30k_train_026894,unsafe,hard_refusal > unsafe_compliance,baseline_refusal
bt_30k_train_026923,unsafe,hard_refusal > unsafe_compliance,baseline_refusal
bt_30k_train_027071,unsafe,hard_refusal > unsafe_compliance,baseline_refusal
bt_30k_train_027144,unsafe,hard_refusal > unsafe_compliance,baseline_refusal
bt_30k_train_027178,unsafe,hard_refusal > unsafe_compliance,baseline_refusal
du_A_offsec_0001,dual_use,safe_completion > hard_refusal,safe_completion
du_A_offsec_0001,dual_use,safe_completion > unsafe_compliance,safe_completion
du_A_offsec_0001,dual_use,hard_refusal > unsafe_compliance,baseline_refusal
du_A_offsec_0002,dual_use,safe_completion > hard_refusal,safe_completion
du_A_offsec_0002,dual_use,safe_completion > unsafe_compliance,safe_completion
du_A_offsec_0002,dual_use,hard_refusal > unsafe_compliance,baseline_refusal
du_A_offsec_0003,dual_use,safe_completion > hard_refusal,safe_completion
du_A_offsec_0003,dual_use,safe_completion > unsafe_compliance,safe_completion
du_A_offsec_0003,dual_use,hard_refusal > unsafe_compliance,baseline_refusal
du_A_offsec_0004,dual_use,safe_completion > hard_refusal,safe_completion
du_A_offsec_0004,dual_use,safe_completion > unsafe_compliance,safe_completion
du_A_offsec_0004,dual_use,hard_refusal > unsafe_compliance,baseline_refusal
du_A_offsec_0005,dual_use,safe_completion > hard_refusal,safe_completion
du_A_offsec_0005,dual_use,safe_completion > unsafe_compliance,safe_completion
du_A_offsec_0005,dual_use,hard_refusal > unsafe_compliance,baseline_refusal
du_A_offsec_0006,dual_use,safe_completion > hard_refusal,safe_completion
du_A_offsec_0006,dual_use,safe_completion > unsafe_compliance,safe_completion
du_A_offsec_0006,dual_use,hard_refusal > unsafe_compliance,baseline_refusal
du_A_offsec_0007,dual_use,safe_completion > hard_refusal,safe_completion
du_A_offsec_0007,dual_use,safe_completion > unsafe_compliance,safe_completion
du_A_offsec_0007,dual_use,hard_refusal > unsafe_compliance,baseline_refusal
du_A_offsec_0008,dual_use,safe_completion > hard_refusal,safe_completion
du_A_offsec_0008,dual_use,safe_completion > unsafe_compliance,safe_completion
du_A_offsec_0008,dual_use,hard_refusal > unsafe_compliance,baseline_refusal
du_A_offsec_0009,dual_use,safe_completion > hard_refusal,safe_completion
du_A_offsec_0009,dual_use,safe_completion > unsafe_compliance,safe_completion
du_A_offsec_0009,dual_use,hard_refusal > unsafe_compliance,baseline_refusal
du_A_offsec_0010,dual_use,safe_completion > hard_refusal,safe_completion
du_A_offsec_0010,dual_use,safe_completion > unsafe_compliance,safe_completion
du_A_offsec_0010,dual_use,hard_refusal > unsafe_compliance,baseline_refusal
du_A_offsec_0011,dual_use,safe_completion > hard_refusal,safe_completion
du_A_offsec_0011,dual_use,safe_completion > unsafe_compliance,safe_completion
du_A_offsec_0011,dual_use,hard_refusal > unsafe_compliance,baseline_refusal
du_A_offsec_0012,dual_use,safe_completion > hard_refusal,safe_completion
du_A_offsec_0012,dual_use,safe_completion > unsafe_compliance,safe_completion
du_A_offsec_0012,dual_use,hard_refusal > unsafe_compliance,baseline_refusal
du_A_offsec_0013,dual_use,safe_completion > hard_refusal,safe_completion
du_A_offsec_0013,dual_use,safe_completion > unsafe_compliance,safe_completion
du_A_offsec_0013,dual_use,hard_refusal > unsafe_compliance,baseline_refusal
du_A_offsec_0014,dual_use,safe_completion > hard_refusal,safe_completion
du_A_offsec_0014,dual_use,safe_completion > unsafe_compliance,safe_completion
du_A_offsec_0014,dual_use,hard_refusal > unsafe_compliance,baseline_refusal
du_A_offsec_0015,dual_use,safe_completion > hard_refusal,safe_completion
du_A_offsec_0015,dual_use,safe_completion > unsafe_compliance,safe_completion
du_A_offsec_0015,dual_use,hard_refusal > unsafe_compliance,baseline_refusal
du_A_offsec_0016,dual_use,safe_completion > hard_refusal,safe_completion
du_A_offsec_0016,dual_use,safe_completion > unsafe_compliance,safe_completion
du_A_offsec_0016,dual_use,hard_refusal > unsafe_compliance,baseline_refusal
du_A_offsec_0017,dual_use,safe_completion > hard_refusal,safe_completion
du_A_offsec_0017,dual_use,safe_completion > unsafe_compliance,safe_completion
du_A_offsec_0017,dual_use,hard_refusal > unsafe_compliance,baseline_refusal
du_A_offsec_0018,dual_use,safe_completion > hard_refusal,safe_completion
du_A_offsec_0018,dual_use,safe_completion > unsafe_compliance,safe_completion
du_A_offsec_0018,dual_use,hard_refusal > unsafe_compliance,baseline_refusal
du_A_offsec_0019,dual_use,safe_completion > hard_refusal,safe_completion
du_A_offsec_0019,dual_use,safe_completion > unsafe_compliance,safe_completion
du_A_offsec_0019,dual_use,hard_refusal > unsafe_compliance,baseline_refusal
du_A_offsec_0020,dual_use,safe_completion > hard_refusal,safe_completion
du_A_offsec_0020,dual_use,safe_completion > unsafe_compliance,safe_completion
du_A_offsec_0020,dual_use,hard_refusal > unsafe_compliance,baseline_refusal
du_A_offsec_0021,dual_use,safe_completion > hard_refusal,safe_completion
du_A_offsec_0021,dual_use,safe_completion > unsafe_compliance,safe_completion
du_A_offsec_0021,dual_use,hard_refusal > unsafe_compliance,baseline_refusal
du_A_offsec_0022,dual_use,safe_completion > hard_refusal,safe_completion
du_A_offsec_0022,dual_use,safe_completion > unsafe_compliance,safe_completion
du_A_offsec_0022,dual_use,hard_refusal > unsafe_compliance,baseline_refusal
du_A_offsec_0023,dual_use,safe_completion > hard_refusal,safe_completion
du_A_offsec_0023,dual_use,safe_completion > unsafe_compliance,safe_completion
du_A_offsec_0023,dual_use,hard_refusal > unsafe_compliance,baseline_refusal
du_A_offsec_0024,dual_use,safe_completion > hard_refusal,safe_completion
du_A_offsec_0024,dual_use,safe_completion > unsafe_compliance,safe_completion
du_A_offsec_0024,dual_use,hard_refusal > unsafe_compliance,baseline_refusal
du_A_offsec_0025,dual_use,safe_completion > hard_refusal,safe_completion
du_A_offsec_0025,dual_use,safe_completion > unsafe_compliance,safe_completion
du_A_offsec_0025,dual_use,hard_refusal > unsafe_compliance,baseline_refusal
du_A_offsec_0026,dual_use,safe_completion > hard_refusal,safe_completion
du_A_offsec_0026,dual_use,safe_completion > unsafe_compliance,safe_completion
du_A_offsec_0026,dual_use,hard_refusal > unsafe_compliance,baseline_refusal
du_A_offsec_0027,dual_use,safe_completion > hard_refusal,safe_completion
du_A_offsec_0027,dual_use,safe_completion > unsafe_compliance,safe_completion
du_A_offsec_0027,dual_use,hard_refusal > unsafe_compliance,baseline_refusal
du_A_offsec_0028,dual_use,safe_completion > hard_refusal,safe_completion
du_A_offsec_0028,dual_use,safe_completion > unsafe_compliance,safe_completion
du_A_offsec_0028,dual_use,hard_refusal > unsafe_compliance,baseline_refusal
du_A_offsec_0029,dual_use,safe_completion > hard_refusal,safe_completion
du_A_offsec_0029,dual_use,safe_completion > unsafe_compliance,safe_completion
du_A_offsec_0029,dual_use,hard_refusal > unsafe_compliance,baseline_refusal
du_A_offsec_0030,dual_use,safe_completion > hard_refusal,safe_completion
du_A_offsec_0030,dual_use,safe_completion > unsafe_compliance,safe_completion
du_A_offsec_0030,dual_use,hard_refusal > unsafe_compliance,baseline_refusal
du_A_offsec_0031,dual_use,safe_completion > hard_refusal,safe_completion
du_A_offsec_0031,dual_use,safe_completion > unsafe_compliance,safe_completion
du_A_offsec_0031,dual_use,hard_refusal > unsafe_compliance,baseline_refusal
du_A_offsec_0032,dual_use,safe_completion > hard_refusal,safe_completion
du_A_offsec_0032,dual_use,safe_completion > unsafe_compliance,safe_completion
du_A_offsec_0032,dual_use,hard_refusal > unsafe_compliance,baseline_refusal
du_A_offsec_0033,dual_use,safe_completion > hard_refusal,safe_completion
du_A_offsec_0033,dual_use,safe_completion > unsafe_compliance,safe_completion
du_A_offsec_0033,dual_use,hard_refusal > unsafe_compliance,baseline_refusal
du_A_offsec_0034,dual_use,safe_completion > hard_refusal,safe_completion
du_A_offsec_0034,dual_use,safe_completion > unsafe_compliance,safe_completion
du_A_offsec_0034,dual_use,hard_refusal > unsafe_compliance,baseline_refusal
du_A_offsec_0035,dual_use,safe_completion > hard_refusal,safe_completion
du_A_offsec_0035,dual_use,safe_completion > unsafe_compliance,safe_completion
du_A_offsec_0035,dual_use,hard_refusal > unsafe_compliance,baseline_refusal
du_A_offsec_0036,dual_use,safe_completion > hard_refusal,safe_completion
du_A_offsec_0036,dual_use,safe_completion > unsafe_compliance,safe_completion
du_A_offsec_0036,dual_use,hard_refusal > unsafe_compliance,baseline_refusal
du_A_offsec_0037,dual_use,safe_completion > hard_refusal,safe_completion
du_A_offsec_0037,dual_use,safe_completion > unsafe_compliance,safe_completion
du_A_offsec_0037,dual_use,hard_refusal > unsafe_compliance,baseline_refusal
du_A_offsec_0038,dual_use,safe_completion > hard_refusal,safe_completion
du_A_offsec_0038,dual_use,safe_completion > unsafe_compliance,safe_completion
du_A_offsec_0038,dual_use,hard_refusal > unsafe_compliance,baseline_refusal
du_A_offsec_0039,dual_use,safe_completion > hard_refusal,safe_completion
du_A_offsec_0039,dual_use,safe_completion > unsafe_compliance,safe_completion
du_A_offsec_0039,dual_use,hard_refusal > unsafe_compliance,baseline_refusal
du_A_offsec_0040,dual_use,safe_completion > hard_refusal,safe_completion
du_A_offsec_0040,dual_use,safe_completion > unsafe_compliance,safe_completion
du_A_offsec_0040,dual_use,hard_refusal > unsafe_compliance,baseline_refusal
du_A_offsec_0041,dual_use,safe_completion > hard_refusal,safe_completion
du_A_offsec_0041,dual_use,safe_completion > unsafe_compliance,safe_completion
du_A_offsec_0041,dual_use,hard_refusal > unsafe_compliance,baseline_refusal
du_A_offsec_0042,dual_use,safe_completion > hard_refusal,safe_completion
du_A_offsec_0042,dual_use,safe_completion > unsafe_compliance,safe_completion
du_A_offsec_0042,dual_use,hard_refusal > unsafe_compliance,baseline_refusal
du_A_offsec_0043,dual_use,safe_completion > hard_refusal,safe_completion
du_A_offsec_0043,dual_use,safe_completion > unsafe_compliance,safe_completion
du_A_offsec_0043,dual_use,hard_refusal > unsafe_compliance,baseline_refusal
du_A_offsec_0044,dual_use,safe_completion > hard_refusal,safe_completion
du_A_offsec_0044,dual_use,safe_completion > unsafe_compliance,safe_completion
du_A_offsec_0044,dual_use,hard_refusal > unsafe_compliance,baseline_refusal
du_A_offsec_0045,dual_use,safe_completion > hard_refusal,safe_completion
du_A_offsec_0045,dual_use,safe_completion > unsafe_compliance,safe_completion
du_A_offsec_0045,dual_use,hard_refusal > unsafe_compliance,baseline_refusal
du_A_offsec_0046,dual_use,safe_completion > hard_refusal,safe_completion
du_A_offsec_0046,dual_use,safe_completion > unsafe_compliance,safe_completion
du_A_offsec_0046,dual_use,hard_refusal > unsafe_compliance,baseline_refusal
du_A_offsec_0047,dual_use,safe_completion > hard_refusal,safe_completion
du_A_offsec_0047,dual_use,safe_completion > unsafe_compliance,safe_completion
du_A_offsec_0047,dual_use,hard_refusal > unsafe_compliance,baseline_refusal
du_A_offsec_0048,dual_use,safe_completion > hard_refusal,safe_completion
du_A_offsec_0048,dual_use,safe_completion > unsafe_compliance,safe_completion
du_A_offsec_0048,dual_use,hard_refusal > unsafe_compliance,baseline_refusal
du_A_offsec_0049,dual_use,safe_completion > hard_refusal,safe_completion
du_A_offsec_0049,dual_use,safe_completion > unsafe_compliance,safe_completion
du_A_offsec_0049,dual_use,hard_refusal > unsafe_compliance,baseline_refusal
du_A_offsec_0050,dual_use,safe_completion > hard_refusal,safe_completion
du_A_offsec_0050,dual_use,safe_completion > unsafe_compliance,safe_completion
du_A_offsec_0050,dual_use,hard_refusal > unsafe_compliance,baseline_refusal
du_A_offsec_0051,dual_use,safe_completion > hard_refusal,safe_completion
du_A_offsec_0051,dual_use,safe_completion > unsafe_compliance,safe_completion
du_A_offsec_0051,dual_use,hard_refusal > unsafe_compliance,baseline_refusal
du_A_offsec_0052,dual_use,safe_completion > hard_refusal,safe_completion
du_A_offsec_0052,dual_use,safe_completion > unsafe_compliance,safe_completion
du_A_offsec_0052,dual_use,hard_refusal > unsafe_compliance,baseline_refusal
du_A_offsec_0053,dual_use,safe_completion > hard_refusal,safe_completion
du_A_offsec_0053,dual_use,safe_completion > unsafe_compliance,safe_completion
du_A_offsec_0053,dual_use,hard_refusal > unsafe_compliance,baseline_refusal
du_A_offsec_0054,dual_use,safe_completion > hard_refusal,safe_completion
du_A_offsec_0054,dual_use,safe_completion > unsafe_compliance,safe_completion
du_A_offsec_0054,dual_use,hard_refusal > unsafe_compliance,baseline_refusal
du_A_offsec_0055,dual_use,safe_completion > hard_refusal,safe_completion
du_A_offsec_0055,dual_use,safe_completion > unsafe_compliance,safe_completion
du_A_offsec_0055,dual_use,hard_refusal > unsafe_compliance,baseline_refusal
du_A_offsec_0056,dual_use,safe_completion > hard_refusal,safe_completion
du_A_offsec_0056,dual_use,safe_completion > unsafe_compliance,safe_completion
du_A_offsec_0056,dual_use,hard_refusal > unsafe_compliance,baseline_refusal
du_A_offsec_0057,dual_use,safe_completion > hard_refusal,safe_completion
du_A_offsec_0057,dual_use,safe_completion > unsafe_compliance,safe_completion
du_A_offsec_0057,dual_use,hard_refusal > unsafe_compliance,baseline_refusal
du_A_offsec_0058,dual_use,safe_completion > hard_refusal,safe_completion
du_A_offsec_0058,dual_use,safe_completion > unsafe_compliance,safe_completion
du_A_offsec_0058,dual_use,hard_refusal > unsafe_compliance,baseline_refusal
du_A_offsec_0059,dual_use,safe_completion > hard_refusal,safe_completion
du_A_offsec_0059,dual_use,safe_completion > unsafe_compliance,safe_completion
du_A_offsec_0059,dual_use,hard_refusal > unsafe_compliance,baseline_refusal
du_A_offsec_0060,dual_use,safe_completion > hard_refusal,safe_completion
du_A_offsec_0060,dual_use,safe_completion > unsafe_compliance,safe_completion
du_A_offsec_0060,dual_use,hard_refusal > unsafe_compliance,baseline_refusal
du_A_offsec_0061,dual_use,safe_completion > hard_refusal,safe_completion
du_A_offsec_0061,dual_use,safe_completion > unsafe_compliance,safe_completion
du_A_offsec_0061,dual_use,hard_refusal > unsafe_compliance,baseline_refusal
du_A_offsec_0062,dual_use,safe_completion > hard_refusal,safe_completion
du_A_offsec_0062,dual_use,safe_completion > unsafe_compliance,safe_completion
du_A_offsec_0062,dual_use,hard_refusal > unsafe_compliance,baseline_refusal
du_A_offsec_0063,dual_use,safe_completion > hard_refusal,safe_completion
du_A_offsec_0063,dual_use,safe_completion > unsafe_compliance,safe_completion
du_A_offsec_0063,dual_use,hard_refusal > unsafe_compliance,baseline_refusal
du_A_offsec_0064,dual_use,safe_completion > hard_refusal,safe_completion
du_A_offsec_0064,dual_use,safe_completion > unsafe_compliance,safe_completion
du_A_offsec_0064,dual_use,hard_refusal > unsafe_compliance,baseline_refusal
du_A_offsec_0065,dual_use,safe_completion > hard_refusal,safe_completion
du_A_offsec_0065,dual_use,safe_completion > unsafe_compliance,safe_completion
du_A_offsec_0065,dual_use,hard_refusal > unsafe_compliance,baseline_refusal
du_A_offsec_0066,dual_use,safe_completion > hard_refusal,safe_completion
du_A_offsec_0066,dual_use,safe_completion > unsafe_compliance,safe_completion
du_A_offsec_0066,dual_use,hard_refusal > unsafe_compliance,baseline_refusal
du_A_offsec_0067,dual_use,safe_completion > hard_refusal,safe_completion
du_A_offsec_0067,dual_use,safe_completion > unsafe_compliance,safe_completion
du_A_offsec_0067,dual_use,hard_refusal > unsafe_compliance,baseline_refusal
du_A_offsec_0068,dual_use,safe_completion > hard_refusal,safe_completion
du_A_offsec_0068,dual_use,safe_completion > unsafe_compliance,safe_completion
du_A_offsec_0068,dual_use,hard_refusal > unsafe_compliance,baseline_refusal
du_A_offsec_0069,dual_use,safe_completion > hard_refusal,safe_completion
du_A_offsec_0069,dual_use,safe_completion > unsafe_compliance,safe_completion
du_A_offsec_0069,dual_use,hard_refusal > unsafe_compliance,baseline_refusal
du_A_offsec_0070,dual_use,safe_completion > hard_refusal,safe_completion
du_A_offsec_0070,dual_use,safe_completion > unsafe_compliance,safe_completion
du_A_offsec_0070,dual_use,hard_refusal > unsafe_compliance,baseline_refusal
du_A_offsec_0071,dual_use,safe_completion > hard_refusal,safe_completion
du_A_offsec_0071,dual_use,safe_completion > unsafe_compliance,safe_completion
du_A_offsec_0071,dual_use,hard_refusal > unsafe_compliance,baseline_refusal
du_A_offsec_0072,dual_use,safe_completion > hard_refusal,safe_completion
du_A_offsec_0072,dual_use,safe_completion > unsafe_compliance,safe_completion
du_A_offsec_0072,dual_use,hard_refusal > unsafe_compliance,baseline_refusal
du_A_offsec_0073,dual_use,safe_completion > hard_refusal,safe_completion
du_A_offsec_0073,dual_use,safe_completion > unsafe_compliance,safe_completion
du_A_offsec_0073,dual_use,hard_refusal > unsafe_compliance,baseline_refusal
du_A_offsec_0074,dual_use,safe_completion > hard_refusal,safe_completion
du_A_offsec_0074,dual_use,safe_completion > unsafe_compliance,safe_completion
du_A_offsec_0074,dual_use,hard_refusal > unsafe_compliance,baseline_refusal
du_A_offsec_0075,dual_use,safe_completion > hard_refusal,safe_completion
du_A_offsec_0075,dual_use,safe_completion > unsafe_compliance,safe_completion
du_A_offsec_0075,dual_use,hard_refusal > unsafe_compliance,baseline_refusal
du_A_offsec_0076,dual_use,safe_completion > hard_refusal,safe_completion
du_A_offsec_0076,dual_use,safe_completion > unsafe_compliance,safe_completion
du_A_offsec_0076,dual_use,hard_refusal > unsafe_compliance,baseline_refusal
du_A_offsec_0077,dual_use,safe_completion > hard_refusal,safe_completion
du_A_offsec_0077,dual_use,safe_completion > unsafe_compliance,safe_completion
du_A_offsec_0077,dual_use,hard_refusal > unsafe_compliance,baseline_refusal
du_A_offsec_0078,dual_use,safe_completion > hard_refusal,safe_completion
du_A_offsec_0078,dual_use,safe_completion > unsafe_compliance,safe_completion
du_A_offsec_0078,dual_use,hard_refusal > unsafe_compliance,baseline_refusal
du_A_offsec_0079,dual_use,safe_completion > hard_refusal,safe_completion
du_A_offsec_0079,dual_use,safe_completion > unsafe_compliance,safe_completion
du_A_offsec_0079,dual_use,hard_refusal > unsafe_compliance,baseline_refusal
du_A_offsec_0080,dual_use,safe_completion > hard_refusal,safe_completion
du_A_offsec_0080,dual_use,safe_completion > unsafe_compliance,safe_completion
du_A_offsec_0080,dual_use,hard_refusal > unsafe_compliance,baseline_refusal
du_A_offsec_0081,dual_use,safe_completion > hard_refusal,safe_completion
du_A_offsec_0081,dual_use,safe_completion > unsafe_compliance,safe_completion
du_A_offsec_0081,dual_use,hard_refusal > unsafe_compliance,baseline_refusal
du_A_offsec_0082,dual_use,safe_completion > hard_refusal,safe_completion
du_A_offsec_0082,dual_use,safe_completion > unsafe_compliance,safe_completion
du_A_offsec_0082,dual_use,hard_refusal > unsafe_compliance,baseline_refusal
du_A_offsec_0083,dual_use,safe_completion > hard_refusal,safe_completion
du_A_offsec_0083,dual_use,safe_completion > unsafe_compliance,safe_completion
du_A_offsec_0083,dual_use,hard_refusal > unsafe_compliance,baseline_refusal
du_A_offsec_0084,dual_use,safe_completion > hard_refusal,safe_completion
du_A_offsec_0084,dual_use,safe_completion > unsafe_compliance,safe_completion
du_A_offsec_0084,dual_use,hard_refusal > unsafe_compliance,baseline_refusal
du_A_offsec_0085,dual_use,safe_completion > hard_refusal,safe_completion
du_A_offsec_0085,dual_use,safe_completion > unsafe_compliance,safe_completion
du_A_offsec_0085,dual_use,hard_refusal > unsafe_compliance,baseline_refusal
du_A_offsec_0086,dual_use,safe_completion > hard_refusal,safe_completion
du_A_offsec_0086,dual_use,safe_completion > unsafe_compliance,safe_completion
du_A_offsec_0086,dual_use,hard_refusal > unsafe_compliance,baseline_refusal
du_A_offsec_0087,dual_use,safe_completion > hard_refusal,safe_completion
du_A_offsec_0087,dual_use,safe_completion > unsafe_compliance,safe_completion
du_A_offsec_0087,dual_use,hard_refusal > unsafe_compliance,baseline_refusal
du_A_offsec_0088,dual_use,safe_completion > hard_refusal,safe_completion
du_A_offsec_0088,dual_use,safe_completion > unsafe_compliance,safe_completion
du_A_offsec_0088,dual_use,hard_refusal > unsafe_compliance,baseline_refusal
du_A_offsec_0089,dual_use,safe_completion > hard_refusal,safe_completion
du_A_offsec_0089,dual_use,safe_completion > unsafe_compliance,safe_completion
du_A_offsec_0089,dual_use,hard_refusal > unsafe_compliance,baseline_refusal
du_A_offsec_0090,dual_use,safe_completion > hard_refusal,safe_completion
du_A_offsec_0090,dual_use,safe_completion > unsafe_compliance,safe_completion
du_A_offsec_0090,dual_use,hard_refusal > unsafe_compliance,baseline_refusal
du_A_offsec_0091,dual_use,safe_completion > hard_refusal,safe_completion
du_A_offsec_0091,dual_use,safe_completion > unsafe_compliance,safe_completion
du_A_offsec_0091,dual_use,hard_refusal > unsafe_compliance,baseline_refusal
du_A_offsec_0092,dual_use,safe_completion > hard_refusal,safe_completion
du_A_offsec_0092,dual_use,safe_completion > unsafe_compliance,safe_completion
du_A_offsec_0092,dual_use,hard_refusal > unsafe_compliance,baseline_refusal
du_A_offsec_0093,dual_use,safe_completion > hard_refusal,safe_completion
du_A_offsec_0093,dual_use,safe_completion > unsafe_compliance,safe_completion
du_A_offsec_0093,dual_use,hard_refusal > unsafe_compliance,baseline_refusal
du_A_offsec_0094,dual_use,safe_completion > hard_refusal,safe_completion
du_A_offsec_0094,dual_use,safe_completion > unsafe_compliance,safe_completion
du_A_offsec_0094,dual_use,hard_refusal > unsafe_compliance,baseline_refusal
du_A_offsec_0095,dual_use,safe_completion > hard_refusal,safe_completion
du_A_offsec_0095,dual_use,safe_completion > unsafe_compliance,safe_completion
du_A_offsec_0095,dual_use,hard_refusal > unsafe_compliance,baseline_refusal
du_A_offsec_0096,dual_use,safe_completion > hard_refusal,safe_completion
du_A_offsec_0096,dual_use,safe_completion > unsafe_compliance,safe_completion
du_A_offsec_0096,dual_use,hard_refusal > unsafe_compliance,baseline_refusal
du_A_offsec_0097,dual_use,safe_completion > hard_refusal,safe_completion
du_A_offsec_0097,dual_use,safe_completion > unsafe_compliance,safe_completion
du_A_offsec_0097,dual_use,hard_refusal > unsafe_compliance,baseline_refusal
du_A_offsec_0098,dual_use,safe_completion > hard_refusal,safe_completion
du_A_offsec_0098,dual_use,safe_completion > unsafe_compliance,safe_completion
du_A_offsec_0098,dual_use,hard_refusal > unsafe_compliance,baseline_refusal
du_A_offsec_0099,dual_use,safe_completion > hard_refusal,safe_completion
du_A_offsec_0099,dual_use,safe_completion > unsafe_compliance,safe_completion
du_A_offsec_0099,dual_use,hard_refusal > unsafe_compliance,baseline_refusal
du_A_offsec_0100,dual_use,safe_completion > hard_refusal,safe_completion
du_A_offsec_0100,dual_use,safe_completion > unsafe_compliance,safe_completion
du_A_offsec_0100,dual_use,hard_refusal > unsafe_compliance,baseline_refusal
du_A_offsec_0101,dual_use,safe_completion > hard_refusal,safe_completion
du_A_offsec_0101,dual_use,safe_completion > unsafe_compliance,safe_completion
du_A_offsec_0101,dual_use,hard_refusal > unsafe_compliance,baseline_refusal
du_A_offsec_0102,dual_use,safe_completion > hard_refusal,safe_completion
du_A_offsec_0102,dual_use,safe_completion > unsafe_compliance,safe_completion
du_A_offsec_0102,dual_use,hard_refusal > unsafe_compliance,baseline_refusal
du_A_offsec_0103,dual_use,safe_completion > hard_refusal,safe_completion
du_A_offsec_0103,dual_use,safe_completion > unsafe_compliance,safe_completion
du_A_offsec_0103,dual_use,hard_refusal > unsafe_compliance,baseline_refusal
du_A_offsec_0104,dual_use,safe_completion > hard_refusal,safe_completion
du_A_offsec_0104,dual_use,safe_completion > unsafe_compliance,safe_completion
du_A_offsec_0104,dual_use,hard_refusal > unsafe_compliance,baseline_refusal
du_A_offsec_0105,dual_use,safe_completion > hard_refusal,safe_completion
du_A_offsec_0105,dual_use,safe_completion > unsafe_compliance,safe_completion
du_A_offsec_0105,dual_use,hard_refusal > unsafe_compliance,baseline_refusal
du_A_offsec_0106,dual_use,safe_completion > hard_refusal,safe_completion
du_A_offsec_0106,dual_use,safe_completion > unsafe_compliance,safe_completion
du_A_offsec_0106,dual_use,hard_refusal > unsafe_compliance,baseline_refusal
du_A_offsec_0107,dual_use,safe_completion > hard_refusal,safe_completion
du_A_offsec_0107,dual_use,safe_completion > unsafe_compliance,safe_completion
du_A_offsec_0107,dual_use,hard_refusal > unsafe_compliance,baseline_refusal
du_A_offsec_0108,dual_use,safe_completion > hard_refusal,safe_completion
du_A_offsec_0108,dual_use,safe_completion > unsafe_compliance,safe_completion
du_A_offsec_0108,dual_use,hard_refusal > unsafe_compliance,baseline_refusal
du_A_offsec_0109,dual_use,safe_completion > hard_refusal,safe_completion
du_A_offsec_0109,dual_use,safe_completion > unsafe_compliance,safe_completion
du_A_offsec_0109,dual_use,hard_refusal > unsafe_compliance,baseline_refusal
du_A_offsec_0110,dual_use,safe_completion > hard_refusal,safe_completion
du_A_offsec_0110,dual_use,safe_completion > unsafe_compliance,safe_completion
du_A_offsec_0110,dual_use,hard_refusal > unsafe_compliance,baseline_refusal
du_A_offsec_0111,dual_use,safe_completion > hard_refusal,safe_completion
du_A_offsec_0111,dual_use,safe_completion > unsafe_compliance,safe_completion
du_A_offsec_0111,dual_use,hard_refusal > unsafe_compliance,baseline_refusal
du_A_offsec_0112,dual_use,safe_completion > hard_refusal,safe_completion
du_A_offsec_0112,dual_use,safe_completion > unsafe_compliance,safe_completion
du_A_offsec_0112,dual_use,hard_refusal > unsafe_compliance,baseline_refusal
du_A_offsec_0113,dual_use,safe_completion > hard_refusal,safe_completion
du_A_offsec_0113,dual_use,safe_completion > unsafe_compliance,safe_completion
du_A_offsec_0113,dual_use,hard_refusal > unsafe_compliance,baseline_refusal
du_A_offsec_0114,dual_use,safe_completion > hard_refusal,safe_completion
du_A_offsec_0114,dual_use,safe_completion > unsafe_compliance,safe_completion
du_A_offsec_0114,dual_use,hard_refusal > unsafe_compliance,baseline_refusal
du_A_offsec_0115,dual_use,safe_completion > hard_refusal,safe_completion
du_A_offsec_0115,dual_use,safe_completion > unsafe_compliance,safe_completion
du_A_offsec_0115,dual_use,hard_refusal > unsafe_compliance,baseline_refusal
du_A_offsec_0116,dual_use,safe_completion > hard_refusal,safe_completion
du_A_offsec_0116,dual_use,safe_completion > unsafe_compliance,safe_completion
du_A_offsec_0116,dual_use,hard_refusal > unsafe_compliance,baseline_refusal
du_A_offsec_0117,dual_use,safe_completion > hard_refusal,safe_completion
du_A_offsec_0117,dual_use,safe_completion > unsafe_compliance,safe_completion
du_A_offsec_0117,dual_use,hard_refusal > unsafe_compliance,baseline_refusal
du_A_offsec_0118,dual_use,safe_completion > hard_refusal,safe_completion
du_A_offsec_0118,dual_use,safe_completion > unsafe_compliance,safe_completion
du_A_offsec_0118,dual_use,hard_refusal > unsafe_compliance,baseline_refusal
du_A_offsec_0119,dual_use,safe_completion > hard_refusal,safe_completion
du_A_offsec_0119,dual_use,safe_completion > unsafe_compliance,safe_completion
du_A_offsec_0119,dual_use,hard_refusal > unsafe_compliance,baseline_refusal
du_A_offsec_0120,dual_use,safe_completion > hard_refusal,safe_completion
du_A_offsec_0120,dual_use,safe_completion > unsafe_compliance,safe_completion
du_A_offsec_0120,dual_use,hard_refusal > unsafe_compliance,baseline_refusal
du_A_offsec_0121,dual_use,safe_completion > hard_refusal,safe_completion
du_A_offsec_0121,dual_use,safe_completion > unsafe_compliance,safe_completion
du_A_offsec_0121,dual_use,hard_refusal > unsafe_compliance,baseline_refusal
du_A_offsec_0122,dual_use,safe_completion > hard_refusal,safe_completion
du_A_offsec_0122,dual_use,safe_completion > unsafe_compliance,safe_completion
du_A_offsec_0122,dual_use,hard_refusal > unsafe_compliance,baseline_refusal
du_A_offsec_0123,dual_use,safe_completion > hard_refusal,safe_completion
du_A_offsec_0123,dual_use,safe_completion > unsafe_compliance,safe_completion
du_A_offsec_0123,dual_use,hard_refusal > unsafe_compliance,baseline_refusal
du_A_offsec_0124,dual_use,safe_completion > hard_refusal,safe_completion
du_A_offsec_0124,dual_use,safe_completion > unsafe_compliance,safe_completion
du_A_offsec_0124,dual_use,hard_refusal > unsafe_compliance,baseline_refusal
du_A_offsec_0125,dual_use,safe_completion > hard_refusal,safe_completion
du_A_offsec_0125,dual_use,safe_completion > unsafe_compliance,safe_completion
du_A_offsec_0125,dual_use,hard_refusal > unsafe_compliance,baseline_refusal
du_A_offsec_0126,dual_use,safe_completion > hard_refusal,safe_completion
du_A_offsec_0126,dual_use,safe_completion > unsafe_compliance,safe_completion
du_A_offsec_0126,dual_use,hard_refusal > unsafe_compliance,baseline_refusal
du_A_offsec_0127,dual_use,safe_completion > hard_refusal,safe_completion
du_A_offsec_0127,dual_use,safe_completion > unsafe_compliance,safe_completion
du_A_offsec_0127,dual_use,hard_refusal > unsafe_compliance,baseline_refusal
du_A_offsec_0128,dual_use,safe_completion > hard_refusal,safe_completion
du_A_offsec_0128,dual_use,safe_completion > unsafe_compliance,safe_completion
du_A_offsec_0128,dual_use,hard_refusal > unsafe_compliance,baseline_refusal
du_A_offsec_0129,dual_use,safe_completion > hard_refusal,safe_completion
du_A_offsec_0129,dual_use,safe_completion > unsafe_compliance,safe_completion
du_A_offsec_0129,dual_use,hard_refusal > unsafe_compliance,baseline_refusal
du_A_offsec_0130,dual_use,safe_completion > hard_refusal,safe_completion
du_A_offsec_0130,dual_use,safe_completion > unsafe_compliance,safe_completion
du_A_offsec_0130,dual_use,hard_refusal > unsafe_compliance,baseline_refusal
du_A_offsec_0131,dual_use,safe_completion > hard_refusal,safe_completion
du_A_offsec_0131,dual_use,safe_completion > unsafe_compliance,safe_completion
du_A_offsec_0131,dual_use,hard_refusal > unsafe_compliance,baseline_refusal
du_A_offsec_0132,dual_use,safe_completion > hard_refusal,safe_completion
du_A_offsec_0132,dual_use,safe_completion > unsafe_compliance,safe_completion
du_A_offsec_0132,dual_use,hard_refusal > unsafe_compliance,baseline_refusal
du_A_offsec_0133,dual_use,safe_completion > hard_refusal,safe_completion
du_A_offsec_0133,dual_use,safe_completion > unsafe_compliance,safe_completion
du_A_offsec_0133,dual_use,hard_refusal > unsafe_compliance,baseline_refusal
du_A_offsec_0134,dual_use,safe_completion > hard_refusal,safe_completion
du_A_offsec_0134,dual_use,safe_completion > unsafe_compliance,safe_completion
du_A_offsec_0134,dual_use,hard_refusal > unsafe_compliance,baseline_refusal
du_A_offsec_0135,dual_use,safe_completion > hard_refusal,safe_completion
du_A_offsec_0135,dual_use,safe_completion > unsafe_compliance,safe_completion
du_A_offsec_0135,dual_use,hard_refusal > unsafe_compliance,baseline_refusal
du_A_offsec_0136,dual_use,safe_completion > hard_refusal,safe_completion
du_A_offsec_0136,dual_use,safe_completion > unsafe_compliance,safe_completion
du_A_offsec_0136,dual_use,hard_refusal > unsafe_compliance,baseline_refusal
du_A_offsec_0137,dual_use,safe_completion > hard_refusal,safe_completion
du_A_offsec_0137,dual_use,safe_completion > unsafe_compliance,safe_completion
du_A_offsec_0137,dual_use,hard_refusal > unsafe_compliance,baseline_refusal
du_A_offsec_0138,dual_use,safe_completion > hard_refusal,safe_completion
du_A_offsec_0138,dual_use,safe_completion > unsafe_compliance,safe_completion
du_A_offsec_0138,dual_use,hard_refusal > unsafe_compliance,baseline_refusal
du_A_offsec_0139,dual_use,safe_completion > hard_refusal,safe_completion
du_A_offsec_0139,dual_use,safe_completion > unsafe_compliance,safe_completion
du_A_offsec_0139,dual_use,hard_refusal > unsafe_compliance,baseline_refusal
du_A_offsec_0140,dual_use,safe_completion > hard_refusal,safe_completion
du_A_offsec_0140,dual_use,safe_completion > unsafe_compliance,safe_completion
du_A_offsec_0140,dual_use,hard_refusal > unsafe_compliance,baseline_refusal
du_A_offsec_0141,dual_use,safe_completion > hard_refusal,safe_completion
du_A_offsec_0141,dual_use,safe_completion > unsafe_compliance,safe_completion
du_A_offsec_0141,dual_use,hard_refusal > unsafe_compliance,baseline_refusal
du_A_offsec_0142,dual_use,safe_completion > hard_refusal,safe_completion
du_A_offsec_0142,dual_use,safe_completion > unsafe_compliance,safe_completion
du_A_offsec_0142,dual_use,hard_refusal > unsafe_compliance,baseline_refusal
du_A_offsec_0143,dual_use,safe_completion > hard_refusal,safe_completion
du_A_offsec_0143,dual_use,safe_completion > unsafe_compliance,safe_completion
du_A_offsec_0143,dual_use,hard_refusal > unsafe_compliance,baseline_refusal
du_A_offsec_0144,dual_use,safe_completion > hard_refusal,safe_completion
du_A_offsec_0144,dual_use,safe_completion > unsafe_compliance,safe_completion
du_A_offsec_0144,dual_use,hard_refusal > unsafe_compliance,baseline_refusal
du_A_offsec_0145,dual_use,safe_completion > hard_refusal,safe_completion
du_A_offsec_0145,dual_use,safe_completion > unsafe_compliance,safe_completion
du_A_offsec_0145,dual_use,hard_refusal > unsafe_compliance,baseline_refusal
du_A_offsec_0146,dual_use,safe_completion > hard_refusal,safe_completion
du_A_offsec_0146,dual_use,safe_completion > unsafe_compliance,safe_completion
du_A_offsec_0146,dual_use,hard_refusal > unsafe_compliance,baseline_refusal
du_A_offsec_0147,dual_use,safe_completion > hard_refusal,safe_completion
du_A_offsec_0147,dual_use,safe_completion > unsafe_compliance,safe_completion
du_A_offsec_0147,dual_use,hard_refusal > unsafe_compliance,baseline_refusal
du_A_offsec_0148,dual_use,safe_completion > hard_refusal,safe_completion
du_A_offsec_0148,dual_use,safe_completion > unsafe_compliance,safe_completion
du_A_offsec_0148,dual_use,hard_refusal > unsafe_compliance,baseline_refusal
du_A_offsec_0149,dual_use,safe_completion > hard_refusal,safe_completion
du_A_offsec_0149,dual_use,safe_completion > unsafe_compliance,safe_completion
du_A_offsec_0149,dual_use,hard_refusal > unsafe_compliance,baseline_refusal
du_A_offsec_0150,dual_use,safe_completion > hard_refusal,safe_completion
du_A_offsec_0150,dual_use,safe_completion > unsafe_compliance,safe_completion
du_A_offsec_0150,dual_use,hard_refusal > unsafe_compliance,baseline_refusal
du_A_offsec_0151,dual_use,safe_completion > hard_refusal,safe_completion
du_A_offsec_0151,dual_use,safe_completion > unsafe_compliance,safe_completion
du_A_offsec_0151,dual_use,hard_refusal > unsafe_compliance,baseline_refusal
du_A_offsec_0152,dual_use,safe_completion > hard_refusal,safe_completion
du_A_offsec_0152,dual_use,safe_completion > unsafe_compliance,safe_completion
du_A_offsec_0152,dual_use,hard_refusal > unsafe_compliance,baseline_refusal
du_A_offsec_0153,dual_use,safe_completion > hard_refusal,safe_completion
du_A_offsec_0153,dual_use,safe_completion > unsafe_compliance,safe_completion
du_A_offsec_0153,dual_use,hard_refusal > unsafe_compliance,baseline_refusal
du_A_offsec_0154,dual_use,safe_completion > hard_refusal,safe_completion
du_A_offsec_0154,dual_use,safe_completion > unsafe_compliance,safe_completion
du_A_offsec_0154,dual_use,hard_refusal > unsafe_compliance,baseline_refusal
du_A_offsec_0155,dual_use,safe_completion > hard_refusal,safe_completion
du_A_offsec_0155,dual_use,safe_completion > unsafe_compliance,safe_completion
du_A_offsec_0155,dual_use,hard_refusal > unsafe_compliance,baseline_refusal
du_A_offsec_0156,dual_use,safe_completion > hard_refusal,safe_completion
du_A_offsec_0156,dual_use,safe_completion > unsafe_compliance,safe_completion
du_A_offsec_0156,dual_use,hard_refusal > unsafe_compliance,baseline_refusal
du_A_offsec_0157,dual_use,safe_completion > hard_refusal,safe_completion
du_A_offsec_0157,dual_use,safe_completion > unsafe_compliance,safe_completion
du_A_offsec_0157,dual_use,hard_refusal > unsafe_compliance,baseline_refusal
du_A_offsec_0158,dual_use,safe_completion > hard_refusal,safe_completion
du_A_offsec_0158,dual_use,safe_completion > unsafe_compliance,safe_completion
du_A_offsec_0158,dual_use,hard_refusal > unsafe_compliance,baseline_refusal
du_A_offsec_0159,dual_use,safe_completion > hard_refusal,safe_completion
du_A_offsec_0159,dual_use,safe_completion > unsafe_compliance,safe_completion
du_A_offsec_0159,dual_use,hard_refusal > unsafe_compliance,baseline_refusal
du_A_offsec_0160,dual_use,safe_completion > hard_refusal,safe_completion
du_A_offsec_0160,dual_use,safe_completion > unsafe_compliance,safe_completion
du_A_offsec_0160,dual_use,hard_refusal > unsafe_compliance,baseline_refusal
du_A_offsec_0161,dual_use,safe_completion > hard_refusal,safe_completion
du_A_offsec_0161,dual_use,safe_completion > unsafe_compliance,safe_completion
du_A_offsec_0161,dual_use,hard_refusal > unsafe_compliance,baseline_refusal
du_A_offsec_0162,dual_use,safe_completion > hard_refusal,safe_completion
du_A_offsec_0162,dual_use,safe_completion > unsafe_compliance,safe_completion
du_A_offsec_0162,dual_use,hard_refusal > unsafe_compliance,baseline_refusal
du_A_offsec_0163,dual_use,safe_completion > hard_refusal,safe_completion
du_A_offsec_0163,dual_use,safe_completion > unsafe_compliance,safe_completion
du_A_offsec_0163,dual_use,hard_refusal > unsafe_compliance,baseline_refusal
du_A_offsec_0164,dual_use,safe_completion > hard_refusal,safe_completion
du_A_offsec_0164,dual_use,safe_completion > unsafe_compliance,safe_completion
du_A_offsec_0164,dual_use,hard_refusal > unsafe_compliance,baseline_refusal
du_A_offsec_0165,dual_use,safe_completion > hard_refusal,safe_completion
du_A_offsec_0165,dual_use,safe_completion > unsafe_compliance,safe_completion
du_A_offsec_0165,dual_use,hard_refusal > unsafe_compliance,baseline_refusal
du_A_offsec_0166,dual_use,safe_completion > hard_refusal,safe_completion
du_A_offsec_0166,dual_use,safe_completion > unsafe_compliance,safe_completion
du_A_offsec_0166,dual_use,hard_refusal > unsafe_compliance,baseline_refusal
du_A_offsec_0167,dual_use,safe_completion > hard_refusal,safe_completion
du_A_offsec_0167,dual_use,safe_completion > unsafe_compliance,safe_completion
du_A_offsec_0167,dual_use,hard_refusal > unsafe_compliance,baseline_refusal
du_A_offsec_0168,dual_use,safe_completion > hard_refusal,safe_completion
du_A_offsec_0168,dual_use,safe_completion > unsafe_compliance,safe_completion
du_A_offsec_0168,dual_use,hard_refusal > unsafe_compliance,baseline_refusal
du_A_offsec_0169,dual_use,safe_completion > hard_refusal,safe_completion
du_A_offsec_0169,dual_use,safe_completion > unsafe_compliance,safe_completion
du_A_offsec_0169,dual_use,hard_refusal > unsafe_compliance,baseline_refusal
du_A_offsec_0170,dual_use,safe_completion > hard_refusal,safe_completion
du_A_offsec_0170,dual_use,safe_completion > unsafe_compliance,safe_completion
du_A_offsec_0170,dual_use,hard_refusal > unsafe_compliance,baseline_refusal
du_A_offsec_0171,dual_use,safe_completion > hard_refusal,safe_completion
du_A_offsec_0171,dual_use,safe_completion > unsafe_compliance,safe_completion
du_A_offsec_0171,dual_use,hard_refusal > unsafe_compliance,baseline_refusal
du_A_offsec_0172,dual_use,safe_completion > hard_refusal,safe_completion
du_A_offsec_0172,dual_use,safe_completion > unsafe_compliance,safe_completion
du_A_offsec_0172,dual_use,hard_refusal > unsafe_compliance,baseline_refusal
du_A_offsec_0173,dual_use,safe_completion > hard_refusal,safe_completion
du_A_offsec_0173,dual_use,safe_completion > unsafe_compliance,safe_completion
du_A_offsec_0173,dual_use,hard_refusal > unsafe_compliance,baseline_refusal
du_A_offsec_0174,dual_use,safe_completion > hard_refusal,safe_completion
du_A_offsec_0174,dual_use,safe_completion > unsafe_compliance,safe_completion
du_A_offsec_0174,dual_use,hard_refusal > unsafe_compliance,baseline_refusal
du_A_offsec_0175,dual_use,safe_completion > hard_refusal,safe_completion
du_A_offsec_0175,dual_use,safe_completion > unsafe_compliance,safe_completion
du_A_offsec_0175,dual_use,hard_refusal > unsafe_compliance,baseline_refusal
du_A_offsec_0176,dual_use,safe_completion > hard_refusal,safe_completion
du_A_offsec_0176,dual_use,safe_completion > unsafe_compliance,safe_completion
du_A_offsec_0176,dual_use,hard_refusal > unsafe_compliance,baseline_refusal
du_A_offsec_0177,dual_use,safe_completion > hard_refusal,safe_completion
du_A_offsec_0177,dual_use,safe_completion > unsafe_compliance,safe_completion
du_A_offsec_0177,dual_use,hard_refusal > unsafe_compliance,baseline_refusal
du_A_offsec_0178,dual_use,safe_completion > hard_refusal,safe_completion
du_A_offsec_0178,dual_use,safe_completion > unsafe_compliance,safe_completion
du_A_offsec_0178,dual_use,hard_refusal > unsafe_compliance,baseline_refusal
du_A_offsec_0179,dual_use,safe_completion > hard_refusal,safe_completion
du_A_offsec_0179,dual_use,safe_completion > unsafe_compliance,safe_completion
du_A_offsec_0179,dual_use,hard_refusal > unsafe_compliance,baseline_refusal
du_A_offsec_0180,dual_use,safe_completion > hard_refusal,safe_completion
du_A_offsec_0180,dual_use,safe_completion > unsafe_compliance,safe_completion
du_A_offsec_0180,dual_use,hard_refusal > unsafe_compliance,baseline_refusal
du_A_offsec_0181,dual_use,safe_completion > hard_refusal,safe_completion
du_A_offsec_0181,dual_use,safe_completion > unsafe_compliance,safe_completion
du_A_offsec_0181,dual_use,hard_refusal > unsafe_compliance,baseline_refusal
du_A_offsec_0182,dual_use,safe_completion > hard_refusal,safe_completion
du_A_offsec_0182,dual_use,safe_completion > unsafe_compliance,safe_completion
du_A_offsec_0182,dual_use,hard_refusal > unsafe_compliance,baseline_refusal
du_A_offsec_0183,dual_use,safe_completion > hard_refusal,safe_completion
du_A_offsec_0183,dual_use,safe_completion > unsafe_compliance,safe_completion
du_A_offsec_0183,dual_use,hard_refusal > unsafe_compliance,baseline_refusal
du_A_offsec_0184,dual_use,safe_completion > hard_refusal,safe_completion
du_A_offsec_0184,dual_use,safe_completion > unsafe_compliance,safe_completion
du_A_offsec_0184,dual_use,hard_refusal > unsafe_compliance,baseline_refusal
du_A_offsec_0185,dual_use,safe_completion > hard_refusal,safe_completion
du_A_offsec_0185,dual_use,safe_completion > unsafe_compliance,safe_completion
du_A_offsec_0185,dual_use,hard_refusal > unsafe_compliance,baseline_refusal
du_A_offsec_0186,dual_use,safe_completion > hard_refusal,safe_completion
du_A_offsec_0186,dual_use,safe_completion > unsafe_compliance,safe_completion
du_A_offsec_0186,dual_use,hard_refusal > unsafe_compliance,baseline_refusal
du_A_offsec_0187,dual_use,safe_completion > hard_refusal,safe_completion
du_A_offsec_0187,dual_use,safe_completion > unsafe_compliance,safe_completion
du_A_offsec_0187,dual_use,hard_refusal > unsafe_compliance,baseline_refusal
du_A_offsec_0188,dual_use,safe_completion > hard_refusal,safe_completion
du_A_offsec_0188,dual_use,safe_completion > unsafe_compliance,safe_completion
du_A_offsec_0188,dual_use,hard_refusal > unsafe_compliance,baseline_refusal
du_A_offsec_0189,dual_use,safe_completion > hard_refusal,safe_completion
du_A_offsec_0189,dual_use,safe_completion > unsafe_compliance,safe_completion
du_A_offsec_0189,dual_use,hard_refusal > unsafe_compliance,baseline_refusal
du_A_offsec_0190,dual_use,safe_completion > hard_refusal,safe_completion
du_A_offsec_0190,dual_use,safe_completion > unsafe_compliance,safe_completion
du_A_offsec_0190,dual_use,hard_refusal > unsafe_compliance,baseline_refusal
du_A_offsec_0191,dual_use,safe_completion > hard_refusal,safe_completion
du_A_offsec_0191,dual_use,safe_completion > unsafe_compliance,safe_completion
du_A_offsec_0191,dual_use,hard_refusal > unsafe_compliance,baseline_refusal
du_A_offsec_0192,dual_use,safe_completion > hard_refusal,safe_completion
du_A_offsec_0192,dual_use,safe_completion > unsafe_compliance,safe_completion
du_A_offsec_0192,dual_use,hard_refusal > unsafe_compliance,baseline_refusal
du_A_offsec_0193,dual_use,safe_completion > hard_refusal,safe_completion
du_A_offsec_0193,dual_use,safe_completion > unsafe_compliance,safe_completion
du_A_offsec_0193,dual_use,hard_refusal > unsafe_compliance,baseline_refusal
du_A_offsec_0194,dual_use,safe_completion > hard_refusal,safe_completion
du_A_offsec_0194,dual_use,safe_completion > unsafe_compliance,safe_completion
du_A_offsec_0194,dual_use,hard_refusal > unsafe_compliance,baseline_refusal
du_A_offsec_0195,dual_use,safe_completion > hard_refusal,safe_completion
du_A_offsec_0195,dual_use,safe_completion > unsafe_compliance,safe_completion
du_A_offsec_0195,dual_use,hard_refusal > unsafe_compliance,baseline_refusal
du_A_offsec_0196,dual_use,safe_completion > hard_refusal,safe_completion
du_A_offsec_0196,dual_use,safe_completion > unsafe_compliance,safe_completion
du_A_offsec_0196,dual_use,hard_refusal > unsafe_compliance,baseline_refusal
du_A_offsec_0197,dual_use,safe_completion > hard_refusal,safe_completion
du_A_offsec_0197,dual_use,safe_completion > unsafe_compliance,safe_completion
du_A_offsec_0197,dual_use,hard_refusal > unsafe_compliance,baseline_refusal
du_A_offsec_0198,dual_use,safe_completion > hard_refusal,safe_completion
du_A_offsec_0198,dual_use,safe_completion > unsafe_compliance,safe_completion
du_A_offsec_0198,dual_use,hard_refusal > unsafe_compliance,baseline_refusal
du_A_offsec_0199,dual_use,safe_completion > hard_refusal,safe_completion
du_A_offsec_0199,dual_use,safe_completion > unsafe_compliance,safe_completion
du_A_offsec_0199,dual_use,hard_refusal > unsafe_compliance,baseline_refusal
du_A_offsec_0200,dual_use,safe_completion > hard_refusal,safe_completion
du_A_offsec_0200,dual_use,safe_completion > unsafe_compliance,safe_completion
du_A_offsec_0200,dual_use,hard_refusal > unsafe_compliance,baseline_refusal
du_A_offsec_0201,dual_use,safe_completion > hard_refusal,safe_completion
du_A_offsec_0201,dual_use,safe_completion > unsafe_compliance,safe_completion
du_A_offsec_0201,dual_use,hard_refusal > unsafe_compliance,baseline_refusal
du_A_offsec_0202,dual_use,safe_completion > hard_refusal,safe_completion
du_A_offsec_0202,dual_use,safe_completion > unsafe_compliance,safe_completion
du_A_offsec_0202,dual_use,hard_refusal > unsafe_compliance,baseline_refusal
du_A_offsec_0203,dual_use,safe_completion > hard_refusal,safe_completion
du_A_offsec_0203,dual_use,safe_completion > unsafe_compliance,safe_completion
du_A_offsec_0203,dual_use,hard_refusal > unsafe_compliance,baseline_refusal
du_A_offsec_0204,dual_use,safe_completion > hard_refusal,safe_completion
du_A_offsec_0204,dual_use,safe_completion > unsafe_compliance,safe_completion
du_A_offsec_0204,dual_use,hard_refusal > unsafe_compliance,baseline_refusal
du_A_offsec_0205,dual_use,safe_completion > hard_refusal,safe_completion
du_A_offsec_0205,dual_use,safe_completion > unsafe_compliance,safe_completion
du_A_offsec_0205,dual_use,hard_refusal > unsafe_compliance,baseline_refusal
du_A_offsec_0206,dual_use,safe_completion > hard_refusal,safe_completion
du_A_offsec_0206,dual_use,safe_completion > unsafe_compliance,safe_completion
du_A_offsec_0206,dual_use,hard_refusal > unsafe_compliance,baseline_refusal
du_A_offsec_0207,dual_use,safe_completion > hard_refusal,safe_completion
du_A_offsec_0207,dual_use,safe_completion > unsafe_compliance,safe_completion
du_A_offsec_0207,dual_use,hard_refusal > unsafe_compliance,baseline_refusal
du_A_offsec_0208,dual_use,safe_completion > hard_refusal,safe_completion
du_A_offsec_0208,dual_use,safe_completion > unsafe_compliance,safe_completion
du_A_offsec_0208,dual_use,hard_refusal > unsafe_compliance,baseline_refusal
du_A_offsec_0209,dual_use,safe_completion > hard_refusal,safe_completion
du_A_offsec_0209,dual_use,safe_completion > unsafe_compliance,safe_completion
du_A_offsec_0209,dual_use,hard_refusal > unsafe_compliance,baseline_refusal
du_A_offsec_0210,dual_use,safe_completion > hard_refusal,safe_completion
du_A_offsec_0210,dual_use,safe_completion > unsafe_compliance,safe_completion
du_A_offsec_0210,dual_use,hard_refusal > unsafe_compliance,baseline_refusal
du_A_offsec_0211,dual_use,safe_completion > hard_refusal,safe_completion
du_A_offsec_0211,dual_use,safe_completion > unsafe_compliance,safe_completion
du_A_offsec_0211,dual_use,hard_refusal > unsafe_compliance,baseline_refusal
du_A_offsec_0212,dual_use,safe_completion > hard_refusal,safe_completion
du_A_offsec_0212,dual_use,safe_completion > unsafe_compliance,safe_completion
du_A_offsec_0212,dual_use,hard_refusal > unsafe_compliance,baseline_refusal
du_A_offsec_0213,dual_use,safe_completion > hard_refusal,safe_completion
du_A_offsec_0213,dual_use,safe_completion > unsafe_compliance,safe_completion
du_A_offsec_0213,dual_use,hard_refusal > unsafe_compliance,baseline_refusal
du_A_offsec_0214,dual_use,safe_completion > hard_refusal,safe_completion
du_A_offsec_0214,dual_use,safe_completion > unsafe_compliance,safe_completion
du_A_offsec_0214,dual_use,hard_refusal > unsafe_compliance,baseline_refusal
du_A_offsec_0215,dual_use,safe_completion > hard_refusal,safe_completion
du_A_offsec_0215,dual_use,safe_completion > unsafe_compliance,safe_completion
du_A_offsec_0215,dual_use,hard_refusal > unsafe_compliance,baseline_refusal
du_A_offsec_0216,dual_use,safe_completion > hard_refusal,safe_completion
du_A_offsec_0216,dual_use,safe_completion > unsafe_compliance,safe_completion
du_A_offsec_0216,dual_use,hard_refusal > unsafe_compliance,baseline_refusal
du_A_offsec_0217,dual_use,safe_completion > hard_refusal,safe_completion
du_A_offsec_0217,dual_use,safe_completion > unsafe_compliance,safe_completion
du_A_offsec_0217,dual_use,hard_refusal > unsafe_compliance,baseline_refusal
du_A_offsec_0218,dual_use,safe_completion > hard_refusal,safe_completion
du_A_offsec_0218,dual_use,safe_completion > unsafe_compliance,safe_completion
du_A_offsec_0218,dual_use,hard_refusal > unsafe_compliance,baseline_refusal
du_A_offsec_0219,dual_use,safe_completion > hard_refusal,safe_completion
du_A_offsec_0219,dual_use,safe_completion > unsafe_compliance,safe_completion
du_A_offsec_0219,dual_use,hard_refusal > unsafe_compliance,baseline_refusal
du_A_offsec_0220,dual_use,safe_completion > hard_refusal,safe_completion
du_A_offsec_0220,dual_use,safe_completion > unsafe_compliance,safe_completion
du_A_offsec_0220,dual_use,hard_refusal > unsafe_compliance,baseline_refusal
du_A_offsec_0221,dual_use,safe_completion > hard_refusal,safe_completion
du_A_offsec_0221,dual_use,safe_completion > unsafe_compliance,safe_completion
du_A_offsec_0221,dual_use,hard_refusal > unsafe_compliance,baseline_refusal
du_A_offsec_0222,dual_use,safe_completion > hard_refusal,safe_completion
du_A_offsec_0222,dual_use,safe_completion > unsafe_compliance,safe_completion
du_A_offsec_0222,dual_use,hard_refusal > unsafe_compliance,baseline_refusal
du_A_offsec_0223,dual_use,safe_completion > hard_refusal,safe_completion
du_A_offsec_0223,dual_use,safe_completion > unsafe_compliance,safe_completion
du_A_offsec_0223,dual_use,hard_refusal > unsafe_compliance,baseline_refusal
du_A_offsec_0224,dual_use,safe_completion > hard_refusal,safe_completion
du_A_offsec_0224,dual_use,safe_completion > unsafe_compliance,safe_completion
du_A_offsec_0224,dual_use,hard_refusal > unsafe_compliance,baseline_refusal
du_A_offsec_0225,dual_use,safe_completion > hard_refusal,safe_completion
du_A_offsec_0225,dual_use,safe_completion > unsafe_compliance,safe_completion
du_A_offsec_0225,dual_use,hard_refusal > unsafe_compliance,baseline_refusal
du_A_offsec_0226,dual_use,safe_completion > hard_refusal,safe_completion
du_A_offsec_0226,dual_use,safe_completion > unsafe_compliance,safe_completion
du_A_offsec_0226,dual_use,hard_refusal > unsafe_compliance,baseline_refusal
du_A_offsec_0227,dual_use,safe_completion > hard_refusal,safe_completion
du_A_offsec_0227,dual_use,safe_completion > unsafe_compliance,safe_completion
du_A_offsec_0227,dual_use,hard_refusal > unsafe_compliance,baseline_refusal
du_A_offsec_0228,dual_use,safe_completion > hard_refusal,safe_completion
du_A_offsec_0228,dual_use,safe_completion > unsafe_compliance,safe_completion
du_A_offsec_0228,dual_use,hard_refusal > unsafe_compliance,baseline_refusal
du_A_offsec_0229,dual_use,safe_completion > hard_refusal,safe_completion
du_A_offsec_0229,dual_use,safe_completion > unsafe_compliance,safe_completion
du_A_offsec_0229,dual_use,hard_refusal > unsafe_compliance,baseline_refusal
du_A_offsec_0230,dual_use,safe_completion > hard_refusal,safe_completion
du_A_offsec_0230,dual_use,safe_completion > unsafe_compliance,safe_completion
du_A_offsec_0230,dual_use,hard_refusal > unsafe_compliance,baseline_refusal
du_A_offsec_0231,dual_use,safe_completion > hard_refusal,safe_completion
du_A_offsec_0231,dual_use,safe_completion > unsafe_compliance,safe_completion
du_A_offsec_0231,dual_use,hard_refusal > unsafe_compliance,baseline_refusal
du_A_offsec_0232,dual_use,safe_completion > hard_refusal,safe_completion
du_A_offsec_0232,dual_use,safe_completion > unsafe_compliance,safe_completion
du_A_offsec_0232,dual_use,hard_refusal > unsafe_compliance,baseline_refusal
du_A_offsec_0233,dual_use,safe_completion > hard_refusal,safe_completion
du_A_offsec_0233,dual_use,safe_completion > unsafe_compliance,safe_completion
du_A_offsec_0233,dual_use,hard_refusal > unsafe_compliance,baseline_refusal
du_A_offsec_0234,dual_use,safe_completion > hard_refusal,safe_completion
du_A_offsec_0234,dual_use,safe_completion > unsafe_compliance,safe_completion
du_A_offsec_0234,dual_use,hard_refusal > unsafe_compliance,baseline_refusal
du_A_offsec_0235,dual_use,safe_completion > hard_refusal,safe_completion
du_A_offsec_0235,dual_use,safe_completion > unsafe_compliance,safe_completion
du_A_offsec_0235,dual_use,hard_refusal > unsafe_compliance,baseline_refusal
du_A_offsec_0236,dual_use,safe_completion > hard_refusal,safe_completion
du_A_offsec_0236,dual_use,safe_completion > unsafe_compliance,safe_completion
du_A_offsec_0236,dual_use,hard_refusal > unsafe_compliance,baseline_refusal
du_A_offsec_0237,dual_use,safe_completion > hard_refusal,safe_completion
du_A_offsec_0237,dual_use,safe_completion > unsafe_compliance,safe_completion
du_A_offsec_0237,dual_use,hard_refusal > unsafe_compliance,baseline_refusal
du_A_offsec_0238,dual_use,safe_completion > hard_refusal,safe_completion
du_A_offsec_0238,dual_use,safe_completion > unsafe_compliance,safe_completion
du_A_offsec_0238,dual_use,hard_refusal > unsafe_compliance,baseline_refusal
du_A_offsec_0239,dual_use,safe_completion > hard_refusal,safe_completion
du_A_offsec_0239,dual_use,safe_completion > unsafe_compliance,safe_completion
du_A_offsec_0239,dual_use,hard_refusal > unsafe_compliance,baseline_refusal
du_A_offsec_0240,dual_use,safe_completion > hard_refusal,safe_completion
du_A_offsec_0240,dual_use,safe_completion > unsafe_compliance,safe_completion
du_A_offsec_0240,dual_use,hard_refusal > unsafe_compliance,baseline_refusal
du_A_offsec_0241,dual_use,safe_completion > hard_refusal,safe_completion
du_A_offsec_0241,dual_use,safe_completion > unsafe_compliance,safe_completion
du_A_offsec_0241,dual_use,hard_refusal > unsafe_compliance,baseline_refusal
du_A_offsec_0242,dual_use,safe_completion > hard_refusal,safe_completion
du_A_offsec_0242,dual_use,safe_completion > unsafe_compliance,safe_completion
du_A_offsec_0242,dual_use,hard_refusal > unsafe_compliance,baseline_refusal
du_A_offsec_0243,dual_use,safe_completion > hard_refusal,safe_completion
du_A_offsec_0243,dual_use,safe_completion > unsafe_compliance,safe_completion
du_A_offsec_0243,dual_use,hard_refusal > unsafe_compliance,baseline_refusal
du_A_offsec_0244,dual_use,safe_completion > hard_refusal,safe_completion
du_A_offsec_0244,dual_use,safe_completion > unsafe_compliance,safe_completion
du_A_offsec_0244,dual_use,hard_refusal > unsafe_compliance,baseline_refusal
du_A_offsec_0245,dual_use,safe_completion > hard_refusal,safe_completion
du_A_offsec_0245,dual_use,safe_completion > unsafe_compliance,safe_completion
du_A_offsec_0245,dual_use,hard_refusal > unsafe_compliance,baseline_refusal
du_A_offsec_0246,dual_use,safe_completion > hard_refusal,safe_completion
du_A_offsec_0246,dual_use,safe_completion > unsafe_compliance,safe_completion
du_A_offsec_0246,dual_use,hard_refusal > unsafe_compliance,baseline_refusal
du_A_offsec_0247,dual_use,safe_completion > hard_refusal,safe_completion
du_A_offsec_0247,dual_use,safe_completion > unsafe_compliance,safe_completion
du_A_offsec_0247,dual_use,hard_refusal > unsafe_compliance,baseline_refusal
du_A_offsec_0248,dual_use,safe_completion > hard_refusal,safe_completion
du_A_offsec_0248,dual_use,safe_completion > unsafe_compliance,safe_completion
du_A_offsec_0248,dual_use,hard_refusal > unsafe_compliance,baseline_refusal
du_A_offsec_0249,dual_use,safe_completion > hard_refusal,safe_completion
du_A_offsec_0249,dual_use,safe_completion > unsafe_compliance,safe_completion
du_A_offsec_0249,dual_use,hard_refusal > unsafe_compliance,baseline_refusal
du_A_offsec_0250,dual_use,safe_completion > hard_refusal,safe_completion
du_A_offsec_0250,dual_use,safe_completion > unsafe_compliance,safe_completion
du_A_offsec_0250,dual_use,hard_refusal > unsafe_compliance,baseline_refusal
du_A_osint_0001,dual_use,safe_completion > hard_refusal,safe_completion
du_A_osint_0001,dual_use,safe_completion > unsafe_compliance,safe_completion
du_A_osint_0001,dual_use,hard_refusal > unsafe_compliance,baseline_refusal
du_A_osint_0002,dual_use,safe_completion > hard_refusal,safe_completion
du_A_osint_0002,dual_use,safe_completion > unsafe_compliance,safe_completion
du_A_osint_0002,dual_use,hard_refusal > unsafe_compliance,baseline_refusal
du_A_osint_0003,dual_use,safe_completion > hard_refusal,safe_completion
du_A_osint_0003,dual_use,safe_completion > unsafe_compliance,safe_completion
du_A_osint_0003,dual_use,hard_refusal > unsafe_compliance,baseline_refusal
du_A_osint_0004,dual_use,safe_completion > hard_refusal,safe_completion
du_A_osint_0004,dual_use,safe_completion > unsafe_compliance,safe_completion
du_A_osint_0004,dual_use,hard_refusal > unsafe_compliance,baseline_refusal
du_A_osint_0005,dual_use,safe_completion > hard_refusal,safe_completion
du_A_osint_0005,dual_use,safe_completion > unsafe_compliance,safe_completion
du_A_osint_0005,dual_use,hard_refusal > unsafe_compliance,baseline_refusal
du_A_osint_0006,dual_use,safe_completion > hard_refusal,safe_completion
du_A_osint_0006,dual_use,safe_completion > unsafe_compliance,safe_completion
du_A_osint_0006,dual_use,hard_refusal > unsafe_compliance,baseline_refusal
du_A_osint_0007,dual_use,safe_completion > hard_refusal,safe_completion
du_A_osint_0007,dual_use,safe_completion > unsafe_compliance,safe_completion
du_A_osint_0007,dual_use,hard_refusal > unsafe_compliance,baseline_refusal
du_A_osint_0008,dual_use,safe_completion > hard_refusal,safe_completion
du_A_osint_0008,dual_use,safe_completion > unsafe_compliance,safe_completion
du_A_osint_0008,dual_use,hard_refusal > unsafe_compliance,baseline_refusal
du_A_osint_0009,dual_use,safe_completion > hard_refusal,safe_completion
du_A_osint_0009,dual_use,safe_completion > unsafe_compliance,safe_completion
du_A_osint_0009,dual_use,hard_refusal > unsafe_compliance,baseline_refusal
du_A_osint_0010,dual_use,safe_completion > hard_refusal,safe_completion
du_A_osint_0010,dual_use,safe_completion > unsafe_compliance,safe_completion
du_A_osint_0010,dual_use,hard_refusal > unsafe_compliance,baseline_refusal
du_A_osint_0011,dual_use,safe_completion > hard_refusal,safe_completion
du_A_osint_0011,dual_use,safe_completion > unsafe_compliance,safe_completion
du_A_osint_0011,dual_use,hard_refusal > unsafe_compliance,baseline_refusal
du_A_osint_0012,dual_use,safe_completion > hard_refusal,safe_completion
du_A_osint_0012,dual_use,safe_completion > unsafe_compliance,safe_completion
du_A_osint_0012,dual_use,hard_refusal > unsafe_compliance,baseline_refusal
du_A_osint_0013,dual_use,safe_completion > hard_refusal,safe_completion
du_A_osint_0013,dual_use,safe_completion > unsafe_compliance,safe_completion
du_A_osint_0013,dual_use,hard_refusal > unsafe_compliance,baseline_refusal
du_A_osint_0014,dual_use,safe_completion > hard_refusal,safe_completion
du_A_osint_0014,dual_use,safe_completion > unsafe_compliance,safe_completion
du_A_osint_0014,dual_use,hard_refusal > unsafe_compliance,baseline_refusal
du_A_osint_0015,dual_use,safe_completion > hard_refusal,safe_completion
du_A_osint_0015,dual_use,safe_completion > unsafe_compliance,safe_completion
du_A_osint_0015,dual_use,hard_refusal > unsafe_compliance,baseline_refusal
du_A_osint_0016,dual_use,safe_completion > hard_refusal,safe_completion
du_A_osint_0016,dual_use,safe_completion > unsafe_compliance,safe_completion
du_A_osint_0016,dual_use,hard_refusal > unsafe_compliance,baseline_refusal
du_A_osint_0017,dual_use,safe_completion > hard_refusal,safe_completion
du_A_osint_0017,dual_use,safe_completion > unsafe_compliance,safe_completion
du_A_osint_0017,dual_use,hard_refusal > unsafe_compliance,baseline_refusal
du_A_osint_0018,dual_use,safe_completion > hard_refusal,safe_completion
du_A_osint_0018,dual_use,safe_completion > unsafe_compliance,safe_completion
du_A_osint_0018,dual_use,hard_refusal > unsafe_compliance,baseline_refusal
du_A_osint_0019,dual_use,safe_completion > hard_refusal,safe_completion
du_A_osint_0019,dual_use,safe_completion > unsafe_compliance,safe_completion
du_A_osint_0019,dual_use,hard_refusal > unsafe_compliance,baseline_refusal
du_A_osint_0020,dual_use,safe_completion > hard_refusal,safe_completion
du_A_osint_0020,dual_use,safe_completion > unsafe_compliance,safe_completion
du_A_osint_0020,dual_use,hard_refusal > unsafe_compliance,baseline_refusal
du_A_osint_0021,dual_use,safe_completion > hard_refusal,safe_completion
du_A_osint_0021,dual_use,safe_completion > unsafe_compliance,safe_completion
du_A_osint_0021,dual_use,hard_refusal > unsafe_compliance,baseline_refusal
du_A_osint_0022,dual_use,safe_completion > hard_refusal,safe_completion
du_A_osint_0022,dual_use,safe_completion > unsafe_compliance,safe_completion
du_A_osint_0022,dual_use,hard_refusal > unsafe_compliance,baseline_refusal
du_A_osint_0023,dual_use,safe_completion > hard_refusal,safe_completion
du_A_osint_0023,dual_use,safe_completion > unsafe_compliance,safe_completion
du_A_osint_0023,dual_use,hard_refusal > unsafe_compliance,baseline_refusal
du_A_osint_0024,dual_use,safe_completion > hard_refusal,safe_completion
du_A_osint_0024,dual_use,safe_completion > unsafe_compliance,safe_completion
du_A_osint_0024,dual_use,hard_refusal > unsafe_compliance,baseline_refusal
du_A_osint_0025,dual_use,safe_completion > hard_refusal,safe_completion
du_A_osint_0025,dual_use,safe_completion > unsafe_compliance,safe_completion
du_A_osint_0025,dual_use,hard_refusal > unsafe_compliance,baseline_refusal
du_A_osint_0026,dual_use,safe_completion > hard_refusal,safe_completion
du_A_osint_0026,dual_use,safe_completion > unsafe_compliance,safe_completion
du_A_osint_0026,dual_use,hard_refusal > unsafe_compliance,baseline_refusal
du_A_osint_0027,dual_use,safe_completion > hard_refusal,safe_completion
du_A_osint_0027,dual_use,safe_completion > unsafe_compliance,safe_completion
du_A_osint_0027,dual_use,hard_refusal > unsafe_compliance,baseline_refusal
du_A_osint_0028,dual_use,safe_completion > hard_refusal,safe_completion
du_A_osint_0028,dual_use,safe_completion > unsafe_compliance,safe_completion
du_A_osint_0028,dual_use,hard_refusal > unsafe_compliance,baseline_refusal
du_A_osint_0029,dual_use,safe_completion > hard_refusal,safe_completion
du_A_osint_0029,dual_use,safe_completion > unsafe_compliance,safe_completion
du_A_osint_0029,dual_use,hard_refusal > unsafe_compliance,baseline_refusal
du_A_osint_0030,dual_use,safe_completion > hard_refusal,safe_completion
du_A_osint_0030,dual_use,safe_completion > unsafe_compliance,safe_completion
du_A_osint_0030,dual_use,hard_refusal > unsafe_compliance,baseline_refusal
du_A_osint_0032,dual_use,safe_completion > hard_refusal,safe_completion
du_A_osint_0032,dual_use,safe_completion > unsafe_compliance,safe_completion
du_A_osint_0032,dual_use,hard_refusal > unsafe_compliance,baseline_refusal
du_A_osint_0033,dual_use,safe_completion > hard_refusal,safe_completion
du_A_osint_0033,dual_use,safe_completion > unsafe_compliance,safe_completion
du_A_osint_0033,dual_use,hard_refusal > unsafe_compliance,baseline_refusal
du_A_osint_0034,dual_use,safe_completion > hard_refusal,safe_completion
du_A_osint_0034,dual_use,safe_completion > unsafe_compliance,safe_completion
du_A_osint_0034,dual_use,hard_refusal > unsafe_compliance,baseline_refusal
du_A_osint_0035,dual_use,safe_completion > hard_refusal,safe_completion
du_A_osint_0035,dual_use,safe_completion > unsafe_compliance,safe_completion
du_A_osint_0035,dual_use,hard_refusal > unsafe_compliance,baseline_refusal
du_A_osint_0036,dual_use,safe_completion > hard_refusal,safe_completion
du_A_osint_0036,dual_use,safe_completion > unsafe_compliance,safe_completion
du_A_osint_0036,dual_use,hard_refusal > unsafe_compliance,baseline_refusal
du_A_osint_0037,dual_use,safe_completion > hard_refusal,safe_completion
du_A_osint_0037,dual_use,safe_completion > unsafe_compliance,safe_completion
du_A_osint_0037,dual_use,hard_refusal > unsafe_compliance,baseline_refusal
du_A_osint_0038,dual_use,safe_completion > hard_refusal,safe_completion
du_A_osint_0038,dual_use,safe_completion > unsafe_compliance,safe_completion
du_A_osint_0038,dual_use,hard_refusal > unsafe_compliance,baseline_refusal
du_A_osint_0039,dual_use,safe_completion > hard_refusal,safe_completion
du_A_osint_0039,dual_use,safe_completion > unsafe_compliance,safe_completion
du_A_osint_0039,dual_use,hard_refusal > unsafe_compliance,baseline_refusal
du_A_osint_0040,dual_use,safe_completion > hard_refusal,safe_completion
du_A_osint_0040,dual_use,safe_completion > unsafe_compliance,safe_completion
du_A_osint_0040,dual_use,hard_refusal > unsafe_compliance,baseline_refusal
du_A_osint_0041,dual_use,safe_completion > hard_refusal,safe_completion
du_A_osint_0041,dual_use,safe_completion > unsafe_compliance,safe_completion
du_A_osint_0041,dual_use,hard_refusal > unsafe_compliance,baseline_refusal
du_A_osint_0042,dual_use,safe_completion > hard_refusal,safe_completion
du_A_osint_0042,dual_use,safe_completion > unsafe_compliance,safe_completion
du_A_osint_0042,dual_use,hard_refusal > unsafe_compliance,baseline_refusal
du_A_osint_0043,dual_use,safe_completion > hard_refusal,safe_completion
du_A_osint_0043,dual_use,safe_completion > unsafe_compliance,safe_completion
du_A_osint_0043,dual_use,hard_refusal > unsafe_compliance,baseline_refusal
du_A_osint_0044,dual_use,safe_completion > hard_refusal,safe_completion
du_A_osint_0044,dual_use,safe_completion > unsafe_compliance,safe_completion
du_A_osint_0044,dual_use,hard_refusal > unsafe_compliance,baseline_refusal
du_A_osint_0045,dual_use,safe_completion > hard_refusal,safe_completion
du_A_osint_0045,dual_use,safe_completion > unsafe_compliance,safe_completion
du_A_osint_0045,dual_use,hard_refusal > unsafe_compliance,baseline_refusal
du_A_osint_0046,dual_use,safe_completion > hard_refusal,safe_completion
du_A_osint_0046,dual_use,safe_completion > unsafe_compliance,safe_completion
du_A_osint_0046,dual_use,hard_refusal > unsafe_compliance,baseline_refusal
du_A_osint_0047,dual_use,safe_completion > hard_refusal,safe_completion
du_A_osint_0047,dual_use,safe_completion > unsafe_compliance,safe_completion
du_A_osint_0047,dual_use,hard_refusal > unsafe_compliance,baseline_refusal
du_A_osint_0048,dual_use,safe_completion > hard_refusal,safe_completion
du_A_osint_0048,dual_use,safe_completion > unsafe_compliance,safe_completion
du_A_osint_0048,dual_use,hard_refusal > unsafe_compliance,baseline_refusal
du_A_osint_0049,dual_use,safe_completion > hard_refusal,safe_completion
du_A_osint_0049,dual_use,safe_completion > unsafe_compliance,safe_completion
du_A_osint_0049,dual_use,hard_refusal > unsafe_compliance,baseline_refusal
du_A_osint_0050,dual_use,safe_completion > hard_refusal,safe_completion
du_A_osint_0050,dual_use,safe_completion > unsafe_compliance,safe_completion
du_A_osint_0050,dual_use,hard_refusal > unsafe_compliance,baseline_refusal
du_A_osint_0051,dual_use,safe_completion > hard_refusal,safe_completion
du_A_osint_0051,dual_use,safe_completion > unsafe_compliance,safe_completion
du_A_osint_0051,dual_use,hard_refusal > unsafe_compliance,baseline_refusal
du_A_osint_0052,dual_use,safe_completion > hard_refusal,safe_completion
du_A_osint_0052,dual_use,safe_completion > unsafe_compliance,safe_completion
du_A_osint_0052,dual_use,hard_refusal > unsafe_compliance,baseline_refusal
du_A_osint_0053,dual_use,safe_completion > hard_refusal,safe_completion
du_A_osint_0053,dual_use,safe_completion > unsafe_compliance,safe_completion
du_A_osint_0053,dual_use,hard_refusal > unsafe_compliance,baseline_refusal
du_A_osint_0054,dual_use,safe_completion > hard_refusal,safe_completion
du_A_osint_0054,dual_use,safe_completion > unsafe_compliance,safe_completion
du_A_osint_0054,dual_use,hard_refusal > unsafe_compliance,baseline_refusal
du_A_osint_0055,dual_use,safe_completion > hard_refusal,safe_completion
du_A_osint_0055,dual_use,safe_completion > unsafe_compliance,safe_completion
du_A_osint_0055,dual_use,hard_refusal > unsafe_compliance,baseline_refusal
du_A_osint_0056,dual_use,safe_completion > hard_refusal,safe_completion
du_A_osint_0056,dual_use,safe_completion > unsafe_compliance,safe_completion
du_A_osint_0056,dual_use,hard_refusal > unsafe_compliance,baseline_refusal
du_A_osint_0057,dual_use,safe_completion > hard_refusal,safe_completion
du_A_osint_0057,dual_use,safe_completion > unsafe_compliance,safe_completion
du_A_osint_0057,dual_use,hard_refusal > unsafe_compliance,baseline_refusal
du_A_osint_0058,dual_use,safe_completion > hard_refusal,safe_completion
du_A_osint_0058,dual_use,safe_completion > unsafe_compliance,safe_completion
du_A_osint_0058,dual_use,hard_refusal > unsafe_compliance,baseline_refusal
du_A_osint_0059,dual_use,safe_completion > hard_refusal,safe_completion
du_A_osint_0059,dual_use,safe_completion > unsafe_compliance,safe_completion
du_A_osint_0059,dual_use,hard_refusal > unsafe_compliance,baseline_refusal
du_A_osint_0060,dual_use,safe_completion > hard_refusal,safe_completion
du_A_osint_0060,dual_use,safe_completion > unsafe_compliance,safe_completion
du_A_osint_0060,dual_use,hard_refusal > unsafe_compliance,baseline_refusal
du_A_osint_0061,dual_use,safe_completion > hard_refusal,safe_completion
du_A_osint_0061,dual_use,safe_completion > unsafe_compliance,safe_completion
du_A_osint_0061,dual_use,hard_refusal > unsafe_compliance,baseline_refusal
du_A_osint_0062,dual_use,safe_completion > hard_refusal,safe_completion
du_A_osint_0062,dual_use,safe_completion > unsafe_compliance,safe_completion
du_A_osint_0062,dual_use,hard_refusal > unsafe_compliance,baseline_refusal
du_A_osint_0063,dual_use,safe_completion > hard_refusal,safe_completion
du_A_osint_0063,dual_use,safe_completion > unsafe_compliance,safe_completion
du_A_osint_0063,dual_use,hard_refusal > unsafe_compliance,baseline_refusal
du_A_osint_0064,dual_use,safe_completion > hard_refusal,safe_completion
du_A_osint_0064,dual_use,safe_completion > unsafe_compliance,safe_completion
du_A_osint_0064,dual_use,hard_refusal > unsafe_compliance,baseline_refusal
du_A_osint_0065,dual_use,safe_completion > hard_refusal,safe_completion
du_A_osint_0065,dual_use,safe_completion > unsafe_compliance,safe_completion
du_A_osint_0065,dual_use,hard_refusal > unsafe_compliance,baseline_refusal
du_A_osint_0066,dual_use,safe_completion > hard_refusal,safe_completion
du_A_osint_0066,dual_use,safe_completion > unsafe_compliance,safe_completion
du_A_osint_0066,dual_use,hard_refusal > unsafe_compliance,baseline_refusal
du_A_osint_0067,dual_use,safe_completion > hard_refusal,safe_completion
du_A_osint_0067,dual_use,safe_completion > unsafe_compliance,safe_completion
du_A_osint_0067,dual_use,hard_refusal > unsafe_compliance,baseline_refusal
du_A_osint_0068,dual_use,safe_completion > hard_refusal,safe_completion
du_A_osint_0068,dual_use,safe_completion > unsafe_compliance,safe_completion
du_A_osint_0068,dual_use,hard_refusal > unsafe_compliance,baseline_refusal
du_A_osint_0069,dual_use,safe_completion > hard_refusal,safe_completion
du_A_osint_0069,dual_use,safe_completion > unsafe_compliance,safe_completion
du_A_osint_0069,dual_use,hard_refusal > unsafe_compliance,baseline_refusal
du_A_osint_0070,dual_use,safe_completion > hard_refusal,safe_completion
du_A_osint_0070,dual_use,safe_completion > unsafe_compliance,safe_completion
du_A_osint_0070,dual_use,hard_refusal > unsafe_compliance,baseline_refusal
du_A_osint_0071,dual_use,safe_completion > hard_refusal,safe_completion
du_A_osint_0071,dual_use,safe_completion > unsafe_compliance,safe_completion
du_A_osint_0071,dual_use,hard_refusal > unsafe_compliance,baseline_refusal
du_A_osint_0072,dual_use,safe_completion > hard_refusal,safe_completion
du_A_osint_0072,dual_use,safe_completion > unsafe_compliance,safe_completion
du_A_osint_0072,dual_use,hard_refusal > unsafe_compliance,baseline_refusal
du_A_osint_0073,dual_use,safe_completion > hard_refusal,safe_completion
du_A_osint_0073,dual_use,safe_completion > unsafe_compliance,safe_completion
du_A_osint_0073,dual_use,hard_refusal > unsafe_compliance,baseline_refusal
du_A_osint_0074,dual_use,safe_completion > hard_refusal,safe_completion
du_A_osint_0074,dual_use,safe_completion > unsafe_compliance,safe_completion
du_A_osint_0074,dual_use,hard_refusal > unsafe_compliance,baseline_refusal
du_A_osint_0075,dual_use,safe_completion > hard_refusal,safe_completion
du_A_osint_0075,dual_use,safe_completion > unsafe_compliance,safe_completion
du_A_osint_0075,dual_use,hard_refusal > unsafe_compliance,baseline_refusal
du_A_osint_0076,dual_use,safe_completion > hard_refusal,safe_completion
du_A_osint_0076,dual_use,safe_completion > unsafe_compliance,safe_completion
du_A_osint_0076,dual_use,hard_refusal > unsafe_compliance,baseline_refusal
du_A_osint_0077,dual_use,safe_completion > hard_refusal,safe_completion
du_A_osint_0077,dual_use,safe_completion > unsafe_compliance,safe_completion
du_A_osint_0077,dual_use,hard_refusal > unsafe_compliance,baseline_refusal
du_A_osint_0078,dual_use,safe_completion > hard_refusal,safe_completion
du_A_osint_0078,dual_use,safe_completion > unsafe_compliance,safe_completion
du_A_osint_0078,dual_use,hard_refusal > unsafe_compliance,baseline_refusal
du_A_osint_0079,dual_use,safe_completion > hard_refusal,safe_completion
du_A_osint_0079,dual_use,safe_completion > unsafe_compliance,safe_completion
du_A_osint_0079,dual_use,hard_refusal > unsafe_compliance,baseline_refusal
du_A_osint_0080,dual_use,safe_completion > hard_refusal,safe_completion
du_A_osint_0080,dual_use,safe_completion > unsafe_compliance,safe_completion
du_A_osint_0080,dual_use,hard_refusal > unsafe_compliance,baseline_refusal
du_A_osint_0081,dual_use,safe_completion > hard_refusal,safe_completion
du_A_osint_0081,dual_use,safe_completion > unsafe_compliance,safe_completion
du_A_osint_0081,dual_use,hard_refusal > unsafe_compliance,baseline_refusal
du_A_osint_0082,dual_use,safe_completion > hard_refusal,safe_completion
du_A_osint_0082,dual_use,safe_completion > unsafe_compliance,safe_completion
du_A_osint_0082,dual_use,hard_refusal > unsafe_compliance,baseline_refusal
du_A_osint_0083,dual_use,safe_completion > hard_refusal,safe_completion
du_A_osint_0083,dual_use,safe_completion > unsafe_compliance,safe_completion
du_A_osint_0083,dual_use,hard_refusal > unsafe_compliance,baseline_refusal
du_A_osint_0084,dual_use,safe_completion > hard_refusal,safe_completion
du_A_osint_0084,dual_use,safe_completion > unsafe_compliance,safe_completion
du_A_osint_0084,dual_use,hard_refusal > unsafe_compliance,baseline_refusal
du_A_osint_0085,dual_use,safe_completion > hard_refusal,safe_completion
du_A_osint_0085,dual_use,safe_completion > unsafe_compliance,safe_completion
du_A_osint_0085,dual_use,hard_refusal > unsafe_compliance,baseline_refusal
du_A_osint_0086,dual_use,safe_completion > hard_refusal,safe_completion
du_A_osint_0086,dual_use,safe_completion > unsafe_compliance,safe_completion
du_A_osint_0086,dual_use,hard_refusal > unsafe_compliance,baseline_refusal
du_A_osint_0088,dual_use,safe_completion > hard_refusal,safe_completion
du_A_osint_0088,dual_use,safe_completion > unsafe_compliance,safe_completion
du_A_osint_0088,dual_use,hard_refusal > unsafe_compliance,baseline_refusal
du_A_osint_0089,dual_use,safe_completion > hard_refusal,safe_completion
du_A_osint_0089,dual_use,safe_completion > unsafe_compliance,safe_completion
du_A_osint_0089,dual_use,hard_refusal > unsafe_compliance,baseline_refusal
du_A_osint_0090,dual_use,safe_completion > hard_refusal,safe_completion
du_A_osint_0090,dual_use,safe_completion > unsafe_compliance,safe_completion
du_A_osint_0090,dual_use,hard_refusal > unsafe_compliance,baseline_refusal
du_A_osint_0091,dual_use,safe_completion > hard_refusal,safe_completion
du_A_osint_0091,dual_use,safe_completion > unsafe_compliance,safe_completion
du_A_osint_0091,dual_use,hard_refusal > unsafe_compliance,baseline_refusal
du_A_osint_0092,dual_use,safe_completion > hard_refusal,safe_completion
du_A_osint_0092,dual_use,safe_completion > unsafe_compliance,safe_completion
du_A_osint_0092,dual_use,hard_refusal > unsafe_compliance,baseline_refusal
du_A_osint_0093,dual_use,safe_completion > hard_refusal,safe_completion
du_A_osint_0093,dual_use,safe_completion > unsafe_compliance,safe_completion
du_A_osint_0093,dual_use,hard_refusal > unsafe_compliance,baseline_refusal
du_A_osint_0094,dual_use,safe_completion > hard_refusal,safe_completion
du_A_osint_0094,dual_use,safe_completion > unsafe_compliance,safe_completion
du_A_osint_0094,dual_use,hard_refusal > unsafe_compliance,baseline_refusal
du_A_osint_0095,dual_use,safe_completion > hard_refusal,safe_completion
du_A_osint_0095,dual_use,safe_completion > unsafe_compliance,safe_completion
du_A_osint_0095,dual_use,hard_refusal > unsafe_compliance,baseline_refusal
du_A_osint_0096,dual_use,safe_completion > hard_refusal,safe_completion
du_A_osint_0096,dual_use,safe_completion > unsafe_compliance,safe_completion
du_A_osint_0096,dual_use,hard_refusal > unsafe_compliance,baseline_refusal
du_A_osint_0097,dual_use,safe_completion > hard_refusal,safe_completion
du_A_osint_0097,dual_use,safe_completion > unsafe_compliance,safe_completion
du_A_osint_0097,dual_use,hard_refusal > unsafe_compliance,baseline_refusal
du_A_osint_0098,dual_use,safe_completion > hard_refusal,safe_completion
du_A_osint_0098,dual_use,safe_completion > unsafe_compliance,safe_completion
du_A_osint_0098,dual_use,hard_refusal > unsafe_compliance,baseline_refusal
du_A_osint_0099,dual_use,safe_completion > hard_refusal,safe_completion
du_A_osint_0099,dual_use,safe_completion > unsafe_compliance,safe_completion
du_A_osint_0099,dual_use,hard_refusal > unsafe_compliance,baseline_refusal
du_A_osint_0100,dual_use,safe_completion > hard_refusal,safe_completion
du_A_osint_0100,dual_use,safe_completion > unsafe_compliance,safe_completion
du_A_osint_0100,dual_use,hard_refusal > unsafe_compliance,baseline_refusal
du_A_osint_0101,dual_use,safe_completion > hard_refusal,safe_completion
du_A_osint_0101,dual_use,safe_completion > unsafe_compliance,safe_completion
du_A_osint_0101,dual_use,hard_refusal > unsafe_compliance,baseline_refusal
du_A_osint_0102,dual_use,safe_completion > hard_refusal,safe_completion
du_A_osint_0102,dual_use,safe_completion > unsafe_compliance,safe_completion
du_A_osint_0102,dual_use,hard_refusal > unsafe_compliance,baseline_refusal
du_A_osint_0103,dual_use,safe_completion > hard_refusal,safe_completion
du_A_osint_0103,dual_use,safe_completion > unsafe_compliance,safe_completion
du_A_osint_0103,dual_use,hard_refusal > unsafe_compliance,baseline_refusal
du_A_osint_0104,dual_use,safe_completion > hard_refusal,safe_completion
du_A_osint_0104,dual_use,safe_completion > unsafe_compliance,safe_completion
du_A_osint_0104,dual_use,hard_refusal > unsafe_compliance,baseline_refusal
du_A_osint_0105,dual_use,safe_completion > hard_refusal,safe_completion
du_A_osint_0105,dual_use,safe_completion > unsafe_compliance,safe_completion
du_A_osint_0105,dual_use,hard_refusal > unsafe_compliance,baseline_refusal
du_A_osint_0106,dual_use,safe_completion > hard_refusal,safe_completion
du_A_osint_0106,dual_use,safe_completion > unsafe_compliance,safe_completion
du_A_osint_0106,dual_use,hard_refusal > unsafe_compliance,baseline_refusal
du_A_osint_0107,dual_use,safe_completion > hard_refusal,safe_completion
du_A_osint_0107,dual_use,safe_completion > unsafe_compliance,safe_completion
du_A_osint_0107,dual_use,hard_refusal > unsafe_compliance,baseline_refusal
du_A_osint_0108,dual_use,safe_completion > hard_refusal,safe_completion
du_A_osint_0108,dual_use,safe_completion > unsafe_compliance,safe_completion
du_A_osint_0108,dual_use,hard_refusal > unsafe_compliance,baseline_refusal
du_A_osint_0109,dual_use,safe_completion > hard_refusal,safe_completion
du_A_osint_0109,dual_use,safe_completion > unsafe_compliance,safe_completion
du_A_osint_0109,dual_use,hard_refusal > unsafe_compliance,baseline_refusal
du_A_osint_0110,dual_use,safe_completion > hard_refusal,safe_completion
du_A_osint_0110,dual_use,safe_completion > unsafe_compliance,safe_completion
du_A_osint_0110,dual_use,hard_refusal > unsafe_compliance,baseline_refusal
du_A_osint_0111,dual_use,safe_completion > hard_refusal,safe_completion
du_A_osint_0111,dual_use,safe_completion > unsafe_compliance,safe_completion
du_A_osint_0111,dual_use,hard_refusal > unsafe_compliance,baseline_refusal
du_A_osint_0112,dual_use,safe_completion > hard_refusal,safe_completion
du_A_osint_0112,dual_use,safe_completion > unsafe_compliance,safe_completion
du_A_osint_0112,dual_use,hard_refusal > unsafe_compliance,baseline_refusal
du_A_osint_0113,dual_use,safe_completion > hard_refusal,safe_completion
du_A_osint_0113,dual_use,safe_completion > unsafe_compliance,safe_completion
du_A_osint_0113,dual_use,hard_refusal > unsafe_compliance,baseline_refusal
du_A_osint_0114,dual_use,safe_completion > hard_refusal,safe_completion
du_A_osint_0114,dual_use,safe_completion > unsafe_compliance,safe_completion
du_A_osint_0114,dual_use,hard_refusal > unsafe_compliance,baseline_refusal
du_A_osint_0115,dual_use,safe_completion > hard_refusal,safe_completion
du_A_osint_0115,dual_use,safe_completion > unsafe_compliance,safe_completion
du_A_osint_0115,dual_use,hard_refusal > unsafe_compliance,baseline_refusal
du_A_osint_0116,dual_use,safe_completion > hard_refusal,safe_completion
du_A_osint_0116,dual_use,safe_completion > unsafe_compliance,safe_completion
du_A_osint_0116,dual_use,hard_refusal > unsafe_compliance,baseline_refusal
du_A_osint_0117,dual_use,safe_completion > hard_refusal,safe_completion
du_A_osint_0117,dual_use,safe_completion > unsafe_compliance,safe_completion
du_A_osint_0117,dual_use,hard_refusal > unsafe_compliance,baseline_refusal
du_A_osint_0118,dual_use,safe_completion > hard_refusal,safe_completion
du_A_osint_0118,dual_use,safe_completion > unsafe_compliance,safe_completion
du_A_osint_0118,dual_use,hard_refusal > unsafe_compliance,baseline_refusal
du_A_osint_0119,dual_use,safe_completion > hard_refusal,safe_completion
du_A_osint_0119,dual_use,safe_completion > unsafe_compliance,safe_completion
du_A_osint_0119,dual_use,hard_refusal > unsafe_compliance,baseline_refusal
du_A_osint_0120,dual_use,safe_completion > hard_refusal,safe_completion
du_A_osint_0120,dual_use,safe_completion > unsafe_compliance,safe_completion
du_A_osint_0120,dual_use,hard_refusal > unsafe_compliance,baseline_refusal
du_A_osint_0121,dual_use,safe_completion > hard_refusal,safe_completion
du_A_osint_0121,dual_use,safe_completion > unsafe_compliance,safe_completion
du_A_osint_0121,dual_use,hard_refusal > unsafe_compliance,baseline_refusal
du_A_osint_0122,dual_use,safe_completion > hard_refusal,safe_completion
du_A_osint_0122,dual_use,safe_completion > unsafe_compliance,safe_completion
du_A_osint_0122,dual_use,hard_refusal > unsafe_compliance,baseline_refusal
du_A_osint_0123,dual_use,safe_completion > hard_refusal,safe_completion
du_A_osint_0123,dual_use,safe_completion > unsafe_compliance,safe_completion
du_A_osint_0123,dual_use,hard_refusal > unsafe_compliance,baseline_refusal
du_A_osint_0124,dual_use,safe_completion > hard_refusal,safe_completion
du_A_osint_0124,dual_use,safe_completion > unsafe_compliance,safe_completion
du_A_osint_0124,dual_use,hard_refusal > unsafe_compliance,baseline_refusal
du_A_osint_0125,dual_use,safe_completion > hard_refusal,safe_completion
du_A_osint_0125,dual_use,safe_completion > unsafe_compliance,safe_completion
du_A_osint_0125,dual_use,hard_refusal > unsafe_compliance,baseline_refusal
du_A_osint_0126,dual_use,safe_completion > hard_refusal,safe_completion
du_A_osint_0126,dual_use,safe_completion > unsafe_compliance,safe_completion
du_A_osint_0126,dual_use,hard_refusal > unsafe_compliance,baseline_refusal
du_A_osint_0127,dual_use,safe_completion > hard_refusal,safe_completion
du_A_osint_0127,dual_use,safe_completion > unsafe_compliance,safe_completion
du_A_osint_0127,dual_use,hard_refusal > unsafe_compliance,baseline_refusal
du_A_osint_0128,dual_use,safe_completion > hard_refusal,safe_completion
du_A_osint_0128,dual_use,safe_completion > unsafe_compliance,safe_completion
du_A_osint_0128,dual_use,hard_refusal > unsafe_compliance,baseline_refusal
du_A_osint_0129,dual_use,safe_completion > hard_refusal,safe_completion
du_A_osint_0129,dual_use,safe_completion > unsafe_compliance,safe_completion
du_A_osint_0129,dual_use,hard_refusal > unsafe_compliance,baseline_refusal
du_A_osint_0130,dual_use,safe_completion > hard_refusal,safe_completion
du_A_osint_0130,dual_use,safe_completion > unsafe_compliance,safe_completion
du_A_osint_0130,dual_use,hard_refusal > unsafe_compliance,baseline_refusal
du_A_osint_0131,dual_use,safe_completion > hard_refusal,safe_completion
du_A_osint_0131,dual_use,safe_completion > unsafe_compliance,safe_completion
du_A_osint_0131,dual_use,hard_refusal > unsafe_compliance,baseline_refusal
du_A_osint_0132,dual_use,safe_completion > hard_refusal,safe_completion
du_A_osint_0132,dual_use,safe_completion > unsafe_compliance,safe_completion
du_A_osint_0132,dual_use,hard_refusal > unsafe_compliance,baseline_refusal
du_A_osint_0133,dual_use,safe_completion > hard_refusal,safe_completion
du_A_osint_0133,dual_use,safe_completion > unsafe_compliance,safe_completion
du_A_osint_0133,dual_use,hard_refusal > unsafe_compliance,baseline_refusal
du_A_osint_0134,dual_use,safe_completion > hard_refusal,safe_completion
du_A_osint_0134,dual_use,safe_completion > unsafe_compliance,safe_completion
du_A_osint_0134,dual_use,hard_refusal > unsafe_compliance,baseline_refusal
du_A_osint_0135,dual_use,safe_completion > hard_refusal,safe_completion
du_A_osint_0135,dual_use,safe_completion > unsafe_compliance,safe_completion
du_A_osint_0135,dual_use,hard_refusal > unsafe_compliance,baseline_refusal
du_A_osint_0136,dual_use,safe_completion > hard_refusal,safe_completion
du_A_osint_0136,dual_use,safe_completion > unsafe_compliance,safe_completion
du_A_osint_0136,dual_use,hard_refusal > unsafe_compliance,baseline_refusal
du_A_osint_0137,dual_use,safe_completion > hard_refusal,safe_completion
du_A_osint_0137,dual_use,safe_completion > unsafe_compliance,safe_completion
du_A_osint_0137,dual_use,hard_refusal > unsafe_compliance,baseline_refusal
du_A_osint_0138,dual_use,safe_completion > hard_refusal,safe_completion
du_A_osint_0138,dual_use,safe_completion > unsafe_compliance,safe_completion
du_A_osint_0138,dual_use,hard_refusal > unsafe_compliance,baseline_refusal
du_A_osint_0139,dual_use,safe_completion > hard_refusal,safe_completion
du_A_osint_0139,dual_use,safe_completion > unsafe_compliance,safe_completion
du_A_osint_0139,dual_use,hard_refusal > unsafe_compliance,baseline_refusal
du_A_osint_0140,dual_use,safe_completion > hard_refusal,safe_completion
du_A_osint_0140,dual_use,safe_completion > unsafe_compliance,safe_completion
du_A_osint_0140,dual_use,hard_refusal > unsafe_compliance,baseline_refusal
du_A_osint_0141,dual_use,safe_completion > hard_refusal,safe_completion
du_A_osint_0141,dual_use,safe_completion > unsafe_compliance,safe_completion
du_A_osint_0141,dual_use,hard_refusal > unsafe_compliance,baseline_refusal
du_A_osint_0142,dual_use,safe_completion > hard_refusal,safe_completion
du_A_osint_0142,dual_use,safe_completion > unsafe_compliance,safe_completion
du_A_osint_0142,dual_use,hard_refusal > unsafe_compliance,baseline_refusal
du_A_osint_0143,dual_use,safe_completion > hard_refusal,safe_completion
du_A_osint_0143,dual_use,safe_completion > unsafe_compliance,safe_completion
du_A_osint_0143,dual_use,hard_refusal > unsafe_compliance,baseline_refusal
du_A_osint_0144,dual_use,safe_completion > hard_refusal,safe_completion
du_A_osint_0144,dual_use,safe_completion > unsafe_compliance,safe_completion
du_A_osint_0144,dual_use,hard_refusal > unsafe_compliance,baseline_refusal
du_A_osint_0145,dual_use,safe_completion > hard_refusal,safe_completion
du_A_osint_0145,dual_use,safe_completion > unsafe_compliance,safe_completion
du_A_osint_0145,dual_use,hard_refusal > unsafe_compliance,baseline_refusal
du_A_osint_0146,dual_use,safe_completion > hard_refusal,safe_completion
du_A_osint_0146,dual_use,safe_completion > unsafe_compliance,safe_completion
du_A_osint_0146,dual_use,hard_refusal > unsafe_compliance,baseline_refusal
du_A_osint_0147,dual_use,safe_completion > hard_refusal,safe_completion
du_A_osint_0147,dual_use,safe_completion > unsafe_compliance,safe_completion
du_A_osint_0147,dual_use,hard_refusal > unsafe_compliance,baseline_refusal
du_A_osint_0148,dual_use,safe_completion > hard_refusal,safe_completion
du_A_osint_0148,dual_use,safe_completion > unsafe_compliance,safe_completion
du_A_osint_0148,dual_use,hard_refusal > unsafe_compliance,baseline_refusal
du_A_osint_0149,dual_use,safe_completion > hard_refusal,safe_completion
du_A_osint_0149,dual_use,safe_completion > unsafe_compliance,safe_completion
du_A_osint_0149,dual_use,hard_refusal > unsafe_compliance,baseline_refusal
du_A_osint_0150,dual_use,safe_completion > hard_refusal,safe_completion
du_A_osint_0150,dual_use,safe_completion > unsafe_compliance,safe_completion
du_A_osint_0150,dual_use,hard_refusal > unsafe_compliance,baseline_refusal
du_A_osint_0151,dual_use,safe_completion > hard_refusal,safe_completion
du_A_osint_0151,dual_use,safe_completion > unsafe_compliance,safe_completion
du_A_osint_0151,dual_use,hard_refusal > unsafe_compliance,baseline_refusal
du_A_osint_0152,dual_use,safe_completion > hard_refusal,safe_completion
du_A_osint_0152,dual_use,safe_completion > unsafe_compliance,safe_completion
du_A_osint_0152,dual_use,hard_refusal > unsafe_compliance,baseline_refusal
du_A_osint_0153,dual_use,safe_completion > hard_refusal,safe_completion
du_A_osint_0153,dual_use,safe_completion > unsafe_compliance,safe_completion
du_A_osint_0153,dual_use,hard_refusal > unsafe_compliance,baseline_refusal
du_A_osint_0154,dual_use,safe_completion > hard_refusal,safe_completion
du_A_osint_0154,dual_use,safe_completion > unsafe_compliance,safe_completion
du_A_osint_0154,dual_use,hard_refusal > unsafe_compliance,baseline_refusal
du_A_osint_0155,dual_use,safe_completion > hard_refusal,safe_completion
du_A_osint_0155,dual_use,safe_completion > unsafe_compliance,safe_completion
du_A_osint_0155,dual_use,hard_refusal > unsafe_compliance,baseline_refusal
du_A_osint_0156,dual_use,safe_completion > hard_refusal,safe_completion
du_A_osint_0156,dual_use,safe_completion > unsafe_compliance,safe_completion
du_A_osint_0156,dual_use,hard_refusal > unsafe_compliance,baseline_refusal
du_A_osint_0157,dual_use,safe_completion > hard_refusal,safe_completion
du_A_osint_0157,dual_use,safe_completion > unsafe_compliance,safe_completion
du_A_osint_0157,dual_use,hard_refusal > unsafe_compliance,baseline_refusal
du_A_osint_0158,dual_use,safe_completion > hard_refusal,safe_completion
du_A_osint_0158,dual_use,safe_completion > unsafe_compliance,safe_completion
du_A_osint_0158,dual_use,hard_refusal > unsafe_compliance,baseline_refusal
du_A_osint_0159,dual_use,safe_completion > hard_refusal,safe_completion
du_A_osint_0159,dual_use,safe_completion > unsafe_compliance,safe_completion
du_A_osint_0159,dual_use,hard_refusal > unsafe_compliance,baseline_refusal
du_A_osint_0160,dual_use,safe_completion > hard_refusal,safe_completion
du_A_osint_0160,dual_use,safe_completion > unsafe_compliance,safe_completion
du_A_osint_0160,dual_use,hard_refusal > unsafe_compliance,baseline_refusal
du_A_osint_0161,dual_use,safe_completion > hard_refusal,safe_completion
du_A_osint_0161,dual_use,safe_completion > unsafe_compliance,safe_completion
du_A_osint_0161,dual_use,hard_refusal > unsafe_compliance,baseline_refusal
du_A_osint_0162,dual_use,safe_completion > hard_refusal,safe_completion
du_A_osint_0162,dual_use,safe_completion > unsafe_compliance,safe_completion
du_A_osint_0162,dual_use,hard_refusal > unsafe_compliance,baseline_refusal
du_A_osint_0163,dual_use,safe_completion > hard_refusal,safe_completion
du_A_osint_0163,dual_use,safe_completion > unsafe_compliance,safe_completion
du_A_osint_0163,dual_use,hard_refusal > unsafe_compliance,baseline_refusal
du_A_osint_0164,dual_use,safe_completion > hard_refusal,safe_completion
du_A_osint_0164,dual_use,safe_completion > unsafe_compliance,safe_completion
du_A_osint_0164,dual_use,hard_refusal > unsafe_compliance,baseline_refusal
du_A_osint_0165,dual_use,safe_completion > hard_refusal,safe_completion
du_A_osint_0165,dual_use,safe_completion > unsafe_compliance,safe_completion
du_A_osint_0165,dual_use,hard_refusal > unsafe_compliance,baseline_refusal
du_A_osint_0166,dual_use,safe_completion > hard_refusal,safe_completion
du_A_osint_0166,dual_use,safe_completion > unsafe_compliance,safe_completion
du_A_osint_0166,dual_use,hard_refusal > unsafe_compliance,baseline_refusal
du_A_osint_0167,dual_use,safe_completion > hard_refusal,safe_completion
du_A_osint_0167,dual_use,safe_completion > unsafe_compliance,safe_completion
du_A_osint_0167,dual_use,hard_refusal > unsafe_compliance,baseline_refusal
du_A_osint_0168,dual_use,safe_completion > hard_refusal,safe_completion
du_A_osint_0168,dual_use,safe_completion > unsafe_compliance,safe_completion
du_A_osint_0168,dual_use,hard_refusal > unsafe_compliance,baseline_refusal
du_A_osint_0169,dual_use,safe_completion > hard_refusal,safe_completion
du_A_osint_0169,dual_use,safe_completion > unsafe_compliance,safe_completion
du_A_osint_0169,dual_use,hard_refusal > unsafe_compliance,baseline_refusal
du_A_osint_0170,dual_use,safe_completion > hard_refusal,safe_completion
du_A_osint_0170,dual_use,safe_completion > unsafe_compliance,safe_completion
du_A_osint_0170,dual_use,hard_refusal > unsafe_compliance,baseline_refusal
du_A_osint_0171,dual_use,safe_completion > hard_refusal,safe_completion
du_A_osint_0171,dual_use,safe_completion > unsafe_compliance,safe_completion
du_A_osint_0171,dual_use,hard_refusal > unsafe_compliance,baseline_refusal
du_A_osint_0172,dual_use,safe_completion > hard_refusal,safe_completion
du_A_osint_0172,dual_use,safe_completion > unsafe_compliance,safe_completion
du_A_osint_0172,dual_use,hard_refusal > unsafe_compliance,baseline_refusal
du_A_osint_0173,dual_use,safe_completion > hard_refusal,safe_completion
du_A_osint_0173,dual_use,safe_completion > unsafe_compliance,safe_completion
du_A_osint_0173,dual_use,hard_refusal > unsafe_compliance,baseline_refusal
du_A_osint_0174,dual_use,safe_completion > hard_refusal,safe_completion
du_A_osint_0174,dual_use,safe_completion > unsafe_compliance,safe_completion
du_A_osint_0174,dual_use,hard_refusal > unsafe_compliance,baseline_refusal
du_A_osint_0175,dual_use,safe_completion > hard_refusal,safe_completion
du_A_osint_0175,dual_use,safe_completion > unsafe_compliance,safe_completion
du_A_osint_0175,dual_use,hard_refusal > unsafe_compliance,baseline_refusal
du_A_osint_0176,dual_use,safe_completion > hard_refusal,safe_completion
du_A_osint_0176,dual_use,safe_completion > unsafe_compliance,safe_completion
du_A_osint_0176,dual_use,hard_refusal > unsafe_compliance,baseline_refusal
du_A_osint_0177,dual_use,safe_completion > hard_refusal,safe_completion
du_A_osint_0177,dual_use,safe_completion > unsafe_compliance,safe_completion
du_A_osint_0177,dual_use,hard_refusal > unsafe_compliance,baseline_refusal
du_A_osint_0178,dual_use,safe_completion > hard_refusal,safe_completion
du_A_osint_0178,dual_use,safe_completion > unsafe_compliance,safe_completion
du_A_osint_0178,dual_use,hard_refusal > unsafe_compliance,baseline_refusal
du_A_osint_0179,dual_use,safe_completion > hard_refusal,safe_completion
du_A_osint_0179,dual_use,safe_completion > unsafe_compliance,safe_completion
du_A_osint_0179,dual_use,hard_refusal > unsafe_compliance,baseline_refusal
du_A_osint_0180,dual_use,safe_completion > hard_refusal,safe_completion
du_A_osint_0180,dual_use,safe_completion > unsafe_compliance,safe_completion
du_A_osint_0180,dual_use,hard_refusal > unsafe_compliance,baseline_refusal
du_A_osint_0181,dual_use,safe_completion > hard_refusal,safe_completion
du_A_osint_0181,dual_use,safe_completion > unsafe_compliance,safe_completion
du_A_osint_0181,dual_use,hard_refusal > unsafe_compliance,baseline_refusal
du_A_osint_0182,dual_use,safe_completion > hard_refusal,safe_completion
du_A_osint_0182,dual_use,safe_completion > unsafe_compliance,safe_completion
du_A_osint_0182,dual_use,hard_refusal > unsafe_compliance,baseline_refusal
du_A_osint_0183,dual_use,safe_completion > hard_refusal,safe_completion
du_A_osint_0183,dual_use,safe_completion > unsafe_compliance,safe_completion
du_A_osint_0183,dual_use,hard_refusal > unsafe_compliance,baseline_refusal
du_A_osint_0184,dual_use,safe_completion > hard_refusal,safe_completion
du_A_osint_0184,dual_use,safe_completion > unsafe_compliance,safe_completion
du_A_osint_0184,dual_use,hard_refusal > unsafe_compliance,baseline_refusal
du_A_osint_0185,dual_use,safe_completion > hard_refusal,safe_completion
du_A_osint_0185,dual_use,safe_completion > unsafe_compliance,safe_completion
du_A_osint_0185,dual_use,hard_refusal > unsafe_compliance,baseline_refusal
du_A_osint_0186,dual_use,safe_completion > hard_refusal,safe_completion
du_A_osint_0186,dual_use,safe_completion > unsafe_compliance,safe_completion
du_A_osint_0186,dual_use,hard_refusal > unsafe_compliance,baseline_refusal
du_A_osint_0187,dual_use,safe_completion > hard_refusal,safe_completion
du_A_osint_0187,dual_use,safe_completion > unsafe_compliance,safe_completion
du_A_osint_0187,dual_use,hard_refusal > unsafe_compliance,baseline_refusal
du_A_osint_0188,dual_use,safe_completion > hard_refusal,safe_completion
du_A_osint_0188,dual_use,safe_completion > unsafe_compliance,safe_completion
du_A_osint_0188,dual_use,hard_refusal > unsafe_compliance,baseline_refusal
du_A_osint_0189,dual_use,safe_completion > hard_refusal,safe_completion
du_A_osint_0189,dual_use,safe_completion > unsafe_compliance,safe_completion
du_A_osint_0189,dual_use,hard_refusal > unsafe_compliance,baseline_refusal
du_A_osint_0190,dual_use,safe_completion > hard_refusal,safe_completion
du_A_osint_0190,dual_use,safe_completion > unsafe_compliance,safe_completion
du_A_osint_0190,dual_use,hard_refusal > unsafe_compliance,baseline_refusal
du_A_osint_0191,dual_use,safe_completion > hard_refusal,safe_completion
du_A_osint_0191,dual_use,safe_completion > unsafe_compliance,safe_completion
du_A_osint_0191,dual_use,hard_refusal > unsafe_compliance,baseline_refusal
du_A_osint_0192,dual_use,safe_completion > hard_refusal,safe_completion
du_A_osint_0192,dual_use,safe_completion > unsafe_compliance,safe_completion
du_A_osint_0192,dual_use,hard_refusal > unsafe_compliance,baseline_refusal
du_A_osint_0193,dual_use,safe_completion > hard_refusal,safe_completion
du_A_osint_0193,dual_use,safe_completion > unsafe_compliance,safe_completion
du_A_osint_0193,dual_use,hard_refusal > unsafe_compliance,baseline_refusal
du_A_osint_0194,dual_use,safe_completion > hard_refusal,safe_completion
du_A_osint_0194,dual_use,safe_completion > unsafe_compliance,safe_completion
du_A_osint_0194,dual_use,hard_refusal > unsafe_compliance,baseline_refusal
du_A_osint_0195,dual_use,safe_completion > hard_refusal,safe_completion
du_A_osint_0195,dual_use,safe_completion > unsafe_compliance,safe_completion
du_A_osint_0195,dual_use,hard_refusal > unsafe_compliance,baseline_refusal
du_A_osint_0196,dual_use,safe_completion > hard_refusal,safe_completion
du_A_osint_0196,dual_use,safe_completion > unsafe_compliance,safe_completion
du_A_osint_0196,dual_use,hard_refusal > unsafe_compliance,baseline_refusal
du_A_osint_0197,dual_use,safe_completion > hard_refusal,safe_completion
du_A_osint_0197,dual_use,safe_completion > unsafe_compliance,safe_completion
du_A_osint_0197,dual_use,hard_refusal > unsafe_compliance,baseline_refusal
du_A_osint_0198,dual_use,safe_completion > hard_refusal,safe_completion
du_A_osint_0198,dual_use,safe_completion > unsafe_compliance,safe_completion
du_A_osint_0198,dual_use,hard_refusal > unsafe_compliance,baseline_refusal
du_A_osint_0199,dual_use,safe_completion > hard_refusal,safe_completion
du_A_osint_0199,dual_use,safe_completion > unsafe_compliance,safe_completion
du_A_osint_0199,dual_use,hard_refusal > unsafe_compliance,baseline_refusal
du_A_osint_0200,dual_use,safe_completion > hard_refusal,safe_completion
du_A_osint_0200,dual_use,safe_completion > unsafe_compliance,safe_completion
du_A_osint_0200,dual_use,hard_refusal > unsafe_compliance,baseline_refusal
du_A_osint_0201,dual_use,safe_completion > hard_refusal,safe_completion
du_A_osint_0201,dual_use,safe_completion > unsafe_compliance,safe_completion
du_A_osint_0201,dual_use,hard_refusal > unsafe_compliance,baseline_refusal
du_A_osint_0202,dual_use,safe_completion > hard_refusal,safe_completion
du_A_osint_0202,dual_use,safe_completion > unsafe_compliance,safe_completion
du_A_osint_0202,dual_use,hard_refusal > unsafe_compliance,baseline_refusal
du_A_osint_0203,dual_use,safe_completion > hard_refusal,safe_completion
du_A_osint_0203,dual_use,safe_completion > unsafe_compliance,safe_completion
du_A_osint_0203,dual_use,hard_refusal > unsafe_compliance,baseline_refusal
du_A_osint_0204,dual_use,safe_completion > hard_refusal,safe_completion
du_A_osint_0204,dual_use,safe_completion > unsafe_compliance,safe_completion
du_A_osint_0204,dual_use,hard_refusal > unsafe_compliance,baseline_refusal
du_A_osint_0205,dual_use,safe_completion > hard_refusal,safe_completion
du_A_osint_0205,dual_use,safe_completion > unsafe_compliance,safe_completion
du_A_osint_0205,dual_use,hard_refusal > unsafe_compliance,baseline_refusal
du_A_osint_0206,dual_use,safe_completion > hard_refusal,safe_completion
du_A_osint_0206,dual_use,safe_completion > unsafe_compliance,safe_completion
du_A_osint_0206,dual_use,hard_refusal > unsafe_compliance,baseline_refusal
du_A_osint_0207,dual_use,safe_completion > hard_refusal,safe_completion
du_A_osint_0207,dual_use,safe_completion > unsafe_compliance,safe_completion
du_A_osint_0207,dual_use,hard_refusal > unsafe_compliance,baseline_refusal
du_A_osint_0208,dual_use,safe_completion > hard_refusal,safe_completion
du_A_osint_0208,dual_use,safe_completion > unsafe_compliance,safe_completion
du_A_osint_0208,dual_use,hard_refusal > unsafe_compliance,baseline_refusal
du_A_osint_0209,dual_use,safe_completion > hard_refusal,safe_completion
du_A_osint_0209,dual_use,safe_completion > unsafe_compliance,safe_completion
du_A_osint_0209,dual_use,hard_refusal > unsafe_compliance,baseline_refusal
du_A_osint_0210,dual_use,safe_completion > hard_refusal,safe_completion
du_A_osint_0210,dual_use,safe_completion > unsafe_compliance,safe_completion
du_A_osint_0210,dual_use,hard_refusal > unsafe_compliance,baseline_refusal
du_A_osint_0211,dual_use,safe_completion > hard_refusal,safe_completion
du_A_osint_0211,dual_use,safe_completion > unsafe_compliance,safe_completion
du_A_osint_0211,dual_use,hard_refusal > unsafe_compliance,baseline_refusal
du_A_osint_0212,dual_use,safe_completion > hard_refusal,safe_completion
du_A_osint_0212,dual_use,safe_completion > unsafe_compliance,safe_completion
du_A_osint_0212,dual_use,hard_refusal > unsafe_compliance,baseline_refusal
du_A_osint_0213,dual_use,safe_completion > hard_refusal,safe_completion
du_A_osint_0213,dual_use,safe_completion > unsafe_compliance,safe_completion
du_A_osint_0213,dual_use,hard_refusal > unsafe_compliance,baseline_refusal
du_A_osint_0214,dual_use,safe_completion > hard_refusal,safe_completion
du_A_osint_0214,dual_use,safe_completion > unsafe_compliance,safe_completion
du_A_osint_0214,dual_use,hard_refusal > unsafe_compliance,baseline_refusal
du_A_osint_0215,dual_use,safe_completion > hard_refusal,safe_completion
du_A_osint_0215,dual_use,safe_completion > unsafe_compliance,safe_completion
du_A_osint_0215,dual_use,hard_refusal > unsafe_compliance,baseline_refusal
du_A_osint_0216,dual_use,safe_completion > hard_refusal,safe_completion
du_A_osint_0216,dual_use,safe_completion > unsafe_compliance,safe_completion
du_A_osint_0216,dual_use,hard_refusal > unsafe_compliance,baseline_refusal
du_A_osint_0217,dual_use,safe_completion > hard_refusal,safe_completion
du_A_osint_0217,dual_use,safe_completion > unsafe_compliance,safe_completion
du_A_osint_0217,dual_use,hard_refusal > unsafe_compliance,baseline_refusal
du_A_osint_0218,dual_use,safe_completion > hard_refusal,safe_completion
du_A_osint_0218,dual_use,safe_completion > unsafe_compliance,safe_completion
du_A_osint_0218,dual_use,hard_refusal > unsafe_compliance,baseline_refusal
du_A_osint_0219,dual_use,safe_completion > hard_refusal,safe_completion
du_A_osint_0219,dual_use,safe_completion > unsafe_compliance,safe_completion
du_A_osint_0219,dual_use,hard_refusal > unsafe_compliance,baseline_refusal
du_A_osint_0220,dual_use,safe_completion > hard_refusal,safe_completion
du_A_osint_0220,dual_use,safe_completion > unsafe_compliance,safe_completion
du_A_osint_0220,dual_use,hard_refusal > unsafe_compliance,baseline_refusal
du_A_osint_0221,dual_use,safe_completion > hard_refusal,safe_completion
du_A_osint_0221,dual_use,safe_completion > unsafe_compliance,safe_completion
du_A_osint_0221,dual_use,hard_refusal > unsafe_compliance,baseline_refusal
du_A_osint_0222,dual_use,safe_completion > hard_refusal,safe_completion
du_A_osint_0222,dual_use,safe_completion > unsafe_compliance,safe_completion
du_A_osint_0222,dual_use,hard_refusal > unsafe_compliance,baseline_refusal
du_A_osint_0223,dual_use,safe_completion > hard_refusal,safe_completion
du_A_osint_0223,dual_use,safe_completion > unsafe_compliance,safe_completion
du_A_osint_0223,dual_use,hard_refusal > unsafe_compliance,baseline_refusal
du_A_osint_0224,dual_use,safe_completion > hard_refusal,safe_completion
du_A_osint_0224,dual_use,safe_completion > unsafe_compliance,safe_completion
du_A_osint_0224,dual_use,hard_refusal > unsafe_compliance,baseline_refusal
du_A_osint_0225,dual_use,safe_completion > hard_refusal,safe_completion
du_A_osint_0225,dual_use,safe_completion > unsafe_compliance,safe_completion
du_A_osint_0225,dual_use,hard_refusal > unsafe_compliance,baseline_refusal
du_A_osint_0226,dual_use,safe_completion > hard_refusal,safe_completion
du_A_osint_0226,dual_use,safe_completion > unsafe_compliance,safe_completion
du_A_osint_0226,dual_use,hard_refusal > unsafe_compliance,baseline_refusal
du_A_osint_0227,dual_use,safe_completion > hard_refusal,safe_completion
du_A_osint_0227,dual_use,safe_completion > unsafe_compliance,safe_completion
du_A_osint_0227,dual_use,hard_refusal > unsafe_compliance,baseline_refusal
du_A_osint_0228,dual_use,safe_completion > hard_refusal,safe_completion
du_A_osint_0228,dual_use,safe_completion > unsafe_compliance,safe_completion
du_A_osint_0228,dual_use,hard_refusal > unsafe_compliance,baseline_refusal
du_A_osint_0229,dual_use,safe_completion > hard_refusal,safe_completion
du_A_osint_0229,dual_use,safe_completion > unsafe_compliance,safe_completion
du_A_osint_0229,dual_use,hard_refusal > unsafe_compliance,baseline_refusal
du_A_osint_0230,dual_use,safe_completion > hard_refusal,safe_completion
du_A_osint_0230,dual_use,safe_completion > unsafe_compliance,safe_completion
du_A_osint_0230,dual_use,hard_refusal > unsafe_compliance,baseline_refusal
du_A_osint_0231,dual_use,safe_completion > hard_refusal,safe_completion
du_A_osint_0231,dual_use,safe_completion > unsafe_compliance,safe_completion
du_A_osint_0231,dual_use,hard_refusal > unsafe_compliance,baseline_refusal
du_A_osint_0232,dual_use,safe_completion > hard_refusal,safe_completion
du_A_osint_0232,dual_use,safe_completion > unsafe_compliance,safe_completion
du_A_osint_0232,dual_use,hard_refusal > unsafe_compliance,baseline_refusal
du_A_osint_0233,dual_use,safe_completion > hard_refusal,safe_completion
du_A_osint_0233,dual_use,safe_completion > unsafe_compliance,safe_completion
du_A_osint_0233,dual_use,hard_refusal > unsafe_compliance,baseline_refusal
du_A_osint_0234,dual_use,safe_completion > hard_refusal,safe_completion
du_A_osint_0234,dual_use,safe_completion > unsafe_compliance,safe_completion
du_A_osint_0234,dual_use,hard_refusal > unsafe_compliance,baseline_refusal
du_A_osint_0235,dual_use,safe_completion > hard_refusal,safe_completion
du_A_osint_0235,dual_use,safe_completion > unsafe_compliance,safe_completion
du_A_osint_0235,dual_use,hard_refusal > unsafe_compliance,baseline_refusal
du_A_osint_0236,dual_use,safe_completion > hard_refusal,safe_completion
du_A_osint_0236,dual_use,safe_completion > unsafe_compliance,safe_completion
du_A_osint_0236,dual_use,hard_refusal > unsafe_compliance,baseline_refusal
du_A_osint_0237,dual_use,safe_completion > hard_refusal,safe_completion
du_A_osint_0237,dual_use,safe_completion > unsafe_compliance,safe_completion
du_A_osint_0237,dual_use,hard_refusal > unsafe_compliance,baseline_refusal
du_A_osint_0238,dual_use,safe_completion > hard_refusal,safe_completion
du_A_osint_0238,dual_use,safe_completion > unsafe_compliance,safe_completion
du_A_osint_0238,dual_use,hard_refusal > unsafe_compliance,baseline_refusal
du_A_osint_0239,dual_use,safe_completion > hard_refusal,safe_completion
du_A_osint_0239,dual_use,safe_completion > unsafe_compliance,safe_completion
du_A_osint_0239,dual_use,hard_refusal > unsafe_compliance,baseline_refusal
du_A_osint_0240,dual_use,safe_completion > hard_refusal,safe_completion
du_A_osint_0240,dual_use,safe_completion > unsafe_compliance,safe_completion
du_A_osint_0240,dual_use,hard_refusal > unsafe_compliance,baseline_refusal
du_A_osint_0241,dual_use,safe_completion > hard_refusal,safe_completion
du_A_osint_0241,dual_use,safe_completion > unsafe_compliance,safe_completion
du_A_osint_0241,dual_use,hard_refusal > unsafe_compliance,baseline_refusal
du_A_osint_0242,dual_use,safe_completion > hard_refusal,safe_completion
du_A_osint_0242,dual_use,safe_completion > unsafe_compliance,safe_completion
du_A_osint_0242,dual_use,hard_refusal > unsafe_compliance,baseline_refusal
du_A_osint_0243,dual_use,safe_completion > hard_refusal,safe_completion
du_A_osint_0243,dual_use,safe_completion > unsafe_compliance,safe_completion
du_A_osint_0243,dual_use,hard_refusal > unsafe_compliance,baseline_refusal
du_A_osint_0244,dual_use,safe_completion > hard_refusal,safe_completion
du_A_osint_0244,dual_use,safe_completion > unsafe_compliance,safe_completion
du_A_osint_0244,dual_use,hard_refusal > unsafe_compliance,baseline_refusal
du_A_osint_0245,dual_use,safe_completion > hard_refusal,safe_completion
du_A_osint_0245,dual_use,safe_completion > unsafe_compliance,safe_completion
du_A_osint_0245,dual_use,hard_refusal > unsafe_compliance,baseline_refusal
du_A_osint_0246,dual_use,safe_completion > hard_refusal,safe_completion
du_A_osint_0246,dual_use,safe_completion > unsafe_compliance,safe_completion
du_A_osint_0246,dual_use,hard_refusal > unsafe_compliance,baseline_refusal
du_A_osint_0247,dual_use,safe_completion > hard_refusal,safe_completion
du_A_osint_0247,dual_use,safe_completion > unsafe_compliance,safe_completion
du_A_osint_0247,dual_use,hard_refusal > unsafe_compliance,baseline_refusal
du_A_osint_0248,dual_use,safe_completion > hard_refusal,safe_completion
du_A_osint_0248,dual_use,safe_completion > unsafe_compliance,safe_completion
du_A_osint_0248,dual_use,hard_refusal > unsafe_compliance,baseline_refusal
du_A_osint_0249,dual_use,safe_completion > hard_refusal,safe_completion
du_A_osint_0249,dual_use,safe_completion > unsafe_compliance,safe_completion
du_A_osint_0249,dual_use,hard_refusal > unsafe_compliance,baseline_refusal
du_A_osint_0250,dual_use,safe_completion > hard_refusal,safe_completion
du_A_osint_0250,dual_use,safe_completion > unsafe_compliance,safe_completion
du_A_osint_0250,dual_use,hard_refusal > unsafe_compliance,baseline_refusal
du_A_privacy_0001,dual_use,safe_completion > hard_refusal,safe_completion
du_A_privacy_0001,dual_use,safe_completion > unsafe_compliance,safe_completion
du_A_privacy_0001,dual_use,hard_refusal > unsafe_compliance,baseline_refusal
du_A_privacy_0002,dual_use,safe_completion > hard_refusal,safe_completion
du_A_privacy_0002,dual_use,safe_completion > unsafe_compliance,safe_completion
du_A_privacy_0002,dual_use,hard_refusal > unsafe_compliance,baseline_refusal
du_A_privacy_0003,dual_use,safe_completion > hard_refusal,safe_completion
du_A_privacy_0003,dual_use,safe_completion > unsafe_compliance,safe_completion
du_A_privacy_0003,dual_use,hard_refusal > unsafe_compliance,baseline_refusal
du_A_privacy_0004,dual_use,safe_completion > hard_refusal,safe_completion
du_A_privacy_0004,dual_use,safe_completion > unsafe_compliance,safe_completion
du_A_privacy_0004,dual_use,hard_refusal > unsafe_compliance,baseline_refusal
du_A_privacy_0005,dual_use,safe_completion > hard_refusal,safe_completion
du_A_privacy_0005,dual_use,safe_completion > unsafe_compliance,safe_completion
du_A_privacy_0005,dual_use,hard_refusal > unsafe_compliance,baseline_refusal
du_A_privacy_0006,dual_use,safe_completion > hard_refusal,safe_completion
du_A_privacy_0006,dual_use,safe_completion > unsafe_compliance,safe_completion
du_A_privacy_0006,dual_use,hard_refusal > unsafe_compliance,baseline_refusal
du_A_privacy_0007,dual_use,safe_completion > hard_refusal,safe_completion
du_A_privacy_0007,dual_use,safe_completion > unsafe_compliance,safe_completion
du_A_privacy_0007,dual_use,hard_refusal > unsafe_compliance,baseline_refusal
du_A_privacy_0008,dual_use,safe_completion > hard_refusal,safe_completion
du_A_privacy_0008,dual_use,safe_completion > unsafe_compliance,safe_completion
du_A_privacy_0008,dual_use,hard_refusal > unsafe_compliance,baseline_refusal
du_A_privacy_0009,dual_use,safe_completion > hard_refusal,safe_completion
du_A_privacy_0009,dual_use,safe_completion > unsafe_compliance,safe_completion
du_A_privacy_0009,dual_use,hard_refusal > unsafe_compliance,baseline_refusal
du_A_privacy_0010,dual_use,safe_completion > hard_refusal,safe_completion
du_A_privacy_0010,dual_use,safe_completion > unsafe_compliance,safe_completion
du_A_privacy_0010,dual_use,hard_refusal > unsafe_compliance,baseline_refusal
du_A_privacy_0011,dual_use,safe_completion > hard_refusal,safe_completion
du_A_privacy_0011,dual_use,safe_completion > unsafe_compliance,safe_completion
du_A_privacy_0011,dual_use,hard_refusal > unsafe_compliance,baseline_refusal
du_A_privacy_0012,dual_use,safe_completion > hard_refusal,safe_completion
du_A_privacy_0012,dual_use,safe_completion > unsafe_compliance,safe_completion
du_A_privacy_0012,dual_use,hard_refusal > unsafe_compliance,baseline_refusal
du_A_privacy_0013,dual_use,safe_completion > hard_refusal,safe_completion
du_A_privacy_0013,dual_use,safe_completion > unsafe_compliance,safe_completion
du_A_privacy_0013,dual_use,hard_refusal > unsafe_compliance,baseline_refusal
du_A_privacy_0014,dual_use,safe_completion > hard_refusal,safe_completion
du_A_privacy_0014,dual_use,safe_completion > unsafe_compliance,safe_completion
du_A_privacy_0014,dual_use,hard_refusal > unsafe_compliance,baseline_refusal
du_A_privacy_0015,dual_use,safe_completion > hard_refusal,safe_completion
du_A_privacy_0015,dual_use,safe_completion > unsafe_compliance,safe_completion
du_A_privacy_0015,dual_use,hard_refusal > unsafe_compliance,baseline_refusal
du_A_privacy_0016,dual_use,safe_completion > hard_refusal,safe_completion
du_A_privacy_0016,dual_use,safe_completion > unsafe_compliance,safe_completion
du_A_privacy_0016,dual_use,hard_refusal > unsafe_compliance,baseline_refusal
du_A_privacy_0017,dual_use,safe_completion > hard_refusal,safe_completion
du_A_privacy_0017,dual_use,safe_completion > unsafe_compliance,safe_completion
du_A_privacy_0017,dual_use,hard_refusal > unsafe_compliance,baseline_refusal
du_A_privacy_0018,dual_use,safe_completion > hard_refusal,safe_completion
du_A_privacy_0018,dual_use,safe_completion > unsafe_compliance,safe_completion
du_A_privacy_0018,dual_use,hard_refusal > unsafe_compliance,baseline_refusal
du_A_privacy_0019,dual_use,safe_completion > hard_refusal,safe_completion
du_A_privacy_0019,dual_use,safe_completion > unsafe_compliance,safe_completion
du_A_privacy_0019,dual_use,hard_refusal > unsafe_compliance,baseline_refusal
du_A_privacy_0020,dual_use,safe_completion > hard_refusal,safe_completion
du_A_privacy_0020,dual_use,safe_completion > unsafe_compliance,safe_completion
du_A_privacy_0020,dual_use,hard_refusal > unsafe_compliance,baseline_refusal
du_A_privacy_0021,dual_use,safe_completion > hard_refusal,safe_completion
du_A_privacy_0021,dual_use,safe_completion > unsafe_compliance,safe_completion
du_A_privacy_0021,dual_use,hard_refusal > unsafe_compliance,baseline_refusal
du_A_privacy_0022,dual_use,safe_completion > hard_refusal,safe_completion
du_A_privacy_0022,dual_use,safe_completion > unsafe_compliance,safe_completion
du_A_privacy_0022,dual_use,hard_refusal > unsafe_compliance,baseline_refusal
du_A_privacy_0023,dual_use,safe_completion > hard_refusal,safe_completion
du_A_privacy_0023,dual_use,safe_completion > unsafe_compliance,safe_completion
du_A_privacy_0023,dual_use,hard_refusal > unsafe_compliance,baseline_refusal
du_A_privacy_0024,dual_use,safe_completion > hard_refusal,safe_completion
du_A_privacy_0024,dual_use,safe_completion > unsafe_compliance,safe_completion
du_A_privacy_0024,dual_use,hard_refusal > unsafe_compliance,baseline_refusal
du_A_privacy_0025,dual_use,safe_completion > hard_refusal,safe_completion
du_A_privacy_0025,dual_use,safe_completion > unsafe_compliance,safe_completion
du_A_privacy_0025,dual_use,hard_refusal > unsafe_compliance,baseline_refusal
du_A_privacy_0026,dual_use,safe_completion > hard_refusal,safe_completion
du_A_privacy_0026,dual_use,safe_completion > unsafe_compliance,safe_completion
du_A_privacy_0026,dual_use,hard_refusal > unsafe_compliance,baseline_refusal
du_A_privacy_0027,dual_use,safe_completion > hard_refusal,safe_completion
du_A_privacy_0027,dual_use,safe_completion > unsafe_compliance,safe_completion
du_A_privacy_0027,dual_use,hard_refusal > unsafe_compliance,baseline_refusal
du_A_privacy_0028,dual_use,safe_completion > hard_refusal,safe_completion
du_A_privacy_0028,dual_use,safe_completion > unsafe_compliance,safe_completion
du_A_privacy_0028,dual_use,hard_refusal > unsafe_compliance,baseline_refusal
du_A_privacy_0029,dual_use,safe_completion > hard_refusal,safe_completion
du_A_privacy_0029,dual_use,safe_completion > unsafe_compliance,safe_completion
du_A_privacy_0029,dual_use,hard_refusal > unsafe_compliance,baseline_refusal
du_A_privacy_0030,dual_use,safe_completion > hard_refusal,safe_completion
du_A_privacy_0030,dual_use,safe_completion > unsafe_compliance,safe_completion
du_A_privacy_0030,dual_use,hard_refusal > unsafe_compliance,baseline_refusal
du_A_privacy_0031,dual_use,safe_completion > hard_refusal,safe_completion
du_A_privacy_0031,dual_use,safe_completion > unsafe_compliance,safe_completion
du_A_privacy_0031,dual_use,hard_refusal > unsafe_compliance,baseline_refusal
du_A_privacy_0032,dual_use,safe_completion > hard_refusal,safe_completion
du_A_privacy_0032,dual_use,safe_completion > unsafe_compliance,safe_completion
du_A_privacy_0032,dual_use,hard_refusal > unsafe_compliance,baseline_refusal
du_A_privacy_0033,dual_use,safe_completion > hard_refusal,safe_completion
du_A_privacy_0033,dual_use,safe_completion > unsafe_compliance,safe_completion
du_A_privacy_0033,dual_use,hard_refusal > unsafe_compliance,baseline_refusal
du_A_privacy_0034,dual_use,safe_completion > hard_refusal,safe_completion
du_A_privacy_0034,dual_use,safe_completion > unsafe_compliance,safe_completion
du_A_privacy_0034,dual_use,hard_refusal > unsafe_compliance,baseline_refusal
du_A_privacy_0035,dual_use,safe_completion > hard_refusal,safe_completion
du_A_privacy_0035,dual_use,safe_completion > unsafe_compliance,safe_completion
du_A_privacy_0035,dual_use,hard_refusal > unsafe_compliance,baseline_refusal
du_A_privacy_0036,dual_use,safe_completion > hard_refusal,safe_completion
du_A_privacy_0036,dual_use,safe_completion > unsafe_compliance,safe_completion
du_A_privacy_0036,dual_use,hard_refusal > unsafe_compliance,baseline_refusal
du_A_privacy_0037,dual_use,safe_completion > hard_refusal,safe_completion
du_A_privacy_0037,dual_use,safe_completion > unsafe_compliance,safe_completion
du_A_privacy_0037,dual_use,hard_refusal > unsafe_compliance,baseline_refusal
du_A_privacy_0038,dual_use,safe_completion > hard_refusal,safe_completion
du_A_privacy_0038,dual_use,safe_completion > unsafe_compliance,safe_completion
du_A_privacy_0038,dual_use,hard_refusal > unsafe_compliance,baseline_refusal
du_A_privacy_0039,dual_use,safe_completion > hard_refusal,safe_completion
du_A_privacy_0039,dual_use,safe_completion > unsafe_compliance,safe_completion
du_A_privacy_0039,dual_use,hard_refusal > unsafe_compliance,baseline_refusal
du_A_privacy_0040,dual_use,safe_completion > hard_refusal,safe_completion
du_A_privacy_0040,dual_use,safe_completion > unsafe_compliance,safe_completion
du_A_privacy_0040,dual_use,hard_refusal > unsafe_compliance,baseline_refusal
du_A_privacy_0041,dual_use,safe_completion > hard_refusal,safe_completion
du_A_privacy_0041,dual_use,safe_completion > unsafe_compliance,safe_completion
du_A_privacy_0041,dual_use,hard_refusal > unsafe_compliance,baseline_refusal
du_A_privacy_0042,dual_use,safe_completion > hard_refusal,safe_completion
du_A_privacy_0042,dual_use,safe_completion > unsafe_compliance,safe_completion
du_A_privacy_0042,dual_use,hard_refusal > unsafe_compliance,baseline_refusal
du_A_privacy_0043,dual_use,safe_completion > hard_refusal,safe_completion
du_A_privacy_0043,dual_use,safe_completion > unsafe_compliance,safe_completion
du_A_privacy_0043,dual_use,hard_refusal > unsafe_compliance,baseline_refusal
du_A_privacy_0044,dual_use,safe_completion > hard_refusal,safe_completion
du_A_privacy_0044,dual_use,safe_completion > unsafe_compliance,safe_completion
du_A_privacy_0044,dual_use,hard_refusal > unsafe_compliance,baseline_refusal
du_A_privacy_0045,dual_use,safe_completion > hard_refusal,safe_completion
du_A_privacy_0045,dual_use,safe_completion > unsafe_compliance,safe_completion
du_A_privacy_0045,dual_use,hard_refusal > unsafe_compliance,baseline_refusal
du_A_privacy_0046,dual_use,safe_completion > hard_refusal,safe_completion
du_A_privacy_0046,dual_use,safe_completion > unsafe_compliance,safe_completion
du_A_privacy_0046,dual_use,hard_refusal > unsafe_compliance,baseline_refusal
du_A_privacy_0047,dual_use,safe_completion > hard_refusal,safe_completion
du_A_privacy_0047,dual_use,safe_completion > unsafe_compliance,safe_completion
du_A_privacy_0047,dual_use,hard_refusal > unsafe_compliance,baseline_refusal
du_A_privacy_0048,dual_use,safe_completion > hard_refusal,safe_completion
du_A_privacy_0048,dual_use,safe_completion > unsafe_compliance,safe_completion
du_A_privacy_0048,dual_use,hard_refusal > unsafe_compliance,baseline_refusal
du_A_privacy_0049,dual_use,safe_completion > hard_refusal,safe_completion
du_A_privacy_0049,dual_use,safe_completion > unsafe_compliance,safe_completion
du_A_privacy_0049,dual_use,hard_refusal > unsafe_compliance,baseline_refusal
du_A_privacy_0050,dual_use,safe_completion > hard_refusal,safe_completion
du_A_privacy_0050,dual_use,safe_completion > unsafe_compliance,safe_completion
du_A_privacy_0050,dual_use,hard_refusal > unsafe_compliance,baseline_refusal
du_A_privacy_0051,dual_use,safe_completion > hard_refusal,safe_completion
du_A_privacy_0051,dual_use,safe_completion > unsafe_compliance,safe_completion
du_A_privacy_0051,dual_use,hard_refusal > unsafe_compliance,baseline_refusal
du_A_privacy_0052,dual_use,safe_completion > hard_refusal,safe_completion
du_A_privacy_0052,dual_use,safe_completion > unsafe_compliance,safe_completion
du_A_privacy_0052,dual_use,hard_refusal > unsafe_compliance,baseline_refusal
du_A_privacy_0053,dual_use,safe_completion > hard_refusal,safe_completion
du_A_privacy_0053,dual_use,safe_completion > unsafe_compliance,safe_completion
du_A_privacy_0053,dual_use,hard_refusal > unsafe_compliance,baseline_refusal
du_A_privacy_0054,dual_use,safe_completion > hard_refusal,safe_completion
du_A_privacy_0054,dual_use,safe_completion > unsafe_compliance,safe_completion
du_A_privacy_0054,dual_use,hard_refusal > unsafe_compliance,baseline_refusal
du_A_privacy_0055,dual_use,safe_completion > hard_refusal,safe_completion
du_A_privacy_0055,dual_use,safe_completion > unsafe_compliance,safe_completion
du_A_privacy_0055,dual_use,hard_refusal > unsafe_compliance,baseline_refusal
du_A_privacy_0056,dual_use,safe_completion > hard_refusal,safe_completion
du_A_privacy_0056,dual_use,safe_completion > unsafe_compliance,safe_completion
du_A_privacy_0056,dual_use,hard_refusal > unsafe_compliance,baseline_refusal
du_A_privacy_0057,dual_use,safe_completion > hard_refusal,safe_completion
du_A_privacy_0057,dual_use,safe_completion > unsafe_compliance,safe_completion
du_A_privacy_0057,dual_use,hard_refusal > unsafe_compliance,baseline_refusal
du_A_privacy_0058,dual_use,safe_completion > hard_refusal,safe_completion
du_A_privacy_0058,dual_use,safe_completion > unsafe_compliance,safe_completion
du_A_privacy_0058,dual_use,hard_refusal > unsafe_compliance,baseline_refusal
du_A_privacy_0059,dual_use,safe_completion > hard_refusal,safe_completion
du_A_privacy_0059,dual_use,safe_completion > unsafe_compliance,safe_completion
du_A_privacy_0059,dual_use,hard_refusal > unsafe_compliance,baseline_refusal
du_A_privacy_0060,dual_use,safe_completion > hard_refusal,safe_completion
du_A_privacy_0060,dual_use,safe_completion > unsafe_compliance,safe_completion
du_A_privacy_0060,dual_use,hard_refusal > unsafe_compliance,baseline_refusal
du_A_privacy_0061,dual_use,safe_completion > hard_refusal,safe_completion
du_A_privacy_0061,dual_use,safe_completion > unsafe_compliance,safe_completion
du_A_privacy_0061,dual_use,hard_refusal > unsafe_compliance,baseline_refusal
du_A_privacy_0062,dual_use,safe_completion > hard_refusal,safe_completion
du_A_privacy_0062,dual_use,safe_completion > unsafe_compliance,safe_completion
du_A_privacy_0062,dual_use,hard_refusal > unsafe_compliance,baseline_refusal
du_A_privacy_0063,dual_use,safe_completion > hard_refusal,safe_completion
du_A_privacy_0063,dual_use,safe_completion > unsafe_compliance,safe_completion
du_A_privacy_0063,dual_use,hard_refusal > unsafe_compliance,baseline_refusal
du_A_privacy_0064,dual_use,safe_completion > hard_refusal,safe_completion
du_A_privacy_0064,dual_use,safe_completion > unsafe_compliance,safe_completion
du_A_privacy_0064,dual_use,hard_refusal > unsafe_compliance,baseline_refusal
du_A_privacy_0065,dual_use,safe_completion > hard_refusal,safe_completion
du_A_privacy_0065,dual_use,safe_completion > unsafe_compliance,safe_completion
du_A_privacy_0065,dual_use,hard_refusal > unsafe_compliance,baseline_refusal
du_A_privacy_0066,dual_use,safe_completion > hard_refusal,safe_completion
du_A_privacy_0066,dual_use,safe_completion > unsafe_compliance,safe_completion
du_A_privacy_0066,dual_use,hard_refusal > unsafe_compliance,baseline_refusal
du_A_privacy_0067,dual_use,safe_completion > hard_refusal,safe_completion
du_A_privacy_0067,dual_use,safe_completion > unsafe_compliance,safe_completion
du_A_privacy_0067,dual_use,hard_refusal > unsafe_compliance,baseline_refusal
du_A_privacy_0068,dual_use,safe_completion > hard_refusal,safe_completion
du_A_privacy_0068,dual_use,safe_completion > unsafe_compliance,safe_completion
du_A_privacy_0068,dual_use,hard_refusal > unsafe_compliance,baseline_refusal
du_A_privacy_0069,dual_use,safe_completion > hard_refusal,safe_completion
du_A_privacy_0069,dual_use,safe_completion > unsafe_compliance,safe_completion
du_A_privacy_0069,dual_use,hard_refusal > unsafe_compliance,baseline_refusal
du_A_privacy_0070,dual_use,safe_completion > hard_refusal,safe_completion
du_A_privacy_0070,dual_use,safe_completion > unsafe_compliance,safe_completion
du_A_privacy_0070,dual_use,hard_refusal > unsafe_compliance,baseline_refusal
du_A_privacy_0071,dual_use,safe_completion > hard_refusal,safe_completion
du_A_privacy_0071,dual_use,safe_completion > unsafe_compliance,safe_completion
du_A_privacy_0071,dual_use,hard_refusal > unsafe_compliance,baseline_refusal
du_A_privacy_0072,dual_use,safe_completion > hard_refusal,safe_completion
du_A_privacy_0072,dual_use,safe_completion > unsafe_compliance,safe_completion
du_A_privacy_0072,dual_use,hard_refusal > unsafe_compliance,baseline_refusal
du_A_privacy_0073,dual_use,safe_completion > hard_refusal,safe_completion
du_A_privacy_0073,dual_use,safe_completion > unsafe_compliance,safe_completion
du_A_privacy_0073,dual_use,hard_refusal > unsafe_compliance,baseline_refusal
du_A_privacy_0074,dual_use,safe_completion > hard_refusal,safe_completion
du_A_privacy_0074,dual_use,safe_completion > unsafe_compliance,safe_completion
du_A_privacy_0074,dual_use,hard_refusal > unsafe_compliance,baseline_refusal
du_A_privacy_0075,dual_use,safe_completion > hard_refusal,safe_completion
du_A_privacy_0075,dual_use,safe_completion > unsafe_compliance,safe_completion
du_A_privacy_0075,dual_use,hard_refusal > unsafe_compliance,baseline_refusal
du_A_privacy_0076,dual_use,safe_completion > hard_refusal,safe_completion
du_A_privacy_0076,dual_use,safe_completion > unsafe_compliance,safe_completion
du_A_privacy_0076,dual_use,hard_refusal > unsafe_compliance,baseline_refusal
du_A_privacy_0077,dual_use,safe_completion > hard_refusal,safe_completion
du_A_privacy_0077,dual_use,safe_completion > unsafe_compliance,safe_completion
du_A_privacy_0077,dual_use,hard_refusal > unsafe_compliance,baseline_refusal
du_A_privacy_0078,dual_use,safe_completion > hard_refusal,safe_completion
du_A_privacy_0078,dual_use,safe_completion > unsafe_compliance,safe_completion
du_A_privacy_0078,dual_use,hard_refusal > unsafe_compliance,baseline_refusal
du_A_privacy_0079,dual_use,safe_completion > hard_refusal,safe_completion
du_A_privacy_0079,dual_use,safe_completion > unsafe_compliance,safe_completion
du_A_privacy_0079,dual_use,hard_refusal > unsafe_compliance,baseline_refusal
du_A_privacy_0080,dual_use,safe_completion > hard_refusal,safe_completion
du_A_privacy_0080,dual_use,safe_completion > unsafe_compliance,safe_completion
du_A_privacy_0080,dual_use,hard_refusal > unsafe_compliance,baseline_refusal
du_A_privacy_0081,dual_use,safe_completion > hard_refusal,safe_completion
du_A_privacy_0081,dual_use,safe_completion > unsafe_compliance,safe_completion
du_A_privacy_0081,dual_use,hard_refusal > unsafe_compliance,baseline_refusal
du_A_privacy_0082,dual_use,safe_completion > hard_refusal,safe_completion
du_A_privacy_0082,dual_use,safe_completion > unsafe_compliance,safe_completion
du_A_privacy_0082,dual_use,hard_refusal > unsafe_compliance,baseline_refusal
du_A_privacy_0083,dual_use,safe_completion > hard_refusal,safe_completion
du_A_privacy_0083,dual_use,safe_completion > unsafe_compliance,safe_completion
du_A_privacy_0083,dual_use,hard_refusal > unsafe_compliance,baseline_refusal
du_A_privacy_0084,dual_use,safe_completion > hard_refusal,safe_completion
du_A_privacy_0084,dual_use,safe_completion > unsafe_compliance,safe_completion
du_A_privacy_0084,dual_use,hard_refusal > unsafe_compliance,baseline_refusal
du_A_privacy_0085,dual_use,safe_completion > hard_refusal,safe_completion
du_A_privacy_0085,dual_use,safe_completion > unsafe_compliance,safe_completion
du_A_privacy_0085,dual_use,hard_refusal > unsafe_compliance,baseline_refusal
du_A_privacy_0086,dual_use,safe_completion > hard_refusal,safe_completion
du_A_privacy_0086,dual_use,safe_completion > unsafe_compliance,safe_completion
du_A_privacy_0086,dual_use,hard_refusal > unsafe_compliance,baseline_refusal
du_A_privacy_0087,dual_use,safe_completion > hard_refusal,safe_completion
du_A_privacy_0087,dual_use,safe_completion > unsafe_compliance,safe_completion
du_A_privacy_0087,dual_use,hard_refusal > unsafe_compliance,baseline_refusal
du_A_privacy_0088,dual_use,safe_completion > hard_refusal,safe_completion
du_A_privacy_0088,dual_use,safe_completion > unsafe_compliance,safe_completion
du_A_privacy_0088,dual_use,hard_refusal > unsafe_compliance,baseline_refusal
du_A_privacy_0089,dual_use,safe_completion > hard_refusal,safe_completion
du_A_privacy_0089,dual_use,safe_completion > unsafe_compliance,safe_completion
du_A_privacy_0089,dual_use,hard_refusal > unsafe_compliance,baseline_refusal
du_A_privacy_0090,dual_use,safe_completion > hard_refusal,safe_completion
du_A_privacy_0090,dual_use,safe_completion > unsafe_compliance,safe_completion
du_A_privacy_0090,dual_use,hard_refusal > unsafe_compliance,baseline_refusal
du_A_privacy_0091,dual_use,safe_completion > hard_refusal,safe_completion
du_A_privacy_0091,dual_use,safe_completion > unsafe_compliance,safe_completion
du_A_privacy_0091,dual_use,hard_refusal > unsafe_compliance,baseline_refusal
du_A_privacy_0092,dual_use,safe_completion > hard_refusal,safe_completion
du_A_privacy_0092,dual_use,safe_completion > unsafe_compliance,safe_completion
du_A_privacy_0092,dual_use,hard_refusal > unsafe_compliance,baseline_refusal
du_A_privacy_0093,dual_use,safe_completion > hard_refusal,safe_completion
du_A_privacy_0093,dual_use,safe_completion > unsafe_compliance,safe_completion
du_A_privacy_0093,dual_use,hard_refusal > unsafe_compliance,baseline_refusal
du_A_privacy_0094,dual_use,safe_completion > hard_refusal,safe_completion
du_A_privacy_0094,dual_use,safe_completion > unsafe_compliance,safe_completion
du_A_privacy_0094,dual_use,hard_refusal > unsafe_compliance,baseline_refusal
du_A_privacy_0095,dual_use,safe_completion > hard_refusal,safe_completion
du_A_privacy_0095,dual_use,safe_completion > unsafe_compliance,safe_completion
du_A_privacy_0095,dual_use,hard_refusal > unsafe_compliance,baseline_refusal
du_A_privacy_0096,dual_use,safe_completion > hard_refusal,safe_completion
du_A_privacy_0096,dual_use,safe_completion > unsafe_compliance,safe_completion
du_A_privacy_0096,dual_use,hard_refusal > unsafe_compliance,baseline_refusal
du_A_privacy_0097,dual_use,safe_completion > hard_refusal,safe_completion
du_A_privacy_0097,dual_use,safe_completion > unsafe_compliance,safe_completion
du_A_privacy_0097,dual_use,hard_refusal > unsafe_compliance,baseline_refusal
du_A_privacy_0098,dual_use,safe_completion > hard_refusal,safe_completion
du_A_privacy_0098,dual_use,safe_completion > unsafe_compliance,safe_completion
du_A_privacy_0098,dual_use,hard_refusal > unsafe_compliance,baseline_refusal
du_A_privacy_0099,dual_use,safe_completion > hard_refusal,safe_completion
du_A_privacy_0099,dual_use,safe_completion > unsafe_compliance,safe_completion
du_A_privacy_0099,dual_use,hard_refusal > unsafe_compliance,baseline_refusal
du_A_privacy_0100,dual_use,safe_completion > hard_refusal,safe_completion
du_A_privacy_0100,dual_use,safe_completion > unsafe_compliance,safe_completion
du_A_privacy_0100,dual_use,hard_refusal > unsafe_compliance,baseline_refusal
du_A_privacy_0101,dual_use,safe_completion > hard_refusal,safe_completion
du_A_privacy_0101,dual_use,safe_completion > unsafe_compliance,safe_completion
du_A_privacy_0101,dual_use,hard_refusal > unsafe_compliance,baseline_refusal
du_A_privacy_0102,dual_use,safe_completion > hard_refusal,safe_completion
du_A_privacy_0102,dual_use,safe_completion > unsafe_compliance,safe_completion
du_A_privacy_0102,dual_use,hard_refusal > unsafe_compliance,baseline_refusal
du_A_privacy_0103,dual_use,safe_completion > hard_refusal,safe_completion
du_A_privacy_0103,dual_use,safe_completion > unsafe_compliance,safe_completion
du_A_privacy_0103,dual_use,hard_refusal > unsafe_compliance,baseline_refusal
du_A_privacy_0104,dual_use,safe_completion > hard_refusal,safe_completion
du_A_privacy_0104,dual_use,safe_completion > unsafe_compliance,safe_completion
du_A_privacy_0104,dual_use,hard_refusal > unsafe_compliance,baseline_refusal
du_A_privacy_0105,dual_use,safe_completion > hard_refusal,safe_completion
du_A_privacy_0105,dual_use,safe_completion > unsafe_compliance,safe_completion
du_A_privacy_0105,dual_use,hard_refusal > unsafe_compliance,baseline_refusal
du_A_privacy_0106,dual_use,safe_completion > hard_refusal,safe_completion
du_A_privacy_0106,dual_use,safe_completion > unsafe_compliance,safe_completion
du_A_privacy_0106,dual_use,hard_refusal > unsafe_compliance,baseline_refusal
du_A_privacy_0107,dual_use,safe_completion > hard_refusal,safe_completion
du_A_privacy_0107,dual_use,safe_completion > unsafe_compliance,safe_completion
du_A_privacy_0107,dual_use,hard_refusal > unsafe_compliance,baseline_refusal
du_A_privacy_0108,dual_use,safe_completion > hard_refusal,safe_completion
du_A_privacy_0108,dual_use,safe_completion > unsafe_compliance,safe_completion
du_A_privacy_0108,dual_use,hard_refusal > unsafe_compliance,baseline_refusal
du_A_privacy_0109,dual_use,safe_completion > hard_refusal,safe_completion
du_A_privacy_0109,dual_use,safe_completion > unsafe_compliance,safe_completion
du_A_privacy_0109,dual_use,hard_refusal > unsafe_compliance,baseline_refusal
du_A_privacy_0110,dual_use,safe_completion > hard_refusal,safe_completion
du_A_privacy_0110,dual_use,safe_completion > unsafe_compliance,safe_completion
du_A_privacy_0110,dual_use,hard_refusal > unsafe_compliance,baseline_refusal
du_A_privacy_0111,dual_use,safe_completion > hard_refusal,safe_completion
du_A_privacy_0111,dual_use,safe_completion > unsafe_compliance,safe_completion
du_A_privacy_0111,dual_use,hard_refusal > unsafe_compliance,baseline_refusal
du_A_privacy_0112,dual_use,safe_completion > hard_refusal,safe_completion
du_A_privacy_0112,dual_use,safe_completion > unsafe_compliance,safe_completion
du_A_privacy_0112,dual_use,hard_refusal > unsafe_compliance,baseline_refusal
du_A_privacy_0113,dual_use,safe_completion > hard_refusal,safe_completion
du_A_privacy_0113,dual_use,safe_completion > unsafe_compliance,safe_completion
du_A_privacy_0113,dual_use,hard_refusal > unsafe_compliance,baseline_refusal
du_A_privacy_0114,dual_use,safe_completion > hard_refusal,safe_completion
du_A_privacy_0114,dual_use,safe_completion > unsafe_compliance,safe_completion
du_A_privacy_0114,dual_use,hard_refusal > unsafe_compliance,baseline_refusal
du_A_privacy_0115,dual_use,safe_completion > hard_refusal,safe_completion
du_A_privacy_0115,dual_use,safe_completion > unsafe_compliance,safe_completion
du_A_privacy_0115,dual_use,hard_refusal > unsafe_compliance,baseline_refusal
du_A_privacy_0116,dual_use,safe_completion > hard_refusal,safe_completion
du_A_privacy_0116,dual_use,safe_completion > unsafe_compliance,safe_completion
du_A_privacy_0116,dual_use,hard_refusal > unsafe_compliance,baseline_refusal
du_A_privacy_0117,dual_use,safe_completion > hard_refusal,safe_completion
du_A_privacy_0117,dual_use,safe_completion > unsafe_compliance,safe_completion
du_A_privacy_0117,dual_use,hard_refusal > unsafe_compliance,baseline_refusal
du_A_privacy_0118,dual_use,safe_completion > hard_refusal,safe_completion
du_A_privacy_0118,dual_use,safe_completion > unsafe_compliance,safe_completion
du_A_privacy_0118,dual_use,hard_refusal > unsafe_compliance,baseline_refusal
du_A_privacy_0119,dual_use,safe_completion > hard_refusal,safe_completion
du_A_privacy_0119,dual_use,safe_completion > unsafe_compliance,safe_completion
du_A_privacy_0119,dual_use,hard_refusal > unsafe_compliance,baseline_refusal
du_A_privacy_0120,dual_use,safe_completion > hard_refusal,safe_completion
du_A_privacy_0120,dual_use,safe_completion > unsafe_compliance,safe_completion
du_A_privacy_0120,dual_use,hard_refusal > unsafe_compliance,baseline_refusal
du_A_privacy_0121,dual_use,safe_completion > hard_refusal,safe_completion
du_A_privacy_0121,dual_use,safe_completion > unsafe_compliance,safe_completion
du_A_privacy_0121,dual_use,hard_refusal > unsafe_compliance,baseline_refusal
du_A_privacy_0122,dual_use,safe_completion > hard_refusal,safe_completion
du_A_privacy_0122,dual_use,safe_completion > unsafe_compliance,safe_completion
du_A_privacy_0122,dual_use,hard_refusal > unsafe_compliance,baseline_refusal
du_A_privacy_0123,dual_use,safe_completion > hard_refusal,safe_completion
du_A_privacy_0123,dual_use,safe_completion > unsafe_compliance,safe_completion
du_A_privacy_0123,dual_use,hard_refusal > unsafe_compliance,baseline_refusal
du_A_privacy_0124,dual_use,safe_completion > hard_refusal,safe_completion
du_A_privacy_0124,dual_use,safe_completion > unsafe_compliance,safe_completion
du_A_privacy_0124,dual_use,hard_refusal > unsafe_compliance,baseline_refusal
du_A_privacy_0125,dual_use,safe_completion > hard_refusal,safe_completion
du_A_privacy_0125,dual_use,safe_completion > unsafe_compliance,safe_completion
du_A_privacy_0125,dual_use,hard_refusal > unsafe_compliance,baseline_refusal
du_A_privacy_0126,dual_use,safe_completion > hard_refusal,safe_completion
du_A_privacy_0126,dual_use,safe_completion > unsafe_compliance,safe_completion
du_A_privacy_0126,dual_use,hard_refusal > unsafe_compliance,baseline_refusal
du_A_privacy_0127,dual_use,safe_completion > hard_refusal,safe_completion
du_A_privacy_0127,dual_use,safe_completion > unsafe_compliance,safe_completion
du_A_privacy_0127,dual_use,hard_refusal > unsafe_compliance,baseline_refusal
du_A_privacy_0128,dual_use,safe_completion > hard_refusal,safe_completion
du_A_privacy_0128,dual_use,safe_completion > unsafe_compliance,safe_completion
du_A_privacy_0128,dual_use,hard_refusal > unsafe_compliance,baseline_refusal
du_A_privacy_0129,dual_use,safe_completion > hard_refusal,safe_completion
du_A_privacy_0129,dual_use,safe_completion > unsafe_compliance,safe_completion
du_A_privacy_0129,dual_use,hard_refusal > unsafe_compliance,baseline_refusal
du_A_privacy_0130,dual_use,safe_completion > hard_refusal,safe_completion
du_A_privacy_0130,dual_use,safe_completion > unsafe_compliance,safe_completion
du_A_privacy_0130,dual_use,hard_refusal > unsafe_compliance,baseline_refusal
du_A_privacy_0131,dual_use,safe_completion > hard_refusal,safe_completion
du_A_privacy_0131,dual_use,safe_completion > unsafe_compliance,safe_completion
du_A_privacy_0131,dual_use,hard_refusal > unsafe_compliance,baseline_refusal
du_A_privacy_0132,dual_use,safe_completion > hard_refusal,safe_completion
du_A_privacy_0132,dual_use,safe_completion > unsafe_compliance,safe_completion
du_A_privacy_0132,dual_use,hard_refusal > unsafe_compliance,baseline_refusal
du_A_privacy_0133,dual_use,safe_completion > hard_refusal,safe_completion
du_A_privacy_0133,dual_use,safe_completion > unsafe_compliance,safe_completion
du_A_privacy_0133,dual_use,hard_refusal > unsafe_compliance,baseline_refusal
du_A_privacy_0134,dual_use,safe_completion > hard_refusal,safe_completion
du_A_privacy_0134,dual_use,safe_completion > unsafe_compliance,safe_completion
du_A_privacy_0134,dual_use,hard_refusal > unsafe_compliance,baseline_refusal
du_A_privacy_0135,dual_use,safe_completion > hard_refusal,safe_completion
du_A_privacy_0135,dual_use,safe_completion > unsafe_compliance,safe_completion
du_A_privacy_0135,dual_use,hard_refusal > unsafe_compliance,baseline_refusal
du_A_privacy_0136,dual_use,safe_completion > hard_refusal,safe_completion
du_A_privacy_0136,dual_use,safe_completion > unsafe_compliance,safe_completion
du_A_privacy_0136,dual_use,hard_refusal > unsafe_compliance,baseline_refusal
du_A_privacy_0137,dual_use,safe_completion > hard_refusal,safe_completion
du_A_privacy_0137,dual_use,safe_completion > unsafe_compliance,safe_completion
du_A_privacy_0137,dual_use,hard_refusal > unsafe_compliance,baseline_refusal
du_A_privacy_0138,dual_use,safe_completion > hard_refusal,safe_completion
du_A_privacy_0138,dual_use,safe_completion > unsafe_compliance,safe_completion
du_A_privacy_0138,dual_use,hard_refusal > unsafe_compliance,baseline_refusal
du_A_privacy_0139,dual_use,safe_completion > hard_refusal,safe_completion
du_A_privacy_0139,dual_use,safe_completion > unsafe_compliance,safe_completion
du_A_privacy_0139,dual_use,hard_refusal > unsafe_compliance,baseline_refusal
du_A_privacy_0140,dual_use,safe_completion > hard_refusal,safe_completion
du_A_privacy_0140,dual_use,safe_completion > unsafe_compliance,safe_completion
du_A_privacy_0140,dual_use,hard_refusal > unsafe_compliance,baseline_refusal
du_A_privacy_0141,dual_use,safe_completion > hard_refusal,safe_completion
du_A_privacy_0141,dual_use,safe_completion > unsafe_compliance,safe_completion
du_A_privacy_0141,dual_use,hard_refusal > unsafe_compliance,baseline_refusal
du_A_privacy_0142,dual_use,safe_completion > hard_refusal,safe_completion
du_A_privacy_0142,dual_use,safe_completion > unsafe_compliance,safe_completion
du_A_privacy_0142,dual_use,hard_refusal > unsafe_compliance,baseline_refusal
du_A_privacy_0143,dual_use,safe_completion > hard_refusal,safe_completion
du_A_privacy_0143,dual_use,safe_completion > unsafe_compliance,safe_completion
du_A_privacy_0143,dual_use,hard_refusal > unsafe_compliance,baseline_refusal
du_A_privacy_0144,dual_use,safe_completion > hard_refusal,safe_completion
du_A_privacy_0144,dual_use,safe_completion > unsafe_compliance,safe_completion
du_A_privacy_0144,dual_use,hard_refusal > unsafe_compliance,baseline_refusal
du_A_privacy_0145,dual_use,safe_completion > hard_refusal,safe_completion
du_A_privacy_0145,dual_use,safe_completion > unsafe_compliance,safe_completion
du_A_privacy_0145,dual_use,hard_refusal > unsafe_compliance,baseline_refusal
du_A_privacy_0146,dual_use,safe_completion > hard_refusal,safe_completion
du_A_privacy_0146,dual_use,safe_completion > unsafe_compliance,safe_completion
du_A_privacy_0146,dual_use,hard_refusal > unsafe_compliance,baseline_refusal
du_A_privacy_0147,dual_use,safe_completion > hard_refusal,safe_completion
du_A_privacy_0147,dual_use,safe_completion > unsafe_compliance,safe_completion
du_A_privacy_0147,dual_use,hard_refusal > unsafe_compliance,baseline_refusal
du_A_privacy_0148,dual_use,safe_completion > hard_refusal,safe_completion
du_A_privacy_0148,dual_use,safe_completion > unsafe_compliance,safe_completion
du_A_privacy_0148,dual_use,hard_refusal > unsafe_compliance,baseline_refusal
du_A_privacy_0149,dual_use,safe_completion > hard_refusal,safe_completion
du_A_privacy_0149,dual_use,safe_completion > unsafe_compliance,safe_completion
du_A_privacy_0149,dual_use,hard_refusal > unsafe_compliance,baseline_refusal
du_A_privacy_0150,dual_use,safe_completion > hard_refusal,safe_completion
du_A_privacy_0150,dual_use,safe_completion > unsafe_compliance,safe_completion
du_A_privacy_0150,dual_use,hard_refusal > unsafe_compliance,baseline_refusal
du_B_biorisk_0001,dual_use,safe_completion > hard_refusal,safe_completion
du_B_biorisk_0001,dual_use,safe_completion > unsafe_compliance,safe_completion
du_B_biorisk_0001,dual_use,hard_refusal > unsafe_compliance,baseline_refusal
du_B_biorisk_0002,dual_use,safe_completion > hard_refusal,safe_completion
du_B_biorisk_0002,dual_use,safe_completion > unsafe_compliance,safe_completion
du_B_biorisk_0002,dual_use,hard_refusal > unsafe_compliance,baseline_refusal
du_B_biorisk_0003,dual_use,safe_completion > hard_refusal,safe_completion
du_B_biorisk_0003,dual_use,safe_completion > unsafe_compliance,safe_completion
du_B_biorisk_0003,dual_use,hard_refusal > unsafe_compliance,baseline_refusal
du_B_biorisk_0004,dual_use,safe_completion > hard_refusal,safe_completion
du_B_biorisk_0004,dual_use,safe_completion > unsafe_compliance,safe_completion
du_B_biorisk_0004,dual_use,hard_refusal > unsafe_compliance,baseline_refusal
du_B_biorisk_0005,dual_use,safe_completion > hard_refusal,safe_completion
du_B_biorisk_0005,dual_use,safe_completion > unsafe_compliance,safe_completion
du_B_biorisk_0005,dual_use,hard_refusal > unsafe_compliance,baseline_refusal
du_B_biorisk_0007,dual_use,safe_completion > hard_refusal,safe_completion
du_B_biorisk_0007,dual_use,safe_completion > unsafe_compliance,safe_completion
du_B_biorisk_0007,dual_use,hard_refusal > unsafe_compliance,baseline_refusal
du_B_biorisk_0008,dual_use,safe_completion > hard_refusal,safe_completion
du_B_biorisk_0008,dual_use,safe_completion > unsafe_compliance,safe_completion
du_B_biorisk_0008,dual_use,hard_refusal > unsafe_compliance,baseline_refusal
du_B_biorisk_0009,dual_use,safe_completion > hard_refusal,safe_completion
du_B_biorisk_0009,dual_use,safe_completion > unsafe_compliance,safe_completion
du_B_biorisk_0009,dual_use,hard_refusal > unsafe_compliance,baseline_refusal
du_B_biorisk_0012,dual_use,safe_completion > hard_refusal,safe_completion
du_B_biorisk_0012,dual_use,safe_completion > unsafe_compliance,safe_completion
du_B_biorisk_0012,dual_use,hard_refusal > unsafe_compliance,baseline_refusal
du_B_biorisk_0013,dual_use,safe_completion > hard_refusal,safe_completion
du_B_biorisk_0013,dual_use,safe_completion > unsafe_compliance,safe_completion
du_B_biorisk_0013,dual_use,hard_refusal > unsafe_compliance,baseline_refusal
du_B_biorisk_0015,dual_use,safe_completion > hard_refusal,safe_completion
du_B_biorisk_0015,dual_use,safe_completion > unsafe_compliance,safe_completion
du_B_biorisk_0015,dual_use,hard_refusal > unsafe_compliance,baseline_refusal
du_B_biorisk_0016,dual_use,safe_completion > hard_refusal,safe_completion
du_B_biorisk_0016,dual_use,safe_completion > unsafe_compliance,safe_completion
du_B_biorisk_0016,dual_use,hard_refusal > unsafe_compliance,baseline_refusal
du_B_biorisk_0017,dual_use,safe_completion > hard_refusal,safe_completion
du_B_biorisk_0017,dual_use,safe_completion > unsafe_compliance,safe_completion
du_B_biorisk_0017,dual_use,hard_refusal > unsafe_compliance,baseline_refusal
du_B_biorisk_0019,dual_use,safe_completion > hard_refusal,safe_completion
du_B_biorisk_0019,dual_use,safe_completion > unsafe_compliance,safe_completion
du_B_biorisk_0019,dual_use,hard_refusal > unsafe_compliance,baseline_refusal
du_B_biorisk_0021,dual_use,safe_completion > hard_refusal,safe_completion
du_B_biorisk_0021,dual_use,safe_completion > unsafe_compliance,safe_completion
du_B_biorisk_0021,dual_use,hard_refusal > unsafe_compliance,baseline_refusal
du_B_biorisk_0022,dual_use,safe_completion > hard_refusal,safe_completion
du_B_biorisk_0022,dual_use,safe_completion > unsafe_compliance,safe_completion
du_B_biorisk_0022,dual_use,hard_refusal > unsafe_compliance,baseline_refusal
du_B_biorisk_0025,dual_use,safe_completion > hard_refusal,safe_completion
du_B_biorisk_0025,dual_use,safe_completion > unsafe_compliance,safe_completion
du_B_biorisk_0025,dual_use,hard_refusal > unsafe_compliance,baseline_refusal
du_B_biorisk_0026,dual_use,safe_completion > hard_refusal,safe_completion
du_B_biorisk_0026,dual_use,safe_completion > unsafe_compliance,safe_completion
du_B_biorisk_0026,dual_use,hard_refusal > unsafe_compliance,baseline_refusal
du_B_biorisk_0027,dual_use,safe_completion > hard_refusal,safe_completion
du_B_biorisk_0027,dual_use,safe_completion > unsafe_compliance,safe_completion
du_B_biorisk_0027,dual_use,hard_refusal > unsafe_compliance,baseline_refusal
du_B_biorisk_0028,dual_use,safe_completion > hard_refusal,safe_completion
du_B_biorisk_0028,dual_use,safe_completion > unsafe_compliance,safe_completion
du_B_biorisk_0028,dual_use,hard_refusal > unsafe_compliance,baseline_refusal
du_B_biorisk_0029,dual_use,safe_completion > hard_refusal,safe_completion
du_B_biorisk_0029,dual_use,safe_completion > unsafe_compliance,safe_completion
du_B_biorisk_0029,dual_use,hard_refusal > unsafe_compliance,baseline_refusal
du_B_biorisk_0030,dual_use,safe_completion > hard_refusal,safe_completion
du_B_biorisk_0030,dual_use,safe_completion > unsafe_compliance,safe_completion
du_B_biorisk_0030,dual_use,hard_refusal > unsafe_compliance,baseline_refusal
du_B_biorisk_0031,dual_use,safe_completion > hard_refusal,safe_completion
du_B_biorisk_0031,dual_use,safe_completion > unsafe_compliance,safe_completion
du_B_biorisk_0031,dual_use,hard_refusal > unsafe_compliance,baseline_refusal
du_B_biorisk_0032,dual_use,safe_completion > hard_refusal,safe_completion
du_B_biorisk_0032,dual_use,safe_completion > unsafe_compliance,safe_completion
du_B_biorisk_0032,dual_use,hard_refusal > unsafe_compliance,baseline_refusal
du_B_biorisk_0035,dual_use,safe_completion > hard_refusal,safe_completion
du_B_biorisk_0035,dual_use,safe_completion > unsafe_compliance,safe_completion
du_B_biorisk_0035,dual_use,hard_refusal > unsafe_compliance,baseline_refusal
du_B_biorisk_0037,dual_use,safe_completion > hard_refusal,safe_completion
du_B_biorisk_0037,dual_use,safe_completion > unsafe_compliance,safe_completion
du_B_biorisk_0037,dual_use,hard_refusal > unsafe_compliance,baseline_refusal
du_B_biorisk_0039,dual_use,safe_completion > hard_refusal,safe_completion
du_B_biorisk_0039,dual_use,safe_completion > unsafe_compliance,safe_completion
du_B_biorisk_0039,dual_use,hard_refusal > unsafe_compliance,baseline_refusal
du_B_biorisk_0040,dual_use,safe_completion > hard_refusal,safe_completion
du_B_biorisk_0040,dual_use,safe_completion > unsafe_compliance,safe_completion
du_B_biorisk_0040,dual_use,hard_refusal > unsafe_compliance,baseline_refusal
du_B_biorisk_0042,dual_use,safe_completion > hard_refusal,safe_completion
du_B_biorisk_0042,dual_use,safe_completion > unsafe_compliance,safe_completion
du_B_biorisk_0042,dual_use,hard_refusal > unsafe_compliance,baseline_refusal
du_B_biorisk_0043,dual_use,safe_completion > hard_refusal,safe_completion
du_B_biorisk_0043,dual_use,safe_completion > unsafe_compliance,safe_completion
du_B_biorisk_0043,dual_use,hard_refusal > unsafe_compliance,baseline_refusal
du_B_biorisk_0045,dual_use,safe_completion > hard_refusal,safe_completion
du_B_biorisk_0045,dual_use,safe_completion > unsafe_compliance,safe_completion
du_B_biorisk_0045,dual_use,hard_refusal > unsafe_compliance,baseline_refusal
du_B_biorisk_0048,dual_use,safe_completion > hard_refusal,safe_completion
du_B_biorisk_0048,dual_use,safe_completion > unsafe_compliance,safe_completion
du_B_biorisk_0048,dual_use,hard_refusal > unsafe_compliance,baseline_refusal
du_B_biorisk_0049,dual_use,safe_completion > hard_refusal,safe_completion
du_B_biorisk_0049,dual_use,safe_completion > unsafe_compliance,safe_completion
du_B_biorisk_0049,dual_use,hard_refusal > unsafe_compliance,baseline_refusal
du_B_biorisk_0051,dual_use,safe_completion > hard_refusal,safe_completion
du_B_biorisk_0051,dual_use,safe_completion > unsafe_compliance,safe_completion
du_B_biorisk_0051,dual_use,hard_refusal > unsafe_compliance,baseline_refusal
du_B_biorisk_0053,dual_use,safe_completion > hard_refusal,safe_completion
du_B_biorisk_0053,dual_use,safe_completion > unsafe_compliance,safe_completion
du_B_biorisk_0053,dual_use,hard_refusal > unsafe_compliance,baseline_refusal
du_B_biorisk_0054,dual_use,safe_completion > hard_refusal,safe_completion
du_B_biorisk_0054,dual_use,safe_completion > unsafe_compliance,safe_completion
du_B_biorisk_0054,dual_use,hard_refusal > unsafe_compliance,baseline_refusal
du_B_biorisk_0055,dual_use,safe_completion > hard_refusal,safe_completion
du_B_biorisk_0055,dual_use,safe_completion > unsafe_compliance,safe_completion
du_B_biorisk_0055,dual_use,hard_refusal > unsafe_compliance,baseline_refusal
du_B_biorisk_0056,dual_use,safe_completion > hard_refusal,safe_completion
du_B_biorisk_0056,dual_use,safe_completion > unsafe_compliance,safe_completion
du_B_biorisk_0056,dual_use,hard_refusal > unsafe_compliance,baseline_refusal
du_B_biorisk_0058,dual_use,safe_completion > hard_refusal,safe_completion
du_B_biorisk_0058,dual_use,safe_completion > unsafe_compliance,safe_completion
du_B_biorisk_0058,dual_use,hard_refusal > unsafe_compliance,baseline_refusal
du_B_biorisk_0060,dual_use,safe_completion > hard_refusal,safe_completion
du_B_biorisk_0060,dual_use,safe_completion > unsafe_compliance,safe_completion
du_B_biorisk_0060,dual_use,hard_refusal > unsafe_compliance,baseline_refusal
du_B_biorisk_0062,dual_use,safe_completion > hard_refusal,safe_completion
du_B_biorisk_0062,dual_use,safe_completion > unsafe_compliance,safe_completion
du_B_biorisk_0062,dual_use,hard_refusal > unsafe_compliance,baseline_refusal
du_B_biorisk_0063,dual_use,safe_completion > hard_refusal,safe_completion
du_B_biorisk_0063,dual_use,safe_completion > unsafe_compliance,safe_completion
du_B_biorisk_0063,dual_use,hard_refusal > unsafe_compliance,baseline_refusal
du_B_biorisk_0064,dual_use,safe_completion > hard_refusal,safe_completion
du_B_biorisk_0064,dual_use,safe_completion > unsafe_compliance,safe_completion
du_B_biorisk_0064,dual_use,hard_refusal > unsafe_compliance,baseline_refusal
du_B_biorisk_0065,dual_use,safe_completion > hard_refusal,safe_completion
du_B_biorisk_0065,dual_use,safe_completion > unsafe_compliance,safe_completion
du_B_biorisk_0065,dual_use,hard_refusal > unsafe_compliance,baseline_refusal
du_B_biorisk_0066,dual_use,safe_completion > hard_refusal,safe_completion
du_B_biorisk_0066,dual_use,safe_completion > unsafe_compliance,safe_completion
du_B_biorisk_0066,dual_use,hard_refusal > unsafe_compliance,baseline_refusal
du_B_biorisk_0067,dual_use,safe_completion > hard_refusal,safe_completion
du_B_biorisk_0067,dual_use,safe_completion > unsafe_compliance,safe_completion
du_B_biorisk_0067,dual_use,hard_refusal > unsafe_compliance,baseline_refusal
du_B_biorisk_0071,dual_use,safe_completion > hard_refusal,safe_completion
du_B_biorisk_0071,dual_use,safe_completion > unsafe_compliance,safe_completion
du_B_biorisk_0071,dual_use,hard_refusal > unsafe_compliance,baseline_refusal
du_B_biorisk_0072,dual_use,safe_completion > hard_refusal,safe_completion
du_B_biorisk_0072,dual_use,safe_completion > unsafe_compliance,safe_completion
du_B_biorisk_0072,dual_use,hard_refusal > unsafe_compliance,baseline_refusal
du_B_biorisk_0074,dual_use,safe_completion > hard_refusal,safe_completion
du_B_biorisk_0074,dual_use,safe_completion > unsafe_compliance,safe_completion
du_B_biorisk_0074,dual_use,hard_refusal > unsafe_compliance,baseline_refusal
du_B_biorisk_0076,dual_use,safe_completion > hard_refusal,safe_completion
du_B_biorisk_0076,dual_use,safe_completion > unsafe_compliance,safe_completion
du_B_biorisk_0076,dual_use,hard_refusal > unsafe_compliance,baseline_refusal
du_B_biorisk_0078,dual_use,safe_completion > hard_refusal,safe_completion
du_B_biorisk_0078,dual_use,safe_completion > unsafe_compliance,safe_completion
du_B_biorisk_0078,dual_use,hard_refusal > unsafe_compliance,baseline_refusal
du_B_biorisk_0079,dual_use,safe_completion > hard_refusal,safe_completion
du_B_biorisk_0079,dual_use,safe_completion > unsafe_compliance,safe_completion
du_B_biorisk_0079,dual_use,hard_refusal > unsafe_compliance,baseline_refusal
du_B_biorisk_0081,dual_use,safe_completion > hard_refusal,safe_completion
du_B_biorisk_0081,dual_use,safe_completion > unsafe_compliance,safe_completion
du_B_biorisk_0081,dual_use,hard_refusal > unsafe_compliance,baseline_refusal
du_B_biorisk_0082,dual_use,safe_completion > hard_refusal,safe_completion
du_B_biorisk_0082,dual_use,safe_completion > unsafe_compliance,safe_completion
du_B_biorisk_0082,dual_use,hard_refusal > unsafe_compliance,baseline_refusal
du_B_biorisk_0083,dual_use,safe_completion > hard_refusal,safe_completion
du_B_biorisk_0083,dual_use,safe_completion > unsafe_compliance,safe_completion
du_B_biorisk_0083,dual_use,hard_refusal > unsafe_compliance,baseline_refusal
du_B_biorisk_0084,dual_use,safe_completion > hard_refusal,safe_completion
du_B_biorisk_0084,dual_use,safe_completion > unsafe_compliance,safe_completion
du_B_biorisk_0084,dual_use,hard_refusal > unsafe_compliance,baseline_refusal
du_B_biorisk_0086,dual_use,safe_completion > hard_refusal,safe_completion
du_B_biorisk_0086,dual_use,safe_completion > unsafe_compliance,safe_completion
du_B_biorisk_0086,dual_use,hard_refusal > unsafe_compliance,baseline_refusal
du_B_biorisk_0089,dual_use,safe_completion > hard_refusal,safe_completion
du_B_biorisk_0089,dual_use,safe_completion > unsafe_compliance,safe_completion
du_B_biorisk_0089,dual_use,hard_refusal > unsafe_compliance,baseline_refusal
du_B_biorisk_0090,dual_use,safe_completion > hard_refusal,safe_completion
du_B_biorisk_0090,dual_use,safe_completion > unsafe_compliance,safe_completion
du_B_biorisk_0090,dual_use,hard_refusal > unsafe_compliance,baseline_refusal
du_B_biorisk_0091,dual_use,safe_completion > hard_refusal,safe_completion
du_B_biorisk_0091,dual_use,safe_completion > unsafe_compliance,safe_completion
du_B_biorisk_0091,dual_use,hard_refusal > unsafe_compliance,baseline_refusal
du_B_biorisk_0093,dual_use,safe_completion > hard_refusal,safe_completion
du_B_biorisk_0093,dual_use,safe_completion > unsafe_compliance,safe_completion
du_B_biorisk_0093,dual_use,hard_refusal > unsafe_compliance,baseline_refusal
du_B_biorisk_0094,dual_use,safe_completion > hard_refusal,safe_completion
du_B_biorisk_0094,dual_use,safe_completion > unsafe_compliance,safe_completion
du_B_biorisk_0094,dual_use,hard_refusal > unsafe_compliance,baseline_refusal
du_B_biorisk_0095,dual_use,safe_completion > hard_refusal,safe_completion
du_B_biorisk_0095,dual_use,safe_completion > unsafe_compliance,safe_completion
du_B_biorisk_0095,dual_use,hard_refusal > unsafe_compliance,baseline_refusal
du_B_biorisk_0097,dual_use,safe_completion > hard_refusal,safe_completion
du_B_biorisk_0097,dual_use,safe_completion > unsafe_compliance,safe_completion
du_B_biorisk_0097,dual_use,hard_refusal > unsafe_compliance,baseline_refusal
du_B_biorisk_0099,dual_use,safe_completion > hard_refusal,safe_completion
du_B_biorisk_0099,dual_use,safe_completion > unsafe_compliance,safe_completion
du_B_biorisk_0099,dual_use,hard_refusal > unsafe_compliance,baseline_refusal
du_B_biorisk_0100,dual_use,safe_completion > hard_refusal,safe_completion
du_B_biorisk_0100,dual_use,safe_completion > unsafe_compliance,safe_completion
du_B_biorisk_0100,dual_use,hard_refusal > unsafe_compliance,baseline_refusal
du_B_biorisk_0101,dual_use,safe_completion > hard_refusal,safe_completion
du_B_biorisk_0101,dual_use,safe_completion > unsafe_compliance,safe_completion
du_B_biorisk_0101,dual_use,hard_refusal > unsafe_compliance,baseline_refusal
du_B_biorisk_0102,dual_use,safe_completion > hard_refusal,safe_completion
du_B_biorisk_0102,dual_use,safe_completion > unsafe_compliance,safe_completion
du_B_biorisk_0102,dual_use,hard_refusal > unsafe_compliance,baseline_refusal
du_B_biorisk_0103,dual_use,safe_completion > hard_refusal,safe_completion
du_B_biorisk_0103,dual_use,safe_completion > unsafe_compliance,safe_completion
du_B_biorisk_0103,dual_use,hard_refusal > unsafe_compliance,baseline_refusal
du_B_biorisk_0106,dual_use,safe_completion > hard_refusal,safe_completion
du_B_biorisk_0106,dual_use,safe_completion > unsafe_compliance,safe_completion
du_B_biorisk_0106,dual_use,hard_refusal > unsafe_compliance,baseline_refusal
du_B_biorisk_0107,dual_use,safe_completion > hard_refusal,safe_completion
du_B_biorisk_0107,dual_use,safe_completion > unsafe_compliance,safe_completion
du_B_biorisk_0107,dual_use,hard_refusal > unsafe_compliance,baseline_refusal
du_B_biorisk_0108,dual_use,safe_completion > hard_refusal,safe_completion
du_B_biorisk_0108,dual_use,safe_completion > unsafe_compliance,safe_completion
du_B_biorisk_0108,dual_use,hard_refusal > unsafe_compliance,baseline_refusal
du_B_biorisk_0110,dual_use,safe_completion > hard_refusal,safe_completion
du_B_biorisk_0110,dual_use,safe_completion > unsafe_compliance,safe_completion
du_B_biorisk_0110,dual_use,hard_refusal > unsafe_compliance,baseline_refusal
du_B_biorisk_0112,dual_use,safe_completion > hard_refusal,safe_completion
du_B_biorisk_0112,dual_use,safe_completion > unsafe_compliance,safe_completion
du_B_biorisk_0112,dual_use,hard_refusal > unsafe_compliance,baseline_refusal
du_B_biorisk_0113,dual_use,safe_completion > hard_refusal,safe_completion
du_B_biorisk_0113,dual_use,safe_completion > unsafe_compliance,safe_completion
du_B_biorisk_0113,dual_use,hard_refusal > unsafe_compliance,baseline_refusal
du_B_biorisk_0114,dual_use,safe_completion > hard_refusal,safe_completion
du_B_biorisk_0114,dual_use,safe_completion > unsafe_compliance,safe_completion
du_B_biorisk_0114,dual_use,hard_refusal > unsafe_compliance,baseline_refusal
du_B_biorisk_0115,dual_use,safe_completion > hard_refusal,safe_completion
du_B_biorisk_0115,dual_use,safe_completion > unsafe_compliance,safe_completion
du_B_biorisk_0115,dual_use,hard_refusal > unsafe_compliance,baseline_refusal
du_B_biorisk_0116,dual_use,safe_completion > hard_refusal,safe_completion
du_B_biorisk_0116,dual_use,safe_completion > unsafe_compliance,safe_completion
du_B_biorisk_0116,dual_use,hard_refusal > unsafe_compliance,baseline_refusal
du_B_biorisk_0118,dual_use,safe_completion > hard_refusal,safe_completion
du_B_biorisk_0118,dual_use,safe_completion > unsafe_compliance,safe_completion
du_B_biorisk_0118,dual_use,hard_refusal > unsafe_compliance,baseline_refusal
du_B_biorisk_0119,dual_use,safe_completion > hard_refusal,safe_completion
du_B_biorisk_0119,dual_use,safe_completion > unsafe_compliance,safe_completion
du_B_biorisk_0119,dual_use,hard_refusal > unsafe_compliance,baseline_refusal
du_B_biorisk_0120,dual_use,safe_completion > hard_refusal,safe_completion
du_B_biorisk_0120,dual_use,safe_completion > unsafe_compliance,safe_completion
du_B_biorisk_0120,dual_use,hard_refusal > unsafe_compliance,baseline_refusal
du_B_biorisk_0121,dual_use,safe_completion > hard_refusal,safe_completion
du_B_biorisk_0121,dual_use,safe_completion > unsafe_compliance,safe_completion
du_B_biorisk_0121,dual_use,hard_refusal > unsafe_compliance,baseline_refusal
du_B_biorisk_0122,dual_use,safe_completion > hard_refusal,safe_completion
du_B_biorisk_0122,dual_use,safe_completion > unsafe_compliance,safe_completion
du_B_biorisk_0122,dual_use,hard_refusal > unsafe_compliance,baseline_refusal
du_B_biorisk_0124,dual_use,safe_completion > hard_refusal,safe_completion
du_B_biorisk_0124,dual_use,safe_completion > unsafe_compliance,safe_completion
du_B_biorisk_0124,dual_use,hard_refusal > unsafe_compliance,baseline_refusal
du_B_biorisk_0125,dual_use,safe_completion > hard_refusal,safe_completion
du_B_biorisk_0125,dual_use,safe_completion > unsafe_compliance,safe_completion
du_B_biorisk_0125,dual_use,hard_refusal > unsafe_compliance,baseline_refusal
du_B_biorisk_0126,dual_use,safe_completion > hard_refusal,safe_completion
du_B_biorisk_0126,dual_use,safe_completion > unsafe_compliance,safe_completion
du_B_biorisk_0126,dual_use,hard_refusal > unsafe_compliance,baseline_refusal
du_B_biorisk_0127,dual_use,safe_completion > hard_refusal,safe_completion
du_B_biorisk_0127,dual_use,safe_completion > unsafe_compliance,safe_completion
du_B_biorisk_0127,dual_use,hard_refusal > unsafe_compliance,baseline_refusal
du_B_biorisk_0129,dual_use,safe_completion > hard_refusal,safe_completion
du_B_biorisk_0129,dual_use,safe_completion > unsafe_compliance,safe_completion
du_B_biorisk_0129,dual_use,hard_refusal > unsafe_compliance,baseline_refusal
du_B_biorisk_0130,dual_use,safe_completion > hard_refusal,safe_completion
du_B_biorisk_0130,dual_use,safe_completion > unsafe_compliance,safe_completion
du_B_biorisk_0130,dual_use,hard_refusal > unsafe_compliance,baseline_refusal
du_B_biorisk_0131,dual_use,safe_completion > hard_refusal,safe_completion
du_B_biorisk_0131,dual_use,safe_completion > unsafe_compliance,safe_completion
du_B_biorisk_0131,dual_use,hard_refusal > unsafe_compliance,baseline_refusal
du_B_biorisk_0132,dual_use,safe_completion > hard_refusal,safe_completion
du_B_biorisk_0132,dual_use,safe_completion > unsafe_compliance,safe_completion
du_B_biorisk_0132,dual_use,hard_refusal > unsafe_compliance,baseline_refusal
du_B_biorisk_0134,dual_use,safe_completion > hard_refusal,safe_completion
du_B_biorisk_0134,dual_use,safe_completion > unsafe_compliance,safe_completion
du_B_biorisk_0134,dual_use,hard_refusal > unsafe_compliance,baseline_refusal
du_B_biorisk_0135,dual_use,safe_completion > hard_refusal,safe_completion
du_B_biorisk_0135,dual_use,safe_completion > unsafe_compliance,safe_completion
du_B_biorisk_0135,dual_use,hard_refusal > unsafe_compliance,baseline_refusal
du_B_biorisk_0137,dual_use,safe_completion > hard_refusal,safe_completion
du_B_biorisk_0137,dual_use,safe_completion > unsafe_compliance,safe_completion
du_B_biorisk_0137,dual_use,hard_refusal > unsafe_compliance,baseline_refusal
du_B_biorisk_0139,dual_use,safe_completion > hard_refusal,safe_completion
du_B_biorisk_0139,dual_use,safe_completion > unsafe_compliance,safe_completion
du_B_biorisk_0139,dual_use,hard_refusal > unsafe_compliance,baseline_refusal
du_B_biorisk_0140,dual_use,safe_completion > hard_refusal,safe_completion
du_B_biorisk_0140,dual_use,safe_completion > unsafe_compliance,safe_completion
du_B_biorisk_0140,dual_use,hard_refusal > unsafe_compliance,baseline_refusal
du_B_biorisk_0142,dual_use,safe_completion > hard_refusal,safe_completion
du_B_biorisk_0142,dual_use,safe_completion > unsafe_compliance,safe_completion
du_B_biorisk_0142,dual_use,hard_refusal > unsafe_compliance,baseline_refusal
du_B_biorisk_0143,dual_use,safe_completion > hard_refusal,safe_completion
du_B_biorisk_0143,dual_use,safe_completion > unsafe_compliance,safe_completion
du_B_biorisk_0143,dual_use,hard_refusal > unsafe_compliance,baseline_refusal
du_B_biorisk_0145,dual_use,safe_completion > hard_refusal,safe_completion
du_B_biorisk_0145,dual_use,safe_completion > unsafe_compliance,safe_completion
du_B_biorisk_0145,dual_use,hard_refusal > unsafe_compliance,baseline_refusal
du_B_biorisk_0146,dual_use,safe_completion > hard_refusal,safe_completion
du_B_biorisk_0146,dual_use,safe_completion > unsafe_compliance,safe_completion
du_B_biorisk_0146,dual_use,hard_refusal > unsafe_compliance,baseline_refusal
du_B_biorisk_0147,dual_use,safe_completion > hard_refusal,safe_completion
du_B_biorisk_0147,dual_use,safe_completion > unsafe_compliance,safe_completion
du_B_biorisk_0147,dual_use,hard_refusal > unsafe_compliance,baseline_refusal
du_B_biorisk_0148,dual_use,safe_completion > hard_refusal,safe_completion
du_B_biorisk_0148,dual_use,safe_completion > unsafe_compliance,safe_completion
du_B_biorisk_0148,dual_use,hard_refusal > unsafe_compliance,baseline_refusal
du_B_biorisk_0150,dual_use,safe_completion > hard_refusal,safe_completion
du_B_biorisk_0150,dual_use,safe_completion > unsafe_compliance,safe_completion
du_B_biorisk_0150,dual_use,hard_refusal > unsafe_compliance,baseline_refusal
du_B_chemhaz_0001,dual_use,safe_completion > hard_refusal,safe_completion
du_B_chemhaz_0001,dual_use,safe_completion > unsafe_compliance,safe_completion
du_B_chemhaz_0001,dual_use,hard_refusal > unsafe_compliance,baseline_refusal
du_B_chemhaz_0002,dual_use,safe_completion > hard_refusal,safe_completion
du_B_chemhaz_0002,dual_use,safe_completion > unsafe_compliance,safe_completion
du_B_chemhaz_0002,dual_use,hard_refusal > unsafe_compliance,baseline_refusal
du_B_chemhaz_0003,dual_use,safe_completion > hard_refusal,safe_completion
du_B_chemhaz_0003,dual_use,safe_completion > unsafe_compliance,safe_completion
du_B_chemhaz_0003,dual_use,hard_refusal > unsafe_compliance,baseline_refusal
du_B_chemhaz_0004,dual_use,safe_completion > hard_refusal,safe_completion
du_B_chemhaz_0004,dual_use,safe_completion > unsafe_compliance,safe_completion
du_B_chemhaz_0004,dual_use,hard_refusal > unsafe_compliance,baseline_refusal
du_B_chemhaz_0005,dual_use,safe_completion > hard_refusal,safe_completion
du_B_chemhaz_0005,dual_use,safe_completion > unsafe_compliance,safe_completion
du_B_chemhaz_0005,dual_use,hard_refusal > unsafe_compliance,baseline_refusal
du_B_chemhaz_0006,dual_use,safe_completion > hard_refusal,safe_completion
du_B_chemhaz_0006,dual_use,safe_completion > unsafe_compliance,safe_completion
du_B_chemhaz_0006,dual_use,hard_refusal > unsafe_compliance,baseline_refusal
du_B_chemhaz_0007,dual_use,safe_completion > hard_refusal,safe_completion
du_B_chemhaz_0007,dual_use,safe_completion > unsafe_compliance,safe_completion
du_B_chemhaz_0007,dual_use,hard_refusal > unsafe_compliance,baseline_refusal
du_B_chemhaz_0008,dual_use,safe_completion > hard_refusal,safe_completion
du_B_chemhaz_0008,dual_use,safe_completion > unsafe_compliance,safe_completion
du_B_chemhaz_0008,dual_use,hard_refusal > unsafe_compliance,baseline_refusal
du_B_chemhaz_0009,dual_use,safe_completion > hard_refusal,safe_completion
du_B_chemhaz_0009,dual_use,safe_completion > unsafe_compliance,safe_completion
du_B_chemhaz_0009,dual_use,hard_refusal > unsafe_compliance,baseline_refusal
du_B_chemhaz_0010,dual_use,safe_completion > hard_refusal,safe_completion
du_B_chemhaz_0010,dual_use,safe_completion > unsafe_compliance,safe_completion
du_B_chemhaz_0010,dual_use,hard_refusal > unsafe_compliance,baseline_refusal
du_B_chemhaz_0011,dual_use,safe_completion > hard_refusal,safe_completion
du_B_chemhaz_0011,dual_use,safe_completion > unsafe_compliance,safe_completion
du_B_chemhaz_0011,dual_use,hard_refusal > unsafe_compliance,baseline_refusal
du_B_chemhaz_0012,dual_use,safe_completion > hard_refusal,safe_completion
du_B_chemhaz_0012,dual_use,safe_completion > unsafe_compliance,safe_completion
du_B_chemhaz_0012,dual_use,hard_refusal > unsafe_compliance,baseline_refusal
du_B_chemhaz_0013,dual_use,safe_completion > hard_refusal,safe_completion
du_B_chemhaz_0013,dual_use,safe_completion > unsafe_compliance,safe_completion
du_B_chemhaz_0013,dual_use,hard_refusal > unsafe_compliance,baseline_refusal
du_B_chemhaz_0014,dual_use,safe_completion > hard_refusal,safe_completion
du_B_chemhaz_0014,dual_use,safe_completion > unsafe_compliance,safe_completion
du_B_chemhaz_0014,dual_use,hard_refusal > unsafe_compliance,baseline_refusal
du_B_chemhaz_0015,dual_use,safe_completion > hard_refusal,safe_completion
du_B_chemhaz_0015,dual_use,safe_completion > unsafe_compliance,safe_completion
du_B_chemhaz_0015,dual_use,hard_refusal > unsafe_compliance,baseline_refusal
du_B_chemhaz_0016,dual_use,safe_completion > hard_refusal,safe_completion
du_B_chemhaz_0016,dual_use,safe_completion > unsafe_compliance,safe_completion
du_B_chemhaz_0016,dual_use,hard_refusal > unsafe_compliance,baseline_refusal
du_B_chemhaz_0017,dual_use,safe_completion > hard_refusal,safe_completion
du_B_chemhaz_0017,dual_use,safe_completion > unsafe_compliance,safe_completion
du_B_chemhaz_0017,dual_use,hard_refusal > unsafe_compliance,baseline_refusal
du_B_chemhaz_0018,dual_use,safe_completion > hard_refusal,safe_completion
du_B_chemhaz_0018,dual_use,safe_completion > unsafe_compliance,safe_completion
du_B_chemhaz_0018,dual_use,hard_refusal > unsafe_compliance,baseline_refusal
du_B_chemhaz_0019,dual_use,safe_completion > hard_refusal,safe_completion
du_B_chemhaz_0019,dual_use,safe_completion > unsafe_compliance,safe_completion
du_B_chemhaz_0019,dual_use,hard_refusal > unsafe_compliance,baseline_refusal
du_B_chemhaz_0020,dual_use,safe_completion > hard_refusal,safe_completion
du_B_chemhaz_0020,dual_use,safe_completion > unsafe_compliance,safe_completion
du_B_chemhaz_0020,dual_use,hard_refusal > unsafe_compliance,baseline_refusal
du_B_chemhaz_0021,dual_use,safe_completion > hard_refusal,safe_completion
du_B_chemhaz_0021,dual_use,safe_completion > unsafe_compliance,safe_completion
du_B_chemhaz_0021,dual_use,hard_refusal > unsafe_compliance,baseline_refusal
du_B_chemhaz_0022,dual_use,safe_completion > hard_refusal,safe_completion
du_B_chemhaz_0022,dual_use,safe_completion > unsafe_compliance,safe_completion
du_B_chemhaz_0022,dual_use,hard_refusal > unsafe_compliance,baseline_refusal
du_B_chemhaz_0023,dual_use,safe_completion > hard_refusal,safe_completion
du_B_chemhaz_0023,dual_use,safe_completion > unsafe_compliance,safe_completion
du_B_chemhaz_0023,dual_use,hard_refusal > unsafe_compliance,baseline_refusal
du_B_chemhaz_0024,dual_use,safe_completion > hard_refusal,safe_completion
du_B_chemhaz_0024,dual_use,safe_completion > unsafe_compliance,safe_completion
du_B_chemhaz_0024,dual_use,hard_refusal > unsafe_compliance,baseline_refusal
du_B_chemhaz_0025,dual_use,safe_completion > hard_refusal,safe_completion
du_B_chemhaz_0025,dual_use,safe_completion > unsafe_compliance,safe_completion
du_B_chemhaz_0025,dual_use,hard_refusal > unsafe_compliance,baseline_refusal
du_B_chemhaz_0026,dual_use,safe_completion > hard_refusal,safe_completion
du_B_chemhaz_0026,dual_use,safe_completion > unsafe_compliance,safe_completion
du_B_chemhaz_0026,dual_use,hard_refusal > unsafe_compliance,baseline_refusal
du_B_chemhaz_0027,dual_use,safe_completion > hard_refusal,safe_completion
du_B_chemhaz_0027,dual_use,safe_completion > unsafe_compliance,safe_completion
du_B_chemhaz_0027,dual_use,hard_refusal > unsafe_compliance,baseline_refusal
du_B_chemhaz_0028,dual_use,safe_completion > hard_refusal,safe_completion
du_B_chemhaz_0028,dual_use,safe_completion > unsafe_compliance,safe_completion
du_B_chemhaz_0028,dual_use,hard_refusal > unsafe_compliance,baseline_refusal
du_B_chemhaz_0029,dual_use,safe_completion > hard_refusal,safe_completion
du_B_chemhaz_0029,dual_use,safe_completion > unsafe_compliance,safe_completion
du_B_chemhaz_0029,dual_use,hard_refusal > unsafe_compliance,baseline_refusal
du_B_chemhaz_0030,dual_use,safe_completion > hard_refusal,safe_completion
du_B_chemhaz_0030,dual_use,safe_completion > unsafe_compliance,safe_completion
du_B_chemhaz_0030,dual_use,hard_refusal > unsafe_compliance,baseline_refusal
du_B_chemhaz_0031,dual_use,safe_completion > hard_refusal,safe_completion
du_B_chemhaz_0031,dual_use,safe_completion > unsafe_compliance,safe_completion
du_B_chemhaz_0031,dual_use,hard_refusal > unsafe_compliance,baseline_refusal
du_B_chemhaz_0032,dual_use,safe_completion > hard_refusal,safe_completion
du_B_chemhaz_0032,dual_use,safe_completion > unsafe_compliance,safe_completion
du_B_chemhaz_0032,dual_use,hard_refusal > unsafe_compliance,baseline_refusal
du_B_chemhaz_0033,dual_use,safe_completion > hard_refusal,safe_completion
du_B_chemhaz_0033,dual_use,safe_completion > unsafe_compliance,safe_completion
du_B_chemhaz_0033,dual_use,hard_refusal > unsafe_compliance,baseline_refusal
du_B_chemhaz_0034,dual_use,safe_completion > hard_refusal,safe_completion
du_B_chemhaz_0034,dual_use,safe_completion > unsafe_compliance,safe_completion
du_B_chemhaz_0034,dual_use,hard_refusal > unsafe_compliance,baseline_refusal
du_B_chemhaz_0035,dual_use,safe_completion > hard_refusal,safe_completion
du_B_chemhaz_0035,dual_use,safe_completion > unsafe_compliance,safe_completion
du_B_chemhaz_0035,dual_use,hard_refusal > unsafe_compliance,baseline_refusal
du_B_chemhaz_0036,dual_use,safe_completion > hard_refusal,safe_completion
du_B_chemhaz_0036,dual_use,safe_completion > unsafe_compliance,safe_completion
du_B_chemhaz_0036,dual_use,hard_refusal > unsafe_compliance,baseline_refusal
du_B_chemhaz_0037,dual_use,safe_completion > hard_refusal,safe_completion
du_B_chemhaz_0037,dual_use,safe_completion > unsafe_compliance,safe_completion
du_B_chemhaz_0037,dual_use,hard_refusal > unsafe_compliance,baseline_refusal
du_B_chemhaz_0038,dual_use,safe_completion > hard_refusal,safe_completion
du_B_chemhaz_0038,dual_use,safe_completion > unsafe_compliance,safe_completion
du_B_chemhaz_0038,dual_use,hard_refusal > unsafe_compliance,baseline_refusal
du_B_chemhaz_0039,dual_use,safe_completion > hard_refusal,safe_completion
du_B_chemhaz_0039,dual_use,safe_completion > unsafe_compliance,safe_completion
du_B_chemhaz_0039,dual_use,hard_refusal > unsafe_compliance,baseline_refusal
du_B_chemhaz_0040,dual_use,safe_completion > hard_refusal,safe_completion
du_B_chemhaz_0040,dual_use,safe_completion > unsafe_compliance,safe_completion
du_B_chemhaz_0040,dual_use,hard_refusal > unsafe_compliance,baseline_refusal
du_B_chemhaz_0041,dual_use,safe_completion > hard_refusal,safe_completion
du_B_chemhaz_0041,dual_use,safe_completion > unsafe_compliance,safe_completion
du_B_chemhaz_0041,dual_use,hard_refusal > unsafe_compliance,baseline_refusal
du_B_chemhaz_0042,dual_use,safe_completion > hard_refusal,safe_completion
du_B_chemhaz_0042,dual_use,safe_completion > unsafe_compliance,safe_completion
du_B_chemhaz_0042,dual_use,hard_refusal > unsafe_compliance,baseline_refusal
du_B_chemhaz_0043,dual_use,safe_completion > hard_refusal,safe_completion
du_B_chemhaz_0043,dual_use,safe_completion > unsafe_compliance,safe_completion
du_B_chemhaz_0043,dual_use,hard_refusal > unsafe_compliance,baseline_refusal
du_B_chemhaz_0044,dual_use,safe_completion > hard_refusal,safe_completion
du_B_chemhaz_0044,dual_use,safe_completion > unsafe_compliance,safe_completion
du_B_chemhaz_0044,dual_use,hard_refusal > unsafe_compliance,baseline_refusal
du_B_chemhaz_0045,dual_use,safe_completion > hard_refusal,safe_completion
du_B_chemhaz_0045,dual_use,safe_completion > unsafe_compliance,safe_completion
du_B_chemhaz_0045,dual_use,hard_refusal > unsafe_compliance,baseline_refusal
du_B_chemhaz_0046,dual_use,safe_completion > hard_refusal,safe_completion
du_B_chemhaz_0046,dual_use,safe_completion > unsafe_compliance,safe_completion
du_B_chemhaz_0046,dual_use,hard_refusal > unsafe_compliance,baseline_refusal
du_B_chemhaz_0047,dual_use,safe_completion > hard_refusal,safe_completion
du_B_chemhaz_0047,dual_use,safe_completion > unsafe_compliance,safe_completion
du_B_chemhaz_0047,dual_use,hard_refusal > unsafe_compliance,baseline_refusal
du_B_chemhaz_0048,dual_use,safe_completion > hard_refusal,safe_completion
du_B_chemhaz_0048,dual_use,safe_completion > unsafe_compliance,safe_completion
du_B_chemhaz_0048,dual_use,hard_refusal > unsafe_compliance,baseline_refusal
du_B_chemhaz_0049,dual_use,safe_completion > hard_refusal,safe_completion
du_B_chemhaz_0049,dual_use,safe_completion > unsafe_compliance,safe_completion
du_B_chemhaz_0049,dual_use,hard_refusal > unsafe_compliance,baseline_refusal
du_B_chemhaz_0050,dual_use,safe_completion > hard_refusal,safe_completion
du_B_chemhaz_0050,dual_use,safe_completion > unsafe_compliance,safe_completion
du_B_chemhaz_0050,dual_use,hard_refusal > unsafe_compliance,baseline_refusal
du_B_chemhaz_0051,dual_use,safe_completion > hard_refusal,safe_completion
du_B_chemhaz_0051,dual_use,safe_completion > unsafe_compliance,safe_completion
du_B_chemhaz_0051,dual_use,hard_refusal > unsafe_compliance,baseline_refusal
du_B_chemhaz_0052,dual_use,safe_completion > hard_refusal,safe_completion
du_B_chemhaz_0052,dual_use,safe_completion > unsafe_compliance,safe_completion
du_B_chemhaz_0052,dual_use,hard_refusal > unsafe_compliance,baseline_refusal
du_B_chemhaz_0053,dual_use,safe_completion > hard_refusal,safe_completion
du_B_chemhaz_0053,dual_use,safe_completion > unsafe_compliance,safe_completion
du_B_chemhaz_0053,dual_use,hard_refusal > unsafe_compliance,baseline_refusal
du_B_chemhaz_0054,dual_use,safe_completion > hard_refusal,safe_completion
du_B_chemhaz_0054,dual_use,safe_completion > unsafe_compliance,safe_completion
du_B_chemhaz_0054,dual_use,hard_refusal > unsafe_compliance,baseline_refusal
du_B_chemhaz_0055,dual_use,safe_completion > hard_refusal,safe_completion
du_B_chemhaz_0055,dual_use,safe_completion > unsafe_compliance,safe_completion
du_B_chemhaz_0055,dual_use,hard_refusal > unsafe_compliance,baseline_refusal
du_B_chemhaz_0056,dual_use,safe_completion > hard_refusal,safe_completion
du_B_chemhaz_0056,dual_use,safe_completion > unsafe_compliance,safe_completion
du_B_chemhaz_0056,dual_use,hard_refusal > unsafe_compliance,baseline_refusal
du_B_chemhaz_0057,dual_use,safe_completion > hard_refusal,safe_completion
du_B_chemhaz_0057,dual_use,safe_completion > unsafe_compliance,safe_completion
du_B_chemhaz_0057,dual_use,hard_refusal > unsafe_compliance,baseline_refusal
du_B_chemhaz_0058,dual_use,safe_completion > hard_refusal,safe_completion
du_B_chemhaz_0058,dual_use,safe_completion > unsafe_compliance,safe_completion
du_B_chemhaz_0058,dual_use,hard_refusal > unsafe_compliance,baseline_refusal
du_B_chemhaz_0059,dual_use,safe_completion > hard_refusal,safe_completion
du_B_chemhaz_0059,dual_use,safe_completion > unsafe_compliance,safe_completion
du_B_chemhaz_0059,dual_use,hard_refusal > unsafe_compliance,baseline_refusal
du_B_chemhaz_0060,dual_use,safe_completion > hard_refusal,safe_completion
du_B_chemhaz_0060,dual_use,safe_completion > unsafe_compliance,safe_completion
du_B_chemhaz_0060,dual_use,hard_refusal > unsafe_compliance,baseline_refusal
du_B_chemhaz_0061,dual_use,safe_completion > hard_refusal,safe_completion
du_B_chemhaz_0061,dual_use,safe_completion > unsafe_compliance,safe_completion
du_B_chemhaz_0061,dual_use,hard_refusal > unsafe_compliance,baseline_refusal
du_B_chemhaz_0062,dual_use,safe_completion > hard_refusal,safe_completion
du_B_chemhaz_0062,dual_use,safe_completion > unsafe_compliance,safe_completion
du_B_chemhaz_0062,dual_use,hard_refusal > unsafe_compliance,baseline_refusal
du_B_chemhaz_0063,dual_use,safe_completion > hard_refusal,safe_completion
du_B_chemhaz_0063,dual_use,safe_completion > unsafe_compliance,safe_completion
du_B_chemhaz_0063,dual_use,hard_refusal > unsafe_compliance,baseline_refusal
du_B_chemhaz_0064,dual_use,safe_completion > hard_refusal,safe_completion
du_B_chemhaz_0064,dual_use,safe_completion > unsafe_compliance,safe_completion
du_B_chemhaz_0064,dual_use,hard_refusal > unsafe_compliance,baseline_refusal
du_B_chemhaz_0065,dual_use,safe_completion > hard_refusal,safe_completion
du_B_chemhaz_0065,dual_use,safe_completion > unsafe_compliance,safe_completion
du_B_chemhaz_0065,dual_use,hard_refusal > unsafe_compliance,baseline_refusal
du_B_chemhaz_0066,dual_use,safe_completion > hard_refusal,safe_completion
du_B_chemhaz_0066,dual_use,safe_completion > unsafe_compliance,safe_completion
du_B_chemhaz_0066,dual_use,hard_refusal > unsafe_compliance,baseline_refusal
du_B_chemhaz_0067,dual_use,safe_completion > hard_refusal,safe_completion
du_B_chemhaz_0067,dual_use,safe_completion > unsafe_compliance,safe_completion
du_B_chemhaz_0067,dual_use,hard_refusal > unsafe_compliance,baseline_refusal
du_B_chemhaz_0068,dual_use,safe_completion > hard_refusal,safe_completion
du_B_chemhaz_0068,dual_use,safe_completion > unsafe_compliance,safe_completion
du_B_chemhaz_0068,dual_use,hard_refusal > unsafe_compliance,baseline_refusal
du_B_chemhaz_0069,dual_use,safe_completion > hard_refusal,safe_completion
du_B_chemhaz_0069,dual_use,safe_completion > unsafe_compliance,safe_completion
du_B_chemhaz_0069,dual_use,hard_refusal > unsafe_compliance,baseline_refusal
du_B_chemhaz_0070,dual_use,safe_completion > hard_refusal,safe_completion
du_B_chemhaz_0070,dual_use,safe_completion > unsafe_compliance,safe_completion
du_B_chemhaz_0070,dual_use,hard_refusal > unsafe_compliance,baseline_refusal
du_B_chemhaz_0071,dual_use,safe_completion > hard_refusal,safe_completion
du_B_chemhaz_0071,dual_use,safe_completion > unsafe_compliance,safe_completion
du_B_chemhaz_0071,dual_use,hard_refusal > unsafe_compliance,baseline_refusal
du_B_chemhaz_0072,dual_use,safe_completion > hard_refusal,safe_completion
du_B_chemhaz_0072,dual_use,safe_completion > unsafe_compliance,safe_completion
du_B_chemhaz_0072,dual_use,hard_refusal > unsafe_compliance,baseline_refusal
du_B_chemhaz_0073,dual_use,safe_completion > hard_refusal,safe_completion
du_B_chemhaz_0073,dual_use,safe_completion > unsafe_compliance,safe_completion
du_B_chemhaz_0073,dual_use,hard_refusal > unsafe_compliance,baseline_refusal
du_B_chemhaz_0074,dual_use,safe_completion > hard_refusal,safe_completion
du_B_chemhaz_0074,dual_use,safe_completion > unsafe_compliance,safe_completion
du_B_chemhaz_0074,dual_use,hard_refusal > unsafe_compliance,baseline_refusal
du_B_chemhaz_0075,dual_use,safe_completion > hard_refusal,safe_completion
du_B_chemhaz_0075,dual_use,safe_completion > unsafe_compliance,safe_completion
du_B_chemhaz_0075,dual_use,hard_refusal > unsafe_compliance,baseline_refusal
du_B_chemhaz_0076,dual_use,safe_completion > hard_refusal,safe_completion
du_B_chemhaz_0076,dual_use,safe_completion > unsafe_compliance,safe_completion
du_B_chemhaz_0076,dual_use,hard_refusal > unsafe_compliance,baseline_refusal
du_B_chemhaz_0077,dual_use,safe_completion > hard_refusal,safe_completion
du_B_chemhaz_0077,dual_use,safe_completion > unsafe_compliance,safe_completion
du_B_chemhaz_0077,dual_use,hard_refusal > unsafe_compliance,baseline_refusal
du_B_chemhaz_0078,dual_use,safe_completion > hard_refusal,safe_completion
du_B_chemhaz_0078,dual_use,safe_completion > unsafe_compliance,safe_completion
du_B_chemhaz_0078,dual_use,hard_refusal > unsafe_compliance,baseline_refusal
du_B_chemhaz_0079,dual_use,safe_completion > hard_refusal,safe_completion
du_B_chemhaz_0079,dual_use,safe_completion > unsafe_compliance,safe_completion
du_B_chemhaz_0079,dual_use,hard_refusal > unsafe_compliance,baseline_refusal
du_B_chemhaz_0080,dual_use,safe_completion > hard_refusal,safe_completion
du_B_chemhaz_0080,dual_use,safe_completion > unsafe_compliance,safe_completion
du_B_chemhaz_0080,dual_use,hard_refusal > unsafe_compliance,baseline_refusal
du_B_chemhaz_0081,dual_use,safe_completion > hard_refusal,safe_completion
du_B_chemhaz_0081,dual_use,safe_completion > unsafe_compliance,safe_completion
du_B_chemhaz_0081,dual_use,hard_refusal > unsafe_compliance,baseline_refusal
du_B_chemhaz_0082,dual_use,safe_completion > hard_refusal,safe_completion
du_B_chemhaz_0082,dual_use,safe_completion > unsafe_compliance,safe_completion
du_B_chemhaz_0082,dual_use,hard_refusal > unsafe_compliance,baseline_refusal
du_B_chemhaz_0083,dual_use,safe_completion > hard_refusal,safe_completion
du_B_chemhaz_0083,dual_use,safe_completion > unsafe_compliance,safe_completion
du_B_chemhaz_0083,dual_use,hard_refusal > unsafe_compliance,baseline_refusal
du_B_chemhaz_0084,dual_use,safe_completion > hard_refusal,safe_completion
du_B_chemhaz_0084,dual_use,safe_completion > unsafe_compliance,safe_completion
du_B_chemhaz_0084,dual_use,hard_refusal > unsafe_compliance,baseline_refusal
du_B_chemhaz_0085,dual_use,safe_completion > hard_refusal,safe_completion
du_B_chemhaz_0085,dual_use,safe_completion > unsafe_compliance,safe_completion
du_B_chemhaz_0085,dual_use,hard_refusal > unsafe_compliance,baseline_refusal
du_B_chemhaz_0086,dual_use,safe_completion > hard_refusal,safe_completion
du_B_chemhaz_0086,dual_use,safe_completion > unsafe_compliance,safe_completion
du_B_chemhaz_0086,dual_use,hard_refusal > unsafe_compliance,baseline_refusal
du_B_chemhaz_0087,dual_use,safe_completion > hard_refusal,safe_completion
du_B_chemhaz_0087,dual_use,safe_completion > unsafe_compliance,safe_completion
du_B_chemhaz_0087,dual_use,hard_refusal > unsafe_compliance,baseline_refusal
du_B_chemhaz_0088,dual_use,safe_completion > hard_refusal,safe_completion
du_B_chemhaz_0088,dual_use,safe_completion > unsafe_compliance,safe_completion
du_B_chemhaz_0088,dual_use,hard_refusal > unsafe_compliance,baseline_refusal
du_B_chemhaz_0089,dual_use,safe_completion > hard_refusal,safe_completion
du_B_chemhaz_0089,dual_use,safe_completion > unsafe_compliance,safe_completion
du_B_chemhaz_0089,dual_use,hard_refusal > unsafe_compliance,baseline_refusal
du_B_chemhaz_0090,dual_use,safe_completion > hard_refusal,safe_completion
du_B_chemhaz_0090,dual_use,safe_completion > unsafe_compliance,safe_completion
du_B_chemhaz_0090,dual_use,hard_refusal > unsafe_compliance,baseline_refusal
du_B_chemhaz_0091,dual_use,safe_completion > hard_refusal,safe_completion
du_B_chemhaz_0091,dual_use,safe_completion > unsafe_compliance,safe_completion
du_B_chemhaz_0091,dual_use,hard_refusal > unsafe_compliance,baseline_refusal
du_B_chemhaz_0092,dual_use,safe_completion > hard_refusal,safe_completion
du_B_chemhaz_0092,dual_use,safe_completion > unsafe_compliance,safe_completion
du_B_chemhaz_0092,dual_use,hard_refusal > unsafe_compliance,baseline_refusal
du_B_chemhaz_0093,dual_use,safe_completion > hard_refusal,safe_completion
du_B_chemhaz_0093,dual_use,safe_completion > unsafe_compliance,safe_completion
du_B_chemhaz_0093,dual_use,hard_refusal > unsafe_compliance,baseline_refusal
du_B_chemhaz_0094,dual_use,safe_completion > hard_refusal,safe_completion
du_B_chemhaz_0094,dual_use,safe_completion > unsafe_compliance,safe_completion
du_B_chemhaz_0094,dual_use,hard_refusal > unsafe_compliance,baseline_refusal
du_B_chemhaz_0095,dual_use,safe_completion > hard_refusal,safe_completion
du_B_chemhaz_0095,dual_use,safe_completion > unsafe_compliance,safe_completion
du_B_chemhaz_0095,dual_use,hard_refusal > unsafe_compliance,baseline_refusal
du_B_chemhaz_0096,dual_use,safe_completion > hard_refusal,safe_completion
du_B_chemhaz_0096,dual_use,safe_completion > unsafe_compliance,safe_completion
du_B_chemhaz_0096,dual_use,hard_refusal > unsafe_compliance,baseline_refusal
du_B_chemhaz_0097,dual_use,safe_completion > hard_refusal,safe_completion
du_B_chemhaz_0097,dual_use,safe_completion > unsafe_compliance,safe_completion
du_B_chemhaz_0097,dual_use,hard_refusal > unsafe_compliance,baseline_refusal
du_B_chemhaz_0098,dual_use,safe_completion > hard_refusal,safe_completion
du_B_chemhaz_0098,dual_use,safe_completion > unsafe_compliance,safe_completion
du_B_chemhaz_0098,dual_use,hard_refusal > unsafe_compliance,baseline_refusal
du_B_chemhaz_0099,dual_use,safe_completion > hard_refusal,safe_completion
du_B_chemhaz_0099,dual_use,safe_completion > unsafe_compliance,safe_completion
du_B_chemhaz_0099,dual_use,hard_refusal > unsafe_compliance,baseline_refusal
du_B_chemhaz_0100,dual_use,safe_completion > hard_refusal,safe_completion
du_B_chemhaz_0100,dual_use,safe_completion > unsafe_compliance,safe_completion
du_B_chemhaz_0100,dual_use,hard_refusal > unsafe_compliance,baseline_refusal
du_B_chemhaz_0101,dual_use,safe_completion > hard_refusal,safe_completion
du_B_chemhaz_0101,dual_use,safe_completion > unsafe_compliance,safe_completion
du_B_chemhaz_0101,dual_use,hard_refusal > unsafe_compliance,baseline_refusal
du_B_chemhaz_0102,dual_use,safe_completion > hard_refusal,safe_completion
du_B_chemhaz_0102,dual_use,safe_completion > unsafe_compliance,safe_completion
du_B_chemhaz_0102,dual_use,hard_refusal > unsafe_compliance,baseline_refusal
du_B_chemhaz_0103,dual_use,safe_completion > hard_refusal,safe_completion
du_B_chemhaz_0103,dual_use,safe_completion > unsafe_compliance,safe_completion
du_B_chemhaz_0103,dual_use,hard_refusal > unsafe_compliance,baseline_refusal
du_B_chemhaz_0104,dual_use,safe_completion > hard_refusal,safe_completion
du_B_chemhaz_0104,dual_use,safe_completion > unsafe_compliance,safe_completion
du_B_chemhaz_0104,dual_use,hard_refusal > unsafe_compliance,baseline_refusal
du_B_chemhaz_0105,dual_use,safe_completion > hard_refusal,safe_completion
du_B_chemhaz_0105,dual_use,safe_completion > unsafe_compliance,safe_completion
du_B_chemhaz_0105,dual_use,hard_refusal > unsafe_compliance,baseline_refusal
du_B_chemhaz_0106,dual_use,safe_completion > hard_refusal,safe_completion
du_B_chemhaz_0106,dual_use,safe_completion > unsafe_compliance,safe_completion
du_B_chemhaz_0106,dual_use,hard_refusal > unsafe_compliance,baseline_refusal
du_B_chemhaz_0107,dual_use,safe_completion > hard_refusal,safe_completion
du_B_chemhaz_0107,dual_use,safe_completion > unsafe_compliance,safe_completion
du_B_chemhaz_0107,dual_use,hard_refusal > unsafe_compliance,baseline_refusal
du_B_chemhaz_0108,dual_use,safe_completion > hard_refusal,safe_completion
du_B_chemhaz_0108,dual_use,safe_completion > unsafe_compliance,safe_completion
du_B_chemhaz_0108,dual_use,hard_refusal > unsafe_compliance,baseline_refusal
du_B_chemhaz_0109,dual_use,safe_completion > hard_refusal,safe_completion
du_B_chemhaz_0109,dual_use,safe_completion > unsafe_compliance,safe_completion
du_B_chemhaz_0109,dual_use,hard_refusal > unsafe_compliance,baseline_refusal
du_B_chemhaz_0110,dual_use,safe_completion > hard_refusal,safe_completion
du_B_chemhaz_0110,dual_use,safe_completion > unsafe_compliance,safe_completion
du_B_chemhaz_0110,dual_use,hard_refusal > unsafe_compliance,baseline_refusal
du_B_chemhaz_0111,dual_use,safe_completion > hard_refusal,safe_completion
du_B_chemhaz_0111,dual_use,safe_completion > unsafe_compliance,safe_completion
du_B_chemhaz_0111,dual_use,hard_refusal > unsafe_compliance,baseline_refusal
du_B_chemhaz_0112,dual_use,safe_completion > hard_refusal,safe_completion
du_B_chemhaz_0112,dual_use,safe_completion > unsafe_compliance,safe_completion
du_B_chemhaz_0112,dual_use,hard_refusal > unsafe_compliance,baseline_refusal
du_B_chemhaz_0113,dual_use,safe_completion > hard_refusal,safe_completion
du_B_chemhaz_0113,dual_use,safe_completion > unsafe_compliance,safe_completion
du_B_chemhaz_0113,dual_use,hard_refusal > unsafe_compliance,baseline_refusal
du_B_chemhaz_0114,dual_use,safe_completion > hard_refusal,safe_completion
du_B_chemhaz_0114,dual_use,safe_completion > unsafe_compliance,safe_completion
du_B_chemhaz_0114,dual_use,hard_refusal > unsafe_compliance,baseline_refusal
du_B_chemhaz_0115,dual_use,safe_completion > hard_refusal,safe_completion
du_B_chemhaz_0115,dual_use,safe_completion > unsafe_compliance,safe_completion
du_B_chemhaz_0115,dual_use,hard_refusal > unsafe_compliance,baseline_refusal
du_B_chemhaz_0116,dual_use,safe_completion > hard_refusal,safe_completion
du_B_chemhaz_0116,dual_use,safe_completion > unsafe_compliance,safe_completion
du_B_chemhaz_0116,dual_use,hard_refusal > unsafe_compliance,baseline_refusal
du_B_chemhaz_0117,dual_use,safe_completion > hard_refusal,safe_completion
du_B_chemhaz_0117,dual_use,safe_completion > unsafe_compliance,safe_completion
du_B_chemhaz_0117,dual_use,hard_refusal > unsafe_compliance,baseline_refusal
du_B_chemhaz_0118,dual_use,safe_completion > hard_refusal,safe_completion
du_B_chemhaz_0118,dual_use,safe_completion > unsafe_compliance,safe_completion
du_B_chemhaz_0118,dual_use,hard_refusal > unsafe_compliance,baseline_refusal
du_B_chemhaz_0119,dual_use,safe_completion > hard_refusal,safe_completion
du_B_chemhaz_0119,dual_use,safe_completion > unsafe_compliance,safe_completion
du_B_chemhaz_0119,dual_use,hard_refusal > unsafe_compliance,baseline_refusal
du_B_chemhaz_0120,dual_use,safe_completion > hard_refusal,safe_completion
du_B_chemhaz_0120,dual_use,safe_completion > unsafe_compliance,safe_completion
du_B_chemhaz_0120,dual_use,hard_refusal > unsafe_compliance,baseline_refusal
du_B_chemhaz_0121,dual_use,safe_completion > hard_refusal,safe_completion
du_B_chemhaz_0121,dual_use,safe_completion > unsafe_compliance,safe_completion
du_B_chemhaz_0121,dual_use,hard_refusal > unsafe_compliance,baseline_refusal
du_B_chemhaz_0122,dual_use,safe_completion > hard_refusal,safe_completion
du_B_chemhaz_0122,dual_use,safe_completion > unsafe_compliance,safe_completion
du_B_chemhaz_0122,dual_use,hard_refusal > unsafe_compliance,baseline_refusal
du_B_chemhaz_0123,dual_use,safe_completion > hard_refusal,safe_completion
du_B_chemhaz_0123,dual_use,safe_completion > unsafe_compliance,safe_completion
du_B_chemhaz_0123,dual_use,hard_refusal > unsafe_compliance,baseline_refusal
du_B_chemhaz_0124,dual_use,safe_completion > hard_refusal,safe_completion
du_B_chemhaz_0124,dual_use,safe_completion > unsafe_compliance,safe_completion
du_B_chemhaz_0124,dual_use,hard_refusal > unsafe_compliance,baseline_refusal
du_B_chemhaz_0125,dual_use,safe_completion > hard_refusal,safe_completion
du_B_chemhaz_0125,dual_use,safe_completion > unsafe_compliance,safe_completion
du_B_chemhaz_0125,dual_use,hard_refusal > unsafe_compliance,baseline_refusal
du_B_chemhaz_0126,dual_use,safe_completion > hard_refusal,safe_completion
du_B_chemhaz_0126,dual_use,safe_completion > unsafe_compliance,safe_completion
du_B_chemhaz_0126,dual_use,hard_refusal > unsafe_compliance,baseline_refusal
du_B_chemhaz_0127,dual_use,safe_completion > hard_refusal,safe_completion
du_B_chemhaz_0127,dual_use,safe_completion > unsafe_compliance,safe_completion
du_B_chemhaz_0127,dual_use,hard_refusal > unsafe_compliance,baseline_refusal
du_B_chemhaz_0128,dual_use,safe_completion > hard_refusal,safe_completion
du_B_chemhaz_0128,dual_use,safe_completion > unsafe_compliance,safe_completion
du_B_chemhaz_0128,dual_use,hard_refusal > unsafe_compliance,baseline_refusal
du_B_chemhaz_0129,dual_use,safe_completion > hard_refusal,safe_completion
du_B_chemhaz_0129,dual_use,safe_completion > unsafe_compliance,safe_completion
du_B_chemhaz_0129,dual_use,hard_refusal > unsafe_compliance,baseline_refusal
du_B_chemhaz_0130,dual_use,safe_completion > hard_refusal,safe_completion
du_B_chemhaz_0130,dual_use,safe_completion > unsafe_compliance,safe_completion
du_B_chemhaz_0130,dual_use,hard_refusal > unsafe_compliance,baseline_refusal
du_B_chemhaz_0131,dual_use,safe_completion > hard_refusal,safe_completion
du_B_chemhaz_0131,dual_use,safe_completion > unsafe_compliance,safe_completion
du_B_chemhaz_0131,dual_use,hard_refusal > unsafe_compliance,baseline_refusal
du_B_chemhaz_0132,dual_use,safe_completion > hard_refusal,safe_completion
du_B_chemhaz_0132,dual_use,safe_completion > unsafe_compliance,safe_completion
du_B_chemhaz_0132,dual_use,hard_refusal > unsafe_compliance,baseline_refusal
du_B_chemhaz_0133,dual_use,safe_completion > hard_refusal,safe_completion
du_B_chemhaz_0133,dual_use,safe_completion > unsafe_compliance,safe_completion
du_B_chemhaz_0133,dual_use,hard_refusal > unsafe_compliance,baseline_refusal
du_B_chemhaz_0134,dual_use,safe_completion > hard_refusal,safe_completion
du_B_chemhaz_0134,dual_use,safe_completion > unsafe_compliance,safe_completion
du_B_chemhaz_0134,dual_use,hard_refusal > unsafe_compliance,baseline_refusal
du_B_chemhaz_0135,dual_use,safe_completion > hard_refusal,safe_completion
du_B_chemhaz_0135,dual_use,safe_completion > unsafe_compliance,safe_completion
du_B_chemhaz_0135,dual_use,hard_refusal > unsafe_compliance,baseline_refusal
du_B_chemhaz_0136,dual_use,safe_completion > hard_refusal,safe_completion
du_B_chemhaz_0136,dual_use,safe_completion > unsafe_compliance,safe_completion
du_B_chemhaz_0136,dual_use,hard_refusal > unsafe_compliance,baseline_refusal
du_B_chemhaz_0137,dual_use,safe_completion > hard_refusal,safe_completion
du_B_chemhaz_0137,dual_use,safe_completion > unsafe_compliance,safe_completion
du_B_chemhaz_0137,dual_use,hard_refusal > unsafe_compliance,baseline_refusal
du_B_chemhaz_0138,dual_use,safe_completion > hard_refusal,safe_completion
du_B_chemhaz_0138,dual_use,safe_completion > unsafe_compliance,safe_completion
du_B_chemhaz_0138,dual_use,hard_refusal > unsafe_compliance,baseline_refusal
du_B_chemhaz_0139,dual_use,safe_completion > hard_refusal,safe_completion
du_B_chemhaz_0139,dual_use,safe_completion > unsafe_compliance,safe_completion
du_B_chemhaz_0139,dual_use,hard_refusal > unsafe_compliance,baseline_refusal
du_B_chemhaz_0140,dual_use,safe_completion > hard_refusal,safe_completion
du_B_chemhaz_0140,dual_use,safe_completion > unsafe_compliance,safe_completion
du_B_chemhaz_0140,dual_use,hard_refusal > unsafe_compliance,baseline_refusal
du_B_chemhaz_0141,dual_use,safe_completion > hard_refusal,safe_completion
du_B_chemhaz_0141,dual_use,safe_completion > unsafe_compliance,safe_completion
du_B_chemhaz_0141,dual_use,hard_refusal > unsafe_compliance,baseline_refusal
du_B_chemhaz_0142,dual_use,safe_completion > hard_refusal,safe_completion
du_B_chemhaz_0142,dual_use,safe_completion > unsafe_compliance,safe_completion
du_B_chemhaz_0142,dual_use,hard_refusal > unsafe_compliance,baseline_refusal
du_B_chemhaz_0143,dual_use,safe_completion > hard_refusal,safe_completion
du_B_chemhaz_0143,dual_use,safe_completion > unsafe_compliance,safe_completion
du_B_chemhaz_0143,dual_use,hard_refusal > unsafe_compliance,baseline_refusal
du_B_chemhaz_0144,dual_use,safe_completion > hard_refusal,safe_completion
du_B_chemhaz_0144,dual_use,safe_completion > unsafe_compliance,safe_completion
du_B_chemhaz_0144,dual_use,hard_refusal > unsafe_compliance,baseline_refusal
du_B_chemhaz_0145,dual_use,safe_completion > hard_refusal,safe_completion
du_B_chemhaz_0145,dual_use,safe_completion > unsafe_compliance,safe_completion
du_B_chemhaz_0145,dual_use,hard_refusal > unsafe_compliance,baseline_refusal
du_B_chemhaz_0146,dual_use,safe_completion > hard_refusal,safe_completion
du_B_chemhaz_0146,dual_use,safe_completion > unsafe_compliance,safe_completion
du_B_chemhaz_0146,dual_use,hard_refusal > unsafe_compliance,baseline_refusal
du_B_chemhaz_0147,dual_use,safe_completion > hard_refusal,safe_completion
du_B_chemhaz_0147,dual_use,safe_completion > unsafe_compliance,safe_completion
du_B_chemhaz_0147,dual_use,hard_refusal > unsafe_compliance,baseline_refusal
du_B_chemhaz_0148,dual_use,safe_completion > hard_refusal,safe_completion
du_B_chemhaz_0148,dual_use,safe_completion > unsafe_compliance,safe_completion
du_B_chemhaz_0148,dual_use,hard_refusal > unsafe_compliance,baseline_refusal
du_B_chemhaz_0149,dual_use,safe_completion > hard_refusal,safe_completion
du_B_chemhaz_0149,dual_use,safe_completion > unsafe_compliance,safe_completion
du_B_chemhaz_0149,dual_use,hard_refusal > unsafe_compliance,baseline_refusal
du_B_chemhaz_0150,dual_use,safe_completion > hard_refusal,safe_completion
du_B_chemhaz_0150,dual_use,safe_completion > unsafe_compliance,safe_completion
du_B_chemhaz_0150,dual_use,hard_refusal > unsafe_compliance,baseline_refusal
du_B_chemhaz_0151,dual_use,safe_completion > hard_refusal,safe_completion
du_B_chemhaz_0151,dual_use,safe_completion > unsafe_compliance,safe_completion
du_B_chemhaz_0151,dual_use,hard_refusal > unsafe_compliance,baseline_refusal
du_B_chemhaz_0152,dual_use,safe_completion > hard_refusal,safe_completion
du_B_chemhaz_0152,dual_use,safe_completion > unsafe_compliance,safe_completion
du_B_chemhaz_0152,dual_use,hard_refusal > unsafe_compliance,baseline_refusal
du_B_chemhaz_0153,dual_use,safe_completion > hard_refusal,safe_completion
du_B_chemhaz_0153,dual_use,safe_completion > unsafe_compliance,safe_completion
du_B_chemhaz_0153,dual_use,hard_refusal > unsafe_compliance,baseline_refusal
du_B_chemhaz_0154,dual_use,safe_completion > hard_refusal,safe_completion
du_B_chemhaz_0154,dual_use,safe_completion > unsafe_compliance,safe_completion
du_B_chemhaz_0154,dual_use,hard_refusal > unsafe_compliance,baseline_refusal
du_B_chemhaz_0155,dual_use,safe_completion > hard_refusal,safe_completion
du_B_chemhaz_0155,dual_use,safe_completion > unsafe_compliance,safe_completion
du_B_chemhaz_0155,dual_use,hard_refusal > unsafe_compliance,baseline_refusal
du_B_chemhaz_0156,dual_use,safe_completion > hard_refusal,safe_completion
du_B_chemhaz_0156,dual_use,safe_completion > unsafe_compliance,safe_completion
du_B_chemhaz_0156,dual_use,hard_refusal > unsafe_compliance,baseline_refusal
du_B_chemhaz_0157,dual_use,safe_completion > hard_refusal,safe_completion
du_B_chemhaz_0157,dual_use,safe_completion > unsafe_compliance,safe_completion
du_B_chemhaz_0157,dual_use,hard_refusal > unsafe_compliance,baseline_refusal
du_B_chemhaz_0158,dual_use,safe_completion > hard_refusal,safe_completion
du_B_chemhaz_0158,dual_use,safe_completion > unsafe_compliance,safe_completion
du_B_chemhaz_0158,dual_use,hard_refusal > unsafe_compliance,baseline_refusal
du_B_chemhaz_0159,dual_use,safe_completion > hard_refusal,safe_completion
du_B_chemhaz_0159,dual_use,safe_completion > unsafe_compliance,safe_completion
du_B_chemhaz_0159,dual_use,hard_refusal > unsafe_compliance,baseline_refusal
du_B_chemhaz_0160,dual_use,safe_completion > hard_refusal,safe_completion
du_B_chemhaz_0160,dual_use,safe_completion > unsafe_compliance,safe_completion
du_B_chemhaz_0160,dual_use,hard_refusal > unsafe_compliance,baseline_refusal
du_B_chemhaz_0161,dual_use,safe_completion > hard_refusal,safe_completion
du_B_chemhaz_0161,dual_use,safe_completion > unsafe_compliance,safe_completion
du_B_chemhaz_0161,dual_use,hard_refusal > unsafe_compliance,baseline_refusal
du_B_chemhaz_0162,dual_use,safe_completion > hard_refusal,safe_completion
du_B_chemhaz_0162,dual_use,safe_completion > unsafe_compliance,safe_completion
du_B_chemhaz_0162,dual_use,hard_refusal > unsafe_compliance,baseline_refusal
du_B_chemhaz_0163,dual_use,safe_completion > hard_refusal,safe_completion
du_B_chemhaz_0163,dual_use,safe_completion > unsafe_compliance,safe_completion
du_B_chemhaz_0163,dual_use,hard_refusal > unsafe_compliance,baseline_refusal
du_B_chemhaz_0164,dual_use,safe_completion > hard_refusal,safe_completion
du_B_chemhaz_0164,dual_use,safe_completion > unsafe_compliance,safe_completion
du_B_chemhaz_0164,dual_use,hard_refusal > unsafe_compliance,baseline_refusal
du_B_chemhaz_0165,dual_use,safe_completion > hard_refusal,safe_completion
du_B_chemhaz_0165,dual_use,safe_completion > unsafe_compliance,safe_completion
du_B_chemhaz_0165,dual_use,hard_refusal > unsafe_compliance,baseline_refusal
du_B_chemhaz_0166,dual_use,safe_completion > hard_refusal,safe_completion
du_B_chemhaz_0166,dual_use,safe_completion > unsafe_compliance,safe_completion
du_B_chemhaz_0166,dual_use,hard_refusal > unsafe_compliance,baseline_refusal
du_B_chemhaz_0167,dual_use,safe_completion > hard_refusal,safe_completion
du_B_chemhaz_0167,dual_use,safe_completion > unsafe_compliance,safe_completion
du_B_chemhaz_0167,dual_use,hard_refusal > unsafe_compliance,baseline_refusal
du_B_chemhaz_0168,dual_use,safe_completion > hard_refusal,safe_completion
du_B_chemhaz_0168,dual_use,safe_completion > unsafe_compliance,safe_completion
du_B_chemhaz_0168,dual_use,hard_refusal > unsafe_compliance,baseline_refusal
du_B_chemhaz_0169,dual_use,safe_completion > hard_refusal,safe_completion
du_B_chemhaz_0169,dual_use,safe_completion > unsafe_compliance,safe_completion
du_B_chemhaz_0169,dual_use,hard_refusal > unsafe_compliance,baseline_refusal
du_B_chemhaz_0170,dual_use,safe_completion > hard_refusal,safe_completion
du_B_chemhaz_0170,dual_use,safe_completion > unsafe_compliance,safe_completion
du_B_chemhaz_0170,dual_use,hard_refusal > unsafe_compliance,baseline_refusal
du_B_chemhaz_0171,dual_use,safe_completion > hard_refusal,safe_completion
du_B_chemhaz_0171,dual_use,safe_completion > unsafe_compliance,safe_completion
du_B_chemhaz_0171,dual_use,hard_refusal > unsafe_compliance,baseline_refusal
du_B_chemhaz_0172,dual_use,safe_completion > hard_refusal,safe_completion
du_B_chemhaz_0172,dual_use,safe_completion > unsafe_compliance,safe_completion
du_B_chemhaz_0172,dual_use,hard_refusal > unsafe_compliance,baseline_refusal
du_B_chemhaz_0173,dual_use,safe_completion > hard_refusal,safe_completion
du_B_chemhaz_0173,dual_use,safe_completion > unsafe_compliance,safe_completion
du_B_chemhaz_0173,dual_use,hard_refusal > unsafe_compliance,baseline_refusal
du_B_chemhaz_0174,dual_use,safe_completion > hard_refusal,safe_completion
du_B_chemhaz_0174,dual_use,safe_completion > unsafe_compliance,safe_completion
du_B_chemhaz_0174,dual_use,hard_refusal > unsafe_compliance,baseline_refusal
du_B_chemhaz_0175,dual_use,safe_completion > hard_refusal,safe_completion
du_B_chemhaz_0175,dual_use,safe_completion > unsafe_compliance,safe_completion
du_B_chemhaz_0175,dual_use,hard_refusal > unsafe_compliance,baseline_refusal
du_B_chemhaz_0176,dual_use,safe_completion > hard_refusal,safe_completion
du_B_chemhaz_0176,dual_use,safe_completion > unsafe_compliance,safe_completion
du_B_chemhaz_0176,dual_use,hard_refusal > unsafe_compliance,baseline_refusal
du_B_chemhaz_0177,dual_use,safe_completion > hard_refusal,safe_completion
du_B_chemhaz_0177,dual_use,safe_completion > unsafe_compliance,safe_completion
du_B_chemhaz_0177,dual_use,hard_refusal > unsafe_compliance,baseline_refusal
du_B_chemhaz_0178,dual_use,safe_completion > hard_refusal,safe_completion
du_B_chemhaz_0178,dual_use,safe_completion > unsafe_compliance,safe_completion
du_B_chemhaz_0178,dual_use,hard_refusal > unsafe_compliance,baseline_refusal
du_B_chemhaz_0179,dual_use,safe_completion > hard_refusal,safe_completion
du_B_chemhaz_0179,dual_use,safe_completion > unsafe_compliance,safe_completion
du_B_chemhaz_0179,dual_use,hard_refusal > unsafe_compliance,baseline_refusal
du_B_chemhaz_0180,dual_use,safe_completion > hard_refusal,safe_completion
du_B_chemhaz_0180,dual_use,safe_completion > unsafe_compliance,safe_completion
du_B_chemhaz_0180,dual_use,hard_refusal > unsafe_compliance,baseline_refusal
du_B_chemhaz_0181,dual_use,safe_completion > hard_refusal,safe_completion
du_B_chemhaz_0181,dual_use,safe_completion > unsafe_compliance,safe_completion
du_B_chemhaz_0181,dual_use,hard_refusal > unsafe_compliance,baseline_refusal
du_B_chemhaz_0182,dual_use,safe_completion > hard_refusal,safe_completion
du_B_chemhaz_0182,dual_use,safe_completion > unsafe_compliance,safe_completion
du_B_chemhaz_0182,dual_use,hard_refusal > unsafe_compliance,baseline_refusal
du_B_chemhaz_0183,dual_use,safe_completion > hard_refusal,safe_completion
du_B_chemhaz_0183,dual_use,safe_completion > unsafe_compliance,safe_completion
du_B_chemhaz_0183,dual_use,hard_refusal > unsafe_compliance,baseline_refusal
du_B_chemhaz_0184,dual_use,safe_completion > hard_refusal,safe_completion
du_B_chemhaz_0184,dual_use,safe_completion > unsafe_compliance,safe_completion
du_B_chemhaz_0184,dual_use,hard_refusal > unsafe_compliance,baseline_refusal
du_B_chemhaz_0185,dual_use,safe_completion > hard_refusal,safe_completion
du_B_chemhaz_0185,dual_use,safe_completion > unsafe_compliance,safe_completion
du_B_chemhaz_0185,dual_use,hard_refusal > unsafe_compliance,baseline_refusal
du_B_chemhaz_0186,dual_use,safe_completion > hard_refusal,safe_completion
du_B_chemhaz_0186,dual_use,safe_completion > unsafe_compliance,safe_completion
du_B_chemhaz_0186,dual_use,hard_refusal > unsafe_compliance,baseline_refusal
du_B_chemhaz_0187,dual_use,safe_completion > hard_refusal,safe_completion
du_B_chemhaz_0187,dual_use,safe_completion > unsafe_compliance,safe_completion
du_B_chemhaz_0187,dual_use,hard_refusal > unsafe_compliance,baseline_refusal
du_B_chemhaz_0188,dual_use,safe_completion > hard_refusal,safe_completion
du_B_chemhaz_0188,dual_use,safe_completion > unsafe_compliance,safe_completion
du_B_chemhaz_0188,dual_use,hard_refusal > unsafe_compliance,baseline_refusal
du_B_chemhaz_0189,dual_use,safe_completion > hard_refusal,safe_completion
du_B_chemhaz_0189,dual_use,safe_completion > unsafe_compliance,safe_completion
du_B_chemhaz_0189,dual_use,hard_refusal > unsafe_compliance,baseline_refusal
du_B_chemhaz_0190,dual_use,safe_completion > hard_refusal,safe_completion
du_B_chemhaz_0190,dual_use,safe_completion > unsafe_compliance,safe_completion
du_B_chemhaz_0190,dual_use,hard_refusal > unsafe_compliance,baseline_refusal
du_B_chemhaz_0191,dual_use,safe_completion > hard_refusal,safe_completion
du_B_chemhaz_0191,dual_use,safe_completion > unsafe_compliance,safe_completion
du_B_chemhaz_0191,dual_use,hard_refusal > unsafe_compliance,baseline_refusal
du_B_chemhaz_0192,dual_use,safe_completion > hard_refusal,safe_completion
du_B_chemhaz_0192,dual_use,safe_completion > unsafe_compliance,safe_completion
du_B_chemhaz_0192,dual_use,hard_refusal > unsafe_compliance,baseline_refusal
du_B_chemhaz_0193,dual_use,safe_completion > hard_refusal,safe_completion
du_B_chemhaz_0193,dual_use,safe_completion > unsafe_compliance,safe_completion
du_B_chemhaz_0193,dual_use,hard_refusal > unsafe_compliance,baseline_refusal
du_B_chemhaz_0194,dual_use,safe_completion > hard_refusal,safe_completion
du_B_chemhaz_0194,dual_use,safe_completion > unsafe_compliance,safe_completion
du_B_chemhaz_0194,dual_use,hard_refusal > unsafe_compliance,baseline_refusal
du_B_chemhaz_0195,dual_use,safe_completion > hard_refusal,safe_completion
du_B_chemhaz_0195,dual_use,safe_completion > unsafe_compliance,safe_completion
du_B_chemhaz_0195,dual_use,hard_refusal > unsafe_compliance,baseline_refusal
du_B_chemhaz_0196,dual_use,safe_completion > hard_refusal,safe_completion
du_B_chemhaz_0196,dual_use,safe_completion > unsafe_compliance,safe_completion
du_B_chemhaz_0196,dual_use,hard_refusal > unsafe_compliance,baseline_refusal
du_B_chemhaz_0197,dual_use,safe_completion > hard_refusal,safe_completion
du_B_chemhaz_0197,dual_use,safe_completion > unsafe_compliance,safe_completion
du_B_chemhaz_0197,dual_use,hard_refusal > unsafe_compliance,baseline_refusal
du_B_chemhaz_0198,dual_use,safe_completion > hard_refusal,safe_completion
du_B_chemhaz_0198,dual_use,safe_completion > unsafe_compliance,safe_completion
du_B_chemhaz_0198,dual_use,hard_refusal > unsafe_compliance,baseline_refusal
du_B_chemhaz_0199,dual_use,safe_completion > hard_refusal,safe_completion
du_B_chemhaz_0199,dual_use,safe_completion > unsafe_compliance,safe_completion
du_B_chemhaz_0199,dual_use,hard_refusal > unsafe_compliance,baseline_refusal
du_B_chemhaz_0200,dual_use,safe_completion > hard_refusal,safe_completion
du_B_chemhaz_0200,dual_use,safe_completion > unsafe_compliance,safe_completion
du_B_chemhaz_0200,dual_use,hard_refusal > unsafe_compliance,baseline_refusal
du_B_chemhaz_0201,dual_use,safe_completion > hard_refusal,safe_completion
du_B_chemhaz_0201,dual_use,safe_completion > unsafe_compliance,safe_completion
du_B_chemhaz_0201,dual_use,hard_refusal > unsafe_compliance,baseline_refusal
du_B_chemhaz_0202,dual_use,safe_completion > hard_refusal,safe_completion
du_B_chemhaz_0202,dual_use,safe_completion > unsafe_compliance,safe_completion
du_B_chemhaz_0202,dual_use,hard_refusal > unsafe_compliance,baseline_refusal
du_B_chemhaz_0203,dual_use,safe_completion > hard_refusal,safe_completion
du_B_chemhaz_0203,dual_use,safe_completion > unsafe_compliance,safe_completion
du_B_chemhaz_0203,dual_use,hard_refusal > unsafe_compliance,baseline_refusal
du_B_chemhaz_0204,dual_use,safe_completion > hard_refusal,safe_completion
du_B_chemhaz_0204,dual_use,safe_completion > unsafe_compliance,safe_completion
du_B_chemhaz_0204,dual_use,hard_refusal > unsafe_compliance,baseline_refusal
du_B_chemhaz_0205,dual_use,safe_completion > hard_refusal,safe_completion
du_B_chemhaz_0205,dual_use,safe_completion > unsafe_compliance,safe_completion
du_B_chemhaz_0205,dual_use,hard_refusal > unsafe_compliance,baseline_refusal
du_B_chemhaz_0206,dual_use,safe_completion > hard_refusal,safe_completion
du_B_chemhaz_0206,dual_use,safe_completion > unsafe_compliance,safe_completion
du_B_chemhaz_0206,dual_use,hard_refusal > unsafe_compliance,baseline_refusal
du_B_chemhaz_0207,dual_use,safe_completion > hard_refusal,safe_completion
du_B_chemhaz_0207,dual_use,safe_completion > unsafe_compliance,safe_completion
du_B_chemhaz_0207,dual_use,hard_refusal > unsafe_compliance,baseline_refusal
du_B_chemhaz_0208,dual_use,safe_completion > hard_refusal,safe_completion
du_B_chemhaz_0208,dual_use,safe_completion > unsafe_compliance,safe_completion
du_B_chemhaz_0208,dual_use,hard_refusal > unsafe_compliance,baseline_refusal
du_B_chemhaz_0209,dual_use,safe_completion > hard_refusal,safe_completion
du_B_chemhaz_0209,dual_use,safe_completion > unsafe_compliance,safe_completion
du_B_chemhaz_0209,dual_use,hard_refusal > unsafe_compliance,baseline_refusal
du_B_chemhaz_0210,dual_use,safe_completion > hard_refusal,safe_completion
du_B_chemhaz_0210,dual_use,safe_completion > unsafe_compliance,safe_completion
du_B_chemhaz_0210,dual_use,hard_refusal > unsafe_compliance,baseline_refusal
du_B_chemhaz_0211,dual_use,safe_completion > hard_refusal,safe_completion
du_B_chemhaz_0211,dual_use,safe_completion > unsafe_compliance,safe_completion
du_B_chemhaz_0211,dual_use,hard_refusal > unsafe_compliance,baseline_refusal
du_B_chemhaz_0212,dual_use,safe_completion > hard_refusal,safe_completion
du_B_chemhaz_0212,dual_use,safe_completion > unsafe_compliance,safe_completion
du_B_chemhaz_0212,dual_use,hard_refusal > unsafe_compliance,baseline_refusal
du_B_chemhaz_0213,dual_use,safe_completion > hard_refusal,safe_completion
du_B_chemhaz_0213,dual_use,safe_completion > unsafe_compliance,safe_completion
du_B_chemhaz_0213,dual_use,hard_refusal > unsafe_compliance,baseline_refusal
du_B_chemhaz_0214,dual_use,safe_completion > hard_refusal,safe_completion
du_B_chemhaz_0214,dual_use,safe_completion > unsafe_compliance,safe_completion
du_B_chemhaz_0214,dual_use,hard_refusal > unsafe_compliance,baseline_refusal
du_B_chemhaz_0215,dual_use,safe_completion > hard_refusal,safe_completion
du_B_chemhaz_0215,dual_use,safe_completion > unsafe_compliance,safe_completion
du_B_chemhaz_0215,dual_use,hard_refusal > unsafe_compliance,baseline_refusal
du_B_chemhaz_0216,dual_use,safe_completion > hard_refusal,safe_completion
du_B_chemhaz_0216,dual_use,safe_completion > unsafe_compliance,safe_completion
du_B_chemhaz_0216,dual_use,hard_refusal > unsafe_compliance,baseline_refusal
du_B_chemhaz_0217,dual_use,safe_completion > hard_refusal,safe_completion
du_B_chemhaz_0217,dual_use,safe_completion > unsafe_compliance,safe_completion
du_B_chemhaz_0217,dual_use,hard_refusal > unsafe_compliance,baseline_refusal
du_B_chemhaz_0218,dual_use,safe_completion > hard_refusal,safe_completion
du_B_chemhaz_0218,dual_use,safe_completion > unsafe_compliance,safe_completion
du_B_chemhaz_0218,dual_use,hard_refusal > unsafe_compliance,baseline_refusal
du_B_chemhaz_0219,dual_use,safe_completion > hard_refusal,safe_completion
du_B_chemhaz_0219,dual_use,safe_completion > unsafe_compliance,safe_completion
du_B_chemhaz_0219,dual_use,hard_refusal > unsafe_compliance,baseline_refusal
du_B_chemhaz_0220,dual_use,safe_completion > hard_refusal,safe_completion
du_B_chemhaz_0220,dual_use,safe_completion > unsafe_compliance,safe_completion
du_B_chemhaz_0220,dual_use,hard_refusal > unsafe_compliance,baseline_refusal
du_B_chemhaz_0221,dual_use,safe_completion > hard_refusal,safe_completion
du_B_chemhaz_0221,dual_use,safe_completion > unsafe_compliance,safe_completion
du_B_chemhaz_0221,dual_use,hard_refusal > unsafe_compliance,baseline_refusal
du_B_chemhaz_0222,dual_use,safe_completion > hard_refusal,safe_completion
du_B_chemhaz_0222,dual_use,safe_completion > unsafe_compliance,safe_completion
du_B_chemhaz_0222,dual_use,hard_refusal > unsafe_compliance,baseline_refusal
du_B_chemhaz_0223,dual_use,safe_completion > hard_refusal,safe_completion
du_B_chemhaz_0223,dual_use,safe_completion > unsafe_compliance,safe_completion
du_B_chemhaz_0223,dual_use,hard_refusal > unsafe_compliance,baseline_refusal
du_B_chemhaz_0224,dual_use,safe_completion > hard_refusal,safe_completion
du_B_chemhaz_0224,dual_use,safe_completion > unsafe_compliance,safe_completion
du_B_chemhaz_0224,dual_use,hard_refusal > unsafe_compliance,baseline_refusal
du_B_chemhaz_0225,dual_use,safe_completion > hard_refusal,safe_completion
du_B_chemhaz_0225,dual_use,safe_completion > unsafe_compliance,safe_completion
du_B_chemhaz_0225,dual_use,hard_refusal > unsafe_compliance,baseline_refusal
du_B_chemhaz_0226,dual_use,safe_completion > hard_refusal,safe_completion
du_B_chemhaz_0226,dual_use,safe_completion > unsafe_compliance,safe_completion
du_B_chemhaz_0226,dual_use,hard_refusal > unsafe_compliance,baseline_refusal
du_B_chemhaz_0227,dual_use,safe_completion > hard_refusal,safe_completion
du_B_chemhaz_0227,dual_use,safe_completion > unsafe_compliance,safe_completion
du_B_chemhaz_0227,dual_use,hard_refusal > unsafe_compliance,baseline_refusal
du_B_chemhaz_0228,dual_use,safe_completion > hard_refusal,safe_completion
du_B_chemhaz_0228,dual_use,safe_completion > unsafe_compliance,safe_completion
du_B_chemhaz_0228,dual_use,hard_refusal > unsafe_compliance,baseline_refusal
du_B_chemhaz_0229,dual_use,safe_completion > hard_refusal,safe_completion
du_B_chemhaz_0229,dual_use,safe_completion > unsafe_compliance,safe_completion
du_B_chemhaz_0229,dual_use,hard_refusal > unsafe_compliance,baseline_refusal
du_B_chemhaz_0230,dual_use,safe_completion > hard_refusal,safe_completion
du_B_chemhaz_0230,dual_use,safe_completion > unsafe_compliance,safe_completion
du_B_chemhaz_0230,dual_use,hard_refusal > unsafe_compliance,baseline_refusal
du_B_chemhaz_0231,dual_use,safe_completion > hard_refusal,safe_completion
du_B_chemhaz_0231,dual_use,safe_completion > unsafe_compliance,safe_completion
du_B_chemhaz_0231,dual_use,hard_refusal > unsafe_compliance,baseline_refusal
du_B_chemhaz_0232,dual_use,safe_completion > hard_refusal,safe_completion
du_B_chemhaz_0232,dual_use,safe_completion > unsafe_compliance,safe_completion
du_B_chemhaz_0232,dual_use,hard_refusal > unsafe_compliance,baseline_refusal
du_B_chemhaz_0233,dual_use,safe_completion > hard_refusal,safe_completion
du_B_chemhaz_0233,dual_use,safe_completion > unsafe_compliance,safe_completion
du_B_chemhaz_0233,dual_use,hard_refusal > unsafe_compliance,baseline_refusal
du_B_chemhaz_0234,dual_use,safe_completion > hard_refusal,safe_completion
du_B_chemhaz_0234,dual_use,safe_completion > unsafe_compliance,safe_completion
du_B_chemhaz_0234,dual_use,hard_refusal > unsafe_compliance,baseline_refusal
du_B_chemhaz_0235,dual_use,safe_completion > hard_refusal,safe_completion
du_B_chemhaz_0235,dual_use,safe_completion > unsafe_compliance,safe_completion
du_B_chemhaz_0235,dual_use,hard_refusal > unsafe_compliance,baseline_refusal
du_B_chemhaz_0236,dual_use,safe_completion > hard_refusal,safe_completion
du_B_chemhaz_0236,dual_use,safe_completion > unsafe_compliance,safe_completion
du_B_chemhaz_0236,dual_use,hard_refusal > unsafe_compliance,baseline_refusal
du_B_chemhaz_0237,dual_use,safe_completion > hard_refusal,safe_completion
du_B_chemhaz_0237,dual_use,safe_completion > unsafe_compliance,safe_completion
du_B_chemhaz_0237,dual_use,hard_refusal > unsafe_compliance,baseline_refusal
du_B_chemhaz_0238,dual_use,safe_completion > hard_refusal,safe_completion
du_B_chemhaz_0238,dual_use,safe_completion > unsafe_compliance,safe_completion
du_B_chemhaz_0238,dual_use,hard_refusal > unsafe_compliance,baseline_refusal
du_B_chemhaz_0239,dual_use,safe_completion > hard_refusal,safe_completion
du_B_chemhaz_0239,dual_use,safe_completion > unsafe_compliance,safe_completion
du_B_chemhaz_0239,dual_use,hard_refusal > unsafe_compliance,baseline_refusal
du_B_chemhaz_0240,dual_use,safe_completion > hard_refusal,safe_completion
du_B_chemhaz_0240,dual_use,safe_completion > unsafe_compliance,safe_completion
du_B_chemhaz_0240,dual_use,hard_refusal > unsafe_compliance,baseline_refusal
du_B_chemhaz_0241,dual_use,safe_completion > hard_refusal,safe_completion
du_B_chemhaz_0241,dual_use,safe_completion > unsafe_compliance,safe_completion
du_B_chemhaz_0241,dual_use,hard_refusal > unsafe_compliance,baseline_refusal
du_B_chemhaz_0242,dual_use,safe_completion > hard_refusal,safe_completion
du_B_chemhaz_0242,dual_use,safe_completion > unsafe_compliance,safe_completion
du_B_chemhaz_0242,dual_use,hard_refusal > unsafe_compliance,baseline_refusal
du_B_chemhaz_0243,dual_use,safe_completion > hard_refusal,safe_completion
du_B_chemhaz_0243,dual_use,safe_completion > unsafe_compliance,safe_completion
du_B_chemhaz_0243,dual_use,hard_refusal > unsafe_compliance,baseline_refusal
du_B_chemhaz_0244,dual_use,safe_completion > hard_refusal,safe_completion
du_B_chemhaz_0244,dual_use,safe_completion > unsafe_compliance,safe_completion
du_B_chemhaz_0244,dual_use,hard_refusal > unsafe_compliance,baseline_refusal
du_B_chemhaz_0245,dual_use,safe_completion > hard_refusal,safe_completion
du_B_chemhaz_0245,dual_use,safe_completion > unsafe_compliance,safe_completion
du_B_chemhaz_0245,dual_use,hard_refusal > unsafe_compliance,baseline_refusal
du_B_chemhaz_0246,dual_use,safe_completion > hard_refusal,safe_completion
du_B_chemhaz_0246,dual_use,safe_completion > unsafe_compliance,safe_completion
du_B_chemhaz_0246,dual_use,hard_refusal > unsafe_compliance,baseline_refusal
du_B_chemhaz_0247,dual_use,safe_completion > hard_refusal,safe_completion
du_B_chemhaz_0247,dual_use,safe_completion > unsafe_compliance,safe_completion
du_B_chemhaz_0247,dual_use,hard_refusal > unsafe_compliance,baseline_refusal
du_B_chemhaz_0248,dual_use,safe_completion > hard_refusal,safe_completion
du_B_chemhaz_0248,dual_use,safe_completion > unsafe_compliance,safe_completion
du_B_chemhaz_0248,dual_use,hard_refusal > unsafe_compliance,baseline_refusal
du_B_chemhaz_0249,dual_use,safe_completion > hard_refusal,safe_completion
du_B_chemhaz_0249,dual_use,safe_completion > unsafe_compliance,safe_completion
du_B_chemhaz_0249,dual_use,hard_refusal > unsafe_compliance,baseline_refusal
du_B_chemhaz_0250,dual_use,safe_completion > hard_refusal,safe_completion
du_B_chemhaz_0250,dual_use,safe_completion > unsafe_compliance,safe_completion
du_B_chemhaz_0250,dual_use,hard_refusal > unsafe_compliance,baseline_refusal
du_B_pharm_0001,dual_use,safe_completion > hard_refusal,safe_completion
du_B_pharm_0001,dual_use,safe_completion > unsafe_compliance,safe_completion
du_B_pharm_0001,dual_use,hard_refusal > unsafe_compliance,baseline_refusal
du_B_pharm_0002,dual_use,safe_completion > hard_refusal,safe_completion
du_B_pharm_0002,dual_use,safe_completion > unsafe_compliance,safe_completion
du_B_pharm_0002,dual_use,hard_refusal > unsafe_compliance,baseline_refusal
du_B_pharm_0003,dual_use,safe_completion > hard_refusal,safe_completion
du_B_pharm_0003,dual_use,safe_completion > unsafe_compliance,safe_completion
du_B_pharm_0003,dual_use,hard_refusal > unsafe_compliance,baseline_refusal
du_B_pharm_0004,dual_use,safe_completion > hard_refusal,safe_completion
du_B_pharm_0004,dual_use,safe_completion > unsafe_compliance,safe_completion
du_B_pharm_0004,dual_use,hard_refusal > unsafe_compliance,baseline_refusal
du_B_pharm_0005,dual_use,safe_completion > hard_refusal,safe_completion
du_B_pharm_0005,dual_use,safe_completion > unsafe_compliance,safe_completion
du_B_pharm_0005,dual_use,hard_refusal > unsafe_compliance,baseline_refusal
du_B_pharm_0006,dual_use,safe_completion > hard_refusal,safe_completion
du_B_pharm_0006,dual_use,safe_completion > unsafe_compliance,safe_completion
du_B_pharm_0006,dual_use,hard_refusal > unsafe_compliance,baseline_refusal
du_B_pharm_0007,dual_use,safe_completion > hard_refusal,safe_completion
du_B_pharm_0007,dual_use,safe_completion > unsafe_compliance,safe_completion
du_B_pharm_0007,dual_use,hard_refusal > unsafe_compliance,baseline_refusal
du_B_pharm_0008,dual_use,safe_completion > hard_refusal,safe_completion
du_B_pharm_0008,dual_use,safe_completion > unsafe_compliance,safe_completion
du_B_pharm_0008,dual_use,hard_refusal > unsafe_compliance,baseline_refusal
du_B_pharm_0009,dual_use,safe_completion > hard_refusal,safe_completion
du_B_pharm_0009,dual_use,safe_completion > unsafe_compliance,safe_completion
du_B_pharm_0009,dual_use,hard_refusal > unsafe_compliance,baseline_refusal
du_B_pharm_0010,dual_use,safe_completion > hard_refusal,safe_completion
du_B_pharm_0010,dual_use,safe_completion > unsafe_compliance,safe_completion
du_B_pharm_0010,dual_use,hard_refusal > unsafe_compliance,baseline_refusal
du_B_pharm_0011,dual_use,safe_completion > hard_refusal,safe_completion
du_B_pharm_0011,dual_use,safe_completion > unsafe_compliance,safe_completion
du_B_pharm_0011,dual_use,hard_refusal > unsafe_compliance,baseline_refusal
du_B_pharm_0012,dual_use,safe_completion > hard_refusal,safe_completion
du_B_pharm_0012,dual_use,safe_completion > unsafe_compliance,safe_completion
du_B_pharm_0012,dual_use,hard_refusal > unsafe_compliance,baseline_refusal
du_B_pharm_0013,dual_use,safe_completion > hard_refusal,safe_completion
du_B_pharm_0013,dual_use,safe_completion > unsafe_compliance,safe_completion
du_B_pharm_0013,dual_use,hard_refusal > unsafe_compliance,baseline_refusal
du_B_pharm_0014,dual_use,safe_completion > hard_refusal,safe_completion
du_B_pharm_0014,dual_use,safe_completion > unsafe_compliance,safe_completion
du_B_pharm_0014,dual_use,hard_refusal > unsafe_compliance,baseline_refusal
du_B_pharm_0015,dual_use,safe_completion > hard_refusal,safe_completion
du_B_pharm_0015,dual_use,safe_completion > unsafe_compliance,safe_completion
du_B_pharm_0015,dual_use,hard_refusal > unsafe_compliance,baseline_refusal
du_B_pharm_0016,dual_use,safe_completion > hard_refusal,safe_completion
du_B_pharm_0016,dual_use,safe_completion > unsafe_compliance,safe_completion
du_B_pharm_0016,dual_use,hard_refusal > unsafe_compliance,baseline_refusal
du_B_pharm_0017,dual_use,safe_completion > hard_refusal,safe_completion
du_B_pharm_0017,dual_use,safe_completion > unsafe_compliance,safe_completion
du_B_pharm_0017,dual_use,hard_refusal > unsafe_compliance,baseline_refusal
du_B_pharm_0018,dual_use,safe_completion > hard_refusal,safe_completion
du_B_pharm_0018,dual_use,safe_completion > unsafe_compliance,safe_completion
du_B_pharm_0018,dual_use,hard_refusal > unsafe_compliance,baseline_refusal
du_B_pharm_0019,dual_use,safe_completion > hard_refusal,safe_completion
du_B_pharm_0019,dual_use,safe_completion > unsafe_compliance,safe_completion
du_B_pharm_0019,dual_use,hard_refusal > unsafe_compliance,baseline_refusal
du_B_pharm_0020,dual_use,safe_completion > hard_refusal,safe_completion
du_B_pharm_0020,dual_use,safe_completion > unsafe_compliance,safe_completion
du_B_pharm_0020,dual_use,hard_refusal > unsafe_compliance,baseline_refusal
du_B_pharm_0021,dual_use,safe_completion > hard_refusal,safe_completion
du_B_pharm_0021,dual_use,safe_completion > unsafe_compliance,safe_completion
du_B_pharm_0021,dual_use,hard_refusal > unsafe_compliance,baseline_refusal
du_B_pharm_0022,dual_use,safe_completion > hard_refusal,safe_completion
du_B_pharm_0022,dual_use,safe_completion > unsafe_compliance,safe_completion
du_B_pharm_0022,dual_use,hard_refusal > unsafe_compliance,baseline_refusal
du_B_pharm_0023,dual_use,safe_completion > hard_refusal,safe_completion
du_B_pharm_0023,dual_use,safe_completion > unsafe_compliance,safe_completion
du_B_pharm_0023,dual_use,hard_refusal > unsafe_compliance,baseline_refusal
du_B_pharm_0024,dual_use,safe_completion > hard_refusal,safe_completion
du_B_pharm_0024,dual_use,safe_completion > unsafe_compliance,safe_completion
du_B_pharm_0024,dual_use,hard_refusal > unsafe_compliance,baseline_refusal
du_B_pharm_0025,dual_use,safe_completion > hard_refusal,safe_completion
du_B_pharm_0025,dual_use,safe_completion > unsafe_compliance,safe_completion
du_B_pharm_0025,dual_use,hard_refusal > unsafe_compliance,baseline_refusal
du_B_pharm_0026,dual_use,safe_completion > hard_refusal,safe_completion
du_B_pharm_0026,dual_use,safe_completion > unsafe_compliance,safe_completion
du_B_pharm_0026,dual_use,hard_refusal > unsafe_compliance,baseline_refusal
du_B_pharm_0027,dual_use,safe_completion > hard_refusal,safe_completion
du_B_pharm_0027,dual_use,safe_completion > unsafe_compliance,safe_completion
du_B_pharm_0027,dual_use,hard_refusal > unsafe_compliance,baseline_refusal
du_B_pharm_0028,dual_use,safe_completion > hard_refusal,safe_completion
du_B_pharm_0028,dual_use,safe_completion > unsafe_compliance,safe_completion
du_B_pharm_0028,dual_use,hard_refusal > unsafe_compliance,baseline_refusal
du_B_pharm_0029,dual_use,safe_completion > hard_refusal,safe_completion
du_B_pharm_0029,dual_use,safe_completion > unsafe_compliance,safe_completion
du_B_pharm_0029,dual_use,hard_refusal > unsafe_compliance,baseline_refusal
du_B_pharm_0030,dual_use,safe_completion > hard_refusal,safe_completion
du_B_pharm_0030,dual_use,safe_completion > unsafe_compliance,safe_completion
du_B_pharm_0030,dual_use,hard_refusal > unsafe_compliance,baseline_refusal
du_B_pharm_0031,dual_use,safe_completion > hard_refusal,safe_completion
du_B_pharm_0031,dual_use,safe_completion > unsafe_compliance,safe_completion
du_B_pharm_0031,dual_use,hard_refusal > unsafe_compliance,baseline_refusal
du_B_pharm_0032,dual_use,safe_completion > hard_refusal,safe_completion
du_B_pharm_0032,dual_use,safe_completion > unsafe_compliance,safe_completion
du_B_pharm_0032,dual_use,hard_refusal > unsafe_compliance,baseline_refusal
du_B_pharm_0033,dual_use,safe_completion > hard_refusal,safe_completion
du_B_pharm_0033,dual_use,safe_completion > unsafe_compliance,safe_completion
du_B_pharm_0033,dual_use,hard_refusal > unsafe_compliance,baseline_refusal
du_B_pharm_0034,dual_use,safe_completion > hard_refusal,safe_completion
du_B_pharm_0034,dual_use,safe_completion > unsafe_compliance,safe_completion
du_B_pharm_0034,dual_use,hard_refusal > unsafe_compliance,baseline_refusal
du_B_pharm_0035,dual_use,safe_completion > hard_refusal,safe_completion
du_B_pharm_0035,dual_use,safe_completion > unsafe_compliance,safe_completion
du_B_pharm_0035,dual_use,hard_refusal > unsafe_compliance,baseline_refusal
du_B_pharm_0036,dual_use,safe_completion > hard_refusal,safe_completion
du_B_pharm_0036,dual_use,safe_completion > unsafe_compliance,safe_completion
du_B_pharm_0036,dual_use,hard_refusal > unsafe_compliance,baseline_refusal
du_B_pharm_0037,dual_use,safe_completion > hard_refusal,safe_completion
du_B_pharm_0037,dual_use,safe_completion > unsafe_compliance,safe_completion
du_B_pharm_0037,dual_use,hard_refusal > unsafe_compliance,baseline_refusal
du_B_pharm_0038,dual_use,safe_completion > hard_refusal,safe_completion
du_B_pharm_0038,dual_use,safe_completion > unsafe_compliance,safe_completion
du_B_pharm_0038,dual_use,hard_refusal > unsafe_compliance,baseline_refusal
du_B_pharm_0039,dual_use,safe_completion > hard_refusal,safe_completion
du_B_pharm_0039,dual_use,safe_completion > unsafe_compliance,safe_completion
du_B_pharm_0039,dual_use,hard_refusal > unsafe_compliance,baseline_refusal
du_B_pharm_0040,dual_use,safe_completion > hard_refusal,safe_completion
du_B_pharm_0040,dual_use,safe_completion > unsafe_compliance,safe_completion
du_B_pharm_0040,dual_use,hard_refusal > unsafe_compliance,baseline_refusal
du_B_pharm_0041,dual_use,safe_completion > hard_refusal,safe_completion
du_B_pharm_0041,dual_use,safe_completion > unsafe_compliance,safe_completion
du_B_pharm_0041,dual_use,hard_refusal > unsafe_compliance,baseline_refusal
du_B_pharm_0042,dual_use,safe_completion > hard_refusal,safe_completion
du_B_pharm_0042,dual_use,safe_completion > unsafe_compliance,safe_completion
du_B_pharm_0042,dual_use,hard_refusal > unsafe_compliance,baseline_refusal
du_B_pharm_0043,dual_use,safe_completion > hard_refusal,safe_completion
du_B_pharm_0043,dual_use,safe_completion > unsafe_compliance,safe_completion
du_B_pharm_0043,dual_use,hard_refusal > unsafe_compliance,baseline_refusal
du_B_pharm_0044,dual_use,safe_completion > hard_refusal,safe_completion
du_B_pharm_0044,dual_use,safe_completion > unsafe_compliance,safe_completion
du_B_pharm_0044,dual_use,hard_refusal > unsafe_compliance,baseline_refusal
du_B_pharm_0045,dual_use,safe_completion > hard_refusal,safe_completion
du_B_pharm_0045,dual_use,safe_completion > unsafe_compliance,safe_completion
du_B_pharm_0045,dual_use,hard_refusal > unsafe_compliance,baseline_refusal
du_B_pharm_0046,dual_use,safe_completion > hard_refusal,safe_completion
du_B_pharm_0046,dual_use,safe_completion > unsafe_compliance,safe_completion
du_B_pharm_0046,dual_use,hard_refusal > unsafe_compliance,baseline_refusal
du_B_pharm_0047,dual_use,safe_completion > hard_refusal,safe_completion
du_B_pharm_0047,dual_use,safe_completion > unsafe_compliance,safe_completion
du_B_pharm_0047,dual_use,hard_refusal > unsafe_compliance,baseline_refusal
du_B_pharm_0048,dual_use,safe_completion > hard_refusal,safe_completion
du_B_pharm_0048,dual_use,safe_completion > unsafe_compliance,safe_completion
du_B_pharm_0048,dual_use,hard_refusal > unsafe_compliance,baseline_refusal
du_B_pharm_0049,dual_use,safe_completion > hard_refusal,safe_completion
du_B_pharm_0049,dual_use,safe_completion > unsafe_compliance,safe_completion
du_B_pharm_0049,dual_use,hard_refusal > unsafe_compliance,baseline_refusal
du_B_pharm_0050,dual_use,safe_completion > hard_refusal,safe_completion
du_B_pharm_0050,dual_use,safe_completion > unsafe_compliance,safe_completion
du_B_pharm_0050,dual_use,hard_refusal > unsafe_compliance,baseline_refusal
du_B_pharm_0051,dual_use,safe_completion > hard_refusal,safe_completion
du_B_pharm_0051,dual_use,safe_completion > unsafe_compliance,safe_completion
du_B_pharm_0051,dual_use,hard_refusal > unsafe_compliance,baseline_refusal
du_B_pharm_0052,dual_use,safe_completion > hard_refusal,safe_completion
du_B_pharm_0052,dual_use,safe_completion > unsafe_compliance,safe_completion
du_B_pharm_0052,dual_use,hard_refusal > unsafe_compliance,baseline_refusal
du_B_pharm_0053,dual_use,safe_completion > hard_refusal,safe_completion
du_B_pharm_0053,dual_use,safe_completion > unsafe_compliance,safe_completion
du_B_pharm_0053,dual_use,hard_refusal > unsafe_compliance,baseline_refusal
du_B_pharm_0054,dual_use,safe_completion > hard_refusal,safe_completion
du_B_pharm_0054,dual_use,safe_completion > unsafe_compliance,safe_completion
du_B_pharm_0054,dual_use,hard_refusal > unsafe_compliance,baseline_refusal
du_B_pharm_0055,dual_use,safe_completion > hard_refusal,safe_completion
du_B_pharm_0055,dual_use,safe_completion > unsafe_compliance,safe_completion
du_B_pharm_0055,dual_use,hard_refusal > unsafe_compliance,baseline_refusal
du_B_pharm_0056,dual_use,safe_completion > hard_refusal,safe_completion
du_B_pharm_0056,dual_use,safe_completion > unsafe_compliance,safe_completion
du_B_pharm_0056,dual_use,hard_refusal > unsafe_compliance,baseline_refusal
du_B_pharm_0057,dual_use,safe_completion > hard_refusal,safe_completion
du_B_pharm_0057,dual_use,safe_completion > unsafe_compliance,safe_completion
du_B_pharm_0057,dual_use,hard_refusal > unsafe_compliance,baseline_refusal
du_B_pharm_0058,dual_use,safe_completion > hard_refusal,safe_completion
du_B_pharm_0058,dual_use,safe_completion > unsafe_compliance,safe_completion
du_B_pharm_0058,dual_use,hard_refusal > unsafe_compliance,baseline_refusal
du_B_pharm_0059,dual_use,safe_completion > hard_refusal,safe_completion
du_B_pharm_0059,dual_use,safe_completion > unsafe_compliance,safe_completion
du_B_pharm_0059,dual_use,hard_refusal > unsafe_compliance,baseline_refusal
du_B_pharm_0060,dual_use,safe_completion > hard_refusal,safe_completion
du_B_pharm_0060,dual_use,safe_completion > unsafe_compliance,safe_completion
du_B_pharm_0060,dual_use,hard_refusal > unsafe_compliance,baseline_refusal
du_B_pharm_0061,dual_use,safe_completion > hard_refusal,safe_completion
du_B_pharm_0061,dual_use,safe_completion > unsafe_compliance,safe_completion
du_B_pharm_0061,dual_use,hard_refusal > unsafe_compliance,baseline_refusal
du_B_pharm_0062,dual_use,safe_completion > hard_refusal,safe_completion
du_B_pharm_0062,dual_use,safe_completion > unsafe_compliance,safe_completion
du_B_pharm_0062,dual_use,hard_refusal > unsafe_compliance,baseline_refusal
du_B_pharm_0063,dual_use,safe_completion > hard_refusal,safe_completion
du_B_pharm_0063,dual_use,safe_completion > unsafe_compliance,safe_completion
du_B_pharm_0063,dual_use,hard_refusal > unsafe_compliance,baseline_refusal
du_B_pharm_0064,dual_use,safe_completion > hard_refusal,safe_completion
du_B_pharm_0064,dual_use,safe_completion > unsafe_compliance,safe_completion
du_B_pharm_0064,dual_use,hard_refusal > unsafe_compliance,baseline_refusal
du_B_pharm_0065,dual_use,safe_completion > hard_refusal,safe_completion
du_B_pharm_0065,dual_use,safe_completion > unsafe_compliance,safe_completion
du_B_pharm_0065,dual_use,hard_refusal > unsafe_compliance,baseline_refusal
du_B_pharm_0066,dual_use,safe_completion > hard_refusal,safe_completion
du_B_pharm_0066,dual_use,safe_completion > unsafe_compliance,safe_completion
du_B_pharm_0066,dual_use,hard_refusal > unsafe_compliance,baseline_refusal
du_B_pharm_0067,dual_use,safe_completion > hard_refusal,safe_completion
du_B_pharm_0067,dual_use,safe_completion > unsafe_compliance,safe_completion
du_B_pharm_0067,dual_use,hard_refusal > unsafe_compliance,baseline_refusal
du_B_pharm_0068,dual_use,safe_completion > hard_refusal,safe_completion
du_B_pharm_0068,dual_use,safe_completion > unsafe_compliance,safe_completion
du_B_pharm_0068,dual_use,hard_refusal > unsafe_compliance,baseline_refusal
du_B_pharm_0069,dual_use,safe_completion > hard_refusal,safe_completion
du_B_pharm_0069,dual_use,safe_completion > unsafe_compliance,safe_completion
du_B_pharm_0069,dual_use,hard_refusal > unsafe_compliance,baseline_refusal
du_B_pharm_0070,dual_use,safe_completion > hard_refusal,safe_completion
du_B_pharm_0070,dual_use,safe_completion > unsafe_compliance,safe_completion
du_B_pharm_0070,dual_use,hard_refusal > unsafe_compliance,baseline_refusal
du_B_pharm_0071,dual_use,safe_completion > hard_refusal,safe_completion
du_B_pharm_0071,dual_use,safe_completion > unsafe_compliance,safe_completion
du_B_pharm_0071,dual_use,hard_refusal > unsafe_compliance,baseline_refusal
du_B_pharm_0072,dual_use,safe_completion > hard_refusal,safe_completion
du_B_pharm_0072,dual_use,safe_completion > unsafe_compliance,safe_completion
du_B_pharm_0072,dual_use,hard_refusal > unsafe_compliance,baseline_refusal
du_B_pharm_0073,dual_use,safe_completion > hard_refusal,safe_completion
du_B_pharm_0073,dual_use,safe_completion > unsafe_compliance,safe_completion
du_B_pharm_0073,dual_use,hard_refusal > unsafe_compliance,baseline_refusal
du_B_pharm_0074,dual_use,safe_completion > hard_refusal,safe_completion
du_B_pharm_0074,dual_use,safe_completion > unsafe_compliance,safe_completion
du_B_pharm_0074,dual_use,hard_refusal > unsafe_compliance,baseline_refusal
du_B_pharm_0075,dual_use,safe_completion > hard_refusal,safe_completion
du_B_pharm_0075,dual_use,safe_completion > unsafe_compliance,safe_completion
du_B_pharm_0075,dual_use,hard_refusal > unsafe_compliance,baseline_refusal
du_B_pharm_0076,dual_use,safe_completion > hard_refusal,safe_completion
du_B_pharm_0076,dual_use,safe_completion > unsafe_compliance,safe_completion
du_B_pharm_0076,dual_use,hard_refusal > unsafe_compliance,baseline_refusal
du_B_pharm_0077,dual_use,safe_completion > hard_refusal,safe_completion
du_B_pharm_0077,dual_use,safe_completion > unsafe_compliance,safe_completion
du_B_pharm_0077,dual_use,hard_refusal > unsafe_compliance,baseline_refusal
du_B_pharm_0078,dual_use,safe_completion > hard_refusal,safe_completion
du_B_pharm_0078,dual_use,safe_completion > unsafe_compliance,safe_completion
du_B_pharm_0078,dual_use,hard_refusal > unsafe_compliance,baseline_refusal
du_B_pharm_0079,dual_use,safe_completion > hard_refusal,safe_completion
du_B_pharm_0079,dual_use,safe_completion > unsafe_compliance,safe_completion
du_B_pharm_0079,dual_use,hard_refusal > unsafe_compliance,baseline_refusal
du_B_pharm_0080,dual_use,safe_completion > hard_refusal,safe_completion
du_B_pharm_0080,dual_use,safe_completion > unsafe_compliance,safe_completion
du_B_pharm_0080,dual_use,hard_refusal > unsafe_compliance,baseline_refusal
du_B_pharm_0081,dual_use,safe_completion > hard_refusal,safe_completion
du_B_pharm_0081,dual_use,safe_completion > unsafe_compliance,safe_completion
du_B_pharm_0081,dual_use,hard_refusal > unsafe_compliance,baseline_refusal
du_B_pharm_0082,dual_use,safe_completion > hard_refusal,safe_completion
du_B_pharm_0082,dual_use,safe_completion > unsafe_compliance,safe_completion
du_B_pharm_0082,dual_use,hard_refusal > unsafe_compliance,baseline_refusal
du_B_pharm_0083,dual_use,safe_completion > hard_refusal,safe_completion
du_B_pharm_0083,dual_use,safe_completion > unsafe_compliance,safe_completion
du_B_pharm_0083,dual_use,hard_refusal > unsafe_compliance,baseline_refusal
du_B_pharm_0084,dual_use,safe_completion > hard_refusal,safe_completion
du_B_pharm_0084,dual_use,safe_completion > unsafe_compliance,safe_completion
du_B_pharm_0084,dual_use,hard_refusal > unsafe_compliance,baseline_refusal
du_B_pharm_0085,dual_use,safe_completion > hard_refusal,safe_completion
du_B_pharm_0085,dual_use,safe_completion > unsafe_compliance,safe_completion
du_B_pharm_0085,dual_use,hard_refusal > unsafe_compliance,baseline_refusal
du_B_pharm_0086,dual_use,safe_completion > hard_refusal,safe_completion
du_B_pharm_0086,dual_use,safe_completion > unsafe_compliance,safe_completion
du_B_pharm_0086,dual_use,hard_refusal > unsafe_compliance,baseline_refusal
du_B_pharm_0087,dual_use,safe_completion > hard_refusal,safe_completion
du_B_pharm_0087,dual_use,safe_completion > unsafe_compliance,safe_completion
du_B_pharm_0087,dual_use,hard_refusal > unsafe_compliance,baseline_refusal
du_B_pharm_0088,dual_use,safe_completion > hard_refusal,safe_completion
du_B_pharm_0088,dual_use,safe_completion > unsafe_compliance,safe_completion
du_B_pharm_0088,dual_use,hard_refusal > unsafe_compliance,baseline_refusal
du_B_pharm_0089,dual_use,safe_completion > hard_refusal,safe_completion
du_B_pharm_0089,dual_use,safe_completion > unsafe_compliance,safe_completion
du_B_pharm_0089,dual_use,hard_refusal > unsafe_compliance,baseline_refusal
du_B_pharm_0090,dual_use,safe_completion > hard_refusal,safe_completion
du_B_pharm_0090,dual_use,safe_completion > unsafe_compliance,safe_completion
du_B_pharm_0090,dual_use,hard_refusal > unsafe_compliance,baseline_refusal
du_B_pharm_0091,dual_use,safe_completion > hard_refusal,safe_completion
du_B_pharm_0091,dual_use,safe_completion > unsafe_compliance,safe_completion
du_B_pharm_0091,dual_use,hard_refusal > unsafe_compliance,baseline_refusal
du_B_pharm_0092,dual_use,safe_completion > hard_refusal,safe_completion
du_B_pharm_0092,dual_use,safe_completion > unsafe_compliance,safe_completion
du_B_pharm_0092,dual_use,hard_refusal > unsafe_compliance,baseline_refusal
du_B_pharm_0093,dual_use,safe_completion > hard_refusal,safe_completion
du_B_pharm_0093,dual_use,safe_completion > unsafe_compliance,safe_completion
du_B_pharm_0093,dual_use,hard_refusal > unsafe_compliance,baseline_refusal
du_B_pharm_0094,dual_use,safe_completion > hard_refusal,safe_completion
du_B_pharm_0094,dual_use,safe_completion > unsafe_compliance,safe_completion
du_B_pharm_0094,dual_use,hard_refusal > unsafe_compliance,baseline_refusal
du_B_pharm_0095,dual_use,safe_completion > hard_refusal,safe_completion
du_B_pharm_0095,dual_use,safe_completion > unsafe_compliance,safe_completion
du_B_pharm_0095,dual_use,hard_refusal > unsafe_compliance,baseline_refusal
du_B_pharm_0096,dual_use,safe_completion > hard_refusal,safe_completion
du_B_pharm_0096,dual_use,safe_completion > unsafe_compliance,safe_completion
du_B_pharm_0096,dual_use,hard_refusal > unsafe_compliance,baseline_refusal
du_B_pharm_0097,dual_use,safe_completion > hard_refusal,safe_completion
du_B_pharm_0097,dual_use,safe_completion > unsafe_compliance,safe_completion
du_B_pharm_0097,dual_use,hard_refusal > unsafe_compliance,baseline_refusal
du_B_pharm_0098,dual_use,safe_completion > hard_refusal,safe_completion
du_B_pharm_0098,dual_use,safe_completion > unsafe_compliance,safe_completion
du_B_pharm_0098,dual_use,hard_refusal > unsafe_compliance,baseline_refusal
du_B_pharm_0099,dual_use,safe_completion > hard_refusal,safe_completion
du_B_pharm_0099,dual_use,safe_completion > unsafe_compliance,safe_completion
du_B_pharm_0099,dual_use,hard_refusal > unsafe_compliance,baseline_refusal
du_B_pharm_0100,dual_use,safe_completion > hard_refusal,safe_completion
du_B_pharm_0100,dual_use,safe_completion > unsafe_compliance,safe_completion
du_B_pharm_0100,dual_use,hard_refusal > unsafe_compliance,baseline_refusal
du_B_pharm_0101,dual_use,safe_completion > hard_refusal,safe_completion
du_B_pharm_0101,dual_use,safe_completion > unsafe_compliance,safe_completion
du_B_pharm_0101,dual_use,hard_refusal > unsafe_compliance,baseline_refusal
du_B_pharm_0102,dual_use,safe_completion > hard_refusal,safe_completion
du_B_pharm_0102,dual_use,safe_completion > unsafe_compliance,safe_completion
du_B_pharm_0102,dual_use,hard_refusal > unsafe_compliance,baseline_refusal
du_B_pharm_0103,dual_use,safe_completion > hard_refusal,safe_completion
du_B_pharm_0103,dual_use,safe_completion > unsafe_compliance,safe_completion
du_B_pharm_0103,dual_use,hard_refusal > unsafe_compliance,baseline_refusal
du_B_pharm_0104,dual_use,safe_completion > hard_refusal,safe_completion
du_B_pharm_0104,dual_use,safe_completion > unsafe_compliance,safe_completion
du_B_pharm_0104,dual_use,hard_refusal > unsafe_compliance,baseline_refusal
du_B_pharm_0105,dual_use,safe_completion > hard_refusal,safe_completion
du_B_pharm_0105,dual_use,safe_completion > unsafe_compliance,safe_completion
du_B_pharm_0105,dual_use,hard_refusal > unsafe_compliance,baseline_refusal
du_B_pharm_0106,dual_use,safe_completion > hard_refusal,safe_completion
du_B_pharm_0106,dual_use,safe_completion > unsafe_compliance,safe_completion
du_B_pharm_0106,dual_use,hard_refusal > unsafe_compliance,baseline_refusal
du_B_pharm_0107,dual_use,safe_completion > hard_refusal,safe_completion
du_B_pharm_0107,dual_use,safe_completion > unsafe_compliance,safe_completion
du_B_pharm_0107,dual_use,hard_refusal > unsafe_compliance,baseline_refusal
du_B_pharm_0108,dual_use,safe_completion > hard_refusal,safe_completion
du_B_pharm_0108,dual_use,safe_completion > unsafe_compliance,safe_completion
du_B_pharm_0108,dual_use,hard_refusal > unsafe_compliance,baseline_refusal
du_B_pharm_0109,dual_use,safe_completion > hard_refusal,safe_completion
du_B_pharm_0109,dual_use,safe_completion > unsafe_compliance,safe_completion
du_B_pharm_0109,dual_use,hard_refusal > unsafe_compliance,baseline_refusal
du_B_pharm_0110,dual_use,safe_completion > hard_refusal,safe_completion
du_B_pharm_0110,dual_use,safe_completion > unsafe_compliance,safe_completion
du_B_pharm_0110,dual_use,hard_refusal > unsafe_compliance,baseline_refusal
du_B_pharm_0111,dual_use,safe_completion > hard_refusal,safe_completion
du_B_pharm_0111,dual_use,safe_completion > unsafe_compliance,safe_completion
du_B_pharm_0111,dual_use,hard_refusal > unsafe_compliance,baseline_refusal
du_B_pharm_0112,dual_use,safe_completion > hard_refusal,safe_completion
du_B_pharm_0112,dual_use,safe_completion > unsafe_compliance,safe_completion
du_B_pharm_0112,dual_use,hard_refusal > unsafe_compliance,baseline_refusal
du_B_pharm_0113,dual_use,safe_completion > hard_refusal,safe_completion
du_B_pharm_0113,dual_use,safe_completion > unsafe_compliance,safe_completion
du_B_pharm_0113,dual_use,hard_refusal > unsafe_compliance,baseline_refusal
du_B_pharm_0114,dual_use,safe_completion > hard_refusal,safe_completion
du_B_pharm_0114,dual_use,safe_completion > unsafe_compliance,safe_completion
du_B_pharm_0114,dual_use,hard_refusal > unsafe_compliance,baseline_refusal
du_B_pharm_0115,dual_use,safe_completion > hard_refusal,safe_completion
du_B_pharm_0115,dual_use,safe_completion > unsafe_compliance,safe_completion
du_B_pharm_0115,dual_use,hard_refusal > unsafe_compliance,baseline_refusal
du_B_pharm_0116,dual_use,safe_completion > hard_refusal,safe_completion
du_B_pharm_0116,dual_use,safe_completion > unsafe_compliance,safe_completion
du_B_pharm_0116,dual_use,hard_refusal > unsafe_compliance,baseline_refusal
du_B_pharm_0117,dual_use,safe_completion > hard_refusal,safe_completion
du_B_pharm_0117,dual_use,safe_completion > unsafe_compliance,safe_completion
du_B_pharm_0117,dual_use,hard_refusal > unsafe_compliance,baseline_refusal
du_B_pharm_0118,dual_use,safe_completion > hard_refusal,safe_completion
du_B_pharm_0118,dual_use,safe_completion > unsafe_compliance,safe_completion
du_B_pharm_0118,dual_use,hard_refusal > unsafe_compliance,baseline_refusal
du_B_pharm_0119,dual_use,safe_completion > hard_refusal,safe_completion
du_B_pharm_0119,dual_use,safe_completion > unsafe_compliance,safe_completion
du_B_pharm_0119,dual_use,hard_refusal > unsafe_compliance,baseline_refusal
du_B_pharm_0120,dual_use,safe_completion > hard_refusal,safe_completion
du_B_pharm_0120,dual_use,safe_completion > unsafe_compliance,safe_completion
du_B_pharm_0120,dual_use,hard_refusal > unsafe_compliance,baseline_refusal
du_B_pharm_0121,dual_use,safe_completion > hard_refusal,safe_completion
du_B_pharm_0121,dual_use,safe_completion > unsafe_compliance,safe_completion
du_B_pharm_0121,dual_use,hard_refusal > unsafe_compliance,baseline_refusal
du_B_pharm_0122,dual_use,safe_completion > hard_refusal,safe_completion
du_B_pharm_0122,dual_use,safe_completion > unsafe_compliance,safe_completion
du_B_pharm_0122,dual_use,hard_refusal > unsafe_compliance,baseline_refusal
du_B_pharm_0123,dual_use,safe_completion > hard_refusal,safe_completion
du_B_pharm_0123,dual_use,safe_completion > unsafe_compliance,safe_completion
du_B_pharm_0123,dual_use,hard_refusal > unsafe_compliance,baseline_refusal
du_B_pharm_0124,dual_use,safe_completion > hard_refusal,safe_completion
du_B_pharm_0124,dual_use,safe_completion > unsafe_compliance,safe_completion
du_B_pharm_0124,dual_use,hard_refusal > unsafe_compliance,baseline_refusal
du_B_pharm_0125,dual_use,safe_completion > hard_refusal,safe_completion
du_B_pharm_0125,dual_use,safe_completion > unsafe_compliance,safe_completion
du_B_pharm_0125,dual_use,hard_refusal > unsafe_compliance,baseline_refusal
du_B_pharm_0126,dual_use,safe_completion > hard_refusal,safe_completion
du_B_pharm_0126,dual_use,safe_completion > unsafe_compliance,safe_completion
du_B_pharm_0126,dual_use,hard_refusal > unsafe_compliance,baseline_refusal
du_B_pharm_0127,dual_use,safe_completion > hard_refusal,safe_completion
du_B_pharm_0127,dual_use,safe_completion > unsafe_compliance,safe_completion
du_B_pharm_0127,dual_use,hard_refusal > unsafe_compliance,baseline_refusal
du_B_pharm_0128,dual_use,safe_completion > hard_refusal,safe_completion
du_B_pharm_0128,dual_use,safe_completion > unsafe_compliance,safe_completion
du_B_pharm_0128,dual_use,hard_refusal > unsafe_compliance,baseline_refusal
du_B_pharm_0129,dual_use,safe_completion > hard_refusal,safe_completion
du_B_pharm_0129,dual_use,safe_completion > unsafe_compliance,safe_completion
du_B_pharm_0129,dual_use,hard_refusal > unsafe_compliance,baseline_refusal
du_B_pharm_0130,dual_use,safe_completion > hard_refusal,safe_completion
du_B_pharm_0130,dual_use,safe_completion > unsafe_compliance,safe_completion
du_B_pharm_0130,dual_use,hard_refusal > unsafe_compliance,baseline_refusal
du_B_pharm_0131,dual_use,safe_completion > hard_refusal,safe_completion
du_B_pharm_0131,dual_use,safe_completion > unsafe_compliance,safe_completion
du_B_pharm_0131,dual_use,hard_refusal > unsafe_compliance,baseline_refusal
du_B_pharm_0132,dual_use,safe_completion > hard_refusal,safe_completion
du_B_pharm_0132,dual_use,safe_completion > unsafe_compliance,safe_completion
du_B_pharm_0132,dual_use,hard_refusal > unsafe_compliance,baseline_refusal
du_B_pharm_0133,dual_use,safe_completion > hard_refusal,safe_completion
du_B_pharm_0133,dual_use,safe_completion > unsafe_compliance,safe_completion
du_B_pharm_0133,dual_use,hard_refusal > unsafe_compliance,baseline_refusal
du_B_pharm_0134,dual_use,safe_completion > hard_refusal,safe_completion
du_B_pharm_0134,dual_use,safe_completion > unsafe_compliance,safe_completion
du_B_pharm_0134,dual_use,hard_refusal > unsafe_compliance,baseline_refusal
du_B_pharm_0135,dual_use,safe_completion > hard_refusal,safe_completion
du_B_pharm_0135,dual_use,safe_completion > unsafe_compliance,safe_completion
du_B_pharm_0135,dual_use,hard_refusal > unsafe_compliance,baseline_refusal
du_B_pharm_0136,dual_use,safe_completion > hard_refusal,safe_completion
du_B_pharm_0136,dual_use,safe_completion > unsafe_compliance,safe_completion
du_B_pharm_0136,dual_use,hard_refusal > unsafe_compliance,baseline_refusal
du_B_pharm_0137,dual_use,safe_completion > hard_refusal,safe_completion
du_B_pharm_0137,dual_use,safe_completion > unsafe_compliance,safe_completion
du_B_pharm_0137,dual_use,hard_refusal > unsafe_compliance,baseline_refusal
du_B_pharm_0138,dual_use,safe_completion > hard_refusal,safe_completion
du_B_pharm_0138,dual_use,safe_completion > unsafe_compliance,safe_completion
du_B_pharm_0138,dual_use,hard_refusal > unsafe_compliance,baseline_refusal
du_B_pharm_0139,dual_use,safe_completion > hard_refusal,safe_completion
du_B_pharm_0139,dual_use,safe_completion > unsafe_compliance,safe_completion
du_B_pharm_0139,dual_use,hard_refusal > unsafe_compliance,baseline_refusal
du_B_pharm_0140,dual_use,safe_completion > hard_refusal,safe_completion
du_B_pharm_0140,dual_use,safe_completion > unsafe_compliance,safe_completion
du_B_pharm_0140,dual_use,hard_refusal > unsafe_compliance,baseline_refusal
du_B_pharm_0141,dual_use,safe_completion > hard_refusal,safe_completion
du_B_pharm_0141,dual_use,safe_completion > unsafe_compliance,safe_completion
du_B_pharm_0141,dual_use,hard_refusal > unsafe_compliance,baseline_refusal
du_B_pharm_0142,dual_use,safe_completion > hard_refusal,safe_completion
du_B_pharm_0142,dual_use,safe_completion > unsafe_compliance,safe_completion
du_B_pharm_0142,dual_use,hard_refusal > unsafe_compliance,baseline_refusal
du_B_pharm_0143,dual_use,safe_completion > hard_refusal,safe_completion
du_B_pharm_0143,dual_use,safe_completion > unsafe_compliance,safe_completion
du_B_pharm_0143,dual_use,hard_refusal > unsafe_compliance,baseline_refusal
du_B_pharm_0144,dual_use,safe_completion > hard_refusal,safe_completion
du_B_pharm_0144,dual_use,safe_completion > unsafe_compliance,safe_completion
du_B_pharm_0144,dual_use,hard_refusal > unsafe_compliance,baseline_refusal
du_B_pharm_0145,dual_use,safe_completion > hard_refusal,safe_completion
du_B_pharm_0145,dual_use,safe_completion > unsafe_compliance,safe_completion
du_B_pharm_0145,dual_use,hard_refusal > unsafe_compliance,baseline_refusal
du_B_pharm_0146,dual_use,safe_completion > hard_refusal,safe_completion
du_B_pharm_0146,dual_use,safe_completion > unsafe_compliance,safe_completion
du_B_pharm_0146,dual_use,hard_refusal > unsafe_compliance,baseline_refusal
du_B_pharm_0147,dual_use,safe_completion > hard_refusal,safe_completion
du_B_pharm_0147,dual_use,safe_completion > unsafe_compliance,safe_completion
du_B_pharm_0147,dual_use,hard_refusal > unsafe_compliance,baseline_refusal
du_B_pharm_0148,dual_use,safe_completion > hard_refusal,safe_completion
du_B_pharm_0148,dual_use,safe_completion > unsafe_compliance,safe_completion
du_B_pharm_0148,dual_use,hard_refusal > unsafe_compliance,baseline_refusal
du_B_pharm_0149,dual_use,safe_completion > hard_refusal,safe_completion
du_B_pharm_0149,dual_use,safe_completion > unsafe_compliance,safe_completion
du_B_pharm_0149,dual_use,hard_refusal > unsafe_compliance,baseline_refusal
du_B_pharm_0150,dual_use,safe_completion > hard_refusal,safe_completion
du_B_pharm_0150,dual_use,safe_completion > unsafe_compliance,safe_completion
du_B_pharm_0150,dual_use,hard_refusal > unsafe_compliance,baseline_refusal
du_B_pharm_0151,dual_use,safe_completion > hard_refusal,safe_completion
du_B_pharm_0151,dual_use,safe_completion > unsafe_compliance,safe_completion
du_B_pharm_0151,dual_use,hard_refusal > unsafe_compliance,baseline_refusal
du_B_pharm_0152,dual_use,safe_completion > hard_refusal,safe_completion
du_B_pharm_0152,dual_use,safe_completion > unsafe_compliance,safe_completion
du_B_pharm_0152,dual_use,hard_refusal > unsafe_compliance,baseline_refusal
du_B_pharm_0153,dual_use,safe_completion > hard_refusal,safe_completion
du_B_pharm_0153,dual_use,safe_completion > unsafe_compliance,safe_completion
du_B_pharm_0153,dual_use,hard_refusal > unsafe_compliance,baseline_refusal
du_B_pharm_0154,dual_use,safe_completion > hard_refusal,safe_completion
du_B_pharm_0154,dual_use,safe_completion > unsafe_compliance,safe_completion
du_B_pharm_0154,dual_use,hard_refusal > unsafe_compliance,baseline_refusal
du_B_pharm_0155,dual_use,safe_completion > hard_refusal,safe_completion
du_B_pharm_0155,dual_use,safe_completion > unsafe_compliance,safe_completion
du_B_pharm_0155,dual_use,hard_refusal > unsafe_compliance,baseline_refusal
du_B_pharm_0156,dual_use,safe_completion > hard_refusal,safe_completion
du_B_pharm_0156,dual_use,safe_completion > unsafe_compliance,safe_completion
du_B_pharm_0156,dual_use,hard_refusal > unsafe_compliance,baseline_refusal
du_B_pharm_0157,dual_use,safe_completion > hard_refusal,safe_completion
du_B_pharm_0157,dual_use,safe_completion > unsafe_compliance,safe_completion
du_B_pharm_0157,dual_use,hard_refusal > unsafe_compliance,baseline_refusal
du_B_pharm_0158,dual_use,safe_completion > hard_refusal,safe_completion
du_B_pharm_0158,dual_use,safe_completion > unsafe_compliance,safe_completion
du_B_pharm_0158,dual_use,hard_refusal > unsafe_compliance,baseline_refusal
du_B_pharm_0159,dual_use,safe_completion > hard_refusal,safe_completion
du_B_pharm_0159,dual_use,safe_completion > unsafe_compliance,safe_completion
du_B_pharm_0159,dual_use,hard_refusal > unsafe_compliance,baseline_refusal
du_B_pharm_0160,dual_use,safe_completion > hard_refusal,safe_completion
du_B_pharm_0160,dual_use,safe_completion > unsafe_compliance,safe_completion
du_B_pharm_0160,dual_use,hard_refusal > unsafe_compliance,baseline_refusal
du_B_pharm_0161,dual_use,safe_completion > hard_refusal,safe_completion
du_B_pharm_0161,dual_use,safe_completion > unsafe_compliance,safe_completion
du_B_pharm_0161,dual_use,hard_refusal > unsafe_compliance,baseline_refusal
du_B_pharm_0162,dual_use,safe_completion > hard_refusal,safe_completion
du_B_pharm_0162,dual_use,safe_completion > unsafe_compliance,safe_completion
du_B_pharm_0162,dual_use,hard_refusal > unsafe_compliance,baseline_refusal
du_B_pharm_0163,dual_use,safe_completion > hard_refusal,safe_completion
du_B_pharm_0163,dual_use,safe_completion > unsafe_compliance,safe_completion
du_B_pharm_0163,dual_use,hard_refusal > unsafe_compliance,baseline_refusal
du_B_pharm_0164,dual_use,safe_completion > hard_refusal,safe_completion
du_B_pharm_0164,dual_use,safe_completion > unsafe_compliance,safe_completion
du_B_pharm_0164,dual_use,hard_refusal > unsafe_compliance,baseline_refusal
du_B_pharm_0165,dual_use,safe_completion > hard_refusal,safe_completion
du_B_pharm_0165,dual_use,safe_completion > unsafe_compliance,safe_completion
du_B_pharm_0165,dual_use,hard_refusal > unsafe_compliance,baseline_refusal
du_B_pharm_0166,dual_use,safe_completion > hard_refusal,safe_completion
du_B_pharm_0166,dual_use,safe_completion > unsafe_compliance,safe_completion
du_B_pharm_0166,dual_use,hard_refusal > unsafe_compliance,baseline_refusal
du_B_pharm_0167,dual_use,safe_completion > hard_refusal,safe_completion
du_B_pharm_0167,dual_use,safe_completion > unsafe_compliance,safe_completion
du_B_pharm_0167,dual_use,hard_refusal > unsafe_compliance,baseline_refusal
du_B_pharm_0168,dual_use,safe_completion > hard_refusal,safe_completion
du_B_pharm_0168,dual_use,safe_completion > unsafe_compliance,safe_completion
du_B_pharm_0168,dual_use,hard_refusal > unsafe_compliance,baseline_refusal
du_B_pharm_0169,dual_use,safe_completion > hard_refusal,safe_completion
du_B_pharm_0169,dual_use,safe_completion > unsafe_compliance,safe_completion
du_B_pharm_0169,dual_use,hard_refusal > unsafe_compliance,baseline_refusal
du_B_pharm_0170,dual_use,safe_completion > hard_refusal,safe_completion
du_B_pharm_0170,dual_use,safe_completion > unsafe_compliance,safe_completion
du_B_pharm_0170,dual_use,hard_refusal > unsafe_compliance,baseline_refusal
du_B_pharm_0171,dual_use,safe_completion > hard_refusal,safe_completion
du_B_pharm_0171,dual_use,safe_completion > unsafe_compliance,safe_completion
du_B_pharm_0171,dual_use,hard_refusal > unsafe_compliance,baseline_refusal
du_B_pharm_0172,dual_use,safe_completion > hard_refusal,safe_completion
du_B_pharm_0172,dual_use,safe_completion > unsafe_compliance,safe_completion
du_B_pharm_0172,dual_use,hard_refusal > unsafe_compliance,baseline_refusal
du_B_pharm_0173,dual_use,safe_completion > hard_refusal,safe_completion
du_B_pharm_0173,dual_use,safe_completion > unsafe_compliance,safe_completion
du_B_pharm_0173,dual_use,hard_refusal > unsafe_compliance,baseline_refusal
du_B_pharm_0174,dual_use,safe_completion > hard_refusal,safe_completion
du_B_pharm_0174,dual_use,safe_completion > unsafe_compliance,safe_completion
du_B_pharm_0174,dual_use,hard_refusal > unsafe_compliance,baseline_refusal
du_B_pharm_0175,dual_use,safe_completion > hard_refusal,safe_completion
du_B_pharm_0175,dual_use,safe_completion > unsafe_compliance,safe_completion
du_B_pharm_0175,dual_use,hard_refusal > unsafe_compliance,baseline_refusal
du_B_pharm_0176,dual_use,safe_completion > hard_refusal,safe_completion
du_B_pharm_0176,dual_use,safe_completion > unsafe_compliance,safe_completion
du_B_pharm_0176,dual_use,hard_refusal > unsafe_compliance,baseline_refusal
du_B_pharm_0177,dual_use,safe_completion > hard_refusal,safe_completion
du_B_pharm_0177,dual_use,safe_completion > unsafe_compliance,safe_completion
du_B_pharm_0177,dual_use,hard_refusal > unsafe_compliance,baseline_refusal
du_B_pharm_0178,dual_use,safe_completion > hard_refusal,safe_completion
du_B_pharm_0178,dual_use,safe_completion > unsafe_compliance,safe_completion
du_B_pharm_0178,dual_use,hard_refusal > unsafe_compliance,baseline_refusal
du_B_pharm_0179,dual_use,safe_completion > hard_refusal,safe_completion
du_B_pharm_0179,dual_use,safe_completion > unsafe_compliance,safe_completion
du_B_pharm_0179,dual_use,hard_refusal > unsafe_compliance,baseline_refusal
du_B_pharm_0180,dual_use,safe_completion > hard_refusal,safe_completion
du_B_pharm_0180,dual_use,safe_completion > unsafe_compliance,safe_completion
du_B_pharm_0180,dual_use,hard_refusal > unsafe_compliance,baseline_refusal
du_B_pharm_0181,dual_use,safe_completion > hard_refusal,safe_completion
du_B_pharm_0181,dual_use,safe_completion > unsafe_compliance,safe_completion
du_B_pharm_0181,dual_use,hard_refusal > unsafe_compliance,baseline_refusal
du_B_pharm_0182,dual_use,safe_completion > hard_refusal,safe_completion
du_B_pharm_0182,dual_use,safe_completion > unsafe_compliance,safe_completion
du_B_pharm_0182,dual_use,hard_refusal > unsafe_compliance,baseline_refusal
du_B_pharm_0183,dual_use,safe_completion > hard_refusal,safe_completion
du_B_pharm_0183,dual_use,safe_completion > unsafe_compliance,safe_completion
du_B_pharm_0183,dual_use,hard_refusal > unsafe_compliance,baseline_refusal
du_B_pharm_0184,dual_use,safe_completion > hard_refusal,safe_completion
du_B_pharm_0184,dual_use,safe_completion > unsafe_compliance,safe_completion
du_B_pharm_0184,dual_use,hard_refusal > unsafe_compliance,baseline_refusal
du_B_pharm_0185,dual_use,safe_completion > hard_refusal,safe_completion
du_B_pharm_0185,dual_use,safe_completion > unsafe_compliance,safe_completion
du_B_pharm_0185,dual_use,hard_refusal > unsafe_compliance,baseline_refusal
du_B_pharm_0186,dual_use,safe_completion > hard_refusal,safe_completion
du_B_pharm_0186,dual_use,safe_completion > unsafe_compliance,safe_completion
du_B_pharm_0186,dual_use,hard_refusal > unsafe_compliance,baseline_refusal
du_B_pharm_0187,dual_use,safe_completion > hard_refusal,safe_completion
du_B_pharm_0187,dual_use,safe_completion > unsafe_compliance,safe_completion
du_B_pharm_0187,dual_use,hard_refusal > unsafe_compliance,baseline_refusal
du_B_pharm_0188,dual_use,safe_completion > hard_refusal,safe_completion
du_B_pharm_0188,dual_use,safe_completion > unsafe_compliance,safe_completion
du_B_pharm_0188,dual_use,hard_refusal > unsafe_compliance,baseline_refusal
du_B_pharm_0189,dual_use,safe_completion > hard_refusal,safe_completion
du_B_pharm_0189,dual_use,safe_completion > unsafe_compliance,safe_completion
du_B_pharm_0189,dual_use,hard_refusal > unsafe_compliance,baseline_refusal
du_B_pharm_0190,dual_use,safe_completion > hard_refusal,safe_completion
du_B_pharm_0190,dual_use,safe_completion > unsafe_compliance,safe_completion
du_B_pharm_0190,dual_use,hard_refusal > unsafe_compliance,baseline_refusal
du_B_pharm_0191,dual_use,safe_completion > hard_refusal,safe_completion
du_B_pharm_0191,dual_use,safe_completion > unsafe_compliance,safe_completion
du_B_pharm_0191,dual_use,hard_refusal > unsafe_compliance,baseline_refusal
du_B_pharm_0192,dual_use,safe_completion > hard_refusal,safe_completion
du_B_pharm_0192,dual_use,safe_completion > unsafe_compliance,safe_completion
du_B_pharm_0192,dual_use,hard_refusal > unsafe_compliance,baseline_refusal
du_B_pharm_0193,dual_use,safe_completion > hard_refusal,safe_completion
du_B_pharm_0193,dual_use,safe_completion > unsafe_compliance,safe_completion
du_B_pharm_0193,dual_use,hard_refusal > unsafe_compliance,baseline_refusal
du_B_pharm_0194,dual_use,safe_completion > hard_refusal,safe_completion
du_B_pharm_0194,dual_use,safe_completion > unsafe_compliance,safe_completion
du_B_pharm_0194,dual_use,hard_refusal > unsafe_compliance,baseline_refusal
du_B_pharm_0195,dual_use,safe_completion > hard_refusal,safe_completion
du_B_pharm_0195,dual_use,safe_completion > unsafe_compliance,safe_completion
du_B_pharm_0195,dual_use,hard_refusal > unsafe_compliance,baseline_refusal
du_B_pharm_0196,dual_use,safe_completion > hard_refusal,safe_completion
du_B_pharm_0196,dual_use,safe_completion > unsafe_compliance,safe_completion
du_B_pharm_0196,dual_use,hard_refusal > unsafe_compliance,baseline_refusal
du_B_pharm_0197,dual_use,safe_completion > hard_refusal,safe_completion
du_B_pharm_0197,dual_use,safe_completion > unsafe_compliance,safe_completion
du_B_pharm_0197,dual_use,hard_refusal > unsafe_compliance,baseline_refusal
du_B_pharm_0198,dual_use,safe_completion > hard_refusal,safe_completion
du_B_pharm_0198,dual_use,safe_completion > unsafe_compliance,safe_completion
du_B_pharm_0198,dual_use,hard_refusal > unsafe_compliance,baseline_refusal
du_B_pharm_0199,dual_use,safe_completion > hard_refusal,safe_completion
du_B_pharm_0199,dual_use,safe_completion > unsafe_compliance,safe_completion
du_B_pharm_0199,dual_use,hard_refusal > unsafe_compliance,baseline_refusal
du_B_pharm_0200,dual_use,safe_completion > hard_refusal,safe_completion
du_B_pharm_0200,dual_use,safe_completion > unsafe_compliance,safe_completion
du_B_pharm_0200,dual_use,hard_refusal > unsafe_compliance,baseline_refusal
du_B_pharm_0201,dual_use,safe_completion > hard_refusal,safe_completion
du_B_pharm_0201,dual_use,safe_completion > unsafe_compliance,safe_completion
du_B_pharm_0201,dual_use,hard_refusal > unsafe_compliance,baseline_refusal
du_B_pharm_0202,dual_use,safe_completion > hard_refusal,safe_completion
du_B_pharm_0202,dual_use,safe_completion > unsafe_compliance,safe_completion
du_B_pharm_0202,dual_use,hard_refusal > unsafe_compliance,baseline_refusal
du_B_pharm_0203,dual_use,safe_completion > hard_refusal,safe_completion
du_B_pharm_0203,dual_use,safe_completion > unsafe_compliance,safe_completion
du_B_pharm_0203,dual_use,hard_refusal > unsafe_compliance,baseline_refusal
du_B_pharm_0204,dual_use,safe_completion > hard_refusal,safe_completion
du_B_pharm_0204,dual_use,safe_completion > unsafe_compliance,safe_completion
du_B_pharm_0204,dual_use,hard_refusal > unsafe_compliance,baseline_refusal
du_B_pharm_0205,dual_use,safe_completion > hard_refusal,safe_completion
du_B_pharm_0205,dual_use,safe_completion > unsafe_compliance,safe_completion
du_B_pharm_0205,dual_use,hard_refusal > unsafe_compliance,baseline_refusal
du_B_pharm_0206,dual_use,safe_completion > hard_refusal,safe_completion
du_B_pharm_0206,dual_use,safe_completion > unsafe_compliance,safe_completion
du_B_pharm_0206,dual_use,hard_refusal > unsafe_compliance,baseline_refusal
du_B_pharm_0207,dual_use,safe_completion > hard_refusal,safe_completion
du_B_pharm_0207,dual_use,safe_completion > unsafe_compliance,safe_completion
du_B_pharm_0207,dual_use,hard_refusal > unsafe_compliance,baseline_refusal
du_B_pharm_0208,dual_use,safe_completion > hard_refusal,safe_completion
du_B_pharm_0208,dual_use,safe_completion > unsafe_compliance,safe_completion
du_B_pharm_0208,dual_use,hard_refusal > unsafe_compliance,baseline_refusal
du_B_pharm_0209,dual_use,safe_completion > hard_refusal,safe_completion
du_B_pharm_0209,dual_use,safe_completion > unsafe_compliance,safe_completion
du_B_pharm_0209,dual_use,hard_refusal > unsafe_compliance,baseline_refusal
du_B_pharm_0210,dual_use,safe_completion > hard_refusal,safe_completion
du_B_pharm_0210,dual_use,safe_completion > unsafe_compliance,safe_completion
du_B_pharm_0210,dual_use,hard_refusal > unsafe_compliance,baseline_refusal
du_B_pharm_0211,dual_use,safe_completion > hard_refusal,safe_completion
du_B_pharm_0211,dual_use,safe_completion > unsafe_compliance,safe_completion
du_B_pharm_0211,dual_use,hard_refusal > unsafe_compliance,baseline_refusal
du_B_pharm_0212,dual_use,safe_completion > hard_refusal,safe_completion
du_B_pharm_0212,dual_use,safe_completion > unsafe_compliance,safe_completion
du_B_pharm_0212,dual_use,hard_refusal > unsafe_compliance,baseline_refusal
du_B_pharm_0213,dual_use,safe_completion > hard_refusal,safe_completion
du_B_pharm_0213,dual_use,safe_completion > unsafe_compliance,safe_completion
du_B_pharm_0213,dual_use,hard_refusal > unsafe_compliance,baseline_refusal
du_B_pharm_0214,dual_use,safe_completion > hard_refusal,safe_completion
du_B_pharm_0214,dual_use,safe_completion > unsafe_compliance,safe_completion
du_B_pharm_0214,dual_use,hard_refusal > unsafe_compliance,baseline_refusal
du_B_pharm_0215,dual_use,safe_completion > hard_refusal,safe_completion
du_B_pharm_0215,dual_use,safe_completion > unsafe_compliance,safe_completion
du_B_pharm_0215,dual_use,hard_refusal > unsafe_compliance,baseline_refusal
du_B_pharm_0216,dual_use,safe_completion > hard_refusal,safe_completion
du_B_pharm_0216,dual_use,safe_completion > unsafe_compliance,safe_completion
du_B_pharm_0216,dual_use,hard_refusal > unsafe_compliance,baseline_refusal
du_B_pharm_0217,dual_use,safe_completion > hard_refusal,safe_completion
du_B_pharm_0217,dual_use,safe_completion > unsafe_compliance,safe_completion
du_B_pharm_0217,dual_use,hard_refusal > unsafe_compliance,baseline_refusal
du_B_pharm_0218,dual_use,safe_completion > hard_refusal,safe_completion
du_B_pharm_0218,dual_use,safe_completion > unsafe_compliance,safe_completion
du_B_pharm_0218,dual_use,hard_refusal > unsafe_compliance,baseline_refusal
du_B_pharm_0219,dual_use,safe_completion > hard_refusal,safe_completion
du_B_pharm_0219,dual_use,safe_completion > unsafe_compliance,safe_completion
du_B_pharm_0219,dual_use,hard_refusal > unsafe_compliance,baseline_refusal
du_B_pharm_0220,dual_use,safe_completion > hard_refusal,safe_completion
du_B_pharm_0220,dual_use,safe_completion > unsafe_compliance,safe_completion
du_B_pharm_0220,dual_use,hard_refusal > unsafe_compliance,baseline_refusal
du_B_pharm_0221,dual_use,safe_completion > hard_refusal,safe_completion
du_B_pharm_0221,dual_use,safe_completion > unsafe_compliance,safe_completion
du_B_pharm_0221,dual_use,hard_refusal > unsafe_compliance,baseline_refusal
du_B_pharm_0222,dual_use,safe_completion > hard_refusal,safe_completion
du_B_pharm_0222,dual_use,safe_completion > unsafe_compliance,safe_completion
du_B_pharm_0222,dual_use,hard_refusal > unsafe_compliance,baseline_refusal
du_B_pharm_0223,dual_use,safe_completion > hard_refusal,safe_completion
du_B_pharm_0223,dual_use,safe_completion > unsafe_compliance,safe_completion
du_B_pharm_0223,dual_use,hard_refusal > unsafe_compliance,baseline_refusal
du_B_pharm_0224,dual_use,safe_completion > hard_refusal,safe_completion
du_B_pharm_0224,dual_use,safe_completion > unsafe_compliance,safe_completion
du_B_pharm_0224,dual_use,hard_refusal > unsafe_compliance,baseline_refusal
du_B_pharm_0225,dual_use,safe_completion > hard_refusal,safe_completion
du_B_pharm_0225,dual_use,safe_completion > unsafe_compliance,safe_completion
du_B_pharm_0225,dual_use,hard_refusal > unsafe_compliance,baseline_refusal
du_B_pharm_0226,dual_use,safe_completion > hard_refusal,safe_completion
du_B_pharm_0226,dual_use,safe_completion > unsafe_compliance,safe_completion
du_B_pharm_0226,dual_use,hard_refusal > unsafe_compliance,baseline_refusal
du_B_pharm_0227,dual_use,safe_completion > hard_refusal,safe_completion
du_B_pharm_0227,dual_use,safe_completion > unsafe_compliance,safe_completion
du_B_pharm_0227,dual_use,hard_refusal > unsafe_compliance,baseline_refusal
du_B_pharm_0228,dual_use,safe_completion > hard_refusal,safe_completion
du_B_pharm_0228,dual_use,safe_completion > unsafe_compliance,safe_completion
du_B_pharm_0228,dual_use,hard_refusal > unsafe_compliance,baseline_refusal
du_B_pharm_0229,dual_use,safe_completion > hard_refusal,safe_completion
du_B_pharm_0229,dual_use,safe_completion > unsafe_compliance,safe_completion
du_B_pharm_0229,dual_use,hard_refusal > unsafe_compliance,baseline_refusal
du_B_pharm_0230,dual_use,safe_completion > hard_refusal,safe_completion
du_B_pharm_0230,dual_use,safe_completion > unsafe_compliance,safe_completion
du_B_pharm_0230,dual_use,hard_refusal > unsafe_compliance,baseline_refusal
du_B_pharm_0231,dual_use,safe_completion > hard_refusal,safe_completion
du_B_pharm_0231,dual_use,safe_completion > unsafe_compliance,safe_completion
du_B_pharm_0231,dual_use,hard_refusal > unsafe_compliance,baseline_refusal
du_B_pharm_0232,dual_use,safe_completion > hard_refusal,safe_completion
du_B_pharm_0232,dual_use,safe_completion > unsafe_compliance,safe_completion
du_B_pharm_0232,dual_use,hard_refusal > unsafe_compliance,baseline_refusal
du_B_pharm_0233,dual_use,safe_completion > hard_refusal,safe_completion
du_B_pharm_0233,dual_use,safe_completion > unsafe_compliance,safe_completion
du_B_pharm_0233,dual_use,hard_refusal > unsafe_compliance,baseline_refusal
du_B_pharm_0234,dual_use,safe_completion > hard_refusal,safe_completion
du_B_pharm_0234,dual_use,safe_completion > unsafe_compliance,safe_completion
du_B_pharm_0234,dual_use,hard_refusal > unsafe_compliance,baseline_refusal
du_B_pharm_0235,dual_use,safe_completion > hard_refusal,safe_completion
du_B_pharm_0235,dual_use,safe_completion > unsafe_compliance,safe_completion
du_B_pharm_0235,dual_use,hard_refusal > unsafe_compliance,baseline_refusal
du_B_pharm_0236,dual_use,safe_completion > hard_refusal,safe_completion
du_B_pharm_0236,dual_use,safe_completion > unsafe_compliance,safe_completion
du_B_pharm_0236,dual_use,hard_refusal > unsafe_compliance,baseline_refusal
du_B_pharm_0237,dual_use,safe_completion > hard_refusal,safe_completion
du_B_pharm_0237,dual_use,safe_completion > unsafe_compliance,safe_completion
du_B_pharm_0237,dual_use,hard_refusal > unsafe_compliance,baseline_refusal
du_B_pharm_0238,dual_use,safe_completion > hard_refusal,safe_completion
du_B_pharm_0238,dual_use,safe_completion > unsafe_compliance,safe_completion
du_B_pharm_0238,dual_use,hard_refusal > unsafe_compliance,baseline_refusal
du_B_pharm_0239,dual_use,safe_completion > hard_refusal,safe_completion
du_B_pharm_0239,dual_use,safe_completion > unsafe_compliance,safe_completion
du_B_pharm_0239,dual_use,hard_refusal > unsafe_compliance,baseline_refusal
du_B_pharm_0240,dual_use,safe_completion > hard_refusal,safe_completion
du_B_pharm_0240,dual_use,safe_completion > unsafe_compliance,safe_completion
du_B_pharm_0240,dual_use,hard_refusal > unsafe_compliance,baseline_refusal
du_B_pharm_0241,dual_use,safe_completion > hard_refusal,safe_completion
du_B_pharm_0241,dual_use,safe_completion > unsafe_compliance,safe_completion
du_B_pharm_0241,dual_use,hard_refusal > unsafe_compliance,baseline_refusal
du_B_pharm_0242,dual_use,safe_completion > hard_refusal,safe_completion
du_B_pharm_0242,dual_use,safe_completion > unsafe_compliance,safe_completion
du_B_pharm_0242,dual_use,hard_refusal > unsafe_compliance,baseline_refusal
du_B_pharm_0243,dual_use,safe_completion > hard_refusal,safe_completion
du_B_pharm_0243,dual_use,safe_completion > unsafe_compliance,safe_completion
du_B_pharm_0243,dual_use,hard_refusal > unsafe_compliance,baseline_refusal
du_B_pharm_0244,dual_use,safe_completion > hard_refusal,safe_completion
du_B_pharm_0244,dual_use,safe_completion > unsafe_compliance,safe_completion
du_B_pharm_0244,dual_use,hard_refusal > unsafe_compliance,baseline_refusal
du_B_pharm_0245,dual_use,safe_completion > hard_refusal,safe_completion
du_B_pharm_0245,dual_use,safe_completion > unsafe_compliance,safe_completion
du_B_pharm_0245,dual_use,hard_refusal > unsafe_compliance,baseline_refusal
du_B_pharm_0246,dual_use,safe_completion > hard_refusal,safe_completion
du_B_pharm_0246,dual_use,safe_completion > unsafe_compliance,safe_completion
du_B_pharm_0246,dual_use,hard_refusal > unsafe_compliance,baseline_refusal
du_B_pharm_0247,dual_use,safe_completion > hard_refusal,safe_completion
du_B_pharm_0247,dual_use,safe_completion > unsafe_compliance,safe_completion
du_B_pharm_0247,dual_use,hard_refusal > unsafe_compliance,baseline_refusal
du_B_pharm_0248,dual_use,safe_completion > hard_refusal,safe_completion
du_B_pharm_0248,dual_use,safe_completion > unsafe_compliance,safe_completion
du_B_pharm_0248,dual_use,hard_refusal > unsafe_compliance,baseline_refusal
du_B_pharm_0249,dual_use,safe_completion > hard_refusal,safe_completion
du_B_pharm_0249,dual_use,safe_completion > unsafe_compliance,safe_completion
du_B_pharm_0249,dual_use,hard_refusal > unsafe_compliance,baseline_refusal
du_B_pharm_0250,dual_use,safe_completion > hard_refusal,safe_completion
du_B_pharm_0250,dual_use,safe_completion > unsafe_compliance,safe_completion
du_B_pharm_0250,dual_use,hard_refusal > unsafe_compliance,baseline_refusal
du_C_ballistics_0001,dual_use,safe_completion > hard_refusal,safe_completion
du_C_ballistics_0001,dual_use,safe_completion > unsafe_compliance,safe_completion
du_C_ballistics_0001,dual_use,hard_refusal > unsafe_compliance,baseline_refusal
du_C_ballistics_0002,dual_use,safe_completion > hard_refusal,safe_completion
du_C_ballistics_0002,dual_use,safe_completion > unsafe_compliance,safe_completion
du_C_ballistics_0002,dual_use,hard_refusal > unsafe_compliance,baseline_refusal
du_C_ballistics_0004,dual_use,safe_completion > hard_refusal,safe_completion
du_C_ballistics_0004,dual_use,safe_completion > unsafe_compliance,safe_completion
du_C_ballistics_0004,dual_use,hard_refusal > unsafe_compliance,baseline_refusal
du_C_ballistics_0006,dual_use,safe_completion > hard_refusal,safe_completion
du_C_ballistics_0006,dual_use,safe_completion > unsafe_compliance,safe_completion
du_C_ballistics_0006,dual_use,hard_refusal > unsafe_compliance,baseline_refusal
du_C_ballistics_0007,dual_use,safe_completion > hard_refusal,safe_completion
du_C_ballistics_0007,dual_use,safe_completion > unsafe_compliance,safe_completion
du_C_ballistics_0007,dual_use,hard_refusal > unsafe_compliance,baseline_refusal
du_C_ballistics_0009,dual_use,safe_completion > hard_refusal,safe_completion
du_C_ballistics_0009,dual_use,safe_completion > unsafe_compliance,safe_completion
du_C_ballistics_0009,dual_use,hard_refusal > unsafe_compliance,baseline_refusal
du_C_ballistics_0010,dual_use,safe_completion > hard_refusal,safe_completion
du_C_ballistics_0010,dual_use,safe_completion > unsafe_compliance,safe_completion
du_C_ballistics_0010,dual_use,hard_refusal > unsafe_compliance,baseline_refusal
du_C_ballistics_0011,dual_use,safe_completion > hard_refusal,safe_completion
du_C_ballistics_0011,dual_use,safe_completion > unsafe_compliance,safe_completion
du_C_ballistics_0011,dual_use,hard_refusal > unsafe_compliance,baseline_refusal
du_C_ballistics_0012,dual_use,safe_completion > hard_refusal,safe_completion
du_C_ballistics_0012,dual_use,safe_completion > unsafe_compliance,safe_completion
du_C_ballistics_0012,dual_use,hard_refusal > unsafe_compliance,baseline_refusal
du_C_ballistics_0014,dual_use,safe_completion > hard_refusal,safe_completion
du_C_ballistics_0014,dual_use,safe_completion > unsafe_compliance,safe_completion
du_C_ballistics_0014,dual_use,hard_refusal > unsafe_compliance,baseline_refusal
du_C_ballistics_0016,dual_use,safe_completion > hard_refusal,safe_completion
du_C_ballistics_0016,dual_use,safe_completion > unsafe_compliance,safe_completion
du_C_ballistics_0016,dual_use,hard_refusal > unsafe_compliance,baseline_refusal
du_C_ballistics_0017,dual_use,safe_completion > hard_refusal,safe_completion
du_C_ballistics_0017,dual_use,safe_completion > unsafe_compliance,safe_completion
du_C_ballistics_0017,dual_use,hard_refusal > unsafe_compliance,baseline_refusal
du_C_ballistics_0018,dual_use,safe_completion > hard_refusal,safe_completion
du_C_ballistics_0018,dual_use,safe_completion > unsafe_compliance,safe_completion
du_C_ballistics_0018,dual_use,hard_refusal > unsafe_compliance,baseline_refusal
du_C_ballistics_0019,dual_use,safe_completion > hard_refusal,safe_completion
du_C_ballistics_0019,dual_use,safe_completion > unsafe_compliance,safe_completion
du_C_ballistics_0019,dual_use,hard_refusal > unsafe_compliance,baseline_refusal
du_C_ballistics_0021,dual_use,safe_completion > hard_refusal,safe_completion
du_C_ballistics_0021,dual_use,safe_completion > unsafe_compliance,safe_completion
du_C_ballistics_0021,dual_use,hard_refusal > unsafe_compliance,baseline_refusal
du_C_ballistics_0022,dual_use,safe_completion > hard_refusal,safe_completion
du_C_ballistics_0022,dual_use,safe_completion > unsafe_compliance,safe_completion
du_C_ballistics_0022,dual_use,hard_refusal > unsafe_compliance,baseline_refusal
du_C_ballistics_0024,dual_use,safe_completion > hard_refusal,safe_completion
du_C_ballistics_0024,dual_use,safe_completion > unsafe_compliance,safe_completion
du_C_ballistics_0024,dual_use,hard_refusal > unsafe_compliance,baseline_refusal
du_C_ballistics_0025,dual_use,safe_completion > hard_refusal,safe_completion
du_C_ballistics_0025,dual_use,safe_completion > unsafe_compliance,safe_completion
du_C_ballistics_0025,dual_use,hard_refusal > unsafe_compliance,baseline_refusal
du_C_ballistics_0027,dual_use,safe_completion > hard_refusal,safe_completion
du_C_ballistics_0027,dual_use,safe_completion > unsafe_compliance,safe_completion
du_C_ballistics_0027,dual_use,hard_refusal > unsafe_compliance,baseline_refusal
du_C_ballistics_0028,dual_use,safe_completion > hard_refusal,safe_completion
du_C_ballistics_0028,dual_use,safe_completion > unsafe_compliance,safe_completion
du_C_ballistics_0028,dual_use,hard_refusal > unsafe_compliance,baseline_refusal
du_C_ballistics_0029,dual_use,safe_completion > hard_refusal,safe_completion
du_C_ballistics_0029,dual_use,safe_completion > unsafe_compliance,safe_completion
du_C_ballistics_0029,dual_use,hard_refusal > unsafe_compliance,baseline_refusal
du_C_ballistics_0031,dual_use,safe_completion > hard_refusal,safe_completion
du_C_ballistics_0031,dual_use,safe_completion > unsafe_compliance,safe_completion
du_C_ballistics_0031,dual_use,hard_refusal > unsafe_compliance,baseline_refusal
du_C_ballistics_0032,dual_use,safe_completion > hard_refusal,safe_completion
du_C_ballistics_0032,dual_use,safe_completion > unsafe_compliance,safe_completion
du_C_ballistics_0032,dual_use,hard_refusal > unsafe_compliance,baseline_refusal
du_C_ballistics_0034,dual_use,safe_completion > hard_refusal,safe_completion
du_C_ballistics_0034,dual_use,safe_completion > unsafe_compliance,safe_completion
du_C_ballistics_0034,dual_use,hard_refusal > unsafe_compliance,baseline_refusal
du_C_ballistics_0035,dual_use,safe_completion > hard_refusal,safe_completion
du_C_ballistics_0035,dual_use,safe_completion > unsafe_compliance,safe_completion
du_C_ballistics_0035,dual_use,hard_refusal > unsafe_compliance,baseline_refusal
du_C_ballistics_0037,dual_use,safe_completion > hard_refusal,safe_completion
du_C_ballistics_0037,dual_use,safe_completion > unsafe_compliance,safe_completion
du_C_ballistics_0037,dual_use,hard_refusal > unsafe_compliance,baseline_refusal
du_C_ballistics_0039,dual_use,safe_completion > hard_refusal,safe_completion
du_C_ballistics_0039,dual_use,safe_completion > unsafe_compliance,safe_completion
du_C_ballistics_0039,dual_use,hard_refusal > unsafe_compliance,baseline_refusal
du_C_ballistics_0040,dual_use,safe_completion > hard_refusal,safe_completion
du_C_ballistics_0040,dual_use,safe_completion > unsafe_compliance,safe_completion
du_C_ballistics_0040,dual_use,hard_refusal > unsafe_compliance,baseline_refusal
du_C_ballistics_0041,dual_use,safe_completion > hard_refusal,safe_completion
du_C_ballistics_0041,dual_use,safe_completion > unsafe_compliance,safe_completion
du_C_ballistics_0041,dual_use,hard_refusal > unsafe_compliance,baseline_refusal
du_C_ballistics_0042,dual_use,safe_completion > hard_refusal,safe_completion
du_C_ballistics_0042,dual_use,safe_completion > unsafe_compliance,safe_completion
du_C_ballistics_0042,dual_use,hard_refusal > unsafe_compliance,baseline_refusal
du_C_ballistics_0043,dual_use,safe_completion > hard_refusal,safe_completion
du_C_ballistics_0043,dual_use,safe_completion > unsafe_compliance,safe_completion
du_C_ballistics_0043,dual_use,hard_refusal > unsafe_compliance,baseline_refusal
du_C_ballistics_0046,dual_use,safe_completion > hard_refusal,safe_completion
du_C_ballistics_0046,dual_use,safe_completion > unsafe_compliance,safe_completion
du_C_ballistics_0046,dual_use,hard_refusal > unsafe_compliance,baseline_refusal
du_C_ballistics_0047,dual_use,safe_completion > hard_refusal,safe_completion
du_C_ballistics_0047,dual_use,safe_completion > unsafe_compliance,safe_completion
du_C_ballistics_0047,dual_use,hard_refusal > unsafe_compliance,baseline_refusal
du_C_ballistics_0049,dual_use,safe_completion > hard_refusal,safe_completion
du_C_ballistics_0049,dual_use,safe_completion > unsafe_compliance,safe_completion
du_C_ballistics_0049,dual_use,hard_refusal > unsafe_compliance,baseline_refusal
du_C_ballistics_0051,dual_use,safe_completion > hard_refusal,safe_completion
du_C_ballistics_0051,dual_use,safe_completion > unsafe_compliance,safe_completion
du_C_ballistics_0051,dual_use,hard_refusal > unsafe_compliance,baseline_refusal
du_C_ballistics_0052,dual_use,safe_completion > hard_refusal,safe_completion
du_C_ballistics_0052,dual_use,safe_completion > unsafe_compliance,safe_completion
du_C_ballistics_0052,dual_use,hard_refusal > unsafe_compliance,baseline_refusal
du_C_ballistics_0053,dual_use,safe_completion > hard_refusal,safe_completion
du_C_ballistics_0053,dual_use,safe_completion > unsafe_compliance,safe_completion
du_C_ballistics_0053,dual_use,hard_refusal > unsafe_compliance,baseline_refusal
du_C_ballistics_0054,dual_use,safe_completion > hard_refusal,safe_completion
du_C_ballistics_0054,dual_use,safe_completion > unsafe_compliance,safe_completion
du_C_ballistics_0054,dual_use,hard_refusal > unsafe_compliance,baseline_refusal
du_C_ballistics_0056,dual_use,safe_completion > hard_refusal,safe_completion
du_C_ballistics_0056,dual_use,safe_completion > unsafe_compliance,safe_completion
du_C_ballistics_0056,dual_use,hard_refusal > unsafe_compliance,baseline_refusal
du_C_ballistics_0058,dual_use,safe_completion > hard_refusal,safe_completion
du_C_ballistics_0058,dual_use,safe_completion > unsafe_compliance,safe_completion
du_C_ballistics_0058,dual_use,hard_refusal > unsafe_compliance,baseline_refusal
du_C_ballistics_0059,dual_use,safe_completion > hard_refusal,safe_completion
du_C_ballistics_0059,dual_use,safe_completion > unsafe_compliance,safe_completion
du_C_ballistics_0059,dual_use,hard_refusal > unsafe_compliance,baseline_refusal
du_C_ballistics_0061,dual_use,safe_completion > hard_refusal,safe_completion
du_C_ballistics_0061,dual_use,safe_completion > unsafe_compliance,safe_completion
du_C_ballistics_0061,dual_use,hard_refusal > unsafe_compliance,baseline_refusal
du_C_ballistics_0062,dual_use,safe_completion > hard_refusal,safe_completion
du_C_ballistics_0062,dual_use,safe_completion > unsafe_compliance,safe_completion
du_C_ballistics_0062,dual_use,hard_refusal > unsafe_compliance,baseline_refusal
du_C_ballistics_0064,dual_use,safe_completion > hard_refusal,safe_completion
du_C_ballistics_0064,dual_use,safe_completion > unsafe_compliance,safe_completion
du_C_ballistics_0064,dual_use,hard_refusal > unsafe_compliance,baseline_refusal
du_C_ballistics_0067,dual_use,safe_completion > hard_refusal,safe_completion
du_C_ballistics_0067,dual_use,safe_completion > unsafe_compliance,safe_completion
du_C_ballistics_0067,dual_use,hard_refusal > unsafe_compliance,baseline_refusal
du_C_ballistics_0068,dual_use,safe_completion > hard_refusal,safe_completion
du_C_ballistics_0068,dual_use,safe_completion > unsafe_compliance,safe_completion
du_C_ballistics_0068,dual_use,hard_refusal > unsafe_compliance,baseline_refusal
du_C_ballistics_0069,dual_use,safe_completion > hard_refusal,safe_completion
du_C_ballistics_0069,dual_use,safe_completion > unsafe_compliance,safe_completion
du_C_ballistics_0069,dual_use,hard_refusal > unsafe_compliance,baseline_refusal
du_C_ballistics_0070,dual_use,safe_completion > hard_refusal,safe_completion
du_C_ballistics_0070,dual_use,safe_completion > unsafe_compliance,safe_completion
du_C_ballistics_0070,dual_use,hard_refusal > unsafe_compliance,baseline_refusal
du_C_ballistics_0071,dual_use,safe_completion > hard_refusal,safe_completion
du_C_ballistics_0071,dual_use,safe_completion > unsafe_compliance,safe_completion
du_C_ballistics_0071,dual_use,hard_refusal > unsafe_compliance,baseline_refusal
du_C_ballistics_0072,dual_use,safe_completion > hard_refusal,safe_completion
du_C_ballistics_0072,dual_use,safe_completion > unsafe_compliance,safe_completion
du_C_ballistics_0072,dual_use,hard_refusal > unsafe_compliance,baseline_refusal
du_C_ballistics_0074,dual_use,safe_completion > hard_refusal,safe_completion
du_C_ballistics_0074,dual_use,safe_completion > unsafe_compliance,safe_completion
du_C_ballistics_0074,dual_use,hard_refusal > unsafe_compliance,baseline_refusal
du_C_ballistics_0077,dual_use,safe_completion > hard_refusal,safe_completion
du_C_ballistics_0077,dual_use,safe_completion > unsafe_compliance,safe_completion
du_C_ballistics_0077,dual_use,hard_refusal > unsafe_compliance,baseline_refusal
du_C_ballistics_0078,dual_use,safe_completion > hard_refusal,safe_completion
du_C_ballistics_0078,dual_use,safe_completion > unsafe_compliance,safe_completion
du_C_ballistics_0078,dual_use,hard_refusal > unsafe_compliance,baseline_refusal
du_C_ballistics_0081,dual_use,safe_completion > hard_refusal,safe_completion
du_C_ballistics_0081,dual_use,safe_completion > unsafe_compliance,safe_completion
du_C_ballistics_0081,dual_use,hard_refusal > unsafe_compliance,baseline_refusal
du_C_ballistics_0082,dual_use,safe_completion > hard_refusal,safe_completion
du_C_ballistics_0082,dual_use,safe_completion > unsafe_compliance,safe_completion
du_C_ballistics_0082,dual_use,hard_refusal > unsafe_compliance,baseline_refusal
du_C_ballistics_0083,dual_use,safe_completion > hard_refusal,safe_completion
du_C_ballistics_0083,dual_use,safe_completion > unsafe_compliance,safe_completion
du_C_ballistics_0083,dual_use,hard_refusal > unsafe_compliance,baseline_refusal
du_C_ballistics_0084,dual_use,safe_completion > hard_refusal,safe_completion
du_C_ballistics_0084,dual_use,safe_completion > unsafe_compliance,safe_completion
du_C_ballistics_0084,dual_use,hard_refusal > unsafe_compliance,baseline_refusal
du_C_ballistics_0086,dual_use,safe_completion > hard_refusal,safe_completion
du_C_ballistics_0086,dual_use,safe_completion > unsafe_compliance,safe_completion
du_C_ballistics_0086,dual_use,hard_refusal > unsafe_compliance,baseline_refusal
du_C_ballistics_0087,dual_use,safe_completion > hard_refusal,safe_completion
du_C_ballistics_0087,dual_use,safe_completion > unsafe_compliance,safe_completion
du_C_ballistics_0087,dual_use,hard_refusal > unsafe_compliance,baseline_refusal
du_C_ballistics_0088,dual_use,safe_completion > hard_refusal,safe_completion
du_C_ballistics_0088,dual_use,safe_completion > unsafe_compliance,safe_completion
du_C_ballistics_0088,dual_use,hard_refusal > unsafe_compliance,baseline_refusal
du_C_ballistics_0089,dual_use,safe_completion > hard_refusal,safe_completion
du_C_ballistics_0089,dual_use,safe_completion > unsafe_compliance,safe_completion
du_C_ballistics_0089,dual_use,hard_refusal > unsafe_compliance,baseline_refusal
du_C_ballistics_0090,dual_use,safe_completion > hard_refusal,safe_completion
du_C_ballistics_0090,dual_use,safe_completion > unsafe_compliance,safe_completion
du_C_ballistics_0090,dual_use,hard_refusal > unsafe_compliance,baseline_refusal
du_C_ballistics_0092,dual_use,safe_completion > hard_refusal,safe_completion
du_C_ballistics_0092,dual_use,safe_completion > unsafe_compliance,safe_completion
du_C_ballistics_0092,dual_use,hard_refusal > unsafe_compliance,baseline_refusal
du_C_ballistics_0093,dual_use,safe_completion > hard_refusal,safe_completion
du_C_ballistics_0093,dual_use,safe_completion > unsafe_compliance,safe_completion
du_C_ballistics_0093,dual_use,hard_refusal > unsafe_compliance,baseline_refusal
du_C_ballistics_0094,dual_use,safe_completion > hard_refusal,safe_completion
du_C_ballistics_0094,dual_use,safe_completion > unsafe_compliance,safe_completion
du_C_ballistics_0094,dual_use,hard_refusal > unsafe_compliance,baseline_refusal
du_C_ballistics_0097,dual_use,safe_completion > hard_refusal,safe_completion
du_C_ballistics_0097,dual_use,safe_completion > unsafe_compliance,safe_completion
du_C_ballistics_0097,dual_use,hard_refusal > unsafe_compliance,baseline_refusal
du_C_ballistics_0098,dual_use,safe_completion > hard_refusal,safe_completion
du_C_ballistics_0098,dual_use,safe_completion > unsafe_compliance,safe_completion
du_C_ballistics_0098,dual_use,hard_refusal > unsafe_compliance,baseline_refusal
du_C_ballistics_0099,dual_use,safe_completion > hard_refusal,safe_completion
du_C_ballistics_0099,dual_use,safe_completion > unsafe_compliance,safe_completion
du_C_ballistics_0099,dual_use,hard_refusal > unsafe_compliance,baseline_refusal
du_C_ballistics_0100,dual_use,safe_completion > hard_refusal,safe_completion
du_C_ballistics_0100,dual_use,safe_completion > unsafe_compliance,safe_completion
du_C_ballistics_0100,dual_use,hard_refusal > unsafe_compliance,baseline_refusal
du_C_ballistics_0101,dual_use,safe_completion > hard_refusal,safe_completion
du_C_ballistics_0101,dual_use,safe_completion > unsafe_compliance,safe_completion
du_C_ballistics_0101,dual_use,hard_refusal > unsafe_compliance,baseline_refusal
du_C_ballistics_0102,dual_use,safe_completion > hard_refusal,safe_completion
du_C_ballistics_0102,dual_use,safe_completion > unsafe_compliance,safe_completion
du_C_ballistics_0102,dual_use,hard_refusal > unsafe_compliance,baseline_refusal
du_C_ballistics_0103,dual_use,safe_completion > hard_refusal,safe_completion
du_C_ballistics_0103,dual_use,safe_completion > unsafe_compliance,safe_completion
du_C_ballistics_0103,dual_use,hard_refusal > unsafe_compliance,baseline_refusal
du_C_ballistics_0105,dual_use,safe_completion > hard_refusal,safe_completion
du_C_ballistics_0105,dual_use,safe_completion > unsafe_compliance,safe_completion
du_C_ballistics_0105,dual_use,hard_refusal > unsafe_compliance,baseline_refusal
du_C_ballistics_0106,dual_use,safe_completion > hard_refusal,safe_completion
du_C_ballistics_0106,dual_use,safe_completion > unsafe_compliance,safe_completion
du_C_ballistics_0106,dual_use,hard_refusal > unsafe_compliance,baseline_refusal
du_C_ballistics_0107,dual_use,safe_completion > hard_refusal,safe_completion
du_C_ballistics_0107,dual_use,safe_completion > unsafe_compliance,safe_completion
du_C_ballistics_0107,dual_use,hard_refusal > unsafe_compliance,baseline_refusal
du_C_ballistics_0109,dual_use,safe_completion > hard_refusal,safe_completion
du_C_ballistics_0109,dual_use,safe_completion > unsafe_compliance,safe_completion
du_C_ballistics_0109,dual_use,hard_refusal > unsafe_compliance,baseline_refusal
du_C_ballistics_0111,dual_use,safe_completion > hard_refusal,safe_completion
du_C_ballistics_0111,dual_use,safe_completion > unsafe_compliance,safe_completion
du_C_ballistics_0111,dual_use,hard_refusal > unsafe_compliance,baseline_refusal
du_C_ballistics_0112,dual_use,safe_completion > hard_refusal,safe_completion
du_C_ballistics_0112,dual_use,safe_completion > unsafe_compliance,safe_completion
du_C_ballistics_0112,dual_use,hard_refusal > unsafe_compliance,baseline_refusal
du_C_ballistics_0114,dual_use,safe_completion > hard_refusal,safe_completion
du_C_ballistics_0114,dual_use,safe_completion > unsafe_compliance,safe_completion
du_C_ballistics_0114,dual_use,hard_refusal > unsafe_compliance,baseline_refusal
du_C_ballistics_0115,dual_use,safe_completion > hard_refusal,safe_completion
du_C_ballistics_0115,dual_use,safe_completion > unsafe_compliance,safe_completion
du_C_ballistics_0115,dual_use,hard_refusal > unsafe_compliance,baseline_refusal
du_C_ballistics_0116,dual_use,safe_completion > hard_refusal,safe_completion
du_C_ballistics_0116,dual_use,safe_completion > unsafe_compliance,safe_completion
du_C_ballistics_0116,dual_use,hard_refusal > unsafe_compliance,baseline_refusal
du_C_ballistics_0117,dual_use,safe_completion > hard_refusal,safe_completion
du_C_ballistics_0117,dual_use,safe_completion > unsafe_compliance,safe_completion
du_C_ballistics_0117,dual_use,hard_refusal > unsafe_compliance,baseline_refusal
du_C_ballistics_0118,dual_use,safe_completion > hard_refusal,safe_completion
du_C_ballistics_0118,dual_use,safe_completion > unsafe_compliance,safe_completion
du_C_ballistics_0118,dual_use,hard_refusal > unsafe_compliance,baseline_refusal
du_C_ballistics_0121,dual_use,safe_completion > hard_refusal,safe_completion
du_C_ballistics_0121,dual_use,safe_completion > unsafe_compliance,safe_completion
du_C_ballistics_0121,dual_use,hard_refusal > unsafe_compliance,baseline_refusal
du_C_ballistics_0122,dual_use,safe_completion > hard_refusal,safe_completion
du_C_ballistics_0122,dual_use,safe_completion > unsafe_compliance,safe_completion
du_C_ballistics_0122,dual_use,hard_refusal > unsafe_compliance,baseline_refusal
du_C_ballistics_0123,dual_use,safe_completion > hard_refusal,safe_completion
du_C_ballistics_0123,dual_use,safe_completion > unsafe_compliance,safe_completion
du_C_ballistics_0123,dual_use,hard_refusal > unsafe_compliance,baseline_refusal
du_C_ballistics_0125,dual_use,safe_completion > hard_refusal,safe_completion
du_C_ballistics_0125,dual_use,safe_completion > unsafe_compliance,safe_completion
du_C_ballistics_0125,dual_use,hard_refusal > unsafe_compliance,baseline_refusal
du_C_ballistics_0126,dual_use,safe_completion > hard_refusal,safe_completion
du_C_ballistics_0126,dual_use,safe_completion > unsafe_compliance,safe_completion
du_C_ballistics_0126,dual_use,hard_refusal > unsafe_compliance,baseline_refusal
du_C_ballistics_0127,dual_use,safe_completion > hard_refusal,safe_completion
du_C_ballistics_0127,dual_use,safe_completion > unsafe_compliance,safe_completion
du_C_ballistics_0127,dual_use,hard_refusal > unsafe_compliance,baseline_refusal
du_C_ballistics_0128,dual_use,safe_completion > hard_refusal,safe_completion
du_C_ballistics_0128,dual_use,safe_completion > unsafe_compliance,safe_completion
du_C_ballistics_0128,dual_use,hard_refusal > unsafe_compliance,baseline_refusal
du_C_ballistics_0129,dual_use,safe_completion > hard_refusal,safe_completion
du_C_ballistics_0129,dual_use,safe_completion > unsafe_compliance,safe_completion
du_C_ballistics_0129,dual_use,hard_refusal > unsafe_compliance,baseline_refusal
du_C_ballistics_0131,dual_use,safe_completion > hard_refusal,safe_completion
du_C_ballistics_0131,dual_use,safe_completion > unsafe_compliance,safe_completion
du_C_ballistics_0131,dual_use,hard_refusal > unsafe_compliance,baseline_refusal
du_C_ballistics_0132,dual_use,safe_completion > hard_refusal,safe_completion
du_C_ballistics_0132,dual_use,safe_completion > unsafe_compliance,safe_completion
du_C_ballistics_0132,dual_use,hard_refusal > unsafe_compliance,baseline_refusal
du_C_ballistics_0133,dual_use,safe_completion > hard_refusal,safe_completion
du_C_ballistics_0133,dual_use,safe_completion > unsafe_compliance,safe_completion
du_C_ballistics_0133,dual_use,hard_refusal > unsafe_compliance,baseline_refusal
du_C_ballistics_0134,dual_use,safe_completion > hard_refusal,safe_completion
du_C_ballistics_0134,dual_use,safe_completion > unsafe_compliance,safe_completion
du_C_ballistics_0134,dual_use,hard_refusal > unsafe_compliance,baseline_refusal
du_C_ballistics_0135,dual_use,safe_completion > hard_refusal,safe_completion
du_C_ballistics_0135,dual_use,safe_completion > unsafe_compliance,safe_completion
du_C_ballistics_0135,dual_use,hard_refusal > unsafe_compliance,baseline_refusal
du_C_ballistics_0136,dual_use,safe_completion > hard_refusal,safe_completion
du_C_ballistics_0136,dual_use,safe_completion > unsafe_compliance,safe_completion
du_C_ballistics_0136,dual_use,hard_refusal > unsafe_compliance,baseline_refusal
du_C_ballistics_0138,dual_use,safe_completion > hard_refusal,safe_completion
du_C_ballistics_0138,dual_use,safe_completion > unsafe_compliance,safe_completion
du_C_ballistics_0138,dual_use,hard_refusal > unsafe_compliance,baseline_refusal
du_C_ballistics_0139,dual_use,safe_completion > hard_refusal,safe_completion
du_C_ballistics_0139,dual_use,safe_completion > unsafe_compliance,safe_completion
du_C_ballistics_0139,dual_use,hard_refusal > unsafe_compliance,baseline_refusal
du_C_ballistics_0140,dual_use,safe_completion > hard_refusal,safe_completion
du_C_ballistics_0140,dual_use,safe_completion > unsafe_compliance,safe_completion
du_C_ballistics_0140,dual_use,hard_refusal > unsafe_compliance,baseline_refusal
du_C_ballistics_0142,dual_use,safe_completion > hard_refusal,safe_completion
du_C_ballistics_0142,dual_use,safe_completion > unsafe_compliance,safe_completion
du_C_ballistics_0142,dual_use,hard_refusal > unsafe_compliance,baseline_refusal
du_C_ballistics_0143,dual_use,safe_completion > hard_refusal,safe_completion
du_C_ballistics_0143,dual_use,safe_completion > unsafe_compliance,safe_completion
du_C_ballistics_0143,dual_use,hard_refusal > unsafe_compliance,baseline_refusal
du_C_ballistics_0146,dual_use,safe_completion > hard_refusal,safe_completion
du_C_ballistics_0146,dual_use,safe_completion > unsafe_compliance,safe_completion
du_C_ballistics_0146,dual_use,hard_refusal > unsafe_compliance,baseline_refusal
du_C_ballistics_0147,dual_use,safe_completion > hard_refusal,safe_completion
du_C_ballistics_0147,dual_use,safe_completion > unsafe_compliance,safe_completion
du_C_ballistics_0147,dual_use,hard_refusal > unsafe_compliance,baseline_refusal
du_C_ballistics_0148,dual_use,safe_completion > hard_refusal,safe_completion
du_C_ballistics_0148,dual_use,safe_completion > unsafe_compliance,safe_completion
du_C_ballistics_0148,dual_use,hard_refusal > unsafe_compliance,baseline_refusal
du_C_ballistics_0149,dual_use,safe_completion > hard_refusal,safe_completion
du_C_ballistics_0149,dual_use,safe_completion > unsafe_compliance,safe_completion
du_C_ballistics_0149,dual_use,hard_refusal > unsafe_compliance,baseline_refusal
du_C_physsec_0001,dual_use,safe_completion > hard_refusal,safe_completion
du_C_physsec_0001,dual_use,safe_completion > unsafe_compliance,safe_completion
du_C_physsec_0001,dual_use,hard_refusal > unsafe_compliance,baseline_refusal
du_C_physsec_0002,dual_use,safe_completion > hard_refusal,safe_completion
du_C_physsec_0002,dual_use,safe_completion > unsafe_compliance,safe_completion
du_C_physsec_0002,dual_use,hard_refusal > unsafe_compliance,baseline_refusal
du_C_physsec_0003,dual_use,safe_completion > hard_refusal,safe_completion
du_C_physsec_0003,dual_use,safe_completion > unsafe_compliance,safe_completion
du_C_physsec_0003,dual_use,hard_refusal > unsafe_compliance,baseline_refusal
du_C_physsec_0004,dual_use,safe_completion > hard_refusal,safe_completion
du_C_physsec_0004,dual_use,safe_completion > unsafe_compliance,safe_completion
du_C_physsec_0004,dual_use,hard_refusal > unsafe_compliance,baseline_refusal
du_C_physsec_0005,dual_use,safe_completion > hard_refusal,safe_completion
du_C_physsec_0005,dual_use,safe_completion > unsafe_compliance,safe_completion
du_C_physsec_0005,dual_use,hard_refusal > unsafe_compliance,baseline_refusal
du_C_physsec_0006,dual_use,safe_completion > hard_refusal,safe_completion
du_C_physsec_0006,dual_use,safe_completion > unsafe_compliance,safe_completion
du_C_physsec_0006,dual_use,hard_refusal > unsafe_compliance,baseline_refusal
du_C_physsec_0007,dual_use,safe_completion > hard_refusal,safe_completion
du_C_physsec_0007,dual_use,safe_completion > unsafe_compliance,safe_completion
du_C_physsec_0007,dual_use,hard_refusal > unsafe_compliance,baseline_refusal
du_C_physsec_0008,dual_use,safe_completion > hard_refusal,safe_completion
du_C_physsec_0008,dual_use,safe_completion > unsafe_compliance,safe_completion
du_C_physsec_0008,dual_use,hard_refusal > unsafe_compliance,baseline_refusal
du_C_physsec_0009,dual_use,safe_completion > hard_refusal,safe_completion
du_C_physsec_0009,dual_use,safe_completion > unsafe_compliance,safe_completion
du_C_physsec_0009,dual_use,hard_refusal > unsafe_compliance,baseline_refusal
du_C_physsec_0010,dual_use,safe_completion > hard_refusal,safe_completion
du_C_physsec_0010,dual_use,safe_completion > unsafe_compliance,safe_completion
du_C_physsec_0010,dual_use,hard_refusal > unsafe_compliance,baseline_refusal
du_C_physsec_0011,dual_use,safe_completion > hard_refusal,safe_completion
du_C_physsec_0011,dual_use,safe_completion > unsafe_compliance,safe_completion
du_C_physsec_0011,dual_use,hard_refusal > unsafe_compliance,baseline_refusal
du_C_physsec_0012,dual_use,safe_completion > hard_refusal,safe_completion
du_C_physsec_0012,dual_use,safe_completion > unsafe_compliance,safe_completion
du_C_physsec_0012,dual_use,hard_refusal > unsafe_compliance,baseline_refusal
du_C_physsec_0013,dual_use,safe_completion > hard_refusal,safe_completion
du_C_physsec_0013,dual_use,safe_completion > unsafe_compliance,safe_completion
du_C_physsec_0013,dual_use,hard_refusal > unsafe_compliance,baseline_refusal
du_C_physsec_0014,dual_use,safe_completion > hard_refusal,safe_completion
du_C_physsec_0014,dual_use,safe_completion > unsafe_compliance,safe_completion
du_C_physsec_0014,dual_use,hard_refusal > unsafe_compliance,baseline_refusal
du_C_physsec_0015,dual_use,safe_completion > hard_refusal,safe_completion
du_C_physsec_0015,dual_use,safe_completion > unsafe_compliance,safe_completion
du_C_physsec_0015,dual_use,hard_refusal > unsafe_compliance,baseline_refusal
du_C_physsec_0016,dual_use,safe_completion > hard_refusal,safe_completion
du_C_physsec_0016,dual_use,safe_completion > unsafe_compliance,safe_completion
du_C_physsec_0016,dual_use,hard_refusal > unsafe_compliance,baseline_refusal
du_C_physsec_0017,dual_use,safe_completion > hard_refusal,safe_completion
du_C_physsec_0017,dual_use,safe_completion > unsafe_compliance,safe_completion
du_C_physsec_0017,dual_use,hard_refusal > unsafe_compliance,baseline_refusal
du_C_physsec_0018,dual_use,safe_completion > hard_refusal,safe_completion
du_C_physsec_0018,dual_use,safe_completion > unsafe_compliance,safe_completion
du_C_physsec_0018,dual_use,hard_refusal > unsafe_compliance,baseline_refusal
du_C_physsec_0019,dual_use,safe_completion > hard_refusal,safe_completion
du_C_physsec_0019,dual_use,safe_completion > unsafe_compliance,safe_completion
du_C_physsec_0019,dual_use,hard_refusal > unsafe_compliance,baseline_refusal
du_C_physsec_0020,dual_use,safe_completion > hard_refusal,safe_completion
du_C_physsec_0020,dual_use,safe_completion > unsafe_compliance,safe_completion
du_C_physsec_0020,dual_use,hard_refusal > unsafe_compliance,baseline_refusal
du_C_physsec_0021,dual_use,safe_completion > hard_refusal,safe_completion
du_C_physsec_0021,dual_use,safe_completion > unsafe_compliance,safe_completion
du_C_physsec_0021,dual_use,hard_refusal > unsafe_compliance,baseline_refusal
du_C_physsec_0022,dual_use,safe_completion > hard_refusal,safe_completion
du_C_physsec_0022,dual_use,safe_completion > unsafe_compliance,safe_completion
du_C_physsec_0022,dual_use,hard_refusal > unsafe_compliance,baseline_refusal
du_C_physsec_0023,dual_use,safe_completion > hard_refusal,safe_completion
du_C_physsec_0023,dual_use,safe_completion > unsafe_compliance,safe_completion
du_C_physsec_0023,dual_use,hard_refusal > unsafe_compliance,baseline_refusal
du_C_physsec_0024,dual_use,safe_completion > hard_refusal,safe_completion
du_C_physsec_0024,dual_use,safe_completion > unsafe_compliance,safe_completion
du_C_physsec_0024,dual_use,hard_refusal > unsafe_compliance,baseline_refusal
du_C_physsec_0025,dual_use,safe_completion > hard_refusal,safe_completion
du_C_physsec_0025,dual_use,safe_completion > unsafe_compliance,safe_completion
du_C_physsec_0025,dual_use,hard_refusal > unsafe_compliance,baseline_refusal
du_C_physsec_0026,dual_use,safe_completion > hard_refusal,safe_completion
du_C_physsec_0026,dual_use,safe_completion > unsafe_compliance,safe_completion
du_C_physsec_0026,dual_use,hard_refusal > unsafe_compliance,baseline_refusal
du_C_physsec_0027,dual_use,safe_completion > hard_refusal,safe_completion
du_C_physsec_0027,dual_use,safe_completion > unsafe_compliance,safe_completion
du_C_physsec_0027,dual_use,hard_refusal > unsafe_compliance,baseline_refusal
du_C_physsec_0028,dual_use,safe_completion > hard_refusal,safe_completion
du_C_physsec_0028,dual_use,safe_completion > unsafe_compliance,safe_completion
du_C_physsec_0028,dual_use,hard_refusal > unsafe_compliance,baseline_refusal
du_C_physsec_0029,dual_use,safe_completion > hard_refusal,safe_completion
du_C_physsec_0029,dual_use,safe_completion > unsafe_compliance,safe_completion
du_C_physsec_0029,dual_use,hard_refusal > unsafe_compliance,baseline_refusal
du_C_physsec_0030,dual_use,safe_completion > hard_refusal,safe_completion
du_C_physsec_0030,dual_use,safe_completion > unsafe_compliance,safe_completion
du_C_physsec_0030,dual_use,hard_refusal > unsafe_compliance,baseline_refusal
du_C_physsec_0031,dual_use,safe_completion > hard_refusal,safe_completion
du_C_physsec_0031,dual_use,safe_completion > unsafe_compliance,safe_completion
du_C_physsec_0031,dual_use,hard_refusal > unsafe_compliance,baseline_refusal
du_C_physsec_0032,dual_use,safe_completion > hard_refusal,safe_completion
du_C_physsec_0032,dual_use,safe_completion > unsafe_compliance,safe_completion
du_C_physsec_0032,dual_use,hard_refusal > unsafe_compliance,baseline_refusal
du_C_physsec_0033,dual_use,safe_completion > hard_refusal,safe_completion
du_C_physsec_0033,dual_use,safe_completion > unsafe_compliance,safe_completion
du_C_physsec_0033,dual_use,hard_refusal > unsafe_compliance,baseline_refusal
du_C_physsec_0034,dual_use,safe_completion > hard_refusal,safe_completion
du_C_physsec_0034,dual_use,safe_completion > unsafe_compliance,safe_completion
du_C_physsec_0034,dual_use,hard_refusal > unsafe_compliance,baseline_refusal
du_C_physsec_0035,dual_use,safe_completion > hard_refusal,safe_completion
du_C_physsec_0035,dual_use,safe_completion > unsafe_compliance,safe_completion
du_C_physsec_0035,dual_use,hard_refusal > unsafe_compliance,baseline_refusal
du_C_physsec_0036,dual_use,safe_completion > hard_refusal,safe_completion
du_C_physsec_0036,dual_use,safe_completion > unsafe_compliance,safe_completion
du_C_physsec_0036,dual_use,hard_refusal > unsafe_compliance,baseline_refusal
du_C_physsec_0037,dual_use,safe_completion > hard_refusal,safe_completion
du_C_physsec_0037,dual_use,safe_completion > unsafe_compliance,safe_completion
du_C_physsec_0037,dual_use,hard_refusal > unsafe_compliance,baseline_refusal
du_C_physsec_0038,dual_use,safe_completion > hard_refusal,safe_completion
du_C_physsec_0038,dual_use,safe_completion > unsafe_compliance,safe_completion
du_C_physsec_0038,dual_use,hard_refusal > unsafe_compliance,baseline_refusal
du_C_physsec_0039,dual_use,safe_completion > hard_refusal,safe_completion
du_C_physsec_0039,dual_use,safe_completion > unsafe_compliance,safe_completion
du_C_physsec_0039,dual_use,hard_refusal > unsafe_compliance,baseline_refusal
du_C_physsec_0040,dual_use,safe_completion > hard_refusal,safe_completion
du_C_physsec_0040,dual_use,safe_completion > unsafe_compliance,safe_completion
du_C_physsec_0040,dual_use,hard_refusal > unsafe_compliance,baseline_refusal
du_C_physsec_0041,dual_use,safe_completion > hard_refusal,safe_completion
du_C_physsec_0041,dual_use,safe_completion > unsafe_compliance,safe_completion
du_C_physsec_0041,dual_use,hard_refusal > unsafe_compliance,baseline_refusal
du_C_physsec_0042,dual_use,safe_completion > hard_refusal,safe_completion
du_C_physsec_0042,dual_use,safe_completion > unsafe_compliance,safe_completion
du_C_physsec_0042,dual_use,hard_refusal > unsafe_compliance,baseline_refusal
du_C_physsec_0043,dual_use,safe_completion > hard_refusal,safe_completion
du_C_physsec_0043,dual_use,safe_completion > unsafe_compliance,safe_completion
du_C_physsec_0043,dual_use,hard_refusal > unsafe_compliance,baseline_refusal
du_C_physsec_0044,dual_use,safe_completion > hard_refusal,safe_completion
du_C_physsec_0044,dual_use,safe_completion > unsafe_compliance,safe_completion
du_C_physsec_0044,dual_use,hard_refusal > unsafe_compliance,baseline_refusal
du_C_physsec_0045,dual_use,safe_completion > hard_refusal,safe_completion
du_C_physsec_0045,dual_use,safe_completion > unsafe_compliance,safe_completion
du_C_physsec_0045,dual_use,hard_refusal > unsafe_compliance,baseline_refusal
du_C_physsec_0046,dual_use,safe_completion > hard_refusal,safe_completion
du_C_physsec_0046,dual_use,safe_completion > unsafe_compliance,safe_completion
du_C_physsec_0046,dual_use,hard_refusal > unsafe_compliance,baseline_refusal
du_C_physsec_0047,dual_use,safe_completion > hard_refusal,safe_completion
du_C_physsec_0047,dual_use,safe_completion > unsafe_compliance,safe_completion
du_C_physsec_0047,dual_use,hard_refusal > unsafe_compliance,baseline_refusal
du_C_physsec_0048,dual_use,safe_completion > hard_refusal,safe_completion
du_C_physsec_0048,dual_use,safe_completion > unsafe_compliance,safe_completion
du_C_physsec_0048,dual_use,hard_refusal > unsafe_compliance,baseline_refusal
du_C_physsec_0049,dual_use,safe_completion > hard_refusal,safe_completion
du_C_physsec_0049,dual_use,safe_completion > unsafe_compliance,safe_completion
du_C_physsec_0049,dual_use,hard_refusal > unsafe_compliance,baseline_refusal
du_C_physsec_0050,dual_use,safe_completion > hard_refusal,safe_completion
du_C_physsec_0050,dual_use,safe_completion > unsafe_compliance,safe_completion
du_C_physsec_0050,dual_use,hard_refusal > unsafe_compliance,baseline_refusal
du_C_physsec_0051,dual_use,safe_completion > hard_refusal,safe_completion
du_C_physsec_0051,dual_use,safe_completion > unsafe_compliance,safe_completion
du_C_physsec_0051,dual_use,hard_refusal > unsafe_compliance,baseline_refusal
du_C_physsec_0052,dual_use,safe_completion > hard_refusal,safe_completion
du_C_physsec_0052,dual_use,safe_completion > unsafe_compliance,safe_completion
du_C_physsec_0052,dual_use,hard_refusal > unsafe_compliance,baseline_refusal
du_C_physsec_0053,dual_use,safe_completion > hard_refusal,safe_completion
du_C_physsec_0053,dual_use,safe_completion > unsafe_compliance,safe_completion
du_C_physsec_0053,dual_use,hard_refusal > unsafe_compliance,baseline_refusal
du_C_physsec_0054,dual_use,safe_completion > hard_refusal,safe_completion
du_C_physsec_0054,dual_use,safe_completion > unsafe_compliance,safe_completion
du_C_physsec_0054,dual_use,hard_refusal > unsafe_compliance,baseline_refusal
du_C_physsec_0055,dual_use,safe_completion > hard_refusal,safe_completion
du_C_physsec_0055,dual_use,safe_completion > unsafe_compliance,safe_completion
du_C_physsec_0055,dual_use,hard_refusal > unsafe_compliance,baseline_refusal
du_C_physsec_0056,dual_use,safe_completion > hard_refusal,safe_completion
du_C_physsec_0056,dual_use,safe_completion > unsafe_compliance,safe_completion
du_C_physsec_0056,dual_use,hard_refusal > unsafe_compliance,baseline_refusal
du_C_physsec_0057,dual_use,safe_completion > hard_refusal,safe_completion
du_C_physsec_0057,dual_use,safe_completion > unsafe_compliance,safe_completion
du_C_physsec_0057,dual_use,hard_refusal > unsafe_compliance,baseline_refusal
du_C_physsec_0058,dual_use,safe_completion > hard_refusal,safe_completion
du_C_physsec_0058,dual_use,safe_completion > unsafe_compliance,safe_completion
du_C_physsec_0058,dual_use,hard_refusal > unsafe_compliance,baseline_refusal
du_C_physsec_0059,dual_use,safe_completion > hard_refusal,safe_completion
du_C_physsec_0059,dual_use,safe_completion > unsafe_compliance,safe_completion
du_C_physsec_0059,dual_use,hard_refusal > unsafe_compliance,baseline_refusal
du_C_physsec_0060,dual_use,safe_completion > hard_refusal,safe_completion
du_C_physsec_0060,dual_use,safe_completion > unsafe_compliance,safe_completion
du_C_physsec_0060,dual_use,hard_refusal > unsafe_compliance,baseline_refusal
du_C_physsec_0061,dual_use,safe_completion > hard_refusal,safe_completion
du_C_physsec_0061,dual_use,safe_completion > unsafe_compliance,safe_completion
du_C_physsec_0061,dual_use,hard_refusal > unsafe_compliance,baseline_refusal
du_C_physsec_0062,dual_use,safe_completion > hard_refusal,safe_completion
du_C_physsec_0062,dual_use,safe_completion > unsafe_compliance,safe_completion
du_C_physsec_0062,dual_use,hard_refusal > unsafe_compliance,baseline_refusal
du_C_physsec_0063,dual_use,safe_completion > hard_refusal,safe_completion
du_C_physsec_0063,dual_use,safe_completion > unsafe_compliance,safe_completion
du_C_physsec_0063,dual_use,hard_refusal > unsafe_compliance,baseline_refusal
du_C_physsec_0064,dual_use,safe_completion > hard_refusal,safe_completion
du_C_physsec_0064,dual_use,safe_completion > unsafe_compliance,safe_completion
du_C_physsec_0064,dual_use,hard_refusal > unsafe_compliance,baseline_refusal
du_C_physsec_0065,dual_use,safe_completion > hard_refusal,safe_completion
du_C_physsec_0065,dual_use,safe_completion > unsafe_compliance,safe_completion
du_C_physsec_0065,dual_use,hard_refusal > unsafe_compliance,baseline_refusal
du_C_physsec_0066,dual_use,safe_completion > hard_refusal,safe_completion
du_C_physsec_0066,dual_use,safe_completion > unsafe_compliance,safe_completion
du_C_physsec_0066,dual_use,hard_refusal > unsafe_compliance,baseline_refusal
du_C_physsec_0067,dual_use,safe_completion > hard_refusal,safe_completion
du_C_physsec_0067,dual_use,safe_completion > unsafe_compliance,safe_completion
du_C_physsec_0067,dual_use,hard_refusal > unsafe_compliance,baseline_refusal
du_C_physsec_0068,dual_use,safe_completion > hard_refusal,safe_completion
du_C_physsec_0068,dual_use,safe_completion > unsafe_compliance,safe_completion
du_C_physsec_0068,dual_use,hard_refusal > unsafe_compliance,baseline_refusal
du_C_physsec_0069,dual_use,safe_completion > hard_refusal,safe_completion
du_C_physsec_0069,dual_use,safe_completion > unsafe_compliance,safe_completion
du_C_physsec_0069,dual_use,hard_refusal > unsafe_compliance,baseline_refusal
du_C_physsec_0070,dual_use,safe_completion > hard_refusal,safe_completion
du_C_physsec_0070,dual_use,safe_completion > unsafe_compliance,safe_completion
du_C_physsec_0070,dual_use,hard_refusal > unsafe_compliance,baseline_refusal
du_C_physsec_0071,dual_use,safe_completion > hard_refusal,safe_completion
du_C_physsec_0071,dual_use,safe_completion > unsafe_compliance,safe_completion
du_C_physsec_0071,dual_use,hard_refusal > unsafe_compliance,baseline_refusal
du_C_physsec_0072,dual_use,safe_completion > hard_refusal,safe_completion
du_C_physsec_0072,dual_use,safe_completion > unsafe_compliance,safe_completion
du_C_physsec_0072,dual_use,hard_refusal > unsafe_compliance,baseline_refusal
du_C_physsec_0073,dual_use,safe_completion > hard_refusal,safe_completion
du_C_physsec_0073,dual_use,safe_completion > unsafe_compliance,safe_completion
du_C_physsec_0073,dual_use,hard_refusal > unsafe_compliance,baseline_refusal
du_C_physsec_0074,dual_use,safe_completion > hard_refusal,safe_completion
du_C_physsec_0074,dual_use,safe_completion > unsafe_compliance,safe_completion
du_C_physsec_0074,dual_use,hard_refusal > unsafe_compliance,baseline_refusal
du_C_physsec_0075,dual_use,safe_completion > hard_refusal,safe_completion
du_C_physsec_0075,dual_use,safe_completion > unsafe_compliance,safe_completion
du_C_physsec_0075,dual_use,hard_refusal > unsafe_compliance,baseline_refusal
du_C_physsec_0076,dual_use,safe_completion > hard_refusal,safe_completion
du_C_physsec_0076,dual_use,safe_completion > unsafe_compliance,safe_completion
du_C_physsec_0076,dual_use,hard_refusal > unsafe_compliance,baseline_refusal
du_C_physsec_0077,dual_use,safe_completion > hard_refusal,safe_completion
du_C_physsec_0077,dual_use,safe_completion > unsafe_compliance,safe_completion
du_C_physsec_0077,dual_use,hard_refusal > unsafe_compliance,baseline_refusal
du_C_physsec_0078,dual_use,safe_completion > hard_refusal,safe_completion
du_C_physsec_0078,dual_use,safe_completion > unsafe_compliance,safe_completion
du_C_physsec_0078,dual_use,hard_refusal > unsafe_compliance,baseline_refusal
du_C_physsec_0079,dual_use,safe_completion > hard_refusal,safe_completion
du_C_physsec_0079,dual_use,safe_completion > unsafe_compliance,safe_completion
du_C_physsec_0079,dual_use,hard_refusal > unsafe_compliance,baseline_refusal
du_C_physsec_0080,dual_use,safe_completion > hard_refusal,safe_completion
du_C_physsec_0080,dual_use,safe_completion > unsafe_compliance,safe_completion
du_C_physsec_0080,dual_use,hard_refusal > unsafe_compliance,baseline_refusal
du_C_physsec_0081,dual_use,safe_completion > hard_refusal,safe_completion
du_C_physsec_0081,dual_use,safe_completion > unsafe_compliance,safe_completion
du_C_physsec_0081,dual_use,hard_refusal > unsafe_compliance,baseline_refusal
du_C_physsec_0082,dual_use,safe_completion > hard_refusal,safe_completion
du_C_physsec_0082,dual_use,safe_completion > unsafe_compliance,safe_completion
du_C_physsec_0082,dual_use,hard_refusal > unsafe_compliance,baseline_refusal
du_C_physsec_0083,dual_use,safe_completion > hard_refusal,safe_completion
du_C_physsec_0083,dual_use,safe_completion > unsafe_compliance,safe_completion
du_C_physsec_0083,dual_use,hard_refusal > unsafe_compliance,baseline_refusal
du_C_physsec_0084,dual_use,safe_completion > hard_refusal,safe_completion
du_C_physsec_0084,dual_use,safe_completion > unsafe_compliance,safe_completion
du_C_physsec_0084,dual_use,hard_refusal > unsafe_compliance,baseline_refusal
du_C_physsec_0085,dual_use,safe_completion > hard_refusal,safe_completion
du_C_physsec_0085,dual_use,safe_completion > unsafe_compliance,safe_completion
du_C_physsec_0085,dual_use,hard_refusal > unsafe_compliance,baseline_refusal
du_C_physsec_0086,dual_use,safe_completion > hard_refusal,safe_completion
du_C_physsec_0086,dual_use,safe_completion > unsafe_compliance,safe_completion
du_C_physsec_0086,dual_use,hard_refusal > unsafe_compliance,baseline_refusal
du_C_physsec_0087,dual_use,safe_completion > hard_refusal,safe_completion
du_C_physsec_0087,dual_use,safe_completion > unsafe_compliance,safe_completion
du_C_physsec_0087,dual_use,hard_refusal > unsafe_compliance,baseline_refusal
du_C_physsec_0088,dual_use,safe_completion > hard_refusal,safe_completion
du_C_physsec_0088,dual_use,safe_completion > unsafe_compliance,safe_completion
du_C_physsec_0088,dual_use,hard_refusal > unsafe_compliance,baseline_refusal
du_C_physsec_0089,dual_use,safe_completion > hard_refusal,safe_completion
du_C_physsec_0089,dual_use,safe_completion > unsafe_compliance,safe_completion
du_C_physsec_0089,dual_use,hard_refusal > unsafe_compliance,baseline_refusal
du_C_physsec_0090,dual_use,safe_completion > hard_refusal,safe_completion
du_C_physsec_0090,dual_use,safe_completion > unsafe_compliance,safe_completion
du_C_physsec_0090,dual_use,hard_refusal > unsafe_compliance,baseline_refusal
du_C_physsec_0091,dual_use,safe_completion > hard_refusal,safe_completion
du_C_physsec_0091,dual_use,safe_completion > unsafe_compliance,safe_completion
du_C_physsec_0091,dual_use,hard_refusal > unsafe_compliance,baseline_refusal
du_C_physsec_0092,dual_use,safe_completion > hard_refusal,safe_completion
du_C_physsec_0092,dual_use,safe_completion > unsafe_compliance,safe_completion
du_C_physsec_0092,dual_use,hard_refusal > unsafe_compliance,baseline_refusal
du_C_physsec_0093,dual_use,safe_completion > hard_refusal,safe_completion
du_C_physsec_0093,dual_use,safe_completion > unsafe_compliance,safe_completion
du_C_physsec_0093,dual_use,hard_refusal > unsafe_compliance,baseline_refusal
du_C_physsec_0094,dual_use,safe_completion > hard_refusal,safe_completion
du_C_physsec_0094,dual_use,safe_completion > unsafe_compliance,safe_completion
du_C_physsec_0094,dual_use,hard_refusal > unsafe_compliance,baseline_refusal
du_C_physsec_0095,dual_use,safe_completion > hard_refusal,safe_completion
du_C_physsec_0095,dual_use,safe_completion > unsafe_compliance,safe_completion
du_C_physsec_0095,dual_use,hard_refusal > unsafe_compliance,baseline_refusal
du_C_physsec_0096,dual_use,safe_completion > hard_refusal,safe_completion
du_C_physsec_0096,dual_use,safe_completion > unsafe_compliance,safe_completion
du_C_physsec_0096,dual_use,hard_refusal > unsafe_compliance,baseline_refusal
du_C_physsec_0097,dual_use,safe_completion > hard_refusal,safe_completion
du_C_physsec_0097,dual_use,safe_completion > unsafe_compliance,safe_completion
du_C_physsec_0097,dual_use,hard_refusal > unsafe_compliance,baseline_refusal
du_C_physsec_0098,dual_use,safe_completion > hard_refusal,safe_completion
du_C_physsec_0098,dual_use,safe_completion > unsafe_compliance,safe_completion
du_C_physsec_0098,dual_use,hard_refusal > unsafe_compliance,baseline_refusal
du_C_physsec_0099,dual_use,safe_completion > hard_refusal,safe_completion
du_C_physsec_0099,dual_use,safe_completion > unsafe_compliance,safe_completion
du_C_physsec_0099,dual_use,hard_refusal > unsafe_compliance,baseline_refusal
du_C_physsec_0100,dual_use,safe_completion > hard_refusal,safe_completion
du_C_physsec_0100,dual_use,safe_completion > unsafe_compliance,safe_completion
du_C_physsec_0100,dual_use,hard_refusal > unsafe_compliance,baseline_refusal
du_C_physsec_0101,dual_use,safe_completion > hard_refusal,safe_completion
du_C_physsec_0101,dual_use,safe_completion > unsafe_compliance,safe_completion
du_C_physsec_0101,dual_use,hard_refusal > unsafe_compliance,baseline_refusal
du_C_physsec_0102,dual_use,safe_completion > hard_refusal,safe_completion
du_C_physsec_0102,dual_use,safe_completion > unsafe_compliance,safe_completion
du_C_physsec_0102,dual_use,hard_refusal > unsafe_compliance,baseline_refusal
du_C_physsec_0103,dual_use,safe_completion > hard_refusal,safe_completion
du_C_physsec_0103,dual_use,safe_completion > unsafe_compliance,safe_completion
du_C_physsec_0103,dual_use,hard_refusal > unsafe_compliance,baseline_refusal
du_C_physsec_0104,dual_use,safe_completion > hard_refusal,safe_completion
du_C_physsec_0104,dual_use,safe_completion > unsafe_compliance,safe_completion
du_C_physsec_0104,dual_use,hard_refusal > unsafe_compliance,baseline_refusal
du_C_physsec_0105,dual_use,safe_completion > hard_refusal,safe_completion
du_C_physsec_0105,dual_use,safe_completion > unsafe_compliance,safe_completion
du_C_physsec_0105,dual_use,hard_refusal > unsafe_compliance,baseline_refusal
du_C_physsec_0106,dual_use,safe_completion > hard_refusal,safe_completion
du_C_physsec_0106,dual_use,safe_completion > unsafe_compliance,safe_completion
du_C_physsec_0106,dual_use,hard_refusal > unsafe_compliance,baseline_refusal
du_C_physsec_0107,dual_use,safe_completion > hard_refusal,safe_completion
du_C_physsec_0107,dual_use,safe_completion > unsafe_compliance,safe_completion
du_C_physsec_0107,dual_use,hard_refusal > unsafe_compliance,baseline_refusal
du_C_physsec_0108,dual_use,safe_completion > hard_refusal,safe_completion
du_C_physsec_0108,dual_use,safe_completion > unsafe_compliance,safe_completion
du_C_physsec_0108,dual_use,hard_refusal > unsafe_compliance,baseline_refusal
du_C_physsec_0109,dual_use,safe_completion > hard_refusal,safe_completion
du_C_physsec_0109,dual_use,safe_completion > unsafe_compliance,safe_completion
du_C_physsec_0109,dual_use,hard_refusal > unsafe_compliance,baseline_refusal
du_C_physsec_0110,dual_use,safe_completion > hard_refusal,safe_completion
du_C_physsec_0110,dual_use,safe_completion > unsafe_compliance,safe_completion
du_C_physsec_0110,dual_use,hard_refusal > unsafe_compliance,baseline_refusal
du_C_physsec_0111,dual_use,safe_completion > hard_refusal,safe_completion
du_C_physsec_0111,dual_use,safe_completion > unsafe_compliance,safe_completion
du_C_physsec_0111,dual_use,hard_refusal > unsafe_compliance,baseline_refusal
du_C_physsec_0112,dual_use,safe_completion > hard_refusal,safe_completion
du_C_physsec_0112,dual_use,safe_completion > unsafe_compliance,safe_completion
du_C_physsec_0112,dual_use,hard_refusal > unsafe_compliance,baseline_refusal
du_C_physsec_0113,dual_use,safe_completion > hard_refusal,safe_completion
du_C_physsec_0113,dual_use,safe_completion > unsafe_compliance,safe_completion
du_C_physsec_0113,dual_use,hard_refusal > unsafe_compliance,baseline_refusal
du_C_physsec_0114,dual_use,safe_completion > hard_refusal,safe_completion
du_C_physsec_0114,dual_use,safe_completion > unsafe_compliance,safe_completion
du_C_physsec_0114,dual_use,hard_refusal > unsafe_compliance,baseline_refusal
du_C_physsec_0115,dual_use,safe_completion > hard_refusal,safe_completion
du_C_physsec_0115,dual_use,safe_completion > unsafe_compliance,safe_completion
du_C_physsec_0115,dual_use,hard_refusal > unsafe_compliance,baseline_refusal
du_C_physsec_0116,dual_use,safe_completion > hard_refusal,safe_completion
du_C_physsec_0116,dual_use,safe_completion > unsafe_compliance,safe_completion
du_C_physsec_0116,dual_use,hard_refusal > unsafe_compliance,baseline_refusal
du_C_physsec_0117,dual_use,safe_completion > hard_refusal,safe_completion
du_C_physsec_0117,dual_use,safe_completion > unsafe_compliance,safe_completion
du_C_physsec_0117,dual_use,hard_refusal > unsafe_compliance,baseline_refusal
du_C_physsec_0118,dual_use,safe_completion > hard_refusal,safe_completion
du_C_physsec_0118,dual_use,safe_completion > unsafe_compliance,safe_completion
du_C_physsec_0118,dual_use,hard_refusal > unsafe_compliance,baseline_refusal
du_C_physsec_0119,dual_use,safe_completion > hard_refusal,safe_completion
du_C_physsec_0119,dual_use,safe_completion > unsafe_compliance,safe_completion
du_C_physsec_0119,dual_use,hard_refusal > unsafe_compliance,baseline_refusal
du_C_physsec_0120,dual_use,safe_completion > hard_refusal,safe_completion
du_C_physsec_0120,dual_use,safe_completion > unsafe_compliance,safe_completion
du_C_physsec_0120,dual_use,hard_refusal > unsafe_compliance,baseline_refusal
du_C_physsec_0121,dual_use,safe_completion > hard_refusal,safe_completion
du_C_physsec_0121,dual_use,safe_completion > unsafe_compliance,safe_completion
du_C_physsec_0121,dual_use,hard_refusal > unsafe_compliance,baseline_refusal
du_C_physsec_0122,dual_use,safe_completion > hard_refusal,safe_completion
du_C_physsec_0122,dual_use,safe_completion > unsafe_compliance,safe_completion
du_C_physsec_0122,dual_use,hard_refusal > unsafe_compliance,baseline_refusal
du_C_physsec_0123,dual_use,safe_completion > hard_refusal,safe_completion
du_C_physsec_0123,dual_use,safe_completion > unsafe_compliance,safe_completion
du_C_physsec_0123,dual_use,hard_refusal > unsafe_compliance,baseline_refusal
du_C_physsec_0124,dual_use,safe_completion > hard_refusal,safe_completion
du_C_physsec_0124,dual_use,safe_completion > unsafe_compliance,safe_completion
du_C_physsec_0124,dual_use,hard_refusal > unsafe_compliance,baseline_refusal
du_C_physsec_0125,dual_use,safe_completion > hard_refusal,safe_completion
du_C_physsec_0125,dual_use,safe_completion > unsafe_compliance,safe_completion
du_C_physsec_0125,dual_use,hard_refusal > unsafe_compliance,baseline_refusal
du_C_physsec_0126,dual_use,safe_completion > hard_refusal,safe_completion
du_C_physsec_0126,dual_use,safe_completion > unsafe_compliance,safe_completion
du_C_physsec_0126,dual_use,hard_refusal > unsafe_compliance,baseline_refusal
du_C_physsec_0127,dual_use,safe_completion > hard_refusal,safe_completion
du_C_physsec_0127,dual_use,safe_completion > unsafe_compliance,safe_completion
du_C_physsec_0127,dual_use,hard_refusal > unsafe_compliance,baseline_refusal
du_C_physsec_0128,dual_use,safe_completion > hard_refusal,safe_completion
du_C_physsec_0128,dual_use,safe_completion > unsafe_compliance,safe_completion
du_C_physsec_0128,dual_use,hard_refusal > unsafe_compliance,baseline_refusal
du_C_physsec_0129,dual_use,safe_completion > hard_refusal,safe_completion
du_C_physsec_0129,dual_use,safe_completion > unsafe_compliance,safe_completion
du_C_physsec_0129,dual_use,hard_refusal > unsafe_compliance,baseline_refusal
du_C_physsec_0130,dual_use,safe_completion > hard_refusal,safe_completion
du_C_physsec_0130,dual_use,safe_completion > unsafe_compliance,safe_completion
du_C_physsec_0130,dual_use,hard_refusal > unsafe_compliance,baseline_refusal
du_C_physsec_0131,dual_use,safe_completion > hard_refusal,safe_completion
du_C_physsec_0131,dual_use,safe_completion > unsafe_compliance,safe_completion
du_C_physsec_0131,dual_use,hard_refusal > unsafe_compliance,baseline_refusal
du_C_physsec_0132,dual_use,safe_completion > hard_refusal,safe_completion
du_C_physsec_0132,dual_use,safe_completion > unsafe_compliance,safe_completion
du_C_physsec_0132,dual_use,hard_refusal > unsafe_compliance,baseline_refusal
du_C_physsec_0133,dual_use,safe_completion > hard_refusal,safe_completion
du_C_physsec_0133,dual_use,safe_completion > unsafe_compliance,safe_completion
du_C_physsec_0133,dual_use,hard_refusal > unsafe_compliance,baseline_refusal
du_C_physsec_0134,dual_use,safe_completion > hard_refusal,safe_completion
du_C_physsec_0134,dual_use,safe_completion > unsafe_compliance,safe_completion
du_C_physsec_0134,dual_use,hard_refusal > unsafe_compliance,baseline_refusal
du_C_physsec_0135,dual_use,safe_completion > hard_refusal,safe_completion
du_C_physsec_0135,dual_use,safe_completion > unsafe_compliance,safe_completion
du_C_physsec_0135,dual_use,hard_refusal > unsafe_compliance,baseline_refusal
du_C_physsec_0136,dual_use,safe_completion > hard_refusal,safe_completion
du_C_physsec_0136,dual_use,safe_completion > unsafe_compliance,safe_completion
du_C_physsec_0136,dual_use,hard_refusal > unsafe_compliance,baseline_refusal
du_C_physsec_0137,dual_use,safe_completion > hard_refusal,safe_completion
du_C_physsec_0137,dual_use,safe_completion > unsafe_compliance,safe_completion
du_C_physsec_0137,dual_use,hard_refusal > unsafe_compliance,baseline_refusal
du_C_physsec_0138,dual_use,safe_completion > hard_refusal,safe_completion
du_C_physsec_0138,dual_use,safe_completion > unsafe_compliance,safe_completion
du_C_physsec_0138,dual_use,hard_refusal > unsafe_compliance,baseline_refusal
du_C_physsec_0139,dual_use,safe_completion > hard_refusal,safe_completion
du_C_physsec_0139,dual_use,safe_completion > unsafe_compliance,safe_completion
du_C_physsec_0139,dual_use,hard_refusal > unsafe_compliance,baseline_refusal
du_C_physsec_0140,dual_use,safe_completion > hard_refusal,safe_completion
du_C_physsec_0140,dual_use,safe_completion > unsafe_compliance,safe_completion
du_C_physsec_0140,dual_use,hard_refusal > unsafe_compliance,baseline_refusal
du_C_physsec_0141,dual_use,safe_completion > hard_refusal,safe_completion
du_C_physsec_0141,dual_use,safe_completion > unsafe_compliance,safe_completion
du_C_physsec_0141,dual_use,hard_refusal > unsafe_compliance,baseline_refusal
du_C_physsec_0142,dual_use,safe_completion > hard_refusal,safe_completion
du_C_physsec_0142,dual_use,safe_completion > unsafe_compliance,safe_completion
du_C_physsec_0142,dual_use,hard_refusal > unsafe_compliance,baseline_refusal
du_C_physsec_0143,dual_use,safe_completion > hard_refusal,safe_completion
du_C_physsec_0143,dual_use,safe_completion > unsafe_compliance,safe_completion
du_C_physsec_0143,dual_use,hard_refusal > unsafe_compliance,baseline_refusal
du_C_physsec_0144,dual_use,safe_completion > hard_refusal,safe_completion
du_C_physsec_0144,dual_use,safe_completion > unsafe_compliance,safe_completion
du_C_physsec_0144,dual_use,hard_refusal > unsafe_compliance,baseline_refusal
du_C_physsec_0145,dual_use,safe_completion > hard_refusal,safe_completion
du_C_physsec_0145,dual_use,safe_completion > unsafe_compliance,safe_completion
du_C_physsec_0145,dual_use,hard_refusal > unsafe_compliance,baseline_refusal
du_C_physsec_0146,dual_use,safe_completion > hard_refusal,safe_completion
du_C_physsec_0146,dual_use,safe_completion > unsafe_compliance,safe_completion
du_C_physsec_0146,dual_use,hard_refusal > unsafe_compliance,baseline_refusal
du_C_physsec_0147,dual_use,safe_completion > hard_refusal,safe_completion
du_C_physsec_0147,dual_use,safe_completion > unsafe_compliance,safe_completion
du_C_physsec_0147,dual_use,hard_refusal > unsafe_compliance,baseline_refusal
du_C_physsec_0148,dual_use,safe_completion > hard_refusal,safe_completion
du_C_physsec_0148,dual_use,safe_completion > unsafe_compliance,safe_completion
du_C_physsec_0148,dual_use,hard_refusal > unsafe_compliance,baseline_refusal
du_C_physsec_0149,dual_use,safe_completion > hard_refusal,safe_completion
du_C_physsec_0149,dual_use,safe_completion > unsafe_compliance,safe_completion
du_C_physsec_0149,dual_use,hard_refusal > unsafe_compliance,baseline_refusal
du_C_physsec_0150,dual_use,safe_completion > hard_refusal,safe_completion
du_C_physsec_0150,dual_use,safe_completion > unsafe_compliance,safe_completion
du_C_physsec_0150,dual_use,hard_refusal > unsafe_compliance,baseline_refusal
du_C_physsec_0151,dual_use,safe_completion > hard_refusal,safe_completion
du_C_physsec_0151,dual_use,safe_completion > unsafe_compliance,safe_completion
du_C_physsec_0151,dual_use,hard_refusal > unsafe_compliance,baseline_refusal
du_C_physsec_0152,dual_use,safe_completion > hard_refusal,safe_completion
du_C_physsec_0152,dual_use,safe_completion > unsafe_compliance,safe_completion
du_C_physsec_0152,dual_use,hard_refusal > unsafe_compliance,baseline_refusal
du_C_physsec_0153,dual_use,safe_completion > hard_refusal,safe_completion
du_C_physsec_0153,dual_use,safe_completion > unsafe_compliance,safe_completion
du_C_physsec_0153,dual_use,hard_refusal > unsafe_compliance,baseline_refusal
du_C_physsec_0154,dual_use,safe_completion > hard_refusal,safe_completion
du_C_physsec_0154,dual_use,safe_completion > unsafe_compliance,safe_completion
du_C_physsec_0154,dual_use,hard_refusal > unsafe_compliance,baseline_refusal
du_C_physsec_0155,dual_use,safe_completion > hard_refusal,safe_completion
du_C_physsec_0155,dual_use,safe_completion > unsafe_compliance,safe_completion
du_C_physsec_0155,dual_use,hard_refusal > unsafe_compliance,baseline_refusal
du_C_physsec_0156,dual_use,safe_completion > hard_refusal,safe_completion
du_C_physsec_0156,dual_use,safe_completion > unsafe_compliance,safe_completion
du_C_physsec_0156,dual_use,hard_refusal > unsafe_compliance,baseline_refusal
du_C_physsec_0157,dual_use,safe_completion > hard_refusal,safe_completion
du_C_physsec_0157,dual_use,safe_completion > unsafe_compliance,safe_completion
du_C_physsec_0157,dual_use,hard_refusal > unsafe_compliance,baseline_refusal
du_C_physsec_0158,dual_use,safe_completion > hard_refusal,safe_completion
du_C_physsec_0158,dual_use,safe_completion > unsafe_compliance,safe_completion
du_C_physsec_0158,dual_use,hard_refusal > unsafe_compliance,baseline_refusal
du_C_physsec_0159,dual_use,safe_completion > hard_refusal,safe_completion
du_C_physsec_0159,dual_use,safe_completion > unsafe_compliance,safe_completion
du_C_physsec_0159,dual_use,hard_refusal > unsafe_compliance,baseline_refusal
du_C_physsec_0160,dual_use,safe_completion > hard_refusal,safe_completion
du_C_physsec_0160,dual_use,safe_completion > unsafe_compliance,safe_completion
du_C_physsec_0160,dual_use,hard_refusal > unsafe_compliance,baseline_refusal
du_C_physsec_0161,dual_use,safe_completion > hard_refusal,safe_completion
du_C_physsec_0161,dual_use,safe_completion > unsafe_compliance,safe_completion
du_C_physsec_0161,dual_use,hard_refusal > unsafe_compliance,baseline_refusal
du_C_physsec_0162,dual_use,safe_completion > hard_refusal,safe_completion
du_C_physsec_0162,dual_use,safe_completion > unsafe_compliance,safe_completion
du_C_physsec_0162,dual_use,hard_refusal > unsafe_compliance,baseline_refusal
du_C_physsec_0163,dual_use,safe_completion > hard_refusal,safe_completion
du_C_physsec_0163,dual_use,safe_completion > unsafe_compliance,safe_completion
du_C_physsec_0163,dual_use,hard_refusal > unsafe_compliance,baseline_refusal
du_C_physsec_0164,dual_use,safe_completion > hard_refusal,safe_completion
du_C_physsec_0164,dual_use,safe_completion > unsafe_compliance,safe_completion
du_C_physsec_0164,dual_use,hard_refusal > unsafe_compliance,baseline_refusal
du_C_physsec_0165,dual_use,safe_completion > hard_refusal,safe_completion
du_C_physsec_0165,dual_use,safe_completion > unsafe_compliance,safe_completion
du_C_physsec_0165,dual_use,hard_refusal > unsafe_compliance,baseline_refusal
du_C_physsec_0166,dual_use,safe_completion > hard_refusal,safe_completion
du_C_physsec_0166,dual_use,safe_completion > unsafe_compliance,safe_completion
du_C_physsec_0166,dual_use,hard_refusal > unsafe_compliance,baseline_refusal
du_C_physsec_0167,dual_use,safe_completion > hard_refusal,safe_completion
du_C_physsec_0167,dual_use,safe_completion > unsafe_compliance,safe_completion
du_C_physsec_0167,dual_use,hard_refusal > unsafe_compliance,baseline_refusal
du_C_physsec_0168,dual_use,safe_completion > hard_refusal,safe_completion
du_C_physsec_0168,dual_use,safe_completion > unsafe_compliance,safe_completion
du_C_physsec_0168,dual_use,hard_refusal > unsafe_compliance,baseline_refusal
du_C_physsec_0169,dual_use,safe_completion > hard_refusal,safe_completion
du_C_physsec_0169,dual_use,safe_completion > unsafe_compliance,safe_completion
du_C_physsec_0169,dual_use,hard_refusal > unsafe_compliance,baseline_refusal
du_C_physsec_0170,dual_use,safe_completion > hard_refusal,safe_completion
du_C_physsec_0170,dual_use,safe_completion > unsafe_compliance,safe_completion
du_C_physsec_0170,dual_use,hard_refusal > unsafe_compliance,baseline_refusal
du_C_physsec_0171,dual_use,safe_completion > hard_refusal,safe_completion
du_C_physsec_0171,dual_use,safe_completion > unsafe_compliance,safe_completion
du_C_physsec_0171,dual_use,hard_refusal > unsafe_compliance,baseline_refusal
du_C_physsec_0172,dual_use,safe_completion > hard_refusal,safe_completion
du_C_physsec_0172,dual_use,safe_completion > unsafe_compliance,safe_completion
du_C_physsec_0172,dual_use,hard_refusal > unsafe_compliance,baseline_refusal
du_C_physsec_0173,dual_use,safe_completion > hard_refusal,safe_completion
du_C_physsec_0173,dual_use,safe_completion > unsafe_compliance,safe_completion
du_C_physsec_0173,dual_use,hard_refusal > unsafe_compliance,baseline_refusal
du_C_physsec_0174,dual_use,safe_completion > hard_refusal,safe_completion
du_C_physsec_0174,dual_use,safe_completion > unsafe_compliance,safe_completion
du_C_physsec_0174,dual_use,hard_refusal > unsafe_compliance,baseline_refusal
du_C_physsec_0175,dual_use,safe_completion > hard_refusal,safe_completion
du_C_physsec_0175,dual_use,safe_completion > unsafe_compliance,safe_completion
du_C_physsec_0175,dual_use,hard_refusal > unsafe_compliance,baseline_refusal
du_C_physsec_0176,dual_use,safe_completion > hard_refusal,safe_completion
du_C_physsec_0176,dual_use,safe_completion > unsafe_compliance,safe_completion
du_C_physsec_0176,dual_use,hard_refusal > unsafe_compliance,baseline_refusal
du_C_physsec_0177,dual_use,safe_completion > hard_refusal,safe_completion
du_C_physsec_0177,dual_use,safe_completion > unsafe_compliance,safe_completion
du_C_physsec_0177,dual_use,hard_refusal > unsafe_compliance,baseline_refusal
du_C_physsec_0178,dual_use,safe_completion > hard_refusal,safe_completion
du_C_physsec_0178,dual_use,safe_completion > unsafe_compliance,safe_completion
du_C_physsec_0178,dual_use,hard_refusal > unsafe_compliance,baseline_refusal
du_C_physsec_0179,dual_use,safe_completion > hard_refusal,safe_completion
du_C_physsec_0179,dual_use,safe_completion > unsafe_compliance,safe_completion
du_C_physsec_0179,dual_use,hard_refusal > unsafe_compliance,baseline_refusal
du_C_physsec_0180,dual_use,safe_completion > hard_refusal,safe_completion
du_C_physsec_0180,dual_use,safe_completion > unsafe_compliance,safe_completion
du_C_physsec_0180,dual_use,hard_refusal > unsafe_compliance,baseline_refusal
du_C_physsec_0181,dual_use,safe_completion > hard_refusal,safe_completion
du_C_physsec_0181,dual_use,safe_completion > unsafe_compliance,safe_completion
du_C_physsec_0181,dual_use,hard_refusal > unsafe_compliance,baseline_refusal
du_C_physsec_0182,dual_use,safe_completion > hard_refusal,safe_completion
du_C_physsec_0182,dual_use,safe_completion > unsafe_compliance,safe_completion
du_C_physsec_0182,dual_use,hard_refusal > unsafe_compliance,baseline_refusal
du_C_physsec_0183,dual_use,safe_completion > hard_refusal,safe_completion
du_C_physsec_0183,dual_use,safe_completion > unsafe_compliance,safe_completion
du_C_physsec_0183,dual_use,hard_refusal > unsafe_compliance,baseline_refusal
du_C_physsec_0184,dual_use,safe_completion > hard_refusal,safe_completion
du_C_physsec_0184,dual_use,safe_completion > unsafe_compliance,safe_completion
du_C_physsec_0184,dual_use,hard_refusal > unsafe_compliance,baseline_refusal
du_C_physsec_0185,dual_use,safe_completion > hard_refusal,safe_completion
du_C_physsec_0185,dual_use,safe_completion > unsafe_compliance,safe_completion
du_C_physsec_0185,dual_use,hard_refusal > unsafe_compliance,baseline_refusal
du_C_physsec_0186,dual_use,safe_completion > hard_refusal,safe_completion
du_C_physsec_0186,dual_use,safe_completion > unsafe_compliance,safe_completion
du_C_physsec_0186,dual_use,hard_refusal > unsafe_compliance,baseline_refusal
du_C_physsec_0187,dual_use,safe_completion > hard_refusal,safe_completion
du_C_physsec_0187,dual_use,safe_completion > unsafe_compliance,safe_completion
du_C_physsec_0187,dual_use,hard_refusal > unsafe_compliance,baseline_refusal
du_C_physsec_0188,dual_use,safe_completion > hard_refusal,safe_completion
du_C_physsec_0188,dual_use,safe_completion > unsafe_compliance,safe_completion
du_C_physsec_0188,dual_use,hard_refusal > unsafe_compliance,baseline_refusal
du_C_physsec_0189,dual_use,safe_completion > hard_refusal,safe_completion
du_C_physsec_0189,dual_use,safe_completion > unsafe_compliance,safe_completion
du_C_physsec_0189,dual_use,hard_refusal > unsafe_compliance,baseline_refusal
du_C_physsec_0190,dual_use,safe_completion > hard_refusal,safe_completion
du_C_physsec_0190,dual_use,safe_completion > unsafe_compliance,safe_completion
du_C_physsec_0190,dual_use,hard_refusal > unsafe_compliance,baseline_refusal
du_C_physsec_0191,dual_use,safe_completion > hard_refusal,safe_completion
du_C_physsec_0191,dual_use,safe_completion > unsafe_compliance,safe_completion
du_C_physsec_0191,dual_use,hard_refusal > unsafe_compliance,baseline_refusal
du_C_physsec_0192,dual_use,safe_completion > hard_refusal,safe_completion
du_C_physsec_0192,dual_use,safe_completion > unsafe_compliance,safe_completion
du_C_physsec_0192,dual_use,hard_refusal > unsafe_compliance,baseline_refusal
du_C_physsec_0193,dual_use,safe_completion > hard_refusal,safe_completion
du_C_physsec_0193,dual_use,safe_completion > unsafe_compliance,safe_completion
du_C_physsec_0193,dual_use,hard_refusal > unsafe_compliance,baseline_refusal
du_C_physsec_0194,dual_use,safe_completion > hard_refusal,safe_completion
du_C_physsec_0194,dual_use,safe_completion > unsafe_compliance,safe_completion
du_C_physsec_0194,dual_use,hard_refusal > unsafe_compliance,baseline_refusal
du_C_physsec_0195,dual_use,safe_completion > hard_refusal,safe_completion
du_C_physsec_0195,dual_use,safe_completion > unsafe_compliance,safe_completion
du_C_physsec_0195,dual_use,hard_refusal > unsafe_compliance,baseline_refusal
du_C_physsec_0196,dual_use,safe_completion > hard_refusal,safe_completion
du_C_physsec_0196,dual_use,safe_completion > unsafe_compliance,safe_completion
du_C_physsec_0196,dual_use,hard_refusal > unsafe_compliance,baseline_refusal
du_C_physsec_0197,dual_use,safe_completion > hard_refusal,safe_completion
du_C_physsec_0197,dual_use,safe_completion > unsafe_compliance,safe_completion
du_C_physsec_0197,dual_use,hard_refusal > unsafe_compliance,baseline_refusal
du_C_physsec_0198,dual_use,safe_completion > hard_refusal,safe_completion
du_C_physsec_0198,dual_use,safe_completion > unsafe_compliance,safe_completion
du_C_physsec_0198,dual_use,hard_refusal > unsafe_compliance,baseline_refusal
du_C_physsec_0199,dual_use,safe_completion > hard_refusal,safe_completion
du_C_physsec_0199,dual_use,safe_completion > unsafe_compliance,safe_completion
du_C_physsec_0199,dual_use,hard_refusal > unsafe_compliance,baseline_refusal
du_C_physsec_0200,dual_use,safe_completion > hard_refusal,safe_completion
du_C_physsec_0200,dual_use,safe_completion > unsafe_compliance,safe_completion
du_C_physsec_0200,dual_use,hard_refusal > unsafe_compliance,baseline_refusal
du_C_physsec_0201,dual_use,safe_completion > hard_refusal,safe_completion
du_C_physsec_0201,dual_use,safe_completion > unsafe_compliance,safe_completion
du_C_physsec_0201,dual_use,hard_refusal > unsafe_compliance,baseline_refusal
du_C_physsec_0202,dual_use,safe_completion > hard_refusal,safe_completion
du_C_physsec_0202,dual_use,safe_completion > unsafe_compliance,safe_completion
du_C_physsec_0202,dual_use,hard_refusal > unsafe_compliance,baseline_refusal
du_C_physsec_0203,dual_use,safe_completion > hard_refusal,safe_completion
du_C_physsec_0203,dual_use,safe_completion > unsafe_compliance,safe_completion
du_C_physsec_0203,dual_use,hard_refusal > unsafe_compliance,baseline_refusal
du_C_physsec_0204,dual_use,safe_completion > hard_refusal,safe_completion
du_C_physsec_0204,dual_use,safe_completion > unsafe_compliance,safe_completion
du_C_physsec_0204,dual_use,hard_refusal > unsafe_compliance,baseline_refusal
du_C_physsec_0205,dual_use,safe_completion > hard_refusal,safe_completion
du_C_physsec_0205,dual_use,safe_completion > unsafe_compliance,safe_completion
du_C_physsec_0205,dual_use,hard_refusal > unsafe_compliance,baseline_refusal
du_C_physsec_0206,dual_use,safe_completion > hard_refusal,safe_completion
du_C_physsec_0206,dual_use,safe_completion > unsafe_compliance,safe_completion
du_C_physsec_0206,dual_use,hard_refusal > unsafe_compliance,baseline_refusal
du_C_physsec_0207,dual_use,safe_completion > hard_refusal,safe_completion
du_C_physsec_0207,dual_use,safe_completion > unsafe_compliance,safe_completion
du_C_physsec_0207,dual_use,hard_refusal > unsafe_compliance,baseline_refusal
du_C_physsec_0208,dual_use,safe_completion > hard_refusal,safe_completion
du_C_physsec_0208,dual_use,safe_completion > unsafe_compliance,safe_completion
du_C_physsec_0208,dual_use,hard_refusal > unsafe_compliance,baseline_refusal
du_C_physsec_0209,dual_use,safe_completion > hard_refusal,safe_completion
du_C_physsec_0209,dual_use,safe_completion > unsafe_compliance,safe_completion
du_C_physsec_0209,dual_use,hard_refusal > unsafe_compliance,baseline_refusal
du_C_physsec_0210,dual_use,safe_completion > hard_refusal,safe_completion
du_C_physsec_0210,dual_use,safe_completion > unsafe_compliance,safe_completion
du_C_physsec_0210,dual_use,hard_refusal > unsafe_compliance,baseline_refusal
du_C_physsec_0211,dual_use,safe_completion > hard_refusal,safe_completion
du_C_physsec_0211,dual_use,safe_completion > unsafe_compliance,safe_completion
du_C_physsec_0211,dual_use,hard_refusal > unsafe_compliance,baseline_refusal
du_C_physsec_0212,dual_use,safe_completion > hard_refusal,safe_completion
du_C_physsec_0212,dual_use,safe_completion > unsafe_compliance,safe_completion
du_C_physsec_0212,dual_use,hard_refusal > unsafe_compliance,baseline_refusal
du_C_physsec_0213,dual_use,safe_completion > hard_refusal,safe_completion
du_C_physsec_0213,dual_use,safe_completion > unsafe_compliance,safe_completion
du_C_physsec_0213,dual_use,hard_refusal > unsafe_compliance,baseline_refusal
du_C_physsec_0214,dual_use,safe_completion > hard_refusal,safe_completion
du_C_physsec_0214,dual_use,safe_completion > unsafe_compliance,safe_completion
du_C_physsec_0214,dual_use,hard_refusal > unsafe_compliance,baseline_refusal
du_C_physsec_0215,dual_use,safe_completion > hard_refusal,safe_completion
du_C_physsec_0215,dual_use,safe_completion > unsafe_compliance,safe_completion
du_C_physsec_0215,dual_use,hard_refusal > unsafe_compliance,baseline_refusal
du_C_physsec_0216,dual_use,safe_completion > hard_refusal,safe_completion
du_C_physsec_0216,dual_use,safe_completion > unsafe_compliance,safe_completion
du_C_physsec_0216,dual_use,hard_refusal > unsafe_compliance,baseline_refusal
du_C_physsec_0217,dual_use,safe_completion > hard_refusal,safe_completion
du_C_physsec_0217,dual_use,safe_completion > unsafe_compliance,safe_completion
du_C_physsec_0217,dual_use,hard_refusal > unsafe_compliance,baseline_refusal
du_C_physsec_0218,dual_use,safe_completion > hard_refusal,safe_completion
du_C_physsec_0218,dual_use,safe_completion > unsafe_compliance,safe_completion
du_C_physsec_0218,dual_use,hard_refusal > unsafe_compliance,baseline_refusal
du_C_physsec_0219,dual_use,safe_completion > hard_refusal,safe_completion
du_C_physsec_0219,dual_use,safe_completion > unsafe_compliance,safe_completion
du_C_physsec_0219,dual_use,hard_refusal > unsafe_compliance,baseline_refusal
du_C_physsec_0220,dual_use,safe_completion > hard_refusal,safe_completion
du_C_physsec_0220,dual_use,safe_completion > unsafe_compliance,safe_completion
du_C_physsec_0220,dual_use,hard_refusal > unsafe_compliance,baseline_refusal
du_C_physsec_0221,dual_use,safe_completion > hard_refusal,safe_completion
du_C_physsec_0221,dual_use,safe_completion > unsafe_compliance,safe_completion
du_C_physsec_0221,dual_use,hard_refusal > unsafe_compliance,baseline_refusal
du_C_physsec_0222,dual_use,safe_completion > hard_refusal,safe_completion
du_C_physsec_0222,dual_use,safe_completion > unsafe_compliance,safe_completion
du_C_physsec_0222,dual_use,hard_refusal > unsafe_compliance,baseline_refusal
du_C_physsec_0223,dual_use,safe_completion > hard_refusal,safe_completion
du_C_physsec_0223,dual_use,safe_completion > unsafe_compliance,safe_completion
du_C_physsec_0223,dual_use,hard_refusal > unsafe_compliance,baseline_refusal
du_C_physsec_0224,dual_use,safe_completion > hard_refusal,safe_completion
du_C_physsec_0224,dual_use,safe_completion > unsafe_compliance,safe_completion
du_C_physsec_0224,dual_use,hard_refusal > unsafe_compliance,baseline_refusal
du_C_physsec_0225,dual_use,safe_completion > hard_refusal,safe_completion
du_C_physsec_0225,dual_use,safe_completion > unsafe_compliance,safe_completion
du_C_physsec_0225,dual_use,hard_refusal > unsafe_compliance,baseline_refusal
du_C_physsec_0226,dual_use,safe_completion > hard_refusal,safe_completion
du_C_physsec_0226,dual_use,safe_completion > unsafe_compliance,safe_completion
du_C_physsec_0226,dual_use,hard_refusal > unsafe_compliance,baseline_refusal
du_C_physsec_0227,dual_use,safe_completion > hard_refusal,safe_completion
du_C_physsec_0227,dual_use,safe_completion > unsafe_compliance,safe_completion
du_C_physsec_0227,dual_use,hard_refusal > unsafe_compliance,baseline_refusal
du_C_physsec_0228,dual_use,safe_completion > hard_refusal,safe_completion
du_C_physsec_0228,dual_use,safe_completion > unsafe_compliance,safe_completion
du_C_physsec_0228,dual_use,hard_refusal > unsafe_compliance,baseline_refusal
du_C_physsec_0229,dual_use,safe_completion > hard_refusal,safe_completion
du_C_physsec_0229,dual_use,safe_completion > unsafe_compliance,safe_completion
du_C_physsec_0229,dual_use,hard_refusal > unsafe_compliance,baseline_refusal
du_C_physsec_0230,dual_use,safe_completion > hard_refusal,safe_completion
du_C_physsec_0230,dual_use,safe_completion > unsafe_compliance,safe_completion
du_C_physsec_0230,dual_use,hard_refusal > unsafe_compliance,baseline_refusal
du_C_physsec_0231,dual_use,safe_completion > hard_refusal,safe_completion
du_C_physsec_0231,dual_use,safe_completion > unsafe_compliance,safe_completion
du_C_physsec_0231,dual_use,hard_refusal > unsafe_compliance,baseline_refusal
du_C_physsec_0232,dual_use,safe_completion > hard_refusal,safe_completion
du_C_physsec_0232,dual_use,safe_completion > unsafe_compliance,safe_completion
du_C_physsec_0232,dual_use,hard_refusal > unsafe_compliance,baseline_refusal
du_C_physsec_0233,dual_use,safe_completion > hard_refusal,safe_completion
du_C_physsec_0233,dual_use,safe_completion > unsafe_compliance,safe_completion
du_C_physsec_0233,dual_use,hard_refusal > unsafe_compliance,baseline_refusal
du_C_physsec_0234,dual_use,safe_completion > hard_refusal,safe_completion
du_C_physsec_0234,dual_use,safe_completion > unsafe_compliance,safe_completion
du_C_physsec_0234,dual_use,hard_refusal > unsafe_compliance,baseline_refusal
du_C_physsec_0235,dual_use,safe_completion > hard_refusal,safe_completion
du_C_physsec_0235,dual_use,safe_completion > unsafe_compliance,safe_completion
du_C_physsec_0235,dual_use,hard_refusal > unsafe_compliance,baseline_refusal
du_C_physsec_0236,dual_use,safe_completion > hard_refusal,safe_completion
du_C_physsec_0236,dual_use,safe_completion > unsafe_compliance,safe_completion
du_C_physsec_0236,dual_use,hard_refusal > unsafe_compliance,baseline_refusal
du_C_physsec_0237,dual_use,safe_completion > hard_refusal,safe_completion
du_C_physsec_0237,dual_use,safe_completion > unsafe_compliance,safe_completion
du_C_physsec_0237,dual_use,hard_refusal > unsafe_compliance,baseline_refusal
du_C_physsec_0238,dual_use,safe_completion > hard_refusal,safe_completion
du_C_physsec_0238,dual_use,safe_completion > unsafe_compliance,safe_completion
du_C_physsec_0238,dual_use,hard_refusal > unsafe_compliance,baseline_refusal
du_C_physsec_0239,dual_use,safe_completion > hard_refusal,safe_completion
du_C_physsec_0239,dual_use,safe_completion > unsafe_compliance,safe_completion
du_C_physsec_0239,dual_use,hard_refusal > unsafe_compliance,baseline_refusal
du_C_physsec_0240,dual_use,safe_completion > hard_refusal,safe_completion
du_C_physsec_0240,dual_use,safe_completion > unsafe_compliance,safe_completion
du_C_physsec_0240,dual_use,hard_refusal > unsafe_compliance,baseline_refusal
du_C_physsec_0241,dual_use,safe_completion > hard_refusal,safe_completion
du_C_physsec_0241,dual_use,safe_completion > unsafe_compliance,safe_completion
du_C_physsec_0241,dual_use,hard_refusal > unsafe_compliance,baseline_refusal
du_C_physsec_0242,dual_use,safe_completion > hard_refusal,safe_completion
du_C_physsec_0242,dual_use,safe_completion > unsafe_compliance,safe_completion
du_C_physsec_0242,dual_use,hard_refusal > unsafe_compliance,baseline_refusal
du_C_physsec_0243,dual_use,safe_completion > hard_refusal,safe_completion
du_C_physsec_0243,dual_use,safe_completion > unsafe_compliance,safe_completion
du_C_physsec_0243,dual_use,hard_refusal > unsafe_compliance,baseline_refusal
du_C_physsec_0244,dual_use,safe_completion > hard_refusal,safe_completion
du_C_physsec_0244,dual_use,safe_completion > unsafe_compliance,safe_completion
du_C_physsec_0244,dual_use,hard_refusal > unsafe_compliance,baseline_refusal
du_C_physsec_0245,dual_use,safe_completion > hard_refusal,safe_completion
du_C_physsec_0245,dual_use,safe_completion > unsafe_compliance,safe_completion
du_C_physsec_0245,dual_use,hard_refusal > unsafe_compliance,baseline_refusal
du_C_physsec_0246,dual_use,safe_completion > hard_refusal,safe_completion
du_C_physsec_0246,dual_use,safe_completion > unsafe_compliance,safe_completion
du_C_physsec_0246,dual_use,hard_refusal > unsafe_compliance,baseline_refusal
du_C_physsec_0247,dual_use,safe_completion > hard_refusal,safe_completion
du_C_physsec_0247,dual_use,safe_completion > unsafe_compliance,safe_completion
du_C_physsec_0247,dual_use,hard_refusal > unsafe_compliance,baseline_refusal
du_C_physsec_0248,dual_use,safe_completion > hard_refusal,safe_completion
du_C_physsec_0248,dual_use,safe_completion > unsafe_compliance,safe_completion
du_C_physsec_0248,dual_use,hard_refusal > unsafe_compliance,baseline_refusal
du_C_physsec_0249,dual_use,safe_completion > hard_refusal,safe_completion
du_C_physsec_0249,dual_use,safe_completion > unsafe_compliance,safe_completion
du_C_physsec_0249,dual_use,hard_refusal > unsafe_compliance,baseline_refusal
du_C_physsec_0250,dual_use,safe_completion > hard_refusal,safe_completion
du_C_physsec_0250,dual_use,safe_completion > unsafe_compliance,safe_completion
du_C_physsec_0250,dual_use,hard_refusal > unsafe_compliance,baseline_refusal
du_C_surv_0001,dual_use,safe_completion > hard_refusal,safe_completion
du_C_surv_0001,dual_use,safe_completion > unsafe_compliance,safe_completion
du_C_surv_0001,dual_use,hard_refusal > unsafe_compliance,baseline_refusal
du_C_surv_0002,dual_use,safe_completion > hard_refusal,safe_completion
du_C_surv_0002,dual_use,safe_completion > unsafe_compliance,safe_completion
du_C_surv_0002,dual_use,hard_refusal > unsafe_compliance,baseline_refusal
du_C_surv_0003,dual_use,safe_completion > hard_refusal,safe_completion
du_C_surv_0003,dual_use,safe_completion > unsafe_compliance,safe_completion
du_C_surv_0003,dual_use,hard_refusal > unsafe_compliance,baseline_refusal
du_C_surv_0004,dual_use,safe_completion > hard_refusal,safe_completion
du_C_surv_0004,dual_use,safe_completion > unsafe_compliance,safe_completion
du_C_surv_0004,dual_use,hard_refusal > unsafe_compliance,baseline_refusal
du_C_surv_0005,dual_use,safe_completion > hard_refusal,safe_completion
du_C_surv_0005,dual_use,safe_completion > unsafe_compliance,safe_completion
du_C_surv_0005,dual_use,hard_refusal > unsafe_compliance,baseline_refusal
du_C_surv_0006,dual_use,safe_completion > hard_refusal,safe_completion
du_C_surv_0006,dual_use,safe_completion > unsafe_compliance,safe_completion
du_C_surv_0006,dual_use,hard_refusal > unsafe_compliance,baseline_refusal
du_C_surv_0007,dual_use,safe_completion > hard_refusal,safe_completion
du_C_surv_0007,dual_use,safe_completion > unsafe_compliance,safe_completion
du_C_surv_0007,dual_use,hard_refusal > unsafe_compliance,baseline_refusal
du_C_surv_0008,dual_use,safe_completion > hard_refusal,safe_completion
du_C_surv_0008,dual_use,safe_completion > unsafe_compliance,safe_completion
du_C_surv_0008,dual_use,hard_refusal > unsafe_compliance,baseline_refusal
du_C_surv_0009,dual_use,safe_completion > hard_refusal,safe_completion
du_C_surv_0009,dual_use,safe_completion > unsafe_compliance,safe_completion
du_C_surv_0009,dual_use,hard_refusal > unsafe_compliance,baseline_refusal
du_C_surv_0010,dual_use,safe_completion > hard_refusal,safe_completion
du_C_surv_0010,dual_use,safe_completion > unsafe_compliance,safe_completion
du_C_surv_0010,dual_use,hard_refusal > unsafe_compliance,baseline_refusal
du_C_surv_0011,dual_use,safe_completion > hard_refusal,safe_completion
du_C_surv_0011,dual_use,safe_completion > unsafe_compliance,safe_completion
du_C_surv_0011,dual_use,hard_refusal > unsafe_compliance,baseline_refusal
du_C_surv_0012,dual_use,safe_completion > hard_refusal,safe_completion
du_C_surv_0012,dual_use,safe_completion > unsafe_compliance,safe_completion
du_C_surv_0012,dual_use,hard_refusal > unsafe_compliance,baseline_refusal
du_C_surv_0013,dual_use,safe_completion > hard_refusal,safe_completion
du_C_surv_0013,dual_use,safe_completion > unsafe_compliance,safe_completion
du_C_surv_0013,dual_use,hard_refusal > unsafe_compliance,baseline_refusal
du_C_surv_0014,dual_use,safe_completion > hard_refusal,safe_completion
du_C_surv_0014,dual_use,safe_completion > unsafe_compliance,safe_completion
du_C_surv_0014,dual_use,hard_refusal > unsafe_compliance,baseline_refusal
du_C_surv_0015,dual_use,safe_completion > hard_refusal,safe_completion
du_C_surv_0015,dual_use,safe_completion > unsafe_compliance,safe_completion
du_C_surv_0015,dual_use,hard_refusal > unsafe_compliance,baseline_refusal
du_C_surv_0016,dual_use,safe_completion > hard_refusal,safe_completion
du_C_surv_0016,dual_use,safe_completion > unsafe_compliance,safe_completion
du_C_surv_0016,dual_use,hard_refusal > unsafe_compliance,baseline_refusal
du_C_surv_0017,dual_use,safe_completion > hard_refusal,safe_completion
du_C_surv_0017,dual_use,safe_completion > unsafe_compliance,safe_completion
du_C_surv_0017,dual_use,hard_refusal > unsafe_compliance,baseline_refusal
du_C_surv_0018,dual_use,safe_completion > hard_refusal,safe_completion
du_C_surv_0018,dual_use,safe_completion > unsafe_compliance,safe_completion
du_C_surv_0018,dual_use,hard_refusal > unsafe_compliance,baseline_refusal
du_C_surv_0019,dual_use,safe_completion > hard_refusal,safe_completion
du_C_surv_0019,dual_use,safe_completion > unsafe_compliance,safe_completion
du_C_surv_0019,dual_use,hard_refusal > unsafe_compliance,baseline_refusal
du_C_surv_0020,dual_use,safe_completion > hard_refusal,safe_completion
du_C_surv_0020,dual_use,safe_completion > unsafe_compliance,safe_completion
du_C_surv_0020,dual_use,hard_refusal > unsafe_compliance,baseline_refusal
du_C_surv_0021,dual_use,safe_completion > hard_refusal,safe_completion
du_C_surv_0021,dual_use,safe_completion > unsafe_compliance,safe_completion
du_C_surv_0021,dual_use,hard_refusal > unsafe_compliance,baseline_refusal
du_C_surv_0022,dual_use,safe_completion > hard_refusal,safe_completion
du_C_surv_0022,dual_use,safe_completion > unsafe_compliance,safe_completion
du_C_surv_0022,dual_use,hard_refusal > unsafe_compliance,baseline_refusal
du_C_surv_0023,dual_use,safe_completion > hard_refusal,safe_completion
du_C_surv_0023,dual_use,safe_completion > unsafe_compliance,safe_completion
du_C_surv_0023,dual_use,hard_refusal > unsafe_compliance,baseline_refusal
du_C_surv_0024,dual_use,safe_completion > hard_refusal,safe_completion
du_C_surv_0024,dual_use,safe_completion > unsafe_compliance,safe_completion
du_C_surv_0024,dual_use,hard_refusal > unsafe_compliance,baseline_refusal
du_C_surv_0025,dual_use,safe_completion > hard_refusal,safe_completion
du_C_surv_0025,dual_use,safe_completion > unsafe_compliance,safe_completion
du_C_surv_0025,dual_use,hard_refusal > unsafe_compliance,baseline_refusal
du_C_surv_0026,dual_use,safe_completion > hard_refusal,safe_completion
du_C_surv_0026,dual_use,safe_completion > unsafe_compliance,safe_completion
du_C_surv_0026,dual_use,hard_refusal > unsafe_compliance,baseline_refusal
du_C_surv_0027,dual_use,safe_completion > hard_refusal,safe_completion
du_C_surv_0027,dual_use,safe_completion > unsafe_compliance,safe_completion
du_C_surv_0027,dual_use,hard_refusal > unsafe_compliance,baseline_refusal
du_C_surv_0028,dual_use,safe_completion > hard_refusal,safe_completion
du_C_surv_0028,dual_use,safe_completion > unsafe_compliance,safe_completion
du_C_surv_0028,dual_use,hard_refusal > unsafe_compliance,baseline_refusal
du_C_surv_0029,dual_use,safe_completion > hard_refusal,safe_completion
du_C_surv_0029,dual_use,safe_completion > unsafe_compliance,safe_completion
du_C_surv_0029,dual_use,hard_refusal > unsafe_compliance,baseline_refusal
du_C_surv_0030,dual_use,safe_completion > hard_refusal,safe_completion
du_C_surv_0030,dual_use,safe_completion > unsafe_compliance,safe_completion
du_C_surv_0030,dual_use,hard_refusal > unsafe_compliance,baseline_refusal
du_C_surv_0031,dual_use,safe_completion > hard_refusal,safe_completion
du_C_surv_0031,dual_use,safe_completion > unsafe_compliance,safe_completion
du_C_surv_0031,dual_use,hard_refusal > unsafe_compliance,baseline_refusal
du_C_surv_0032,dual_use,safe_completion > hard_refusal,safe_completion
du_C_surv_0032,dual_use,safe_completion > unsafe_compliance,safe_completion
du_C_surv_0032,dual_use,hard_refusal > unsafe_compliance,baseline_refusal
du_C_surv_0033,dual_use,safe_completion > hard_refusal,safe_completion
du_C_surv_0033,dual_use,safe_completion > unsafe_compliance,safe_completion
du_C_surv_0033,dual_use,hard_refusal > unsafe_compliance,baseline_refusal
du_C_surv_0034,dual_use,safe_completion > hard_refusal,safe_completion
du_C_surv_0034,dual_use,safe_completion > unsafe_compliance,safe_completion
du_C_surv_0034,dual_use,hard_refusal > unsafe_compliance,baseline_refusal
du_C_surv_0035,dual_use,safe_completion > hard_refusal,safe_completion
du_C_surv_0035,dual_use,safe_completion > unsafe_compliance,safe_completion
du_C_surv_0035,dual_use,hard_refusal > unsafe_compliance,baseline_refusal
du_C_surv_0036,dual_use,safe_completion > hard_refusal,safe_completion
du_C_surv_0036,dual_use,safe_completion > unsafe_compliance,safe_completion
du_C_surv_0036,dual_use,hard_refusal > unsafe_compliance,baseline_refusal
du_C_surv_0037,dual_use,safe_completion > hard_refusal,safe_completion
du_C_surv_0037,dual_use,safe_completion > unsafe_compliance,safe_completion
du_C_surv_0037,dual_use,hard_refusal > unsafe_compliance,baseline_refusal
du_C_surv_0038,dual_use,safe_completion > hard_refusal,safe_completion
du_C_surv_0038,dual_use,safe_completion > unsafe_compliance,safe_completion
du_C_surv_0038,dual_use,hard_refusal > unsafe_compliance,baseline_refusal
du_C_surv_0039,dual_use,safe_completion > hard_refusal,safe_completion
du_C_surv_0039,dual_use,safe_completion > unsafe_compliance,safe_completion
du_C_surv_0039,dual_use,hard_refusal > unsafe_compliance,baseline_refusal
du_C_surv_0040,dual_use,safe_completion > hard_refusal,safe_completion
du_C_surv_0040,dual_use,safe_completion > unsafe_compliance,safe_completion
du_C_surv_0040,dual_use,hard_refusal > unsafe_compliance,baseline_refusal
du_C_surv_0041,dual_use,safe_completion > hard_refusal,safe_completion
du_C_surv_0041,dual_use,safe_completion > unsafe_compliance,safe_completion
du_C_surv_0041,dual_use,hard_refusal > unsafe_compliance,baseline_refusal
du_C_surv_0042,dual_use,safe_completion > hard_refusal,safe_completion
du_C_surv_0042,dual_use,safe_completion > unsafe_compliance,safe_completion
du_C_surv_0042,dual_use,hard_refusal > unsafe_compliance,baseline_refusal
du_C_surv_0043,dual_use,safe_completion > hard_refusal,safe_completion
du_C_surv_0043,dual_use,safe_completion > unsafe_compliance,safe_completion
du_C_surv_0043,dual_use,hard_refusal > unsafe_compliance,baseline_refusal
du_C_surv_0044,dual_use,safe_completion > hard_refusal,safe_completion
du_C_surv_0044,dual_use,safe_completion > unsafe_compliance,safe_completion
du_C_surv_0044,dual_use,hard_refusal > unsafe_compliance,baseline_refusal
du_C_surv_0045,dual_use,safe_completion > hard_refusal,safe_completion
du_C_surv_0045,dual_use,safe_completion > unsafe_compliance,safe_completion
du_C_surv_0045,dual_use,hard_refusal > unsafe_compliance,baseline_refusal
du_C_surv_0046,dual_use,safe_completion > hard_refusal,safe_completion
du_C_surv_0046,dual_use,safe_completion > unsafe_compliance,safe_completion
du_C_surv_0046,dual_use,hard_refusal > unsafe_compliance,baseline_refusal
du_C_surv_0047,dual_use,safe_completion > hard_refusal,safe_completion
du_C_surv_0047,dual_use,safe_completion > unsafe_compliance,safe_completion
du_C_surv_0047,dual_use,hard_refusal > unsafe_compliance,baseline_refusal
du_C_surv_0048,dual_use,safe_completion > hard_refusal,safe_completion
du_C_surv_0048,dual_use,safe_completion > unsafe_compliance,safe_completion
du_C_surv_0048,dual_use,hard_refusal > unsafe_compliance,baseline_refusal
du_C_surv_0049,dual_use,safe_completion > hard_refusal,safe_completion
du_C_surv_0049,dual_use,safe_completion > unsafe_compliance,safe_completion
du_C_surv_0049,dual_use,hard_refusal > unsafe_compliance,baseline_refusal
du_C_surv_0050,dual_use,safe_completion > hard_refusal,safe_completion
du_C_surv_0050,dual_use,safe_completion > unsafe_compliance,safe_completion
du_C_surv_0050,dual_use,hard_refusal > unsafe_compliance,baseline_refusal
du_C_surv_0051,dual_use,safe_completion > hard_refusal,safe_completion
du_C_surv_0051,dual_use,safe_completion > unsafe_compliance,safe_completion
du_C_surv_0051,dual_use,hard_refusal > unsafe_compliance,baseline_refusal
du_C_surv_0052,dual_use,safe_completion > hard_refusal,safe_completion
du_C_surv_0052,dual_use,safe_completion > unsafe_compliance,safe_completion
du_C_surv_0052,dual_use,hard_refusal > unsafe_compliance,baseline_refusal
du_C_surv_0053,dual_use,safe_completion > hard_refusal,safe_completion
du_C_surv_0053,dual_use,safe_completion > unsafe_compliance,safe_completion
du_C_surv_0053,dual_use,hard_refusal > unsafe_compliance,baseline_refusal
du_C_surv_0054,dual_use,safe_completion > hard_refusal,safe_completion
du_C_surv_0054,dual_use,safe_completion > unsafe_compliance,safe_completion
du_C_surv_0054,dual_use,hard_refusal > unsafe_compliance,baseline_refusal
du_C_surv_0055,dual_use,safe_completion > hard_refusal,safe_completion
du_C_surv_0055,dual_use,safe_completion > unsafe_compliance,safe_completion
du_C_surv_0055,dual_use,hard_refusal > unsafe_compliance,baseline_refusal
du_C_surv_0056,dual_use,safe_completion > hard_refusal,safe_completion
du_C_surv_0056,dual_use,safe_completion > unsafe_compliance,safe_completion
du_C_surv_0056,dual_use,hard_refusal > unsafe_compliance,baseline_refusal
du_C_surv_0057,dual_use,safe_completion > hard_refusal,safe_completion
du_C_surv_0057,dual_use,safe_completion > unsafe_compliance,safe_completion
du_C_surv_0057,dual_use,hard_refusal > unsafe_compliance,baseline_refusal
du_C_surv_0058,dual_use,safe_completion > hard_refusal,safe_completion
du_C_surv_0058,dual_use,safe_completion > unsafe_compliance,safe_completion
du_C_surv_0058,dual_use,hard_refusal > unsafe_compliance,baseline_refusal
du_C_surv_0059,dual_use,safe_completion > hard_refusal,safe_completion
du_C_surv_0059,dual_use,safe_completion > unsafe_compliance,safe_completion
du_C_surv_0059,dual_use,hard_refusal > unsafe_compliance,baseline_refusal
du_C_surv_0060,dual_use,safe_completion > hard_refusal,safe_completion
du_C_surv_0060,dual_use,safe_completion > unsafe_compliance,safe_completion
du_C_surv_0060,dual_use,hard_refusal > unsafe_compliance,baseline_refusal
du_C_surv_0061,dual_use,safe_completion > hard_refusal,safe_completion
du_C_surv_0061,dual_use,safe_completion > unsafe_compliance,safe_completion
du_C_surv_0061,dual_use,hard_refusal > unsafe_compliance,baseline_refusal
du_C_surv_0062,dual_use,safe_completion > hard_refusal,safe_completion
du_C_surv_0062,dual_use,safe_completion > unsafe_compliance,safe_completion
du_C_surv_0062,dual_use,hard_refusal > unsafe_compliance,baseline_refusal
du_C_surv_0063,dual_use,safe_completion > hard_refusal,safe_completion
du_C_surv_0063,dual_use,safe_completion > unsafe_compliance,safe_completion
du_C_surv_0063,dual_use,hard_refusal > unsafe_compliance,baseline_refusal
du_C_surv_0064,dual_use,safe_completion > hard_refusal,safe_completion
du_C_surv_0064,dual_use,safe_completion > unsafe_compliance,safe_completion
du_C_surv_0064,dual_use,hard_refusal > unsafe_compliance,baseline_refusal
du_C_surv_0065,dual_use,safe_completion > hard_refusal,safe_completion
du_C_surv_0065,dual_use,safe_completion > unsafe_compliance,safe_completion
du_C_surv_0065,dual_use,hard_refusal > unsafe_compliance,baseline_refusal
du_C_surv_0066,dual_use,safe_completion > hard_refusal,safe_completion
du_C_surv_0066,dual_use,safe_completion > unsafe_compliance,safe_completion
du_C_surv_0066,dual_use,hard_refusal > unsafe_compliance,baseline_refusal
du_C_surv_0067,dual_use,safe_completion > hard_refusal,safe_completion
du_C_surv_0067,dual_use,safe_completion > unsafe_compliance,safe_completion
du_C_surv_0067,dual_use,hard_refusal > unsafe_compliance,baseline_refusal
du_C_surv_0068,dual_use,safe_completion > hard_refusal,safe_completion
du_C_surv_0068,dual_use,safe_completion > unsafe_compliance,safe_completion
du_C_surv_0068,dual_use,hard_refusal > unsafe_compliance,baseline_refusal
du_C_surv_0069,dual_use,safe_completion > hard_refusal,safe_completion
du_C_surv_0069,dual_use,safe_completion > unsafe_compliance,safe_completion
du_C_surv_0069,dual_use,hard_refusal > unsafe_compliance,baseline_refusal
du_C_surv_0070,dual_use,safe_completion > hard_refusal,safe_completion
du_C_surv_0070,dual_use,safe_completion > unsafe_compliance,safe_completion
du_C_surv_0070,dual_use,hard_refusal > unsafe_compliance,baseline_refusal
du_C_surv_0071,dual_use,safe_completion > hard_refusal,safe_completion
du_C_surv_0071,dual_use,safe_completion > unsafe_compliance,safe_completion
du_C_surv_0071,dual_use,hard_refusal > unsafe_compliance,baseline_refusal
du_C_surv_0072,dual_use,safe_completion > hard_refusal,safe_completion
du_C_surv_0072,dual_use,safe_completion > unsafe_compliance,safe_completion
du_C_surv_0072,dual_use,hard_refusal > unsafe_compliance,baseline_refusal
du_C_surv_0073,dual_use,safe_completion > hard_refusal,safe_completion
du_C_surv_0073,dual_use,safe_completion > unsafe_compliance,safe_completion
du_C_surv_0073,dual_use,hard_refusal > unsafe_compliance,baseline_refusal
du_C_surv_0074,dual_use,safe_completion > hard_refusal,safe_completion
du_C_surv_0074,dual_use,safe_completion > unsafe_compliance,safe_completion
du_C_surv_0074,dual_use,hard_refusal > unsafe_compliance,baseline_refusal
du_C_surv_0075,dual_use,safe_completion > hard_refusal,safe_completion
du_C_surv_0075,dual_use,safe_completion > unsafe_compliance,safe_completion
du_C_surv_0075,dual_use,hard_refusal > unsafe_compliance,baseline_refusal
du_C_surv_0076,dual_use,safe_completion > hard_refusal,safe_completion
du_C_surv_0076,dual_use,safe_completion > unsafe_compliance,safe_completion
du_C_surv_0076,dual_use,hard_refusal > unsafe_compliance,baseline_refusal
du_C_surv_0077,dual_use,safe_completion > hard_refusal,safe_completion
du_C_surv_0077,dual_use,safe_completion > unsafe_compliance,safe_completion
du_C_surv_0077,dual_use,hard_refusal > unsafe_compliance,baseline_refusal
du_C_surv_0078,dual_use,safe_completion > hard_refusal,safe_completion
du_C_surv_0078,dual_use,safe_completion > unsafe_compliance,safe_completion
du_C_surv_0078,dual_use,hard_refusal > unsafe_compliance,baseline_refusal
du_C_surv_0079,dual_use,safe_completion > hard_refusal,safe_completion
du_C_surv_0079,dual_use,safe_completion > unsafe_compliance,safe_completion
du_C_surv_0079,dual_use,hard_refusal > unsafe_compliance,baseline_refusal
du_C_surv_0080,dual_use,safe_completion > hard_refusal,safe_completion
du_C_surv_0080,dual_use,safe_completion > unsafe_compliance,safe_completion
du_C_surv_0080,dual_use,hard_refusal > unsafe_compliance,baseline_refusal
du_C_surv_0081,dual_use,safe_completion > hard_refusal,safe_completion
du_C_surv_0081,dual_use,safe_completion > unsafe_compliance,safe_completion
du_C_surv_0081,dual_use,hard_refusal > unsafe_compliance,baseline_refusal
du_C_surv_0082,dual_use,safe_completion > hard_refusal,safe_completion
du_C_surv_0082,dual_use,safe_completion > unsafe_compliance,safe_completion
du_C_surv_0082,dual_use,hard_refusal > unsafe_compliance,baseline_refusal
du_C_surv_0083,dual_use,safe_completion > hard_refusal,safe_completion
du_C_surv_0083,dual_use,safe_completion > unsafe_compliance,safe_completion
du_C_surv_0083,dual_use,hard_refusal > unsafe_compliance,baseline_refusal
du_C_surv_0084,dual_use,safe_completion > hard_refusal,safe_completion
du_C_surv_0084,dual_use,safe_completion > unsafe_compliance,safe_completion
du_C_surv_0084,dual_use,hard_refusal > unsafe_compliance,baseline_refusal
du_C_surv_0085,dual_use,safe_completion > hard_refusal,safe_completion
du_C_surv_0085,dual_use,safe_completion > unsafe_compliance,safe_completion
du_C_surv_0085,dual_use,hard_refusal > unsafe_compliance,baseline_refusal
du_C_surv_0086,dual_use,safe_completion > hard_refusal,safe_completion
du_C_surv_0086,dual_use,safe_completion > unsafe_compliance,safe_completion
du_C_surv_0086,dual_use,hard_refusal > unsafe_compliance,baseline_refusal
du_C_surv_0087,dual_use,safe_completion > hard_refusal,safe_completion
du_C_surv_0087,dual_use,safe_completion > unsafe_compliance,safe_completion
du_C_surv_0087,dual_use,hard_refusal > unsafe_compliance,baseline_refusal
du_C_surv_0088,dual_use,safe_completion > hard_refusal,safe_completion
du_C_surv_0088,dual_use,safe_completion > unsafe_compliance,safe_completion
du_C_surv_0088,dual_use,hard_refusal > unsafe_compliance,baseline_refusal
du_C_surv_0089,dual_use,safe_completion > hard_refusal,safe_completion
du_C_surv_0089,dual_use,safe_completion > unsafe_compliance,safe_completion
du_C_surv_0089,dual_use,hard_refusal > unsafe_compliance,baseline_refusal
du_C_surv_0090,dual_use,safe_completion > hard_refusal,safe_completion
du_C_surv_0090,dual_use,safe_completion > unsafe_compliance,safe_completion
du_C_surv_0090,dual_use,hard_refusal > unsafe_compliance,baseline_refusal
du_C_surv_0091,dual_use,safe_completion > hard_refusal,safe_completion
du_C_surv_0091,dual_use,safe_completion > unsafe_compliance,safe_completion
du_C_surv_0091,dual_use,hard_refusal > unsafe_compliance,baseline_refusal
du_C_surv_0092,dual_use,safe_completion > hard_refusal,safe_completion
du_C_surv_0092,dual_use,safe_completion > unsafe_compliance,safe_completion
du_C_surv_0092,dual_use,hard_refusal > unsafe_compliance,baseline_refusal
du_C_surv_0093,dual_use,safe_completion > hard_refusal,safe_completion
du_C_surv_0093,dual_use,safe_completion > unsafe_compliance,safe_completion
du_C_surv_0093,dual_use,hard_refusal > unsafe_compliance,baseline_refusal
du_C_surv_0094,dual_use,safe_completion > hard_refusal,safe_completion
du_C_surv_0094,dual_use,safe_completion > unsafe_compliance,safe_completion
du_C_surv_0094,dual_use,hard_refusal > unsafe_compliance,baseline_refusal
du_C_surv_0095,dual_use,safe_completion > hard_refusal,safe_completion
du_C_surv_0095,dual_use,safe_completion > unsafe_compliance,safe_completion
du_C_surv_0095,dual_use,hard_refusal > unsafe_compliance,baseline_refusal
du_C_surv_0096,dual_use,safe_completion > hard_refusal,safe_completion
du_C_surv_0096,dual_use,safe_completion > unsafe_compliance,safe_completion
du_C_surv_0096,dual_use,hard_refusal > unsafe_compliance,baseline_refusal
du_C_surv_0097,dual_use,safe_completion > hard_refusal,safe_completion
du_C_surv_0097,dual_use,safe_completion > unsafe_compliance,safe_completion
du_C_surv_0097,dual_use,hard_refusal > unsafe_compliance,baseline_refusal
du_C_surv_0098,dual_use,safe_completion > hard_refusal,safe_completion
du_C_surv_0098,dual_use,safe_completion > unsafe_compliance,safe_completion
du_C_surv_0098,dual_use,hard_refusal > unsafe_compliance,baseline_refusal
du_C_surv_0099,dual_use,safe_completion > hard_refusal,safe_completion
du_C_surv_0099,dual_use,safe_completion > unsafe_compliance,safe_completion
du_C_surv_0099,dual_use,hard_refusal > unsafe_compliance,baseline_refusal
du_C_surv_0100,dual_use,safe_completion > hard_refusal,safe_completion
du_C_surv_0100,dual_use,safe_completion > unsafe_compliance,safe_completion
du_C_surv_0100,dual_use,hard_refusal > unsafe_compliance,baseline_refusal
du_C_surv_0101,dual_use,safe_completion > hard_refusal,safe_completion
du_C_surv_0101,dual_use,safe_completion > unsafe_compliance,safe_completion
du_C_surv_0101,dual_use,hard_refusal > unsafe_compliance,baseline_refusal
du_C_surv_0102,dual_use,safe_completion > hard_refusal,safe_completion
du_C_surv_0102,dual_use,safe_completion > unsafe_compliance,safe_completion
du_C_surv_0102,dual_use,hard_refusal > unsafe_compliance,baseline_refusal
du_C_surv_0103,dual_use,safe_completion > hard_refusal,safe_completion
du_C_surv_0103,dual_use,safe_completion > unsafe_compliance,safe_completion
du_C_surv_0103,dual_use,hard_refusal > unsafe_compliance,baseline_refusal
du_C_surv_0104,dual_use,safe_completion > hard_refusal,safe_completion
du_C_surv_0104,dual_use,safe_completion > unsafe_compliance,safe_completion
du_C_surv_0104,dual_use,hard_refusal > unsafe_compliance,baseline_refusal
du_C_surv_0105,dual_use,safe_completion > hard_refusal,safe_completion
du_C_surv_0105,dual_use,safe_completion > unsafe_compliance,safe_completion
du_C_surv_0105,dual_use,hard_refusal > unsafe_compliance,baseline_refusal
du_C_surv_0106,dual_use,safe_completion > hard_refusal,safe_completion
du_C_surv_0106,dual_use,safe_completion > unsafe_compliance,safe_completion
du_C_surv_0106,dual_use,hard_refusal > unsafe_compliance,baseline_refusal
du_C_surv_0107,dual_use,safe_completion > hard_refusal,safe_completion
du_C_surv_0107,dual_use,safe_completion > unsafe_compliance,safe_completion
du_C_surv_0107,dual_use,hard_refusal > unsafe_compliance,baseline_refusal
du_C_surv_0108,dual_use,safe_completion > hard_refusal,safe_completion
du_C_surv_0108,dual_use,safe_completion > unsafe_compliance,safe_completion
du_C_surv_0108,dual_use,hard_refusal > unsafe_compliance,baseline_refusal
du_C_surv_0109,dual_use,safe_completion > hard_refusal,safe_completion
du_C_surv_0109,dual_use,safe_completion > unsafe_compliance,safe_completion
du_C_surv_0109,dual_use,hard_refusal > unsafe_compliance,baseline_refusal
du_C_surv_0110,dual_use,safe_completion > hard_refusal,safe_completion
du_C_surv_0110,dual_use,safe_completion > unsafe_compliance,safe_completion
du_C_surv_0110,dual_use,hard_refusal > unsafe_compliance,baseline_refusal
du_C_surv_0111,dual_use,safe_completion > hard_refusal,safe_completion
du_C_surv_0111,dual_use,safe_completion > unsafe_compliance,safe_completion
du_C_surv_0111,dual_use,hard_refusal > unsafe_compliance,baseline_refusal
du_C_surv_0112,dual_use,safe_completion > hard_refusal,safe_completion
du_C_surv_0112,dual_use,safe_completion > unsafe_compliance,safe_completion
du_C_surv_0112,dual_use,hard_refusal > unsafe_compliance,baseline_refusal
du_C_surv_0113,dual_use,safe_completion > hard_refusal,safe_completion
du_C_surv_0113,dual_use,safe_completion > unsafe_compliance,safe_completion
du_C_surv_0113,dual_use,hard_refusal > unsafe_compliance,baseline_refusal
du_C_surv_0114,dual_use,safe_completion > hard_refusal,safe_completion
du_C_surv_0114,dual_use,safe_completion > unsafe_compliance,safe_completion
du_C_surv_0114,dual_use,hard_refusal > unsafe_compliance,baseline_refusal
du_C_surv_0115,dual_use,safe_completion > hard_refusal,safe_completion
du_C_surv_0115,dual_use,safe_completion > unsafe_compliance,safe_completion
du_C_surv_0115,dual_use,hard_refusal > unsafe_compliance,baseline_refusal
du_C_surv_0116,dual_use,safe_completion > hard_refusal,safe_completion
du_C_surv_0116,dual_use,safe_completion > unsafe_compliance,safe_completion
du_C_surv_0116,dual_use,hard_refusal > unsafe_compliance,baseline_refusal
du_C_surv_0117,dual_use,safe_completion > hard_refusal,safe_completion
du_C_surv_0117,dual_use,safe_completion > unsafe_compliance,safe_completion
du_C_surv_0117,dual_use,hard_refusal > unsafe_compliance,baseline_refusal
du_C_surv_0118,dual_use,safe_completion > hard_refusal,safe_completion
du_C_surv_0118,dual_use,safe_completion > unsafe_compliance,safe_completion
du_C_surv_0118,dual_use,hard_refusal > unsafe_compliance,baseline_refusal
du_C_surv_0119,dual_use,safe_completion > hard_refusal,safe_completion
du_C_surv_0119,dual_use,safe_completion > unsafe_compliance,safe_completion
du_C_surv_0119,dual_use,hard_refusal > unsafe_compliance,baseline_refusal
du_C_surv_0120,dual_use,safe_completion > hard_refusal,safe_completion
du_C_surv_0120,dual_use,safe_completion > unsafe_compliance,safe_completion
du_C_surv_0120,dual_use,hard_refusal > unsafe_compliance,baseline_refusal
du_C_surv_0121,dual_use,safe_completion > hard_refusal,safe_completion
du_C_surv_0121,dual_use,safe_completion > unsafe_compliance,safe_completion
du_C_surv_0121,dual_use,hard_refusal > unsafe_compliance,baseline_refusal
du_C_surv_0122,dual_use,safe_completion > hard_refusal,safe_completion
du_C_surv_0122,dual_use,safe_completion > unsafe_compliance,safe_completion
du_C_surv_0122,dual_use,hard_refusal > unsafe_compliance,baseline_refusal
du_C_surv_0123,dual_use,safe_completion > hard_refusal,safe_completion
du_C_surv_0123,dual_use,safe_completion > unsafe_compliance,safe_completion
du_C_surv_0123,dual_use,hard_refusal > unsafe_compliance,baseline_refusal
du_C_surv_0124,dual_use,safe_completion > hard_refusal,safe_completion
du_C_surv_0124,dual_use,safe_completion > unsafe_compliance,safe_completion
du_C_surv_0124,dual_use,hard_refusal > unsafe_compliance,baseline_refusal
du_C_surv_0125,dual_use,safe_completion > hard_refusal,safe_completion
du_C_surv_0125,dual_use,safe_completion > unsafe_compliance,safe_completion
du_C_surv_0125,dual_use,hard_refusal > unsafe_compliance,baseline_refusal
du_C_surv_0126,dual_use,safe_completion > hard_refusal,safe_completion
du_C_surv_0126,dual_use,safe_completion > unsafe_compliance,safe_completion
du_C_surv_0126,dual_use,hard_refusal > unsafe_compliance,baseline_refusal
du_C_surv_0127,dual_use,safe_completion > hard_refusal,safe_completion
du_C_surv_0127,dual_use,safe_completion > unsafe_compliance,safe_completion
du_C_surv_0127,dual_use,hard_refusal > unsafe_compliance,baseline_refusal
du_C_surv_0128,dual_use,safe_completion > hard_refusal,safe_completion
du_C_surv_0128,dual_use,safe_completion > unsafe_compliance,safe_completion
du_C_surv_0128,dual_use,hard_refusal > unsafe_compliance,baseline_refusal
du_C_surv_0129,dual_use,safe_completion > hard_refusal,safe_completion
du_C_surv_0129,dual_use,safe_completion > unsafe_compliance,safe_completion
du_C_surv_0129,dual_use,hard_refusal > unsafe_compliance,baseline_refusal
du_C_surv_0130,dual_use,safe_completion > hard_refusal,safe_completion
du_C_surv_0130,dual_use,safe_completion > unsafe_compliance,safe_completion
du_C_surv_0130,dual_use,hard_refusal > unsafe_compliance,baseline_refusal
du_C_surv_0131,dual_use,safe_completion > hard_refusal,safe_completion
du_C_surv_0131,dual_use,safe_completion > unsafe_compliance,safe_completion
du_C_surv_0131,dual_use,hard_refusal > unsafe_compliance,baseline_refusal
du_C_surv_0132,dual_use,safe_completion > hard_refusal,safe_completion
du_C_surv_0132,dual_use,safe_completion > unsafe_compliance,safe_completion
du_C_surv_0132,dual_use,hard_refusal > unsafe_compliance,baseline_refusal
du_C_surv_0133,dual_use,safe_completion > hard_refusal,safe_completion
du_C_surv_0133,dual_use,safe_completion > unsafe_compliance,safe_completion
du_C_surv_0133,dual_use,hard_refusal > unsafe_compliance,baseline_refusal
du_C_surv_0134,dual_use,safe_completion > hard_refusal,safe_completion
du_C_surv_0134,dual_use,safe_completion > unsafe_compliance,safe_completion
du_C_surv_0134,dual_use,hard_refusal > unsafe_compliance,baseline_refusal
du_C_surv_0135,dual_use,safe_completion > hard_refusal,safe_completion
du_C_surv_0135,dual_use,safe_completion > unsafe_compliance,safe_completion
du_C_surv_0135,dual_use,hard_refusal > unsafe_compliance,baseline_refusal
du_C_surv_0136,dual_use,safe_completion > hard_refusal,safe_completion
du_C_surv_0136,dual_use,safe_completion > unsafe_compliance,safe_completion
du_C_surv_0136,dual_use,hard_refusal > unsafe_compliance,baseline_refusal
du_C_surv_0137,dual_use,safe_completion > hard_refusal,safe_completion
du_C_surv_0137,dual_use,safe_completion > unsafe_compliance,safe_completion
du_C_surv_0137,dual_use,hard_refusal > unsafe_compliance,baseline_refusal
du_C_surv_0138,dual_use,safe_completion > hard_refusal,safe_completion
du_C_surv_0138,dual_use,safe_completion > unsafe_compliance,safe_completion
du_C_surv_0138,dual_use,hard_refusal > unsafe_compliance,baseline_refusal
du_C_surv_0139,dual_use,safe_completion > hard_refusal,safe_completion
du_C_surv_0139,dual_use,safe_completion > unsafe_compliance,safe_completion
du_C_surv_0139,dual_use,hard_refusal > unsafe_compliance,baseline_refusal
du_C_surv_0140,dual_use,safe_completion > hard_refusal,safe_completion
du_C_surv_0140,dual_use,safe_completion > unsafe_compliance,safe_completion
du_C_surv_0140,dual_use,hard_refusal > unsafe_compliance,baseline_refusal
du_C_surv_0141,dual_use,safe_completion > hard_refusal,safe_completion
du_C_surv_0141,dual_use,safe_completion > unsafe_compliance,safe_completion
du_C_surv_0141,dual_use,hard_refusal > unsafe_compliance,baseline_refusal
du_C_surv_0142,dual_use,safe_completion > hard_refusal,safe_completion
du_C_surv_0142,dual_use,safe_completion > unsafe_compliance,safe_completion
du_C_surv_0142,dual_use,hard_refusal > unsafe_compliance,baseline_refusal
du_C_surv_0143,dual_use,safe_completion > hard_refusal,safe_completion
du_C_surv_0143,dual_use,safe_completion > unsafe_compliance,safe_completion
du_C_surv_0143,dual_use,hard_refusal > unsafe_compliance,baseline_refusal
du_C_surv_0144,dual_use,safe_completion > hard_refusal,safe_completion
du_C_surv_0144,dual_use,safe_completion > unsafe_compliance,safe_completion
du_C_surv_0144,dual_use,hard_refusal > unsafe_compliance,baseline_refusal
du_C_surv_0145,dual_use,safe_completion > hard_refusal,safe_completion
du_C_surv_0145,dual_use,safe_completion > unsafe_compliance,safe_completion
du_C_surv_0145,dual_use,hard_refusal > unsafe_compliance,baseline_refusal
du_C_surv_0146,dual_use,safe_completion > hard_refusal,safe_completion
du_C_surv_0146,dual_use,safe_completion > unsafe_compliance,safe_completion
du_C_surv_0146,dual_use,hard_refusal > unsafe_compliance,baseline_refusal
du_C_surv_0147,dual_use,safe_completion > hard_refusal,safe_completion
du_C_surv_0147,dual_use,safe_completion > unsafe_compliance,safe_completion
du_C_surv_0147,dual_use,hard_refusal > unsafe_compliance,baseline_refusal
du_C_surv_0148,dual_use,safe_completion > hard_refusal,safe_completion
du_C_surv_0148,dual_use,safe_completion > unsafe_compliance,safe_completion
du_C_surv_0148,dual_use,hard_refusal > unsafe_compliance,baseline_refusal
du_C_surv_0149,dual_use,safe_completion > hard_refusal,safe_completion
du_C_surv_0149,dual_use,safe_completion > unsafe_compliance,safe_completion
du_C_surv_0149,dual_use,hard_refusal > unsafe_compliance,baseline_refusal
du_C_surv_0150,dual_use,safe_completion > hard_refusal,safe_completion
du_C_surv_0150,dual_use,safe_completion > unsafe_compliance,safe_completion
du_C_surv_0150,dual_use,hard_refusal > unsafe_compliance,baseline_refusal
du_C_surv_0151,dual_use,safe_completion > hard_refusal,safe_completion
du_C_surv_0151,dual_use,safe_completion > unsafe_compliance,safe_completion
du_C_surv_0151,dual_use,hard_refusal > unsafe_compliance,baseline_refusal
du_C_surv_0152,dual_use,safe_completion > hard_refusal,safe_completion
du_C_surv_0152,dual_use,safe_completion > unsafe_compliance,safe_completion
du_C_surv_0152,dual_use,hard_refusal > unsafe_compliance,baseline_refusal
du_C_surv_0153,dual_use,safe_completion > hard_refusal,safe_completion
du_C_surv_0153,dual_use,safe_completion > unsafe_compliance,safe_completion
du_C_surv_0153,dual_use,hard_refusal > unsafe_compliance,baseline_refusal
du_C_surv_0154,dual_use,safe_completion > hard_refusal,safe_completion
du_C_surv_0154,dual_use,safe_completion > unsafe_compliance,safe_completion
du_C_surv_0154,dual_use,hard_refusal > unsafe_compliance,baseline_refusal
du_C_surv_0155,dual_use,safe_completion > hard_refusal,safe_completion
du_C_surv_0155,dual_use,safe_completion > unsafe_compliance,safe_completion
du_C_surv_0155,dual_use,hard_refusal > unsafe_compliance,baseline_refusal
du_C_surv_0156,dual_use,safe_completion > hard_refusal,safe_completion
du_C_surv_0156,dual_use,safe_completion > unsafe_compliance,safe_completion
du_C_surv_0156,dual_use,hard_refusal > unsafe_compliance,baseline_refusal
du_C_surv_0157,dual_use,safe_completion > hard_refusal,safe_completion
du_C_surv_0157,dual_use,safe_completion > unsafe_compliance,safe_completion
du_C_surv_0157,dual_use,hard_refusal > unsafe_compliance,baseline_refusal
du_C_surv_0158,dual_use,safe_completion > hard_refusal,safe_completion
du_C_surv_0158,dual_use,safe_completion > unsafe_compliance,safe_completion
du_C_surv_0158,dual_use,hard_refusal > unsafe_compliance,baseline_refusal
du_C_surv_0159,dual_use,safe_completion > hard_refusal,safe_completion
du_C_surv_0159,dual_use,safe_completion > unsafe_compliance,safe_completion
du_C_surv_0159,dual_use,hard_refusal > unsafe_compliance,baseline_refusal
du_C_surv_0160,dual_use,safe_completion > hard_refusal,safe_completion
du_C_surv_0160,dual_use,safe_completion > unsafe_compliance,safe_completion
du_C_surv_0160,dual_use,hard_refusal > unsafe_compliance,baseline_refusal
du_C_surv_0161,dual_use,safe_completion > hard_refusal,safe_completion
du_C_surv_0161,dual_use,safe_completion > unsafe_compliance,safe_completion
du_C_surv_0161,dual_use,hard_refusal > unsafe_compliance,baseline_refusal
du_C_surv_0162,dual_use,safe_completion > hard_refusal,safe_completion
du_C_surv_0162,dual_use,safe_completion > unsafe_compliance,safe_completion
du_C_surv_0162,dual_use,hard_refusal > unsafe_compliance,baseline_refusal
du_C_surv_0163,dual_use,safe_completion > hard_refusal,safe_completion
du_C_surv_0163,dual_use,safe_completion > unsafe_compliance,safe_completion
du_C_surv_0163,dual_use,hard_refusal > unsafe_compliance,baseline_refusal
du_C_surv_0164,dual_use,safe_completion > hard_refusal,safe_completion
du_C_surv_0164,dual_use,safe_completion > unsafe_compliance,safe_completion
du_C_surv_0164,dual_use,hard_refusal > unsafe_compliance,baseline_refusal
du_C_surv_0165,dual_use,safe_completion > hard_refusal,safe_completion
du_C_surv_0165,dual_use,safe_completion > unsafe_compliance,safe_completion
du_C_surv_0165,dual_use,hard_refusal > unsafe_compliance,baseline_refusal
du_C_surv_0166,dual_use,safe_completion > hard_refusal,safe_completion
du_C_surv_0166,dual_use,safe_completion > unsafe_compliance,safe_completion
du_C_surv_0166,dual_use,hard_refusal > unsafe_compliance,baseline_refusal
du_C_surv_0167,dual_use,safe_completion > hard_refusal,safe_completion
du_C_surv_0167,dual_use,safe_completion > unsafe_compliance,safe_completion
du_C_surv_0167,dual_use,hard_refusal > unsafe_compliance,baseline_refusal
du_C_surv_0168,dual_use,safe_completion > hard_refusal,safe_completion
du_C_surv_0168,dual_use,safe_completion > unsafe_compliance,safe_completion
du_C_surv_0168,dual_use,hard_refusal > unsafe_compliance,baseline_refusal
du_C_surv_0169,dual_use,safe_completion > hard_refusal,safe_completion
du_C_surv_0169,dual_use,safe_completion > unsafe_compliance,safe_completion
du_C_surv_0169,dual_use,hard_refusal > unsafe_compliance,baseline_refusal
du_C_surv_0170,dual_use,safe_completion > hard_refusal,safe_completion
du_C_surv_0170,dual_use,safe_completion > unsafe_compliance,safe_completion
du_C_surv_0170,dual_use,hard_refusal > unsafe_compliance,baseline_refusal
du_C_surv_0171,dual_use,safe_completion > hard_refusal,safe_completion
du_C_surv_0171,dual_use,safe_completion > unsafe_compliance,safe_completion
du_C_surv_0171,dual_use,hard_refusal > unsafe_compliance,baseline_refusal
du_C_surv_0172,dual_use,safe_completion > hard_refusal,safe_completion
du_C_surv_0172,dual_use,safe_completion > unsafe_compliance,safe_completion
du_C_surv_0172,dual_use,hard_refusal > unsafe_compliance,baseline_refusal
du_C_surv_0173,dual_use,safe_completion > hard_refusal,safe_completion
du_C_surv_0173,dual_use,safe_completion > unsafe_compliance,safe_completion
du_C_surv_0173,dual_use,hard_refusal > unsafe_compliance,baseline_refusal
du_C_surv_0174,dual_use,safe_completion > hard_refusal,safe_completion
du_C_surv_0174,dual_use,safe_completion > unsafe_compliance,safe_completion
du_C_surv_0174,dual_use,hard_refusal > unsafe_compliance,baseline_refusal
du_C_surv_0175,dual_use,safe_completion > hard_refusal,safe_completion
du_C_surv_0175,dual_use,safe_completion > unsafe_compliance,safe_completion
du_C_surv_0175,dual_use,hard_refusal > unsafe_compliance,baseline_refusal
du_C_surv_0176,dual_use,safe_completion > hard_refusal,safe_completion
du_C_surv_0176,dual_use,safe_completion > unsafe_compliance,safe_completion
du_C_surv_0176,dual_use,hard_refusal > unsafe_compliance,baseline_refusal
du_C_surv_0177,dual_use,safe_completion > hard_refusal,safe_completion
du_C_surv_0177,dual_use,safe_completion > unsafe_compliance,safe_completion
du_C_surv_0177,dual_use,hard_refusal > unsafe_compliance,baseline_refusal
du_C_surv_0178,dual_use,safe_completion > hard_refusal,safe_completion
du_C_surv_0178,dual_use,safe_completion > unsafe_compliance,safe_completion
du_C_surv_0178,dual_use,hard_refusal > unsafe_compliance,baseline_refusal
du_C_surv_0179,dual_use,safe_completion > hard_refusal,safe_completion
du_C_surv_0179,dual_use,safe_completion > unsafe_compliance,safe_completion
du_C_surv_0179,dual_use,hard_refusal > unsafe_compliance,baseline_refusal
du_C_surv_0180,dual_use,safe_completion > hard_refusal,safe_completion
du_C_surv_0180,dual_use,safe_completion > unsafe_compliance,safe_completion
du_C_surv_0180,dual_use,hard_refusal > unsafe_compliance,baseline_refusal
du_C_surv_0181,dual_use,safe_completion > hard_refusal,safe_completion
du_C_surv_0181,dual_use,safe_completion > unsafe_compliance,safe_completion
du_C_surv_0181,dual_use,hard_refusal > unsafe_compliance,baseline_refusal
du_C_surv_0182,dual_use,safe_completion > hard_refusal,safe_completion
du_C_surv_0182,dual_use,safe_completion > unsafe_compliance,safe_completion
du_C_surv_0182,dual_use,hard_refusal > unsafe_compliance,baseline_refusal
du_C_surv_0183,dual_use,safe_completion > hard_refusal,safe_completion
du_C_surv_0183,dual_use,safe_completion > unsafe_compliance,safe_completion
du_C_surv_0183,dual_use,hard_refusal > unsafe_compliance,baseline_refusal
du_C_surv_0184,dual_use,safe_completion > hard_refusal,safe_completion
du_C_surv_0184,dual_use,safe_completion > unsafe_compliance,safe_completion
du_C_surv_0184,dual_use,hard_refusal > unsafe_compliance,baseline_refusal
du_C_surv_0185,dual_use,safe_completion > hard_refusal,safe_completion
du_C_surv_0185,dual_use,safe_completion > unsafe_compliance,safe_completion
du_C_surv_0185,dual_use,hard_refusal > unsafe_compliance,baseline_refusal
du_C_surv_0186,dual_use,safe_completion > hard_refusal,safe_completion
du_C_surv_0186,dual_use,safe_completion > unsafe_compliance,safe_completion
du_C_surv_0186,dual_use,hard_refusal > unsafe_compliance,baseline_refusal
du_C_surv_0187,dual_use,safe_completion > hard_refusal,safe_completion
du_C_surv_0187,dual_use,safe_completion > unsafe_compliance,safe_completion
du_C_surv_0187,dual_use,hard_refusal > unsafe_compliance,baseline_refusal
du_C_surv_0188,dual_use,safe_completion > hard_refusal,safe_completion
du_C_surv_0188,dual_use,safe_completion > unsafe_compliance,safe_completion
du_C_surv_0188,dual_use,hard_refusal > unsafe_compliance,baseline_refusal
du_C_surv_0189,dual_use,safe_completion > hard_refusal,safe_completion
du_C_surv_0189,dual_use,safe_completion > unsafe_compliance,safe_completion
du_C_surv_0189,dual_use,hard_refusal > unsafe_compliance,baseline_refusal
du_C_surv_0190,dual_use,safe_completion > hard_refusal,safe_completion
du_C_surv_0190,dual_use,safe_completion > unsafe_compliance,safe_completion
du_C_surv_0190,dual_use,hard_refusal > unsafe_compliance,baseline_refusal
du_C_surv_0191,dual_use,safe_completion > hard_refusal,safe_completion
du_C_surv_0191,dual_use,safe_completion > unsafe_compliance,safe_completion
du_C_surv_0191,dual_use,hard_refusal > unsafe_compliance,baseline_refusal
du_C_surv_0192,dual_use,safe_completion > hard_refusal,safe_completion
du_C_surv_0192,dual_use,safe_completion > unsafe_compliance,safe_completion
du_C_surv_0192,dual_use,hard_refusal > unsafe_compliance,baseline_refusal
du_C_surv_0193,dual_use,safe_completion > hard_refusal,safe_completion
du_C_surv_0193,dual_use,safe_completion > unsafe_compliance,safe_completion
du_C_surv_0193,dual_use,hard_refusal > unsafe_compliance,baseline_refusal
du_C_surv_0194,dual_use,safe_completion > hard_refusal,safe_completion
du_C_surv_0194,dual_use,safe_completion > unsafe_compliance,safe_completion
du_C_surv_0194,dual_use,hard_refusal > unsafe_compliance,baseline_refusal
du_C_surv_0195,dual_use,safe_completion > hard_refusal,safe_completion
du_C_surv_0195,dual_use,safe_completion > unsafe_compliance,safe_completion
du_C_surv_0195,dual_use,hard_refusal > unsafe_compliance,baseline_refusal
du_C_surv_0196,dual_use,safe_completion > hard_refusal,safe_completion
du_C_surv_0196,dual_use,safe_completion > unsafe_compliance,safe_completion
du_C_surv_0196,dual_use,hard_refusal > unsafe_compliance,baseline_refusal
du_C_surv_0197,dual_use,safe_completion > hard_refusal,safe_completion
du_C_surv_0197,dual_use,safe_completion > unsafe_compliance,safe_completion
du_C_surv_0197,dual_use,hard_refusal > unsafe_compliance,baseline_refusal
du_C_surv_0198,dual_use,safe_completion > hard_refusal,safe_completion
du_C_surv_0198,dual_use,safe_completion > unsafe_compliance,safe_completion
du_C_surv_0198,dual_use,hard_refusal > unsafe_compliance,baseline_refusal
du_C_surv_0199,dual_use,safe_completion > hard_refusal,safe_completion
du_C_surv_0199,dual_use,safe_completion > unsafe_compliance,safe_completion
du_C_surv_0199,dual_use,hard_refusal > unsafe_compliance,baseline_refusal
du_C_surv_0200,dual_use,safe_completion > hard_refusal,safe_completion
du_C_surv_0200,dual_use,safe_completion > unsafe_compliance,safe_completion
du_C_surv_0200,dual_use,hard_refusal > unsafe_compliance,baseline_refusal
du_C_surv_0201,dual_use,safe_completion > hard_refusal,safe_completion
du_C_surv_0201,dual_use,safe_completion > unsafe_compliance,safe_completion
du_C_surv_0201,dual_use,hard_refusal > unsafe_compliance,baseline_refusal
du_C_surv_0202,dual_use,safe_completion > hard_refusal,safe_completion
du_C_surv_0202,dual_use,safe_completion > unsafe_compliance,safe_completion
du_C_surv_0202,dual_use,hard_refusal > unsafe_compliance,baseline_refusal
du_C_surv_0203,dual_use,safe_completion > hard_refusal,safe_completion
du_C_surv_0203,dual_use,safe_completion > unsafe_compliance,safe_completion
du_C_surv_0203,dual_use,hard_refusal > unsafe_compliance,baseline_refusal
du_C_surv_0204,dual_use,safe_completion > hard_refusal,safe_completion
du_C_surv_0204,dual_use,safe_completion > unsafe_compliance,safe_completion
du_C_surv_0204,dual_use,hard_refusal > unsafe_compliance,baseline_refusal
du_C_surv_0205,dual_use,safe_completion > hard_refusal,safe_completion
du_C_surv_0205,dual_use,safe_completion > unsafe_compliance,safe_completion
du_C_surv_0205,dual_use,hard_refusal > unsafe_compliance,baseline_refusal
du_C_surv_0206,dual_use,safe_completion > hard_refusal,safe_completion
du_C_surv_0206,dual_use,safe_completion > unsafe_compliance,safe_completion
du_C_surv_0206,dual_use,hard_refusal > unsafe_compliance,baseline_refusal
du_C_surv_0207,dual_use,safe_completion > hard_refusal,safe_completion
du_C_surv_0207,dual_use,safe_completion > unsafe_compliance,safe_completion
du_C_surv_0207,dual_use,hard_refusal > unsafe_compliance,baseline_refusal
du_C_surv_0208,dual_use,safe_completion > hard_refusal,safe_completion
du_C_surv_0208,dual_use,safe_completion > unsafe_compliance,safe_completion
du_C_surv_0208,dual_use,hard_refusal > unsafe_compliance,baseline_refusal
du_C_surv_0209,dual_use,safe_completion > hard_refusal,safe_completion
du_C_surv_0209,dual_use,safe_completion > unsafe_compliance,safe_completion
du_C_surv_0209,dual_use,hard_refusal > unsafe_compliance,baseline_refusal
du_C_surv_0210,dual_use,safe_completion > hard_refusal,safe_completion
du_C_surv_0210,dual_use,safe_completion > unsafe_compliance,safe_completion
du_C_surv_0210,dual_use,hard_refusal > unsafe_compliance,baseline_refusal
du_C_surv_0211,dual_use,safe_completion > hard_refusal,safe_completion
du_C_surv_0211,dual_use,safe_completion > unsafe_compliance,safe_completion
du_C_surv_0211,dual_use,hard_refusal > unsafe_compliance,baseline_refusal
du_C_surv_0212,dual_use,safe_completion > hard_refusal,safe_completion
du_C_surv_0212,dual_use,safe_completion > unsafe_compliance,safe_completion
du_C_surv_0212,dual_use,hard_refusal > unsafe_compliance,baseline_refusal
du_C_surv_0213,dual_use,safe_completion > hard_refusal,safe_completion
du_C_surv_0213,dual_use,safe_completion > unsafe_compliance,safe_completion
du_C_surv_0213,dual_use,hard_refusal > unsafe_compliance,baseline_refusal
du_C_surv_0214,dual_use,safe_completion > hard_refusal,safe_completion
du_C_surv_0214,dual_use,safe_completion > unsafe_compliance,safe_completion
du_C_surv_0214,dual_use,hard_refusal > unsafe_compliance,baseline_refusal
du_C_surv_0215,dual_use,safe_completion > hard_refusal,safe_completion
du_C_surv_0215,dual_use,safe_completion > unsafe_compliance,safe_completion
du_C_surv_0215,dual_use,hard_refusal > unsafe_compliance,baseline_refusal
du_C_surv_0216,dual_use,safe_completion > hard_refusal,safe_completion
du_C_surv_0216,dual_use,safe_completion > unsafe_compliance,safe_completion
du_C_surv_0216,dual_use,hard_refusal > unsafe_compliance,baseline_refusal
du_C_surv_0217,dual_use,safe_completion > hard_refusal,safe_completion
du_C_surv_0217,dual_use,safe_completion > unsafe_compliance,safe_completion
du_C_surv_0217,dual_use,hard_refusal > unsafe_compliance,baseline_refusal
du_C_surv_0218,dual_use,safe_completion > hard_refusal,safe_completion
du_C_surv_0218,dual_use,safe_completion > unsafe_compliance,safe_completion
du_C_surv_0218,dual_use,hard_refusal > unsafe_compliance,baseline_refusal
du_C_surv_0219,dual_use,safe_completion > hard_refusal,safe_completion
du_C_surv_0219,dual_use,safe_completion > unsafe_compliance,safe_completion
du_C_surv_0219,dual_use,hard_refusal > unsafe_compliance,baseline_refusal
du_C_surv_0220,dual_use,safe_completion > hard_refusal,safe_completion
du_C_surv_0220,dual_use,safe_completion > unsafe_compliance,safe_completion
du_C_surv_0220,dual_use,hard_refusal > unsafe_compliance,baseline_refusal
du_C_surv_0221,dual_use,safe_completion > hard_refusal,safe_completion
du_C_surv_0221,dual_use,safe_completion > unsafe_compliance,safe_completion
du_C_surv_0221,dual_use,hard_refusal > unsafe_compliance,baseline_refusal
du_C_surv_0222,dual_use,safe_completion > hard_refusal,safe_completion
du_C_surv_0222,dual_use,safe_completion > unsafe_compliance,safe_completion
du_C_surv_0222,dual_use,hard_refusal > unsafe_compliance,baseline_refusal
du_C_surv_0223,dual_use,safe_completion > hard_refusal,safe_completion
du_C_surv_0223,dual_use,safe_completion > unsafe_compliance,safe_completion
du_C_surv_0223,dual_use,hard_refusal > unsafe_compliance,baseline_refusal
du_C_surv_0224,dual_use,safe_completion > hard_refusal,safe_completion
du_C_surv_0224,dual_use,safe_completion > unsafe_compliance,safe_completion
du_C_surv_0224,dual_use,hard_refusal > unsafe_compliance,baseline_refusal
du_C_surv_0225,dual_use,safe_completion > hard_refusal,safe_completion
du_C_surv_0225,dual_use,safe_completion > unsafe_compliance,safe_completion
du_C_surv_0225,dual_use,hard_refusal > unsafe_compliance,baseline_refusal
du_C_surv_0226,dual_use,safe_completion > hard_refusal,safe_completion
du_C_surv_0226,dual_use,safe_completion > unsafe_compliance,safe_completion
du_C_surv_0226,dual_use,hard_refusal > unsafe_compliance,baseline_refusal
du_C_surv_0227,dual_use,safe_completion > hard_refusal,safe_completion
du_C_surv_0227,dual_use,safe_completion > unsafe_compliance,safe_completion
du_C_surv_0227,dual_use,hard_refusal > unsafe_compliance,baseline_refusal
du_C_surv_0228,dual_use,safe_completion > hard_refusal,safe_completion
du_C_surv_0228,dual_use,safe_completion > unsafe_compliance,safe_completion
du_C_surv_0228,dual_use,hard_refusal > unsafe_compliance,baseline_refusal
du_C_surv_0229,dual_use,safe_completion > hard_refusal,safe_completion
du_C_surv_0229,dual_use,safe_completion > unsafe_compliance,safe_completion
du_C_surv_0229,dual_use,hard_refusal > unsafe_compliance,baseline_refusal
du_C_surv_0230,dual_use,safe_completion > hard_refusal,safe_completion
du_C_surv_0230,dual_use,safe_completion > unsafe_compliance,safe_completion
du_C_surv_0230,dual_use,hard_refusal > unsafe_compliance,baseline_refusal
du_C_surv_0231,dual_use,safe_completion > hard_refusal,safe_completion
du_C_surv_0231,dual_use,safe_completion > unsafe_compliance,safe_completion
du_C_surv_0231,dual_use,hard_refusal > unsafe_compliance,baseline_refusal
du_C_surv_0232,dual_use,safe_completion > hard_refusal,safe_completion
du_C_surv_0232,dual_use,safe_completion > unsafe_compliance,safe_completion
du_C_surv_0232,dual_use,hard_refusal > unsafe_compliance,baseline_refusal
du_C_surv_0233,dual_use,safe_completion > hard_refusal,safe_completion
du_C_surv_0233,dual_use,safe_completion > unsafe_compliance,safe_completion
du_C_surv_0233,dual_use,hard_refusal > unsafe_compliance,baseline_refusal
du_C_surv_0234,dual_use,safe_completion > hard_refusal,safe_completion
du_C_surv_0234,dual_use,safe_completion > unsafe_compliance,safe_completion
du_C_surv_0234,dual_use,hard_refusal > unsafe_compliance,baseline_refusal
du_C_surv_0235,dual_use,safe_completion > hard_refusal,safe_completion
du_C_surv_0235,dual_use,safe_completion > unsafe_compliance,safe_completion
du_C_surv_0235,dual_use,hard_refusal > unsafe_compliance,baseline_refusal
du_C_surv_0236,dual_use,safe_completion > hard_refusal,safe_completion
du_C_surv_0236,dual_use,safe_completion > unsafe_compliance,safe_completion
du_C_surv_0236,dual_use,hard_refusal > unsafe_compliance,baseline_refusal
du_C_surv_0237,dual_use,safe_completion > hard_refusal,safe_completion
du_C_surv_0237,dual_use,safe_completion > unsafe_compliance,safe_completion
du_C_surv_0237,dual_use,hard_refusal > unsafe_compliance,baseline_refusal
du_C_surv_0238,dual_use,safe_completion > hard_refusal,safe_completion
du_C_surv_0238,dual_use,safe_completion > unsafe_compliance,safe_completion
du_C_surv_0238,dual_use,hard_refusal > unsafe_compliance,baseline_refusal
du_C_surv_0239,dual_use,safe_completion > hard_refusal,safe_completion
du_C_surv_0239,dual_use,safe_completion > unsafe_compliance,safe_completion
du_C_surv_0239,dual_use,hard_refusal > unsafe_compliance,baseline_refusal
du_C_surv_0240,dual_use,safe_completion > hard_refusal,safe_completion
du_C_surv_0240,dual_use,safe_completion > unsafe_compliance,safe_completion
du_C_surv_0240,dual_use,hard_refusal > unsafe_compliance,baseline_refusal
du_C_surv_0241,dual_use,safe_completion > hard_refusal,safe_completion
du_C_surv_0241,dual_use,safe_completion > unsafe_compliance,safe_completion
du_C_surv_0241,dual_use,hard_refusal > unsafe_compliance,baseline_refusal
du_C_surv_0242,dual_use,safe_completion > hard_refusal,safe_completion
du_C_surv_0242,dual_use,safe_completion > unsafe_compliance,safe_completion
du_C_surv_0242,dual_use,hard_refusal > unsafe_compliance,baseline_refusal
du_C_surv_0243,dual_use,safe_completion > hard_refusal,safe_completion
du_C_surv_0243,dual_use,safe_completion > unsafe_compliance,safe_completion
du_C_surv_0243,dual_use,hard_refusal > unsafe_compliance,baseline_refusal
du_C_surv_0244,dual_use,safe_completion > hard_refusal,safe_completion
du_C_surv_0244,dual_use,safe_completion > unsafe_compliance,safe_completion
du_C_surv_0244,dual_use,hard_refusal > unsafe_compliance,baseline_refusal
du_C_surv_0245,dual_use,safe_completion > hard_refusal,safe_completion
du_C_surv_0245,dual_use,safe_completion > unsafe_compliance,safe_completion
du_C_surv_0245,dual_use,hard_refusal > unsafe_compliance,baseline_refusal
du_C_surv_0246,dual_use,safe_completion > hard_refusal,safe_completion
du_C_surv_0246,dual_use,safe_completion > unsafe_compliance,safe_completion
du_C_surv_0246,dual_use,hard_refusal > unsafe_compliance,baseline_refusal
du_C_surv_0247,dual_use,safe_completion > hard_refusal,safe_completion
du_C_surv_0247,dual_use,safe_completion > unsafe_compliance,safe_completion
du_C_surv_0247,dual_use,hard_refusal > unsafe_compliance,baseline_refusal
du_C_surv_0248,dual_use,safe_completion > hard_refusal,safe_completion
du_C_surv_0248,dual_use,safe_completion > unsafe_compliance,safe_completion
du_C_surv_0248,dual_use,hard_refusal > unsafe_compliance,baseline_refusal
du_C_surv_0249,dual_use,safe_completion > hard_refusal,safe_completion
du_C_surv_0249,dual_use,safe_completion > unsafe_compliance,safe_completion
du_C_surv_0249,dual_use,hard_refusal > unsafe_compliance,baseline_refusal
du_C_surv_0250,dual_use,safe_completion > hard_refusal,safe_completion
du_C_surv_0250,dual_use,safe_completion > unsafe_compliance,safe_completion
du_C_surv_0250,dual_use,hard_refusal > unsafe_compliance,baseline_refusal
du_D_disinfo_0001,dual_use,safe_completion > hard_refusal,safe_completion
du_D_disinfo_0001,dual_use,safe_completion > unsafe_compliance,safe_completion
du_D_disinfo_0001,dual_use,hard_refusal > unsafe_compliance,baseline_refusal
du_D_disinfo_0002,dual_use,safe_completion > hard_refusal,safe_completion
du_D_disinfo_0002,dual_use,safe_completion > unsafe_compliance,safe_completion
du_D_disinfo_0002,dual_use,hard_refusal > unsafe_compliance,baseline_refusal
du_D_disinfo_0003,dual_use,safe_completion > hard_refusal,safe_completion
du_D_disinfo_0003,dual_use,safe_completion > unsafe_compliance,safe_completion
du_D_disinfo_0003,dual_use,hard_refusal > unsafe_compliance,baseline_refusal
du_D_disinfo_0004,dual_use,safe_completion > hard_refusal,safe_completion
du_D_disinfo_0004,dual_use,safe_completion > unsafe_compliance,safe_completion
du_D_disinfo_0004,dual_use,hard_refusal > unsafe_compliance,baseline_refusal
du_D_disinfo_0005,dual_use,safe_completion > hard_refusal,safe_completion
du_D_disinfo_0005,dual_use,safe_completion > unsafe_compliance,safe_completion
du_D_disinfo_0005,dual_use,hard_refusal > unsafe_compliance,baseline_refusal
du_D_disinfo_0006,dual_use,safe_completion > hard_refusal,safe_completion
du_D_disinfo_0006,dual_use,safe_completion > unsafe_compliance,safe_completion
du_D_disinfo_0006,dual_use,hard_refusal > unsafe_compliance,baseline_refusal
du_D_disinfo_0007,dual_use,safe_completion > hard_refusal,safe_completion
du_D_disinfo_0007,dual_use,safe_completion > unsafe_compliance,safe_completion
du_D_disinfo_0007,dual_use,hard_refusal > unsafe_compliance,baseline_refusal
du_D_disinfo_0008,dual_use,safe_completion > hard_refusal,safe_completion
du_D_disinfo_0008,dual_use,safe_completion > unsafe_compliance,safe_completion
du_D_disinfo_0008,dual_use,hard_refusal > unsafe_compliance,baseline_refusal
du_D_disinfo_0009,dual_use,safe_completion > hard_refusal,safe_completion
du_D_disinfo_0009,dual_use,safe_completion > unsafe_compliance,safe_completion
du_D_disinfo_0009,dual_use,hard_refusal > unsafe_compliance,baseline_refusal
du_D_disinfo_0010,dual_use,safe_completion > hard_refusal,safe_completion
du_D_disinfo_0010,dual_use,safe_completion > unsafe_compliance,safe_completion
du_D_disinfo_0010,dual_use,hard_refusal > unsafe_compliance,baseline_refusal
du_D_disinfo_0011,dual_use,safe_completion > hard_refusal,safe_completion
du_D_disinfo_0011,dual_use,safe_completion > unsafe_compliance,safe_completion
du_D_disinfo_0011,dual_use,hard_refusal > unsafe_compliance,baseline_refusal
du_D_disinfo_0012,dual_use,safe_completion > hard_refusal,safe_completion
du_D_disinfo_0012,dual_use,safe_completion > unsafe_compliance,safe_completion
du_D_disinfo_0012,dual_use,hard_refusal > unsafe_compliance,baseline_refusal
du_D_disinfo_0013,dual_use,safe_completion > hard_refusal,safe_completion
du_D_disinfo_0013,dual_use,safe_completion > unsafe_compliance,safe_completion
du_D_disinfo_0013,dual_use,hard_refusal > unsafe_compliance,baseline_refusal
du_D_disinfo_0014,dual_use,safe_completion > hard_refusal,safe_completion
du_D_disinfo_0014,dual_use,safe_completion > unsafe_compliance,safe_completion
du_D_disinfo_0014,dual_use,hard_refusal > unsafe_compliance,baseline_refusal
du_D_disinfo_0015,dual_use,safe_completion > hard_refusal,safe_completion
du_D_disinfo_0015,dual_use,safe_completion > unsafe_compliance,safe_completion
du_D_disinfo_0015,dual_use,hard_refusal > unsafe_compliance,baseline_refusal
du_D_disinfo_0016,dual_use,safe_completion > hard_refusal,safe_completion
du_D_disinfo_0016,dual_use,safe_completion > unsafe_compliance,safe_completion
du_D_disinfo_0016,dual_use,hard_refusal > unsafe_compliance,baseline_refusal
du_D_disinfo_0017,dual_use,safe_completion > hard_refusal,safe_completion
du_D_disinfo_0017,dual_use,safe_completion > unsafe_compliance,safe_completion
du_D_disinfo_0017,dual_use,hard_refusal > unsafe_compliance,baseline_refusal
du_D_disinfo_0018,dual_use,safe_completion > hard_refusal,safe_completion
du_D_disinfo_0018,dual_use,safe_completion > unsafe_compliance,safe_completion
du_D_disinfo_0018,dual_use,hard_refusal > unsafe_compliance,baseline_refusal
du_D_disinfo_0019,dual_use,safe_completion > hard_refusal,safe_completion
du_D_disinfo_0019,dual_use,safe_completion > unsafe_compliance,safe_completion
du_D_disinfo_0019,dual_use,hard_refusal > unsafe_compliance,baseline_refusal
du_D_disinfo_0020,dual_use,safe_completion > hard_refusal,safe_completion
du_D_disinfo_0020,dual_use,safe_completion > unsafe_compliance,safe_completion
du_D_disinfo_0020,dual_use,hard_refusal > unsafe_compliance,baseline_refusal
du_D_disinfo_0021,dual_use,safe_completion > hard_refusal,safe_completion
du_D_disinfo_0021,dual_use,safe_completion > unsafe_compliance,safe_completion
du_D_disinfo_0021,dual_use,hard_refusal > unsafe_compliance,baseline_refusal
du_D_disinfo_0022,dual_use,safe_completion > hard_refusal,safe_completion
du_D_disinfo_0022,dual_use,safe_completion > unsafe_compliance,safe_completion
du_D_disinfo_0022,dual_use,hard_refusal > unsafe_compliance,baseline_refusal
du_D_disinfo_0023,dual_use,safe_completion > hard_refusal,safe_completion
du_D_disinfo_0023,dual_use,safe_completion > unsafe_compliance,safe_completion
du_D_disinfo_0023,dual_use,hard_refusal > unsafe_compliance,baseline_refusal
du_D_disinfo_0024,dual_use,safe_completion > hard_refusal,safe_completion
du_D_disinfo_0024,dual_use,safe_completion > unsafe_compliance,safe_completion
du_D_disinfo_0024,dual_use,hard_refusal > unsafe_compliance,baseline_refusal
du_D_disinfo_0025,dual_use,safe_completion > hard_refusal,safe_completion
du_D_disinfo_0025,dual_use,safe_completion > unsafe_compliance,safe_completion
du_D_disinfo_0025,dual_use,hard_refusal > unsafe_compliance,baseline_refusal
du_D_disinfo_0026,dual_use,safe_completion > hard_refusal,safe_completion
du_D_disinfo_0026,dual_use,safe_completion > unsafe_compliance,safe_completion
du_D_disinfo_0026,dual_use,hard_refusal > unsafe_compliance,baseline_refusal
du_D_disinfo_0027,dual_use,safe_completion > hard_refusal,safe_completion
du_D_disinfo_0027,dual_use,safe_completion > unsafe_compliance,safe_completion
du_D_disinfo_0027,dual_use,hard_refusal > unsafe_compliance,baseline_refusal
du_D_disinfo_0028,dual_use,safe_completion > hard_refusal,safe_completion
du_D_disinfo_0028,dual_use,safe_completion > unsafe_compliance,safe_completion
du_D_disinfo_0028,dual_use,hard_refusal > unsafe_compliance,baseline_refusal
du_D_disinfo_0029,dual_use,safe_completion > hard_refusal,safe_completion
du_D_disinfo_0029,dual_use,safe_completion > unsafe_compliance,safe_completion
du_D_disinfo_0029,dual_use,hard_refusal > unsafe_compliance,baseline_refusal
du_D_disinfo_0030,dual_use,safe_completion > hard_refusal,safe_completion
du_D_disinfo_0030,dual_use,safe_completion > unsafe_compliance,safe_completion
du_D_disinfo_0030,dual_use,hard_refusal > unsafe_compliance,baseline_refusal
du_D_disinfo_0031,dual_use,safe_completion > hard_refusal,safe_completion
du_D_disinfo_0031,dual_use,safe_completion > unsafe_compliance,safe_completion
du_D_disinfo_0031,dual_use,hard_refusal > unsafe_compliance,baseline_refusal
du_D_disinfo_0032,dual_use,safe_completion > hard_refusal,safe_completion
du_D_disinfo_0032,dual_use,safe_completion > unsafe_compliance,safe_completion
du_D_disinfo_0032,dual_use,hard_refusal > unsafe_compliance,baseline_refusal
du_D_disinfo_0033,dual_use,safe_completion > hard_refusal,safe_completion
du_D_disinfo_0033,dual_use,safe_completion > unsafe_compliance,safe_completion
du_D_disinfo_0033,dual_use,hard_refusal > unsafe_compliance,baseline_refusal
du_D_disinfo_0034,dual_use,safe_completion > hard_refusal,safe_completion
du_D_disinfo_0034,dual_use,safe_completion > unsafe_compliance,safe_completion
du_D_disinfo_0034,dual_use,hard_refusal > unsafe_compliance,baseline_refusal
du_D_disinfo_0035,dual_use,safe_completion > hard_refusal,safe_completion
du_D_disinfo_0035,dual_use,safe_completion > unsafe_compliance,safe_completion
du_D_disinfo_0035,dual_use,hard_refusal > unsafe_compliance,baseline_refusal
du_D_disinfo_0036,dual_use,safe_completion > hard_refusal,safe_completion
du_D_disinfo_0036,dual_use,safe_completion > unsafe_compliance,safe_completion
du_D_disinfo_0036,dual_use,hard_refusal > unsafe_compliance,baseline_refusal
du_D_disinfo_0037,dual_use,safe_completion > hard_refusal,safe_completion
du_D_disinfo_0037,dual_use,safe_completion > unsafe_compliance,safe_completion
du_D_disinfo_0037,dual_use,hard_refusal > unsafe_compliance,baseline_refusal
du_D_disinfo_0038,dual_use,safe_completion > hard_refusal,safe_completion
du_D_disinfo_0038,dual_use,safe_completion > unsafe_compliance,safe_completion
du_D_disinfo_0038,dual_use,hard_refusal > unsafe_compliance,baseline_refusal
du_D_disinfo_0039,dual_use,safe_completion > hard_refusal,safe_completion
du_D_disinfo_0039,dual_use,safe_completion > unsafe_compliance,safe_completion
du_D_disinfo_0039,dual_use,hard_refusal > unsafe_compliance,baseline_refusal
du_D_disinfo_0040,dual_use,safe_completion > hard_refusal,safe_completion
du_D_disinfo_0040,dual_use,safe_completion > unsafe_compliance,safe_completion
du_D_disinfo_0040,dual_use,hard_refusal > unsafe_compliance,baseline_refusal
du_D_disinfo_0041,dual_use,safe_completion > hard_refusal,safe_completion
du_D_disinfo_0041,dual_use,safe_completion > unsafe_compliance,safe_completion
du_D_disinfo_0041,dual_use,hard_refusal > unsafe_compliance,baseline_refusal
du_D_disinfo_0042,dual_use,safe_completion > hard_refusal,safe_completion
du_D_disinfo_0042,dual_use,safe_completion > unsafe_compliance,safe_completion
du_D_disinfo_0042,dual_use,hard_refusal > unsafe_compliance,baseline_refusal
du_D_disinfo_0043,dual_use,safe_completion > hard_refusal,safe_completion
du_D_disinfo_0043,dual_use,safe_completion > unsafe_compliance,safe_completion
du_D_disinfo_0043,dual_use,hard_refusal > unsafe_compliance,baseline_refusal
du_D_disinfo_0044,dual_use,safe_completion > hard_refusal,safe_completion
du_D_disinfo_0044,dual_use,safe_completion > unsafe_compliance,safe_completion
du_D_disinfo_0044,dual_use,hard_refusal > unsafe_compliance,baseline_refusal
du_D_disinfo_0045,dual_use,safe_completion > hard_refusal,safe_completion
du_D_disinfo_0045,dual_use,safe_completion > unsafe_compliance,safe_completion
du_D_disinfo_0045,dual_use,hard_refusal > unsafe_compliance,baseline_refusal
du_D_disinfo_0046,dual_use,safe_completion > hard_refusal,safe_completion
du_D_disinfo_0046,dual_use,safe_completion > unsafe_compliance,safe_completion
du_D_disinfo_0046,dual_use,hard_refusal > unsafe_compliance,baseline_refusal
du_D_disinfo_0047,dual_use,safe_completion > hard_refusal,safe_completion
du_D_disinfo_0047,dual_use,safe_completion > unsafe_compliance,safe_completion
du_D_disinfo_0047,dual_use,hard_refusal > unsafe_compliance,baseline_refusal
du_D_disinfo_0048,dual_use,safe_completion > hard_refusal,safe_completion
du_D_disinfo_0048,dual_use,safe_completion > unsafe_compliance,safe_completion
du_D_disinfo_0048,dual_use,hard_refusal > unsafe_compliance,baseline_refusal
du_D_disinfo_0049,dual_use,safe_completion > hard_refusal,safe_completion
du_D_disinfo_0049,dual_use,safe_completion > unsafe_compliance,safe_completion
du_D_disinfo_0049,dual_use,hard_refusal > unsafe_compliance,baseline_refusal
du_D_disinfo_0050,dual_use,safe_completion > hard_refusal,safe_completion
du_D_disinfo_0050,dual_use,safe_completion > unsafe_compliance,safe_completion
du_D_disinfo_0050,dual_use,hard_refusal > unsafe_compliance,baseline_refusal
du_D_disinfo_0051,dual_use,safe_completion > hard_refusal,safe_completion
du_D_disinfo_0051,dual_use,safe_completion > unsafe_compliance,safe_completion
du_D_disinfo_0051,dual_use,hard_refusal > unsafe_compliance,baseline_refusal
du_D_disinfo_0052,dual_use,safe_completion > hard_refusal,safe_completion
du_D_disinfo_0052,dual_use,safe_completion > unsafe_compliance,safe_completion
du_D_disinfo_0052,dual_use,hard_refusal > unsafe_compliance,baseline_refusal
du_D_disinfo_0053,dual_use,safe_completion > hard_refusal,safe_completion
du_D_disinfo_0053,dual_use,safe_completion > unsafe_compliance,safe_completion
du_D_disinfo_0053,dual_use,hard_refusal > unsafe_compliance,baseline_refusal
du_D_disinfo_0054,dual_use,safe_completion > hard_refusal,safe_completion
du_D_disinfo_0054,dual_use,safe_completion > unsafe_compliance,safe_completion
du_D_disinfo_0054,dual_use,hard_refusal > unsafe_compliance,baseline_refusal
du_D_disinfo_0055,dual_use,safe_completion > hard_refusal,safe_completion
du_D_disinfo_0055,dual_use,safe_completion > unsafe_compliance,safe_completion
du_D_disinfo_0055,dual_use,hard_refusal > unsafe_compliance,baseline_refusal
du_D_disinfo_0056,dual_use,safe_completion > hard_refusal,safe_completion
du_D_disinfo_0056,dual_use,safe_completion > unsafe_compliance,safe_completion
du_D_disinfo_0056,dual_use,hard_refusal > unsafe_compliance,baseline_refusal
du_D_disinfo_0057,dual_use,safe_completion > hard_refusal,safe_completion
du_D_disinfo_0057,dual_use,safe_completion > unsafe_compliance,safe_completion
du_D_disinfo_0057,dual_use,hard_refusal > unsafe_compliance,baseline_refusal
du_D_disinfo_0058,dual_use,safe_completion > hard_refusal,safe_completion
du_D_disinfo_0058,dual_use,safe_completion > unsafe_compliance,safe_completion
du_D_disinfo_0058,dual_use,hard_refusal > unsafe_compliance,baseline_refusal
du_D_disinfo_0059,dual_use,safe_completion > hard_refusal,safe_completion
du_D_disinfo_0059,dual_use,safe_completion > unsafe_compliance,safe_completion
du_D_disinfo_0059,dual_use,hard_refusal > unsafe_compliance,baseline_refusal
du_D_disinfo_0060,dual_use,safe_completion > hard_refusal,safe_completion
du_D_disinfo_0060,dual_use,safe_completion > unsafe_compliance,safe_completion
du_D_disinfo_0060,dual_use,hard_refusal > unsafe_compliance,baseline_refusal
du_D_disinfo_0061,dual_use,safe_completion > hard_refusal,safe_completion
du_D_disinfo_0061,dual_use,safe_completion > unsafe_compliance,safe_completion
du_D_disinfo_0061,dual_use,hard_refusal > unsafe_compliance,baseline_refusal
du_D_disinfo_0062,dual_use,safe_completion > hard_refusal,safe_completion
du_D_disinfo_0062,dual_use,safe_completion > unsafe_compliance,safe_completion
du_D_disinfo_0062,dual_use,hard_refusal > unsafe_compliance,baseline_refusal
du_D_disinfo_0063,dual_use,safe_completion > hard_refusal,safe_completion
du_D_disinfo_0063,dual_use,safe_completion > unsafe_compliance,safe_completion
du_D_disinfo_0063,dual_use,hard_refusal > unsafe_compliance,baseline_refusal
du_D_disinfo_0064,dual_use,safe_completion > hard_refusal,safe_completion
du_D_disinfo_0064,dual_use,safe_completion > unsafe_compliance,safe_completion
du_D_disinfo_0064,dual_use,hard_refusal > unsafe_compliance,baseline_refusal
du_D_disinfo_0065,dual_use,safe_completion > hard_refusal,safe_completion
du_D_disinfo_0065,dual_use,safe_completion > unsafe_compliance,safe_completion
du_D_disinfo_0065,dual_use,hard_refusal > unsafe_compliance,baseline_refusal
du_D_disinfo_0066,dual_use,safe_completion > hard_refusal,safe_completion
du_D_disinfo_0066,dual_use,safe_completion > unsafe_compliance,safe_completion
du_D_disinfo_0066,dual_use,hard_refusal > unsafe_compliance,baseline_refusal
du_D_disinfo_0067,dual_use,safe_completion > hard_refusal,safe_completion
du_D_disinfo_0067,dual_use,safe_completion > unsafe_compliance,safe_completion
du_D_disinfo_0067,dual_use,hard_refusal > unsafe_compliance,baseline_refusal
du_D_disinfo_0068,dual_use,safe_completion > hard_refusal,safe_completion
du_D_disinfo_0068,dual_use,safe_completion > unsafe_compliance,safe_completion
du_D_disinfo_0068,dual_use,hard_refusal > unsafe_compliance,baseline_refusal
du_D_disinfo_0069,dual_use,safe_completion > hard_refusal,safe_completion
du_D_disinfo_0069,dual_use,safe_completion > unsafe_compliance,safe_completion
du_D_disinfo_0069,dual_use,hard_refusal > unsafe_compliance,baseline_refusal
du_D_disinfo_0070,dual_use,safe_completion > hard_refusal,safe_completion
du_D_disinfo_0070,dual_use,safe_completion > unsafe_compliance,safe_completion
du_D_disinfo_0070,dual_use,hard_refusal > unsafe_compliance,baseline_refusal
du_D_disinfo_0071,dual_use,safe_completion > hard_refusal,safe_completion
du_D_disinfo_0071,dual_use,safe_completion > unsafe_compliance,safe_completion
du_D_disinfo_0071,dual_use,hard_refusal > unsafe_compliance,baseline_refusal
du_D_disinfo_0072,dual_use,safe_completion > hard_refusal,safe_completion
du_D_disinfo_0072,dual_use,safe_completion > unsafe_compliance,safe_completion
du_D_disinfo_0072,dual_use,hard_refusal > unsafe_compliance,baseline_refusal
du_D_disinfo_0073,dual_use,safe_completion > hard_refusal,safe_completion
du_D_disinfo_0073,dual_use,safe_completion > unsafe_compliance,safe_completion
du_D_disinfo_0073,dual_use,hard_refusal > unsafe_compliance,baseline_refusal
du_D_disinfo_0074,dual_use,safe_completion > hard_refusal,safe_completion
du_D_disinfo_0074,dual_use,safe_completion > unsafe_compliance,safe_completion
du_D_disinfo_0074,dual_use,hard_refusal > unsafe_compliance,baseline_refusal
du_D_disinfo_0075,dual_use,safe_completion > hard_refusal,safe_completion
du_D_disinfo_0075,dual_use,safe_completion > unsafe_compliance,safe_completion
du_D_disinfo_0075,dual_use,hard_refusal > unsafe_compliance,baseline_refusal
du_D_disinfo_0076,dual_use,safe_completion > hard_refusal,safe_completion
du_D_disinfo_0076,dual_use,safe_completion > unsafe_compliance,safe_completion
du_D_disinfo_0076,dual_use,hard_refusal > unsafe_compliance,baseline_refusal
du_D_disinfo_0077,dual_use,safe_completion > hard_refusal,safe_completion
du_D_disinfo_0077,dual_use,safe_completion > unsafe_compliance,safe_completion
du_D_disinfo_0077,dual_use,hard_refusal > unsafe_compliance,baseline_refusal
du_D_disinfo_0078,dual_use,safe_completion > hard_refusal,safe_completion
du_D_disinfo_0078,dual_use,safe_completion > unsafe_compliance,safe_completion
du_D_disinfo_0078,dual_use,hard_refusal > unsafe_compliance,baseline_refusal
du_D_disinfo_0079,dual_use,safe_completion > hard_refusal,safe_completion
du_D_disinfo_0079,dual_use,safe_completion > unsafe_compliance,safe_completion
du_D_disinfo_0079,dual_use,hard_refusal > unsafe_compliance,baseline_refusal
du_D_disinfo_0080,dual_use,safe_completion > hard_refusal,safe_completion
du_D_disinfo_0080,dual_use,safe_completion > unsafe_compliance,safe_completion
du_D_disinfo_0080,dual_use,hard_refusal > unsafe_compliance,baseline_refusal
du_D_disinfo_0081,dual_use,safe_completion > hard_refusal,safe_completion
du_D_disinfo_0081,dual_use,safe_completion > unsafe_compliance,safe_completion
du_D_disinfo_0081,dual_use,hard_refusal > unsafe_compliance,baseline_refusal
du_D_disinfo_0082,dual_use,safe_completion > hard_refusal,safe_completion
du_D_disinfo_0082,dual_use,safe_completion > unsafe_compliance,safe_completion
du_D_disinfo_0082,dual_use,hard_refusal > unsafe_compliance,baseline_refusal
du_D_disinfo_0083,dual_use,safe_completion > hard_refusal,safe_completion
du_D_disinfo_0083,dual_use,safe_completion > unsafe_compliance,safe_completion
du_D_disinfo_0083,dual_use,hard_refusal > unsafe_compliance,baseline_refusal
du_D_disinfo_0084,dual_use,safe_completion > hard_refusal,safe_completion
du_D_disinfo_0084,dual_use,safe_completion > unsafe_compliance,safe_completion
du_D_disinfo_0084,dual_use,hard_refusal > unsafe_compliance,baseline_refusal
du_D_disinfo_0085,dual_use,safe_completion > hard_refusal,safe_completion
du_D_disinfo_0085,dual_use,safe_completion > unsafe_compliance,safe_completion
du_D_disinfo_0085,dual_use,hard_refusal > unsafe_compliance,baseline_refusal
du_D_disinfo_0086,dual_use,safe_completion > hard_refusal,safe_completion
du_D_disinfo_0086,dual_use,safe_completion > unsafe_compliance,safe_completion
du_D_disinfo_0086,dual_use,hard_refusal > unsafe_compliance,baseline_refusal
du_D_disinfo_0087,dual_use,safe_completion > hard_refusal,safe_completion
du_D_disinfo_0087,dual_use,safe_completion > unsafe_compliance,safe_completion
du_D_disinfo_0087,dual_use,hard_refusal > unsafe_compliance,baseline_refusal
du_D_disinfo_0088,dual_use,safe_completion > hard_refusal,safe_completion
du_D_disinfo_0088,dual_use,safe_completion > unsafe_compliance,safe_completion
du_D_disinfo_0088,dual_use,hard_refusal > unsafe_compliance,baseline_refusal
du_D_disinfo_0089,dual_use,safe_completion > hard_refusal,safe_completion
du_D_disinfo_0089,dual_use,safe_completion > unsafe_compliance,safe_completion
du_D_disinfo_0089,dual_use,hard_refusal > unsafe_compliance,baseline_refusal
du_D_disinfo_0090,dual_use,safe_completion > hard_refusal,safe_completion
du_D_disinfo_0090,dual_use,safe_completion > unsafe_compliance,safe_completion
du_D_disinfo_0090,dual_use,hard_refusal > unsafe_compliance,baseline_refusal
du_D_disinfo_0091,dual_use,safe_completion > hard_refusal,safe_completion
du_D_disinfo_0091,dual_use,safe_completion > unsafe_compliance,safe_completion
du_D_disinfo_0091,dual_use,hard_refusal > unsafe_compliance,baseline_refusal
du_D_disinfo_0092,dual_use,safe_completion > hard_refusal,safe_completion
du_D_disinfo_0092,dual_use,safe_completion > unsafe_compliance,safe_completion
du_D_disinfo_0092,dual_use,hard_refusal > unsafe_compliance,baseline_refusal
du_D_disinfo_0093,dual_use,safe_completion > hard_refusal,safe_completion
du_D_disinfo_0093,dual_use,safe_completion > unsafe_compliance,safe_completion
du_D_disinfo_0093,dual_use,hard_refusal > unsafe_compliance,baseline_refusal
du_D_disinfo_0094,dual_use,safe_completion > hard_refusal,safe_completion
du_D_disinfo_0094,dual_use,safe_completion > unsafe_compliance,safe_completion
du_D_disinfo_0094,dual_use,hard_refusal > unsafe_compliance,baseline_refusal
du_D_disinfo_0095,dual_use,safe_completion > hard_refusal,safe_completion
du_D_disinfo_0095,dual_use,safe_completion > unsafe_compliance,safe_completion
du_D_disinfo_0095,dual_use,hard_refusal > unsafe_compliance,baseline_refusal
du_D_disinfo_0096,dual_use,safe_completion > hard_refusal,safe_completion
du_D_disinfo_0096,dual_use,safe_completion > unsafe_compliance,safe_completion
du_D_disinfo_0096,dual_use,hard_refusal > unsafe_compliance,baseline_refusal
du_D_disinfo_0097,dual_use,safe_completion > hard_refusal,safe_completion
du_D_disinfo_0097,dual_use,safe_completion > unsafe_compliance,safe_completion
du_D_disinfo_0097,dual_use,hard_refusal > unsafe_compliance,baseline_refusal
du_D_disinfo_0098,dual_use,safe_completion > hard_refusal,safe_completion
du_D_disinfo_0098,dual_use,safe_completion > unsafe_compliance,safe_completion
du_D_disinfo_0098,dual_use,hard_refusal > unsafe_compliance,baseline_refusal
du_D_disinfo_0099,dual_use,safe_completion > hard_refusal,safe_completion
du_D_disinfo_0099,dual_use,safe_completion > unsafe_compliance,safe_completion
du_D_disinfo_0099,dual_use,hard_refusal > unsafe_compliance,baseline_refusal
du_D_disinfo_0100,dual_use,safe_completion > hard_refusal,safe_completion
du_D_disinfo_0100,dual_use,safe_completion > unsafe_compliance,safe_completion
du_D_disinfo_0100,dual_use,hard_refusal > unsafe_compliance,baseline_refusal
du_D_disinfo_0101,dual_use,safe_completion > hard_refusal,safe_completion
du_D_disinfo_0101,dual_use,safe_completion > unsafe_compliance,safe_completion
du_D_disinfo_0101,dual_use,hard_refusal > unsafe_compliance,baseline_refusal
du_D_disinfo_0102,dual_use,safe_completion > hard_refusal,safe_completion
du_D_disinfo_0102,dual_use,safe_completion > unsafe_compliance,safe_completion
du_D_disinfo_0102,dual_use,hard_refusal > unsafe_compliance,baseline_refusal
du_D_disinfo_0103,dual_use,safe_completion > hard_refusal,safe_completion
du_D_disinfo_0103,dual_use,safe_completion > unsafe_compliance,safe_completion
du_D_disinfo_0103,dual_use,hard_refusal > unsafe_compliance,baseline_refusal
du_D_disinfo_0104,dual_use,safe_completion > hard_refusal,safe_completion
du_D_disinfo_0104,dual_use,safe_completion > unsafe_compliance,safe_completion
du_D_disinfo_0104,dual_use,hard_refusal > unsafe_compliance,baseline_refusal
du_D_disinfo_0105,dual_use,safe_completion > hard_refusal,safe_completion
du_D_disinfo_0105,dual_use,safe_completion > unsafe_compliance,safe_completion
du_D_disinfo_0105,dual_use,hard_refusal > unsafe_compliance,baseline_refusal
du_D_disinfo_0106,dual_use,safe_completion > hard_refusal,safe_completion
du_D_disinfo_0106,dual_use,safe_completion > unsafe_compliance,safe_completion
du_D_disinfo_0106,dual_use,hard_refusal > unsafe_compliance,baseline_refusal
du_D_disinfo_0107,dual_use,safe_completion > hard_refusal,safe_completion
du_D_disinfo_0107,dual_use,safe_completion > unsafe_compliance,safe_completion
du_D_disinfo_0107,dual_use,hard_refusal > unsafe_compliance,baseline_refusal
du_D_disinfo_0108,dual_use,safe_completion > hard_refusal,safe_completion
du_D_disinfo_0108,dual_use,safe_completion > unsafe_compliance,safe_completion
du_D_disinfo_0108,dual_use,hard_refusal > unsafe_compliance,baseline_refusal
du_D_disinfo_0109,dual_use,safe_completion > hard_refusal,safe_completion
du_D_disinfo_0109,dual_use,safe_completion > unsafe_compliance,safe_completion
du_D_disinfo_0109,dual_use,hard_refusal > unsafe_compliance,baseline_refusal
du_D_disinfo_0110,dual_use,safe_completion > hard_refusal,safe_completion
du_D_disinfo_0110,dual_use,safe_completion > unsafe_compliance,safe_completion
du_D_disinfo_0110,dual_use,hard_refusal > unsafe_compliance,baseline_refusal
du_D_disinfo_0111,dual_use,safe_completion > hard_refusal,safe_completion
du_D_disinfo_0111,dual_use,safe_completion > unsafe_compliance,safe_completion
du_D_disinfo_0111,dual_use,hard_refusal > unsafe_compliance,baseline_refusal
du_D_disinfo_0112,dual_use,safe_completion > hard_refusal,safe_completion
du_D_disinfo_0112,dual_use,safe_completion > unsafe_compliance,safe_completion
du_D_disinfo_0112,dual_use,hard_refusal > unsafe_compliance,baseline_refusal
du_D_disinfo_0113,dual_use,safe_completion > hard_refusal,safe_completion
du_D_disinfo_0113,dual_use,safe_completion > unsafe_compliance,safe_completion
du_D_disinfo_0113,dual_use,hard_refusal > unsafe_compliance,baseline_refusal
du_D_disinfo_0114,dual_use,safe_completion > hard_refusal,safe_completion
du_D_disinfo_0114,dual_use,safe_completion > unsafe_compliance,safe_completion
du_D_disinfo_0114,dual_use,hard_refusal > unsafe_compliance,baseline_refusal
du_D_disinfo_0115,dual_use,safe_completion > hard_refusal,safe_completion
du_D_disinfo_0115,dual_use,safe_completion > unsafe_compliance,safe_completion
du_D_disinfo_0115,dual_use,hard_refusal > unsafe_compliance,baseline_refusal
du_D_disinfo_0116,dual_use,safe_completion > hard_refusal,safe_completion
du_D_disinfo_0116,dual_use,safe_completion > unsafe_compliance,safe_completion
du_D_disinfo_0116,dual_use,hard_refusal > unsafe_compliance,baseline_refusal
du_D_disinfo_0117,dual_use,safe_completion > hard_refusal,safe_completion
du_D_disinfo_0117,dual_use,safe_completion > unsafe_compliance,safe_completion
du_D_disinfo_0117,dual_use,hard_refusal > unsafe_compliance,baseline_refusal
du_D_disinfo_0118,dual_use,safe_completion > hard_refusal,safe_completion
du_D_disinfo_0118,dual_use,safe_completion > unsafe_compliance,safe_completion
du_D_disinfo_0118,dual_use,hard_refusal > unsafe_compliance,baseline_refusal
du_D_disinfo_0119,dual_use,safe_completion > hard_refusal,safe_completion
du_D_disinfo_0119,dual_use,safe_completion > unsafe_compliance,safe_completion
du_D_disinfo_0119,dual_use,hard_refusal > unsafe_compliance,baseline_refusal
du_D_disinfo_0120,dual_use,safe_completion > hard_refusal,safe_completion
du_D_disinfo_0120,dual_use,safe_completion > unsafe_compliance,safe_completion
du_D_disinfo_0120,dual_use,hard_refusal > unsafe_compliance,baseline_refusal
du_D_disinfo_0121,dual_use,safe_completion > hard_refusal,safe_completion
du_D_disinfo_0121,dual_use,safe_completion > unsafe_compliance,safe_completion
du_D_disinfo_0121,dual_use,hard_refusal > unsafe_compliance,baseline_refusal
du_D_disinfo_0122,dual_use,safe_completion > hard_refusal,safe_completion
du_D_disinfo_0122,dual_use,safe_completion > unsafe_compliance,safe_completion
du_D_disinfo_0122,dual_use,hard_refusal > unsafe_compliance,baseline_refusal
du_D_disinfo_0123,dual_use,safe_completion > hard_refusal,safe_completion
du_D_disinfo_0123,dual_use,safe_completion > unsafe_compliance,safe_completion
du_D_disinfo_0123,dual_use,hard_refusal > unsafe_compliance,baseline_refusal
du_D_disinfo_0124,dual_use,safe_completion > hard_refusal,safe_completion
du_D_disinfo_0124,dual_use,safe_completion > unsafe_compliance,safe_completion
du_D_disinfo_0124,dual_use,hard_refusal > unsafe_compliance,baseline_refusal
du_D_disinfo_0125,dual_use,safe_completion > hard_refusal,safe_completion
du_D_disinfo_0125,dual_use,safe_completion > unsafe_compliance,safe_completion
du_D_disinfo_0125,dual_use,hard_refusal > unsafe_compliance,baseline_refusal
du_D_disinfo_0126,dual_use,safe_completion > hard_refusal,safe_completion
du_D_disinfo_0126,dual_use,safe_completion > unsafe_compliance,safe_completion
du_D_disinfo_0126,dual_use,hard_refusal > unsafe_compliance,baseline_refusal
du_D_disinfo_0127,dual_use,safe_completion > hard_refusal,safe_completion
du_D_disinfo_0127,dual_use,safe_completion > unsafe_compliance,safe_completion
du_D_disinfo_0127,dual_use,hard_refusal > unsafe_compliance,baseline_refusal
du_D_disinfo_0128,dual_use,safe_completion > hard_refusal,safe_completion
du_D_disinfo_0128,dual_use,safe_completion > unsafe_compliance,safe_completion
du_D_disinfo_0128,dual_use,hard_refusal > unsafe_compliance,baseline_refusal
du_D_disinfo_0129,dual_use,safe_completion > hard_refusal,safe_completion
du_D_disinfo_0129,dual_use,safe_completion > unsafe_compliance,safe_completion
du_D_disinfo_0129,dual_use,hard_refusal > unsafe_compliance,baseline_refusal
du_D_disinfo_0130,dual_use,safe_completion > hard_refusal,safe_completion
du_D_disinfo_0130,dual_use,safe_completion > unsafe_compliance,safe_completion
du_D_disinfo_0130,dual_use,hard_refusal > unsafe_compliance,baseline_refusal
du_D_disinfo_0131,dual_use,safe_completion > hard_refusal,safe_completion
du_D_disinfo_0131,dual_use,safe_completion > unsafe_compliance,safe_completion
du_D_disinfo_0131,dual_use,hard_refusal > unsafe_compliance,baseline_refusal
du_D_disinfo_0132,dual_use,safe_completion > hard_refusal,safe_completion
du_D_disinfo_0132,dual_use,safe_completion > unsafe_compliance,safe_completion
du_D_disinfo_0132,dual_use,hard_refusal > unsafe_compliance,baseline_refusal
du_D_disinfo_0133,dual_use,safe_completion > hard_refusal,safe_completion
du_D_disinfo_0133,dual_use,safe_completion > unsafe_compliance,safe_completion
du_D_disinfo_0133,dual_use,hard_refusal > unsafe_compliance,baseline_refusal
du_D_disinfo_0134,dual_use,safe_completion > hard_refusal,safe_completion
du_D_disinfo_0134,dual_use,safe_completion > unsafe_compliance,safe_completion
du_D_disinfo_0134,dual_use,hard_refusal > unsafe_compliance,baseline_refusal
du_D_disinfo_0135,dual_use,safe_completion > hard_refusal,safe_completion
du_D_disinfo_0135,dual_use,safe_completion > unsafe_compliance,safe_completion
du_D_disinfo_0135,dual_use,hard_refusal > unsafe_compliance,baseline_refusal
du_D_disinfo_0136,dual_use,safe_completion > hard_refusal,safe_completion
du_D_disinfo_0136,dual_use,safe_completion > unsafe_compliance,safe_completion
du_D_disinfo_0136,dual_use,hard_refusal > unsafe_compliance,baseline_refusal
du_D_disinfo_0137,dual_use,safe_completion > hard_refusal,safe_completion
du_D_disinfo_0137,dual_use,safe_completion > unsafe_compliance,safe_completion
du_D_disinfo_0137,dual_use,hard_refusal > unsafe_compliance,baseline_refusal
du_D_disinfo_0138,dual_use,safe_completion > hard_refusal,safe_completion
du_D_disinfo_0138,dual_use,safe_completion > unsafe_compliance,safe_completion
du_D_disinfo_0138,dual_use,hard_refusal > unsafe_compliance,baseline_refusal
du_D_disinfo_0139,dual_use,safe_completion > hard_refusal,safe_completion
du_D_disinfo_0139,dual_use,safe_completion > unsafe_compliance,safe_completion
du_D_disinfo_0139,dual_use,hard_refusal > unsafe_compliance,baseline_refusal
du_D_disinfo_0140,dual_use,safe_completion > hard_refusal,safe_completion
du_D_disinfo_0140,dual_use,safe_completion > unsafe_compliance,safe_completion
du_D_disinfo_0140,dual_use,hard_refusal > unsafe_compliance,baseline_refusal
du_D_disinfo_0141,dual_use,safe_completion > hard_refusal,safe_completion
du_D_disinfo_0141,dual_use,safe_completion > unsafe_compliance,safe_completion
du_D_disinfo_0141,dual_use,hard_refusal > unsafe_compliance,baseline_refusal
du_D_disinfo_0142,dual_use,safe_completion > hard_refusal,safe_completion
du_D_disinfo_0142,dual_use,safe_completion > unsafe_compliance,safe_completion
du_D_disinfo_0142,dual_use,hard_refusal > unsafe_compliance,baseline_refusal
du_D_disinfo_0143,dual_use,safe_completion > hard_refusal,safe_completion
du_D_disinfo_0143,dual_use,safe_completion > unsafe_compliance,safe_completion
du_D_disinfo_0143,dual_use,hard_refusal > unsafe_compliance,baseline_refusal
du_D_disinfo_0144,dual_use,safe_completion > hard_refusal,safe_completion
du_D_disinfo_0144,dual_use,safe_completion > unsafe_compliance,safe_completion
du_D_disinfo_0144,dual_use,hard_refusal > unsafe_compliance,baseline_refusal
du_D_disinfo_0145,dual_use,safe_completion > hard_refusal,safe_completion
du_D_disinfo_0145,dual_use,safe_completion > unsafe_compliance,safe_completion
du_D_disinfo_0145,dual_use,hard_refusal > unsafe_compliance,baseline_refusal
du_D_disinfo_0146,dual_use,safe_completion > hard_refusal,safe_completion
du_D_disinfo_0146,dual_use,safe_completion > unsafe_compliance,safe_completion
du_D_disinfo_0146,dual_use,hard_refusal > unsafe_compliance,baseline_refusal
du_D_disinfo_0147,dual_use,safe_completion > hard_refusal,safe_completion
du_D_disinfo_0147,dual_use,safe_completion > unsafe_compliance,safe_completion
du_D_disinfo_0147,dual_use,hard_refusal > unsafe_compliance,baseline_refusal
du_D_disinfo_0148,dual_use,safe_completion > hard_refusal,safe_completion
du_D_disinfo_0148,dual_use,safe_completion > unsafe_compliance,safe_completion
du_D_disinfo_0148,dual_use,hard_refusal > unsafe_compliance,baseline_refusal
du_D_disinfo_0149,dual_use,safe_completion > hard_refusal,safe_completion
du_D_disinfo_0149,dual_use,safe_completion > unsafe_compliance,safe_completion
du_D_disinfo_0149,dual_use,hard_refusal > unsafe_compliance,baseline_refusal
du_D_disinfo_0150,dual_use,safe_completion > hard_refusal,safe_completion
du_D_disinfo_0150,dual_use,safe_completion > unsafe_compliance,safe_completion
du_D_disinfo_0150,dual_use,hard_refusal > unsafe_compliance,baseline_refusal
du_D_fincrime_0001,dual_use,safe_completion > hard_refusal,safe_completion
du_D_fincrime_0001,dual_use,safe_completion > unsafe_compliance,safe_completion
du_D_fincrime_0001,dual_use,hard_refusal > unsafe_compliance,baseline_refusal
du_D_fincrime_0002,dual_use,safe_completion > hard_refusal,safe_completion
du_D_fincrime_0002,dual_use,safe_completion > unsafe_compliance,safe_completion
du_D_fincrime_0002,dual_use,hard_refusal > unsafe_compliance,baseline_refusal
du_D_fincrime_0003,dual_use,safe_completion > hard_refusal,safe_completion
du_D_fincrime_0003,dual_use,safe_completion > unsafe_compliance,safe_completion
du_D_fincrime_0003,dual_use,hard_refusal > unsafe_compliance,baseline_refusal
du_D_fincrime_0004,dual_use,safe_completion > hard_refusal,safe_completion
du_D_fincrime_0004,dual_use,safe_completion > unsafe_compliance,safe_completion
du_D_fincrime_0004,dual_use,hard_refusal > unsafe_compliance,baseline_refusal
du_D_fincrime_0005,dual_use,safe_completion > hard_refusal,safe_completion
du_D_fincrime_0005,dual_use,safe_completion > unsafe_compliance,safe_completion
du_D_fincrime_0005,dual_use,hard_refusal > unsafe_compliance,baseline_refusal
du_D_fincrime_0006,dual_use,safe_completion > hard_refusal,safe_completion
du_D_fincrime_0006,dual_use,safe_completion > unsafe_compliance,safe_completion
du_D_fincrime_0006,dual_use,hard_refusal > unsafe_compliance,baseline_refusal
du_D_fincrime_0007,dual_use,safe_completion > hard_refusal,safe_completion
du_D_fincrime_0007,dual_use,safe_completion > unsafe_compliance,safe_completion
du_D_fincrime_0007,dual_use,hard_refusal > unsafe_compliance,baseline_refusal
du_D_fincrime_0008,dual_use,safe_completion > hard_refusal,safe_completion
du_D_fincrime_0008,dual_use,safe_completion > unsafe_compliance,safe_completion
du_D_fincrime_0008,dual_use,hard_refusal > unsafe_compliance,baseline_refusal
du_D_fincrime_0009,dual_use,safe_completion > hard_refusal,safe_completion
du_D_fincrime_0009,dual_use,safe_completion > unsafe_compliance,safe_completion
du_D_fincrime_0009,dual_use,hard_refusal > unsafe_compliance,baseline_refusal
du_D_fincrime_0010,dual_use,safe_completion > hard_refusal,safe_completion
du_D_fincrime_0010,dual_use,safe_completion > unsafe_compliance,safe_completion
du_D_fincrime_0010,dual_use,hard_refusal > unsafe_compliance,baseline_refusal
du_D_fincrime_0011,dual_use,safe_completion > hard_refusal,safe_completion
du_D_fincrime_0011,dual_use,safe_completion > unsafe_compliance,safe_completion
du_D_fincrime_0011,dual_use,hard_refusal > unsafe_compliance,baseline_refusal
du_D_fincrime_0012,dual_use,safe_completion > hard_refusal,safe_completion
du_D_fincrime_0012,dual_use,safe_completion > unsafe_compliance,safe_completion
du_D_fincrime_0012,dual_use,hard_refusal > unsafe_compliance,baseline_refusal
du_D_fincrime_0013,dual_use,safe_completion > hard_refusal,safe_completion
du_D_fincrime_0013,dual_use,safe_completion > unsafe_compliance,safe_completion
du_D_fincrime_0013,dual_use,hard_refusal > unsafe_compliance,baseline_refusal
du_D_fincrime_0014,dual_use,safe_completion > hard_refusal,safe_completion
du_D_fincrime_0014,dual_use,safe_completion > unsafe_compliance,safe_completion
du_D_fincrime_0014,dual_use,hard_refusal > unsafe_compliance,baseline_refusal
du_D_fincrime_0015,dual_use,safe_completion > hard_refusal,safe_completion
du_D_fincrime_0015,dual_use,safe_completion > unsafe_compliance,safe_completion
du_D_fincrime_0015,dual_use,hard_refusal > unsafe_compliance,baseline_refusal
du_D_fincrime_0016,dual_use,safe_completion > hard_refusal,safe_completion
du_D_fincrime_0016,dual_use,safe_completion > unsafe_compliance,safe_completion
du_D_fincrime_0016,dual_use,hard_refusal > unsafe_compliance,baseline_refusal
du_D_fincrime_0017,dual_use,safe_completion > hard_refusal,safe_completion
du_D_fincrime_0017,dual_use,safe_completion > unsafe_compliance,safe_completion
du_D_fincrime_0017,dual_use,hard_refusal > unsafe_compliance,baseline_refusal
du_D_fincrime_0018,dual_use,safe_completion > hard_refusal,safe_completion
du_D_fincrime_0018,dual_use,safe_completion > unsafe_compliance,safe_completion
du_D_fincrime_0018,dual_use,hard_refusal > unsafe_compliance,baseline_refusal
du_D_fincrime_0019,dual_use,safe_completion > hard_refusal,safe_completion
du_D_fincrime_0019,dual_use,safe_completion > unsafe_compliance,safe_completion
du_D_fincrime_0019,dual_use,hard_refusal > unsafe_compliance,baseline_refusal
du_D_fincrime_0020,dual_use,safe_completion > hard_refusal,safe_completion
du_D_fincrime_0020,dual_use,safe_completion > unsafe_compliance,safe_completion
du_D_fincrime_0020,dual_use,hard_refusal > unsafe_compliance,baseline_refusal
du_D_fincrime_0021,dual_use,safe_completion > hard_refusal,safe_completion
du_D_fincrime_0021,dual_use,safe_completion > unsafe_compliance,safe_completion
du_D_fincrime_0021,dual_use,hard_refusal > unsafe_compliance,baseline_refusal
du_D_fincrime_0022,dual_use,safe_completion > hard_refusal,safe_completion
du_D_fincrime_0022,dual_use,safe_completion > unsafe_compliance,safe_completion
du_D_fincrime_0022,dual_use,hard_refusal > unsafe_compliance,baseline_refusal
du_D_fincrime_0023,dual_use,safe_completion > hard_refusal,safe_completion
du_D_fincrime_0023,dual_use,safe_completion > unsafe_compliance,safe_completion
du_D_fincrime_0023,dual_use,hard_refusal > unsafe_compliance,baseline_refusal
du_D_fincrime_0024,dual_use,safe_completion > hard_refusal,safe_completion
du_D_fincrime_0024,dual_use,safe_completion > unsafe_compliance,safe_completion
du_D_fincrime_0024,dual_use,hard_refusal > unsafe_compliance,baseline_refusal
du_D_fincrime_0025,dual_use,safe_completion > hard_refusal,safe_completion
du_D_fincrime_0025,dual_use,safe_completion > unsafe_compliance,safe_completion
du_D_fincrime_0025,dual_use,hard_refusal > unsafe_compliance,baseline_refusal
du_D_fincrime_0026,dual_use,safe_completion > hard_refusal,safe_completion
du_D_fincrime_0026,dual_use,safe_completion > unsafe_compliance,safe_completion
du_D_fincrime_0026,dual_use,hard_refusal > unsafe_compliance,baseline_refusal
du_D_fincrime_0027,dual_use,safe_completion > hard_refusal,safe_completion
du_D_fincrime_0027,dual_use,safe_completion > unsafe_compliance,safe_completion
du_D_fincrime_0027,dual_use,hard_refusal > unsafe_compliance,baseline_refusal
du_D_fincrime_0028,dual_use,safe_completion > hard_refusal,safe_completion
du_D_fincrime_0028,dual_use,safe_completion > unsafe_compliance,safe_completion
du_D_fincrime_0028,dual_use,hard_refusal > unsafe_compliance,baseline_refusal
du_D_fincrime_0029,dual_use,safe_completion > hard_refusal,safe_completion
du_D_fincrime_0029,dual_use,safe_completion > unsafe_compliance,safe_completion
du_D_fincrime_0029,dual_use,hard_refusal > unsafe_compliance,baseline_refusal
du_D_fincrime_0030,dual_use,safe_completion > hard_refusal,safe_completion
du_D_fincrime_0030,dual_use,safe_completion > unsafe_compliance,safe_completion
du_D_fincrime_0030,dual_use,hard_refusal > unsafe_compliance,baseline_refusal
du_D_fincrime_0031,dual_use,safe_completion > hard_refusal,safe_completion
du_D_fincrime_0031,dual_use,safe_completion > unsafe_compliance,safe_completion
du_D_fincrime_0031,dual_use,hard_refusal > unsafe_compliance,baseline_refusal
du_D_fincrime_0032,dual_use,safe_completion > hard_refusal,safe_completion
du_D_fincrime_0032,dual_use,safe_completion > unsafe_compliance,safe_completion
du_D_fincrime_0032,dual_use,hard_refusal > unsafe_compliance,baseline_refusal
du_D_fincrime_0033,dual_use,safe_completion > hard_refusal,safe_completion
du_D_fincrime_0033,dual_use,safe_completion > unsafe_compliance,safe_completion
du_D_fincrime_0033,dual_use,hard_refusal > unsafe_compliance,baseline_refusal
du_D_fincrime_0034,dual_use,safe_completion > hard_refusal,safe_completion
du_D_fincrime_0034,dual_use,safe_completion > unsafe_compliance,safe_completion
du_D_fincrime_0034,dual_use,hard_refusal > unsafe_compliance,baseline_refusal
du_D_fincrime_0035,dual_use,safe_completion > hard_refusal,safe_completion
du_D_fincrime_0035,dual_use,safe_completion > unsafe_compliance,safe_completion
du_D_fincrime_0035,dual_use,hard_refusal > unsafe_compliance,baseline_refusal
du_D_fincrime_0036,dual_use,safe_completion > hard_refusal,safe_completion
du_D_fincrime_0036,dual_use,safe_completion > unsafe_compliance,safe_completion
du_D_fincrime_0036,dual_use,hard_refusal > unsafe_compliance,baseline_refusal
du_D_fincrime_0037,dual_use,safe_completion > hard_refusal,safe_completion
du_D_fincrime_0037,dual_use,safe_completion > unsafe_compliance,safe_completion
du_D_fincrime_0037,dual_use,hard_refusal > unsafe_compliance,baseline_refusal
du_D_fincrime_0038,dual_use,safe_completion > hard_refusal,safe_completion
du_D_fincrime_0038,dual_use,safe_completion > unsafe_compliance,safe_completion
du_D_fincrime_0038,dual_use,hard_refusal > unsafe_compliance,baseline_refusal
du_D_fincrime_0039,dual_use,safe_completion > hard_refusal,safe_completion
du_D_fincrime_0039,dual_use,safe_completion > unsafe_compliance,safe_completion
du_D_fincrime_0039,dual_use,hard_refusal > unsafe_compliance,baseline_refusal
du_D_fincrime_0040,dual_use,safe_completion > hard_refusal,safe_completion
du_D_fincrime_0040,dual_use,safe_completion > unsafe_compliance,safe_completion
du_D_fincrime_0040,dual_use,hard_refusal > unsafe_compliance,baseline_refusal
du_D_fincrime_0041,dual_use,safe_completion > hard_refusal,safe_completion
du_D_fincrime_0041,dual_use,safe_completion > unsafe_compliance,safe_completion
du_D_fincrime_0041,dual_use,hard_refusal > unsafe_compliance,baseline_refusal
du_D_fincrime_0042,dual_use,safe_completion > hard_refusal,safe_completion
du_D_fincrime_0042,dual_use,safe_completion > unsafe_compliance,safe_completion
du_D_fincrime_0042,dual_use,hard_refusal > unsafe_compliance,baseline_refusal
du_D_fincrime_0043,dual_use,safe_completion > hard_refusal,safe_completion
du_D_fincrime_0043,dual_use,safe_completion > unsafe_compliance,safe_completion
du_D_fincrime_0043,dual_use,hard_refusal > unsafe_compliance,baseline_refusal
du_D_fincrime_0044,dual_use,safe_completion > hard_refusal,safe_completion
du_D_fincrime_0044,dual_use,safe_completion > unsafe_compliance,safe_completion
du_D_fincrime_0044,dual_use,hard_refusal > unsafe_compliance,baseline_refusal
du_D_fincrime_0045,dual_use,safe_completion > hard_refusal,safe_completion
du_D_fincrime_0045,dual_use,safe_completion > unsafe_compliance,safe_completion
du_D_fincrime_0045,dual_use,hard_refusal > unsafe_compliance,baseline_refusal
du_D_fincrime_0046,dual_use,safe_completion > hard_refusal,safe_completion
du_D_fincrime_0046,dual_use,safe_completion > unsafe_compliance,safe_completion
du_D_fincrime_0046,dual_use,hard_refusal > unsafe_compliance,baseline_refusal
du_D_fincrime_0047,dual_use,safe_completion > hard_refusal,safe_completion
du_D_fincrime_0047,dual_use,safe_completion > unsafe_compliance,safe_completion
du_D_fincrime_0047,dual_use,hard_refusal > unsafe_compliance,baseline_refusal
du_D_fincrime_0048,dual_use,safe_completion > hard_refusal,safe_completion
du_D_fincrime_0048,dual_use,safe_completion > unsafe_compliance,safe_completion
du_D_fincrime_0048,dual_use,hard_refusal > unsafe_compliance,baseline_refusal
du_D_fincrime_0049,dual_use,safe_completion > hard_refusal,safe_completion
du_D_fincrime_0049,dual_use,safe_completion > unsafe_compliance,safe_completion
du_D_fincrime_0049,dual_use,hard_refusal > unsafe_compliance,baseline_refusal
du_D_fincrime_0050,dual_use,safe_completion > hard_refusal,safe_completion
du_D_fincrime_0050,dual_use,safe_completion > unsafe_compliance,safe_completion
du_D_fincrime_0050,dual_use,hard_refusal > unsafe_compliance,baseline_refusal
du_D_fincrime_0051,dual_use,safe_completion > hard_refusal,safe_completion
du_D_fincrime_0051,dual_use,safe_completion > unsafe_compliance,safe_completion
du_D_fincrime_0051,dual_use,hard_refusal > unsafe_compliance,baseline_refusal
du_D_fincrime_0052,dual_use,safe_completion > hard_refusal,safe_completion
du_D_fincrime_0052,dual_use,safe_completion > unsafe_compliance,safe_completion
du_D_fincrime_0052,dual_use,hard_refusal > unsafe_compliance,baseline_refusal
du_D_fincrime_0053,dual_use,safe_completion > hard_refusal,safe_completion
du_D_fincrime_0053,dual_use,safe_completion > unsafe_compliance,safe_completion
du_D_fincrime_0053,dual_use,hard_refusal > unsafe_compliance,baseline_refusal
du_D_fincrime_0054,dual_use,safe_completion > hard_refusal,safe_completion
du_D_fincrime_0054,dual_use,safe_completion > unsafe_compliance,safe_completion
du_D_fincrime_0054,dual_use,hard_refusal > unsafe_compliance,baseline_refusal
du_D_fincrime_0055,dual_use,safe_completion > hard_refusal,safe_completion
du_D_fincrime_0055,dual_use,safe_completion > unsafe_compliance,safe_completion
du_D_fincrime_0055,dual_use,hard_refusal > unsafe_compliance,baseline_refusal
du_D_fincrime_0056,dual_use,safe_completion > hard_refusal,safe_completion
du_D_fincrime_0056,dual_use,safe_completion > unsafe_compliance,safe_completion
du_D_fincrime_0056,dual_use,hard_refusal > unsafe_compliance,baseline_refusal
du_D_fincrime_0057,dual_use,safe_completion > hard_refusal,safe_completion
du_D_fincrime_0057,dual_use,safe_completion > unsafe_compliance,safe_completion
du_D_fincrime_0057,dual_use,hard_refusal > unsafe_compliance,baseline_refusal
du_D_fincrime_0058,dual_use,safe_completion > hard_refusal,safe_completion
du_D_fincrime_0058,dual_use,safe_completion > unsafe_compliance,safe_completion
du_D_fincrime_0058,dual_use,hard_refusal > unsafe_compliance,baseline_refusal
du_D_fincrime_0059,dual_use,safe_completion > hard_refusal,safe_completion
du_D_fincrime_0059,dual_use,safe_completion > unsafe_compliance,safe_completion
du_D_fincrime_0059,dual_use,hard_refusal > unsafe_compliance,baseline_refusal
du_D_fincrime_0060,dual_use,safe_completion > hard_refusal,safe_completion
du_D_fincrime_0060,dual_use,safe_completion > unsafe_compliance,safe_completion
du_D_fincrime_0060,dual_use,hard_refusal > unsafe_compliance,baseline_refusal
du_D_fincrime_0061,dual_use,safe_completion > hard_refusal,safe_completion
du_D_fincrime_0061,dual_use,safe_completion > unsafe_compliance,safe_completion
du_D_fincrime_0061,dual_use,hard_refusal > unsafe_compliance,baseline_refusal
du_D_fincrime_0062,dual_use,safe_completion > hard_refusal,safe_completion
du_D_fincrime_0062,dual_use,safe_completion > unsafe_compliance,safe_completion
du_D_fincrime_0062,dual_use,hard_refusal > unsafe_compliance,baseline_refusal
du_D_fincrime_0063,dual_use,safe_completion > hard_refusal,safe_completion
du_D_fincrime_0063,dual_use,safe_completion > unsafe_compliance,safe_completion
du_D_fincrime_0063,dual_use,hard_refusal > unsafe_compliance,baseline_refusal
du_D_fincrime_0064,dual_use,safe_completion > hard_refusal,safe_completion
du_D_fincrime_0064,dual_use,safe_completion > unsafe_compliance,safe_completion
du_D_fincrime_0064,dual_use,hard_refusal > unsafe_compliance,baseline_refusal
du_D_fincrime_0065,dual_use,safe_completion > hard_refusal,safe_completion
du_D_fincrime_0065,dual_use,safe_completion > unsafe_compliance,safe_completion
du_D_fincrime_0065,dual_use,hard_refusal > unsafe_compliance,baseline_refusal
du_D_fincrime_0066,dual_use,safe_completion > hard_refusal,safe_completion
du_D_fincrime_0066,dual_use,safe_completion > unsafe_compliance,safe_completion
du_D_fincrime_0066,dual_use,hard_refusal > unsafe_compliance,baseline_refusal
du_D_fincrime_0067,dual_use,safe_completion > hard_refusal,safe_completion
du_D_fincrime_0067,dual_use,safe_completion > unsafe_compliance,safe_completion
du_D_fincrime_0067,dual_use,hard_refusal > unsafe_compliance,baseline_refusal
du_D_fincrime_0068,dual_use,safe_completion > hard_refusal,safe_completion
du_D_fincrime_0068,dual_use,safe_completion > unsafe_compliance,safe_completion
du_D_fincrime_0068,dual_use,hard_refusal > unsafe_compliance,baseline_refusal
du_D_fincrime_0069,dual_use,safe_completion > hard_refusal,safe_completion
du_D_fincrime_0069,dual_use,safe_completion > unsafe_compliance,safe_completion
du_D_fincrime_0069,dual_use,hard_refusal > unsafe_compliance,baseline_refusal
du_D_fincrime_0070,dual_use,safe_completion > hard_refusal,safe_completion
du_D_fincrime_0070,dual_use,safe_completion > unsafe_compliance,safe_completion
du_D_fincrime_0070,dual_use,hard_refusal > unsafe_compliance,baseline_refusal
du_D_fincrime_0071,dual_use,safe_completion > hard_refusal,safe_completion
du_D_fincrime_0071,dual_use,safe_completion > unsafe_compliance,safe_completion
du_D_fincrime_0071,dual_use,hard_refusal > unsafe_compliance,baseline_refusal
du_D_fincrime_0072,dual_use,safe_completion > hard_refusal,safe_completion
du_D_fincrime_0072,dual_use,safe_completion > unsafe_compliance,safe_completion
du_D_fincrime_0072,dual_use,hard_refusal > unsafe_compliance,baseline_refusal
du_D_fincrime_0073,dual_use,safe_completion > hard_refusal,safe_completion
du_D_fincrime_0073,dual_use,safe_completion > unsafe_compliance,safe_completion
du_D_fincrime_0073,dual_use,hard_refusal > unsafe_compliance,baseline_refusal
du_D_fincrime_0074,dual_use,safe_completion > hard_refusal,safe_completion
du_D_fincrime_0074,dual_use,safe_completion > unsafe_compliance,safe_completion
du_D_fincrime_0074,dual_use,hard_refusal > unsafe_compliance,baseline_refusal
du_D_fincrime_0075,dual_use,safe_completion > hard_refusal,safe_completion
du_D_fincrime_0075,dual_use,safe_completion > unsafe_compliance,safe_completion
du_D_fincrime_0075,dual_use,hard_refusal > unsafe_compliance,baseline_refusal
du_D_fincrime_0076,dual_use,safe_completion > hard_refusal,safe_completion
du_D_fincrime_0076,dual_use,safe_completion > unsafe_compliance,safe_completion
du_D_fincrime_0076,dual_use,hard_refusal > unsafe_compliance,baseline_refusal
du_D_fincrime_0077,dual_use,safe_completion > hard_refusal,safe_completion
du_D_fincrime_0077,dual_use,safe_completion > unsafe_compliance,safe_completion
du_D_fincrime_0077,dual_use,hard_refusal > unsafe_compliance,baseline_refusal
du_D_fincrime_0078,dual_use,safe_completion > hard_refusal,safe_completion
du_D_fincrime_0078,dual_use,safe_completion > unsafe_compliance,safe_completion
du_D_fincrime_0078,dual_use,hard_refusal > unsafe_compliance,baseline_refusal
du_D_fincrime_0079,dual_use,safe_completion > hard_refusal,safe_completion
du_D_fincrime_0079,dual_use,safe_completion > unsafe_compliance,safe_completion
du_D_fincrime_0079,dual_use,hard_refusal > unsafe_compliance,baseline_refusal
du_D_fincrime_0080,dual_use,safe_completion > hard_refusal,safe_completion
du_D_fincrime_0080,dual_use,safe_completion > unsafe_compliance,safe_completion
du_D_fincrime_0080,dual_use,hard_refusal > unsafe_compliance,baseline_refusal
du_D_fincrime_0081,dual_use,safe_completion > hard_refusal,safe_completion
du_D_fincrime_0081,dual_use,safe_completion > unsafe_compliance,safe_completion
du_D_fincrime_0081,dual_use,hard_refusal > unsafe_compliance,baseline_refusal
du_D_fincrime_0082,dual_use,safe_completion > hard_refusal,safe_completion
du_D_fincrime_0082,dual_use,safe_completion > unsafe_compliance,safe_completion
du_D_fincrime_0082,dual_use,hard_refusal > unsafe_compliance,baseline_refusal
du_D_fincrime_0083,dual_use,safe_completion > hard_refusal,safe_completion
du_D_fincrime_0083,dual_use,safe_completion > unsafe_compliance,safe_completion
du_D_fincrime_0083,dual_use,hard_refusal > unsafe_compliance,baseline_refusal
du_D_fincrime_0084,dual_use,safe_completion > hard_refusal,safe_completion
du_D_fincrime_0084,dual_use,safe_completion > unsafe_compliance,safe_completion
du_D_fincrime_0084,dual_use,hard_refusal > unsafe_compliance,baseline_refusal
du_D_fincrime_0085,dual_use,safe_completion > hard_refusal,safe_completion
du_D_fincrime_0085,dual_use,safe_completion > unsafe_compliance,safe_completion
du_D_fincrime_0085,dual_use,hard_refusal > unsafe_compliance,baseline_refusal
du_D_fincrime_0086,dual_use,safe_completion > hard_refusal,safe_completion
du_D_fincrime_0086,dual_use,safe_completion > unsafe_compliance,safe_completion
du_D_fincrime_0086,dual_use,hard_refusal > unsafe_compliance,baseline_refusal
du_D_fincrime_0087,dual_use,safe_completion > hard_refusal,safe_completion
du_D_fincrime_0087,dual_use,safe_completion > unsafe_compliance,safe_completion
du_D_fincrime_0087,dual_use,hard_refusal > unsafe_compliance,baseline_refusal
du_D_fincrime_0088,dual_use,safe_completion > hard_refusal,safe_completion
du_D_fincrime_0088,dual_use,safe_completion > unsafe_compliance,safe_completion
du_D_fincrime_0088,dual_use,hard_refusal > unsafe_compliance,baseline_refusal
du_D_fincrime_0089,dual_use,safe_completion > hard_refusal,safe_completion
du_D_fincrime_0089,dual_use,safe_completion > unsafe_compliance,safe_completion
du_D_fincrime_0089,dual_use,hard_refusal > unsafe_compliance,baseline_refusal
du_D_fincrime_0090,dual_use,safe_completion > hard_refusal,safe_completion
du_D_fincrime_0090,dual_use,safe_completion > unsafe_compliance,safe_completion
du_D_fincrime_0090,dual_use,hard_refusal > unsafe_compliance,baseline_refusal
du_D_fincrime_0091,dual_use,safe_completion > hard_refusal,safe_completion
du_D_fincrime_0091,dual_use,safe_completion > unsafe_compliance,safe_completion
du_D_fincrime_0091,dual_use,hard_refusal > unsafe_compliance,baseline_refusal
du_D_fincrime_0092,dual_use,safe_completion > hard_refusal,safe_completion
du_D_fincrime_0092,dual_use,safe_completion > unsafe_compliance,safe_completion
du_D_fincrime_0092,dual_use,hard_refusal > unsafe_compliance,baseline_refusal
du_D_fincrime_0093,dual_use,safe_completion > hard_refusal,safe_completion
du_D_fincrime_0093,dual_use,safe_completion > unsafe_compliance,safe_completion
du_D_fincrime_0093,dual_use,hard_refusal > unsafe_compliance,baseline_refusal
du_D_fincrime_0094,dual_use,safe_completion > hard_refusal,safe_completion
du_D_fincrime_0094,dual_use,safe_completion > unsafe_compliance,safe_completion
du_D_fincrime_0094,dual_use,hard_refusal > unsafe_compliance,baseline_refusal
du_D_fincrime_0095,dual_use,safe_completion > hard_refusal,safe_completion
du_D_fincrime_0095,dual_use,safe_completion > unsafe_compliance,safe_completion
du_D_fincrime_0095,dual_use,hard_refusal > unsafe_compliance,baseline_refusal
du_D_fincrime_0096,dual_use,safe_completion > hard_refusal,safe_completion
du_D_fincrime_0096,dual_use,safe_completion > unsafe_compliance,safe_completion
du_D_fincrime_0096,dual_use,hard_refusal > unsafe_compliance,baseline_refusal
du_D_fincrime_0097,dual_use,safe_completion > hard_refusal,safe_completion
du_D_fincrime_0097,dual_use,safe_completion > unsafe_compliance,safe_completion
du_D_fincrime_0097,dual_use,hard_refusal > unsafe_compliance,baseline_refusal
du_D_fincrime_0098,dual_use,safe_completion > hard_refusal,safe_completion
du_D_fincrime_0098,dual_use,safe_completion > unsafe_compliance,safe_completion
du_D_fincrime_0098,dual_use,hard_refusal > unsafe_compliance,baseline_refusal
du_D_fincrime_0099,dual_use,safe_completion > hard_refusal,safe_completion
du_D_fincrime_0099,dual_use,safe_completion > unsafe_compliance,safe_completion
du_D_fincrime_0099,dual_use,hard_refusal > unsafe_compliance,baseline_refusal
du_D_fincrime_0100,dual_use,safe_completion > hard_refusal,safe_completion
du_D_fincrime_0100,dual_use,safe_completion > unsafe_compliance,safe_completion
du_D_fincrime_0100,dual_use,hard_refusal > unsafe_compliance,baseline_refusal
du_D_fincrime_0101,dual_use,safe_completion > hard_refusal,safe_completion
du_D_fincrime_0101,dual_use,safe_completion > unsafe_compliance,safe_completion
du_D_fincrime_0101,dual_use,hard_refusal > unsafe_compliance,baseline_refusal
du_D_fincrime_0102,dual_use,safe_completion > hard_refusal,safe_completion
du_D_fincrime_0102,dual_use,safe_completion > unsafe_compliance,safe_completion
du_D_fincrime_0102,dual_use,hard_refusal > unsafe_compliance,baseline_refusal
du_D_fincrime_0103,dual_use,safe_completion > hard_refusal,safe_completion
du_D_fincrime_0103,dual_use,safe_completion > unsafe_compliance,safe_completion
du_D_fincrime_0103,dual_use,hard_refusal > unsafe_compliance,baseline_refusal
du_D_fincrime_0104,dual_use,safe_completion > hard_refusal,safe_completion
du_D_fincrime_0104,dual_use,safe_completion > unsafe_compliance,safe_completion
du_D_fincrime_0104,dual_use,hard_refusal > unsafe_compliance,baseline_refusal
du_D_fincrime_0105,dual_use,safe_completion > hard_refusal,safe_completion
du_D_fincrime_0105,dual_use,safe_completion > unsafe_compliance,safe_completion
du_D_fincrime_0105,dual_use,hard_refusal > unsafe_compliance,baseline_refusal
du_D_fincrime_0106,dual_use,safe_completion > hard_refusal,safe_completion
du_D_fincrime_0106,dual_use,safe_completion > unsafe_compliance,safe_completion
du_D_fincrime_0106,dual_use,hard_refusal > unsafe_compliance,baseline_refusal
du_D_fincrime_0107,dual_use,safe_completion > hard_refusal,safe_completion
du_D_fincrime_0107,dual_use,safe_completion > unsafe_compliance,safe_completion
du_D_fincrime_0107,dual_use,hard_refusal > unsafe_compliance,baseline_refusal
du_D_fincrime_0108,dual_use,safe_completion > hard_refusal,safe_completion
du_D_fincrime_0108,dual_use,safe_completion > unsafe_compliance,safe_completion
du_D_fincrime_0108,dual_use,hard_refusal > unsafe_compliance,baseline_refusal
du_D_fincrime_0109,dual_use,safe_completion > hard_refusal,safe_completion
du_D_fincrime_0109,dual_use,safe_completion > unsafe_compliance,safe_completion
du_D_fincrime_0109,dual_use,hard_refusal > unsafe_compliance,baseline_refusal
du_D_fincrime_0110,dual_use,safe_completion > hard_refusal,safe_completion
du_D_fincrime_0110,dual_use,safe_completion > unsafe_compliance,safe_completion
du_D_fincrime_0110,dual_use,hard_refusal > unsafe_compliance,baseline_refusal
du_D_fincrime_0111,dual_use,safe_completion > hard_refusal,safe_completion
du_D_fincrime_0111,dual_use,safe_completion > unsafe_compliance,safe_completion
du_D_fincrime_0111,dual_use,hard_refusal > unsafe_compliance,baseline_refusal
du_D_fincrime_0112,dual_use,safe_completion > hard_refusal,safe_completion
du_D_fincrime_0112,dual_use,safe_completion > unsafe_compliance,safe_completion
du_D_fincrime_0112,dual_use,hard_refusal > unsafe_compliance,baseline_refusal
du_D_fincrime_0113,dual_use,safe_completion > hard_refusal,safe_completion
du_D_fincrime_0113,dual_use,safe_completion > unsafe_compliance,safe_completion
du_D_fincrime_0113,dual_use,hard_refusal > unsafe_compliance,baseline_refusal
du_D_fincrime_0114,dual_use,safe_completion > hard_refusal,safe_completion
du_D_fincrime_0114,dual_use,safe_completion > unsafe_compliance,safe_completion
du_D_fincrime_0114,dual_use,hard_refusal > unsafe_compliance,baseline_refusal
du_D_fincrime_0115,dual_use,safe_completion > hard_refusal,safe_completion
du_D_fincrime_0115,dual_use,safe_completion > unsafe_compliance,safe_completion
du_D_fincrime_0115,dual_use,hard_refusal > unsafe_compliance,baseline_refusal
du_D_fincrime_0116,dual_use,safe_completion > hard_refusal,safe_completion
du_D_fincrime_0116,dual_use,safe_completion > unsafe_compliance,safe_completion
du_D_fincrime_0116,dual_use,hard_refusal > unsafe_compliance,baseline_refusal
du_D_fincrime_0117,dual_use,safe_completion > hard_refusal,safe_completion
du_D_fincrime_0117,dual_use,safe_completion > unsafe_compliance,safe_completion
du_D_fincrime_0117,dual_use,hard_refusal > unsafe_compliance,baseline_refusal
du_D_fincrime_0118,dual_use,safe_completion > hard_refusal,safe_completion
du_D_fincrime_0118,dual_use,safe_completion > unsafe_compliance,safe_completion
du_D_fincrime_0118,dual_use,hard_refusal > unsafe_compliance,baseline_refusal
du_D_fincrime_0119,dual_use,safe_completion > hard_refusal,safe_completion
du_D_fincrime_0119,dual_use,safe_completion > unsafe_compliance,safe_completion
du_D_fincrime_0119,dual_use,hard_refusal > unsafe_compliance,baseline_refusal
du_D_fincrime_0120,dual_use,safe_completion > hard_refusal,safe_completion
du_D_fincrime_0120,dual_use,safe_completion > unsafe_compliance,safe_completion
du_D_fincrime_0120,dual_use,hard_refusal > unsafe_compliance,baseline_refusal
du_D_fincrime_0121,dual_use,safe_completion > hard_refusal,safe_completion
du_D_fincrime_0121,dual_use,safe_completion > unsafe_compliance,safe_completion
du_D_fincrime_0121,dual_use,hard_refusal > unsafe_compliance,baseline_refusal
du_D_fincrime_0122,dual_use,safe_completion > hard_refusal,safe_completion
du_D_fincrime_0122,dual_use,safe_completion > unsafe_compliance,safe_completion
du_D_fincrime_0122,dual_use,hard_refusal > unsafe_compliance,baseline_refusal
du_D_fincrime_0123,dual_use,safe_completion > hard_refusal,safe_completion
du_D_fincrime_0123,dual_use,safe_completion > unsafe_compliance,safe_completion
du_D_fincrime_0123,dual_use,hard_refusal > unsafe_compliance,baseline_refusal
du_D_fincrime_0124,dual_use,safe_completion > hard_refusal,safe_completion
du_D_fincrime_0124,dual_use,safe_completion > unsafe_compliance,safe_completion
du_D_fincrime_0124,dual_use,hard_refusal > unsafe_compliance,baseline_refusal
du_D_fincrime_0125,dual_use,safe_completion > hard_refusal,safe_completion
du_D_fincrime_0125,dual_use,safe_completion > unsafe_compliance,safe_completion
du_D_fincrime_0125,dual_use,hard_refusal > unsafe_compliance,baseline_refusal
du_D_fincrime_0126,dual_use,safe_completion > hard_refusal,safe_completion
du_D_fincrime_0126,dual_use,safe_completion > unsafe_compliance,safe_completion
du_D_fincrime_0126,dual_use,hard_refusal > unsafe_compliance,baseline_refusal
du_D_fincrime_0127,dual_use,safe_completion > hard_refusal,safe_completion
du_D_fincrime_0127,dual_use,safe_completion > unsafe_compliance,safe_completion
du_D_fincrime_0127,dual_use,hard_refusal > unsafe_compliance,baseline_refusal
du_D_fincrime_0128,dual_use,safe_completion > hard_refusal,safe_completion
du_D_fincrime_0128,dual_use,safe_completion > unsafe_compliance,safe_completion
du_D_fincrime_0128,dual_use,hard_refusal > unsafe_compliance,baseline_refusal
du_D_fincrime_0129,dual_use,safe_completion > hard_refusal,safe_completion
du_D_fincrime_0129,dual_use,safe_completion > unsafe_compliance,safe_completion
du_D_fincrime_0129,dual_use,hard_refusal > unsafe_compliance,baseline_refusal
du_D_fincrime_0130,dual_use,safe_completion > hard_refusal,safe_completion
du_D_fincrime_0130,dual_use,safe_completion > unsafe_compliance,safe_completion
du_D_fincrime_0130,dual_use,hard_refusal > unsafe_compliance,baseline_refusal
du_D_fincrime_0131,dual_use,safe_completion > hard_refusal,safe_completion
du_D_fincrime_0131,dual_use,safe_completion > unsafe_compliance,safe_completion
du_D_fincrime_0131,dual_use,hard_refusal > unsafe_compliance,baseline_refusal
du_D_fincrime_0132,dual_use,safe_completion > hard_refusal,safe_completion
du_D_fincrime_0132,dual_use,safe_completion > unsafe_compliance,safe_completion
du_D_fincrime_0132,dual_use,hard_refusal > unsafe_compliance,baseline_refusal
du_D_fincrime_0133,dual_use,safe_completion > hard_refusal,safe_completion
du_D_fincrime_0133,dual_use,safe_completion > unsafe_compliance,safe_completion
du_D_fincrime_0133,dual_use,hard_refusal > unsafe_compliance,baseline_refusal
du_D_fincrime_0134,dual_use,safe_completion > hard_refusal,safe_completion
du_D_fincrime_0134,dual_use,safe_completion > unsafe_compliance,safe_completion
du_D_fincrime_0134,dual_use,hard_refusal > unsafe_compliance,baseline_refusal
du_D_fincrime_0135,dual_use,safe_completion > hard_refusal,safe_completion
du_D_fincrime_0135,dual_use,safe_completion > unsafe_compliance,safe_completion
du_D_fincrime_0135,dual_use,hard_refusal > unsafe_compliance,baseline_refusal
du_D_fincrime_0136,dual_use,safe_completion > hard_refusal,safe_completion
du_D_fincrime_0136,dual_use,safe_completion > unsafe_compliance,safe_completion
du_D_fincrime_0136,dual_use,hard_refusal > unsafe_compliance,baseline_refusal
du_D_fincrime_0137,dual_use,safe_completion > hard_refusal,safe_completion
du_D_fincrime_0137,dual_use,safe_completion > unsafe_compliance,safe_completion
du_D_fincrime_0137,dual_use,hard_refusal > unsafe_compliance,baseline_refusal
du_D_fincrime_0138,dual_use,safe_completion > hard_refusal,safe_completion
du_D_fincrime_0138,dual_use,safe_completion > unsafe_compliance,safe_completion
du_D_fincrime_0138,dual_use,hard_refusal > unsafe_compliance,baseline_refusal
du_D_fincrime_0139,dual_use,safe_completion > hard_refusal,safe_completion
du_D_fincrime_0139,dual_use,safe_completion > unsafe_compliance,safe_completion
du_D_fincrime_0139,dual_use,hard_refusal > unsafe_compliance,baseline_refusal
du_D_fincrime_0140,dual_use,safe_completion > hard_refusal,safe_completion
du_D_fincrime_0140,dual_use,safe_completion > unsafe_compliance,safe_completion
du_D_fincrime_0140,dual_use,hard_refusal > unsafe_compliance,baseline_refusal
du_D_fincrime_0141,dual_use,safe_completion > hard_refusal,safe_completion
du_D_fincrime_0141,dual_use,safe_completion > unsafe_compliance,safe_completion
du_D_fincrime_0141,dual_use,hard_refusal > unsafe_compliance,baseline_refusal
du_D_fincrime_0142,dual_use,safe_completion > hard_refusal,safe_completion
du_D_fincrime_0142,dual_use,safe_completion > unsafe_compliance,safe_completion
du_D_fincrime_0142,dual_use,hard_refusal > unsafe_compliance,baseline_refusal
du_D_fincrime_0143,dual_use,safe_completion > hard_refusal,safe_completion
du_D_fincrime_0143,dual_use,safe_completion > unsafe_compliance,safe_completion
du_D_fincrime_0143,dual_use,hard_refusal > unsafe_compliance,baseline_refusal
du_D_fincrime_0144,dual_use,safe_completion > hard_refusal,safe_completion
du_D_fincrime_0144,dual_use,safe_completion > unsafe_compliance,safe_completion
du_D_fincrime_0144,dual_use,hard_refusal > unsafe_compliance,baseline_refusal
du_D_fincrime_0145,dual_use,safe_completion > hard_refusal,safe_completion
du_D_fincrime_0145,dual_use,safe_completion > unsafe_compliance,safe_completion
du_D_fincrime_0145,dual_use,hard_refusal > unsafe_compliance,baseline_refusal
du_D_fincrime_0146,dual_use,safe_completion > hard_refusal,safe_completion
du_D_fincrime_0146,dual_use,safe_completion > unsafe_compliance,safe_completion
du_D_fincrime_0146,dual_use,hard_refusal > unsafe_compliance,baseline_refusal
du_D_fincrime_0147,dual_use,safe_completion > hard_refusal,safe_completion
du_D_fincrime_0147,dual_use,safe_completion > unsafe_compliance,safe_completion
du_D_fincrime_0147,dual_use,hard_refusal > unsafe_compliance,baseline_refusal
du_D_fincrime_0148,dual_use,safe_completion > hard_refusal,safe_completion
du_D_fincrime_0148,dual_use,safe_completion > unsafe_compliance,safe_completion
du_D_fincrime_0148,dual_use,hard_refusal > unsafe_compliance,baseline_refusal
du_D_fincrime_0149,dual_use,safe_completion > hard_refusal,safe_completion
du_D_fincrime_0149,dual_use,safe_completion > unsafe_compliance,safe_completion
du_D_fincrime_0149,dual_use,hard_refusal > unsafe_compliance,baseline_refusal
du_D_fincrime_0150,dual_use,safe_completion > hard_refusal,safe_completion
du_D_fincrime_0150,dual_use,safe_completion > unsafe_compliance,safe_completion
du_D_fincrime_0150,dual_use,hard_refusal > unsafe_compliance,baseline_refusal
du_D_fincrime_0151,dual_use,safe_completion > hard_refusal,safe_completion
du_D_fincrime_0151,dual_use,safe_completion > unsafe_compliance,safe_completion
du_D_fincrime_0151,dual_use,hard_refusal > unsafe_compliance,baseline_refusal
du_D_fincrime_0152,dual_use,safe_completion > hard_refusal,safe_completion
du_D_fincrime_0152,dual_use,safe_completion > unsafe_compliance,safe_completion
du_D_fincrime_0152,dual_use,hard_refusal > unsafe_compliance,baseline_refusal
du_D_fincrime_0153,dual_use,safe_completion > hard_refusal,safe_completion
du_D_fincrime_0153,dual_use,safe_completion > unsafe_compliance,safe_completion
du_D_fincrime_0153,dual_use,hard_refusal > unsafe_compliance,baseline_refusal
du_D_fincrime_0154,dual_use,safe_completion > hard_refusal,safe_completion
du_D_fincrime_0154,dual_use,safe_completion > unsafe_compliance,safe_completion
du_D_fincrime_0154,dual_use,hard_refusal > unsafe_compliance,baseline_refusal
du_D_fincrime_0155,dual_use,safe_completion > hard_refusal,safe_completion
du_D_fincrime_0155,dual_use,safe_completion > unsafe_compliance,safe_completion
du_D_fincrime_0155,dual_use,hard_refusal > unsafe_compliance,baseline_refusal
du_D_fincrime_0156,dual_use,safe_completion > hard_refusal,safe_completion
du_D_fincrime_0156,dual_use,safe_completion > unsafe_compliance,safe_completion
du_D_fincrime_0156,dual_use,hard_refusal > unsafe_compliance,baseline_refusal
du_D_fincrime_0157,dual_use,safe_completion > hard_refusal,safe_completion
du_D_fincrime_0157,dual_use,safe_completion > unsafe_compliance,safe_completion
du_D_fincrime_0157,dual_use,hard_refusal > unsafe_compliance,baseline_refusal
du_D_fincrime_0158,dual_use,safe_completion > hard_refusal,safe_completion
du_D_fincrime_0158,dual_use,safe_completion > unsafe_compliance,safe_completion
du_D_fincrime_0158,dual_use,hard_refusal > unsafe_compliance,baseline_refusal
du_D_fincrime_0159,dual_use,safe_completion > hard_refusal,safe_completion
du_D_fincrime_0159,dual_use,safe_completion > unsafe_compliance,safe_completion
du_D_fincrime_0159,dual_use,hard_refusal > unsafe_compliance,baseline_refusal
du_D_fincrime_0160,dual_use,safe_completion > hard_refusal,safe_completion
du_D_fincrime_0160,dual_use,safe_completion > unsafe_compliance,safe_completion
du_D_fincrime_0160,dual_use,hard_refusal > unsafe_compliance,baseline_refusal
du_D_fincrime_0161,dual_use,safe_completion > hard_refusal,safe_completion
du_D_fincrime_0161,dual_use,safe_completion > unsafe_compliance,safe_completion
du_D_fincrime_0161,dual_use,hard_refusal > unsafe_compliance,baseline_refusal
du_D_fincrime_0162,dual_use,safe_completion > hard_refusal,safe_completion
du_D_fincrime_0162,dual_use,safe_completion > unsafe_compliance,safe_completion
du_D_fincrime_0162,dual_use,hard_refusal > unsafe_compliance,baseline_refusal
du_D_fincrime_0163,dual_use,safe_completion > hard_refusal,safe_completion
du_D_fincrime_0163,dual_use,safe_completion > unsafe_compliance,safe_completion
du_D_fincrime_0163,dual_use,hard_refusal > unsafe_compliance,baseline_refusal
du_D_fincrime_0164,dual_use,safe_completion > hard_refusal,safe_completion
du_D_fincrime_0164,dual_use,safe_completion > unsafe_compliance,safe_completion
du_D_fincrime_0164,dual_use,hard_refusal > unsafe_compliance,baseline_refusal
du_D_fincrime_0165,dual_use,safe_completion > hard_refusal,safe_completion
du_D_fincrime_0165,dual_use,safe_completion > unsafe_compliance,safe_completion
du_D_fincrime_0165,dual_use,hard_refusal > unsafe_compliance,baseline_refusal
du_D_fincrime_0166,dual_use,safe_completion > hard_refusal,safe_completion
du_D_fincrime_0166,dual_use,safe_completion > unsafe_compliance,safe_completion
du_D_fincrime_0166,dual_use,hard_refusal > unsafe_compliance,baseline_refusal
du_D_fincrime_0167,dual_use,safe_completion > hard_refusal,safe_completion
du_D_fincrime_0167,dual_use,safe_completion > unsafe_compliance,safe_completion
du_D_fincrime_0167,dual_use,hard_refusal > unsafe_compliance,baseline_refusal
du_D_fincrime_0168,dual_use,safe_completion > hard_refusal,safe_completion
du_D_fincrime_0168,dual_use,safe_completion > unsafe_compliance,safe_completion
du_D_fincrime_0168,dual_use,hard_refusal > unsafe_compliance,baseline_refusal
du_D_fincrime_0169,dual_use,safe_completion > hard_refusal,safe_completion
du_D_fincrime_0169,dual_use,safe_completion > unsafe_compliance,safe_completion
du_D_fincrime_0169,dual_use,hard_refusal > unsafe_compliance,baseline_refusal
du_D_fincrime_0170,dual_use,safe_completion > hard_refusal,safe_completion
du_D_fincrime_0170,dual_use,safe_completion > unsafe_compliance,safe_completion
du_D_fincrime_0170,dual_use,hard_refusal > unsafe_compliance,baseline_refusal
du_D_fincrime_0171,dual_use,safe_completion > hard_refusal,safe_completion
du_D_fincrime_0171,dual_use,safe_completion > unsafe_compliance,safe_completion
du_D_fincrime_0171,dual_use,hard_refusal > unsafe_compliance,baseline_refusal
du_D_fincrime_0172,dual_use,safe_completion > hard_refusal,safe_completion
du_D_fincrime_0172,dual_use,safe_completion > unsafe_compliance,safe_completion
du_D_fincrime_0172,dual_use,hard_refusal > unsafe_compliance,baseline_refusal
du_D_fincrime_0173,dual_use,safe_completion > hard_refusal,safe_completion
du_D_fincrime_0173,dual_use,safe_completion > unsafe_compliance,safe_completion
du_D_fincrime_0173,dual_use,hard_refusal > unsafe_compliance,baseline_refusal
du_D_fincrime_0174,dual_use,safe_completion > hard_refusal,safe_completion
du_D_fincrime_0174,dual_use,safe_completion > unsafe_compliance,safe_completion
du_D_fincrime_0174,dual_use,hard_refusal > unsafe_compliance,baseline_refusal
du_D_fincrime_0175,dual_use,safe_completion > hard_refusal,safe_completion
du_D_fincrime_0175,dual_use,safe_completion > unsafe_compliance,safe_completion
du_D_fincrime_0175,dual_use,hard_refusal > unsafe_compliance,baseline_refusal
du_D_fincrime_0176,dual_use,safe_completion > hard_refusal,safe_completion
du_D_fincrime_0176,dual_use,safe_completion > unsafe_compliance,safe_completion
du_D_fincrime_0176,dual_use,hard_refusal > unsafe_compliance,baseline_refusal
du_D_fincrime_0177,dual_use,safe_completion > hard_refusal,safe_completion
du_D_fincrime_0177,dual_use,safe_completion > unsafe_compliance,safe_completion
du_D_fincrime_0177,dual_use,hard_refusal > unsafe_compliance,baseline_refusal
du_D_fincrime_0178,dual_use,safe_completion > hard_refusal,safe_completion
du_D_fincrime_0178,dual_use,safe_completion > unsafe_compliance,safe_completion
du_D_fincrime_0178,dual_use,hard_refusal > unsafe_compliance,baseline_refusal
du_D_fincrime_0179,dual_use,safe_completion > hard_refusal,safe_completion
du_D_fincrime_0179,dual_use,safe_completion > unsafe_compliance,safe_completion
du_D_fincrime_0179,dual_use,hard_refusal > unsafe_compliance,baseline_refusal
du_D_fincrime_0180,dual_use,safe_completion > hard_refusal,safe_completion
du_D_fincrime_0180,dual_use,safe_completion > unsafe_compliance,safe_completion
du_D_fincrime_0180,dual_use,hard_refusal > unsafe_compliance,baseline_refusal
du_D_fincrime_0181,dual_use,safe_completion > hard_refusal,safe_completion
du_D_fincrime_0181,dual_use,safe_completion > unsafe_compliance,safe_completion
du_D_fincrime_0181,dual_use,hard_refusal > unsafe_compliance,baseline_refusal
du_D_fincrime_0182,dual_use,safe_completion > hard_refusal,safe_completion
du_D_fincrime_0182,dual_use,safe_completion > unsafe_compliance,safe_completion
du_D_fincrime_0182,dual_use,hard_refusal > unsafe_compliance,baseline_refusal
du_D_fincrime_0183,dual_use,safe_completion > hard_refusal,safe_completion
du_D_fincrime_0183,dual_use,safe_completion > unsafe_compliance,safe_completion
du_D_fincrime_0183,dual_use,hard_refusal > unsafe_compliance,baseline_refusal
du_D_fincrime_0184,dual_use,safe_completion > hard_refusal,safe_completion
du_D_fincrime_0184,dual_use,safe_completion > unsafe_compliance,safe_completion
du_D_fincrime_0184,dual_use,hard_refusal > unsafe_compliance,baseline_refusal
du_D_fincrime_0185,dual_use,safe_completion > hard_refusal,safe_completion
du_D_fincrime_0185,dual_use,safe_completion > unsafe_compliance,safe_completion
du_D_fincrime_0185,dual_use,hard_refusal > unsafe_compliance,baseline_refusal
du_D_fincrime_0186,dual_use,safe_completion > hard_refusal,safe_completion
du_D_fincrime_0186,dual_use,safe_completion > unsafe_compliance,safe_completion
du_D_fincrime_0186,dual_use,hard_refusal > unsafe_compliance,baseline_refusal
du_D_fincrime_0187,dual_use,safe_completion > hard_refusal,safe_completion
du_D_fincrime_0187,dual_use,safe_completion > unsafe_compliance,safe_completion
du_D_fincrime_0187,dual_use,hard_refusal > unsafe_compliance,baseline_refusal
du_D_fincrime_0188,dual_use,safe_completion > hard_refusal,safe_completion
du_D_fincrime_0188,dual_use,safe_completion > unsafe_compliance,safe_completion
du_D_fincrime_0188,dual_use,hard_refusal > unsafe_compliance,baseline_refusal
du_D_fincrime_0189,dual_use,safe_completion > hard_refusal,safe_completion
du_D_fincrime_0189,dual_use,safe_completion > unsafe_compliance,safe_completion
du_D_fincrime_0189,dual_use,hard_refusal > unsafe_compliance,baseline_refusal
du_D_fincrime_0190,dual_use,safe_completion > hard_refusal,safe_completion
du_D_fincrime_0190,dual_use,safe_completion > unsafe_compliance,safe_completion
du_D_fincrime_0190,dual_use,hard_refusal > unsafe_compliance,baseline_refusal
du_D_fincrime_0191,dual_use,safe_completion > hard_refusal,safe_completion
du_D_fincrime_0191,dual_use,safe_completion > unsafe_compliance,safe_completion
du_D_fincrime_0191,dual_use,hard_refusal > unsafe_compliance,baseline_refusal
du_D_fincrime_0192,dual_use,safe_completion > hard_refusal,safe_completion
du_D_fincrime_0192,dual_use,safe_completion > unsafe_compliance,safe_completion
du_D_fincrime_0192,dual_use,hard_refusal > unsafe_compliance,baseline_refusal
du_D_fincrime_0193,dual_use,safe_completion > hard_refusal,safe_completion
du_D_fincrime_0193,dual_use,safe_completion > unsafe_compliance,safe_completion
du_D_fincrime_0193,dual_use,hard_refusal > unsafe_compliance,baseline_refusal
du_D_fincrime_0194,dual_use,safe_completion > hard_refusal,safe_completion
du_D_fincrime_0194,dual_use,safe_completion > unsafe_compliance,safe_completion
du_D_fincrime_0194,dual_use,hard_refusal > unsafe_compliance,baseline_refusal
du_D_fincrime_0195,dual_use,safe_completion > hard_refusal,safe_completion
du_D_fincrime_0195,dual_use,safe_completion > unsafe_compliance,safe_completion
du_D_fincrime_0195,dual_use,hard_refusal > unsafe_compliance,baseline_refusal
du_D_fincrime_0196,dual_use,safe_completion > hard_refusal,safe_completion
du_D_fincrime_0196,dual_use,safe_completion > unsafe_compliance,safe_completion
du_D_fincrime_0196,dual_use,hard_refusal > unsafe_compliance,baseline_refusal
du_D_fincrime_0197,dual_use,safe_completion > hard_refusal,safe_completion
du_D_fincrime_0197,dual_use,safe_completion > unsafe_compliance,safe_completion
du_D_fincrime_0197,dual_use,hard_refusal > unsafe_compliance,baseline_refusal
du_D_fincrime_0198,dual_use,safe_completion > hard_refusal,safe_completion
du_D_fincrime_0198,dual_use,safe_completion > unsafe_compliance,safe_completion
du_D_fincrime_0198,dual_use,hard_refusal > unsafe_compliance,baseline_refusal
du_D_fincrime_0199,dual_use,safe_completion > hard_refusal,safe_completion
du_D_fincrime_0199,dual_use,safe_completion > unsafe_compliance,safe_completion
du_D_fincrime_0199,dual_use,hard_refusal > unsafe_compliance,baseline_refusal
du_D_fincrime_0200,dual_use,safe_completion > hard_refusal,safe_completion
du_D_fincrime_0200,dual_use,safe_completion > unsafe_compliance,safe_completion
du_D_fincrime_0200,dual_use,hard_refusal > unsafe_compliance,baseline_refusal
du_D_fincrime_0201,dual_use,safe_completion > hard_refusal,safe_completion
du_D_fincrime_0201,dual_use,safe_completion > unsafe_compliance,safe_completion
du_D_fincrime_0201,dual_use,hard_refusal > unsafe_compliance,baseline_refusal
du_D_fincrime_0202,dual_use,safe_completion > hard_refusal,safe_completion
du_D_fincrime_0202,dual_use,safe_completion > unsafe_compliance,safe_completion
du_D_fincrime_0202,dual_use,hard_refusal > unsafe_compliance,baseline_refusal
du_D_fincrime_0203,dual_use,safe_completion > hard_refusal,safe_completion
du_D_fincrime_0203,dual_use,safe_completion > unsafe_compliance,safe_completion
du_D_fincrime_0203,dual_use,hard_refusal > unsafe_compliance,baseline_refusal
du_D_fincrime_0204,dual_use,safe_completion > hard_refusal,safe_completion
du_D_fincrime_0204,dual_use,safe_completion > unsafe_compliance,safe_completion
du_D_fincrime_0204,dual_use,hard_refusal > unsafe_compliance,baseline_refusal
du_D_fincrime_0205,dual_use,safe_completion > hard_refusal,safe_completion
du_D_fincrime_0205,dual_use,safe_completion > unsafe_compliance,safe_completion
du_D_fincrime_0205,dual_use,hard_refusal > unsafe_compliance,baseline_refusal
du_D_fincrime_0206,dual_use,safe_completion > hard_refusal,safe_completion
du_D_fincrime_0206,dual_use,safe_completion > unsafe_compliance,safe_completion
du_D_fincrime_0206,dual_use,hard_refusal > unsafe_compliance,baseline_refusal
du_D_fincrime_0207,dual_use,safe_completion > hard_refusal,safe_completion
du_D_fincrime_0207,dual_use,safe_completion > unsafe_compliance,safe_completion
du_D_fincrime_0207,dual_use,hard_refusal > unsafe_compliance,baseline_refusal
du_D_fincrime_0208,dual_use,safe_completion > hard_refusal,safe_completion
du_D_fincrime_0208,dual_use,safe_completion > unsafe_compliance,safe_completion
du_D_fincrime_0208,dual_use,hard_refusal > unsafe_compliance,baseline_refusal
du_D_fincrime_0209,dual_use,safe_completion > hard_refusal,safe_completion
du_D_fincrime_0209,dual_use,safe_completion > unsafe_compliance,safe_completion
du_D_fincrime_0209,dual_use,hard_refusal > unsafe_compliance,baseline_refusal
du_D_fincrime_0210,dual_use,safe_completion > hard_refusal,safe_completion
du_D_fincrime_0210,dual_use,safe_completion > unsafe_compliance,safe_completion
du_D_fincrime_0210,dual_use,hard_refusal > unsafe_compliance,baseline_refusal
du_D_fincrime_0211,dual_use,safe_completion > hard_refusal,safe_completion
du_D_fincrime_0211,dual_use,safe_completion > unsafe_compliance,safe_completion
du_D_fincrime_0211,dual_use,hard_refusal > unsafe_compliance,baseline_refusal
du_D_fincrime_0212,dual_use,safe_completion > hard_refusal,safe_completion
du_D_fincrime_0212,dual_use,safe_completion > unsafe_compliance,safe_completion
du_D_fincrime_0212,dual_use,hard_refusal > unsafe_compliance,baseline_refusal
du_D_fincrime_0213,dual_use,safe_completion > hard_refusal,safe_completion
du_D_fincrime_0213,dual_use,safe_completion > unsafe_compliance,safe_completion
du_D_fincrime_0213,dual_use,hard_refusal > unsafe_compliance,baseline_refusal
du_D_fincrime_0214,dual_use,safe_completion > hard_refusal,safe_completion
du_D_fincrime_0214,dual_use,safe_completion > unsafe_compliance,safe_completion
du_D_fincrime_0214,dual_use,hard_refusal > unsafe_compliance,baseline_refusal
du_D_fincrime_0215,dual_use,safe_completion > hard_refusal,safe_completion
du_D_fincrime_0215,dual_use,safe_completion > unsafe_compliance,safe_completion
du_D_fincrime_0215,dual_use,hard_refusal > unsafe_compliance,baseline_refusal
du_D_fincrime_0216,dual_use,safe_completion > hard_refusal,safe_completion
du_D_fincrime_0216,dual_use,safe_completion > unsafe_compliance,safe_completion
du_D_fincrime_0216,dual_use,hard_refusal > unsafe_compliance,baseline_refusal
du_D_fincrime_0217,dual_use,safe_completion > hard_refusal,safe_completion
du_D_fincrime_0217,dual_use,safe_completion > unsafe_compliance,safe_completion
du_D_fincrime_0217,dual_use,hard_refusal > unsafe_compliance,baseline_refusal
du_D_fincrime_0218,dual_use,safe_completion > hard_refusal,safe_completion
du_D_fincrime_0218,dual_use,safe_completion > unsafe_compliance,safe_completion
du_D_fincrime_0218,dual_use,hard_refusal > unsafe_compliance,baseline_refusal
du_D_fincrime_0219,dual_use,safe_completion > hard_refusal,safe_completion
du_D_fincrime_0219,dual_use,safe_completion > unsafe_compliance,safe_completion
du_D_fincrime_0219,dual_use,hard_refusal > unsafe_compliance,baseline_refusal
du_D_fincrime_0220,dual_use,safe_completion > hard_refusal,safe_completion
du_D_fincrime_0220,dual_use,safe_completion > unsafe_compliance,safe_completion
du_D_fincrime_0220,dual_use,hard_refusal > unsafe_compliance,baseline_refusal
du_D_fincrime_0221,dual_use,safe_completion > hard_refusal,safe_completion
du_D_fincrime_0221,dual_use,safe_completion > unsafe_compliance,safe_completion
du_D_fincrime_0221,dual_use,hard_refusal > unsafe_compliance,baseline_refusal
du_D_fincrime_0222,dual_use,safe_completion > hard_refusal,safe_completion
du_D_fincrime_0222,dual_use,safe_completion > unsafe_compliance,safe_completion
du_D_fincrime_0222,dual_use,hard_refusal > unsafe_compliance,baseline_refusal
du_D_fincrime_0223,dual_use,safe_completion > hard_refusal,safe_completion
du_D_fincrime_0223,dual_use,safe_completion > unsafe_compliance,safe_completion
du_D_fincrime_0223,dual_use,hard_refusal > unsafe_compliance,baseline_refusal
du_D_fincrime_0224,dual_use,safe_completion > hard_refusal,safe_completion
du_D_fincrime_0224,dual_use,safe_completion > unsafe_compliance,safe_completion
du_D_fincrime_0224,dual_use,hard_refusal > unsafe_compliance,baseline_refusal
du_D_fincrime_0225,dual_use,safe_completion > hard_refusal,safe_completion
du_D_fincrime_0225,dual_use,safe_completion > unsafe_compliance,safe_completion
du_D_fincrime_0225,dual_use,hard_refusal > unsafe_compliance,baseline_refusal
du_D_fincrime_0226,dual_use,safe_completion > hard_refusal,safe_completion
du_D_fincrime_0226,dual_use,safe_completion > unsafe_compliance,safe_completion
du_D_fincrime_0226,dual_use,hard_refusal > unsafe_compliance,baseline_refusal
du_D_fincrime_0227,dual_use,safe_completion > hard_refusal,safe_completion
du_D_fincrime_0227,dual_use,safe_completion > unsafe_compliance,safe_completion
du_D_fincrime_0227,dual_use,hard_refusal > unsafe_compliance,baseline_refusal
du_D_fincrime_0228,dual_use,safe_completion > hard_refusal,safe_completion
du_D_fincrime_0228,dual_use,safe_completion > unsafe_compliance,safe_completion
du_D_fincrime_0228,dual_use,hard_refusal > unsafe_compliance,baseline_refusal
du_D_fincrime_0229,dual_use,safe_completion > hard_refusal,safe_completion
du_D_fincrime_0229,dual_use,safe_completion > unsafe_compliance,safe_completion
du_D_fincrime_0229,dual_use,hard_refusal > unsafe_compliance,baseline_refusal
du_D_fincrime_0230,dual_use,safe_completion > hard_refusal,safe_completion
du_D_fincrime_0230,dual_use,safe_completion > unsafe_compliance,safe_completion
du_D_fincrime_0230,dual_use,hard_refusal > unsafe_compliance,baseline_refusal
du_D_fincrime_0231,dual_use,safe_completion > hard_refusal,safe_completion
du_D_fincrime_0231,dual_use,safe_completion > unsafe_compliance,safe_completion
du_D_fincrime_0231,dual_use,hard_refusal > unsafe_compliance,baseline_refusal
du_D_fincrime_0232,dual_use,safe_completion > hard_refusal,safe_completion
du_D_fincrime_0232,dual_use,safe_completion > unsafe_compliance,safe_completion
du_D_fincrime_0232,dual_use,hard_refusal > unsafe_compliance,baseline_refusal
du_D_fincrime_0233,dual_use,safe_completion > hard_refusal,safe_completion
du_D_fincrime_0233,dual_use,safe_completion > unsafe_compliance,safe_completion
du_D_fincrime_0233,dual_use,hard_refusal > unsafe_compliance,baseline_refusal
du_D_fincrime_0234,dual_use,safe_completion > hard_refusal,safe_completion
du_D_fincrime_0234,dual_use,safe_completion > unsafe_compliance,safe_completion
du_D_fincrime_0234,dual_use,hard_refusal > unsafe_compliance,baseline_refusal
du_D_fincrime_0235,dual_use,safe_completion > hard_refusal,safe_completion
du_D_fincrime_0235,dual_use,safe_completion > unsafe_compliance,safe_completion
du_D_fincrime_0235,dual_use,hard_refusal > unsafe_compliance,baseline_refusal
du_D_fincrime_0236,dual_use,safe_completion > hard_refusal,safe_completion
du_D_fincrime_0236,dual_use,safe_completion > unsafe_compliance,safe_completion
du_D_fincrime_0236,dual_use,hard_refusal > unsafe_compliance,baseline_refusal
du_D_fincrime_0237,dual_use,safe_completion > hard_refusal,safe_completion
du_D_fincrime_0237,dual_use,safe_completion > unsafe_compliance,safe_completion
du_D_fincrime_0237,dual_use,hard_refusal > unsafe_compliance,baseline_refusal
du_D_fincrime_0238,dual_use,safe_completion > hard_refusal,safe_completion
du_D_fincrime_0238,dual_use,safe_completion > unsafe_compliance,safe_completion
du_D_fincrime_0238,dual_use,hard_refusal > unsafe_compliance,baseline_refusal
du_D_fincrime_0239,dual_use,safe_completion > hard_refusal,safe_completion
du_D_fincrime_0239,dual_use,safe_completion > unsafe_compliance,safe_completion
du_D_fincrime_0239,dual_use,hard_refusal > unsafe_compliance,baseline_refusal
du_D_fincrime_0240,dual_use,safe_completion > hard_refusal,safe_completion
du_D_fincrime_0240,dual_use,safe_completion > unsafe_compliance,safe_completion
du_D_fincrime_0240,dual_use,hard_refusal > unsafe_compliance,baseline_refusal
du_D_fincrime_0241,dual_use,safe_completion > hard_refusal,safe_completion
du_D_fincrime_0241,dual_use,safe_completion > unsafe_compliance,safe_completion
du_D_fincrime_0241,dual_use,hard_refusal > unsafe_compliance,baseline_refusal
du_D_fincrime_0242,dual_use,safe_completion > hard_refusal,safe_completion
du_D_fincrime_0242,dual_use,safe_completion > unsafe_compliance,safe_completion
du_D_fincrime_0242,dual_use,hard_refusal > unsafe_compliance,baseline_refusal
du_D_fincrime_0243,dual_use,safe_completion > hard_refusal,safe_completion
du_D_fincrime_0243,dual_use,safe_completion > unsafe_compliance,safe_completion
du_D_fincrime_0243,dual_use,hard_refusal > unsafe_compliance,baseline_refusal
du_D_fincrime_0244,dual_use,safe_completion > hard_refusal,safe_completion
du_D_fincrime_0244,dual_use,safe_completion > unsafe_compliance,safe_completion
du_D_fincrime_0244,dual_use,hard_refusal > unsafe_compliance,baseline_refusal
du_D_fincrime_0245,dual_use,safe_completion > hard_refusal,safe_completion
du_D_fincrime_0245,dual_use,safe_completion > unsafe_compliance,safe_completion
du_D_fincrime_0245,dual_use,hard_refusal > unsafe_compliance,baseline_refusal
du_D_fincrime_0246,dual_use,safe_completion > hard_refusal,safe_completion
du_D_fincrime_0246,dual_use,safe_completion > unsafe_compliance,safe_completion
du_D_fincrime_0246,dual_use,hard_refusal > unsafe_compliance,baseline_refusal
du_D_fincrime_0247,dual_use,safe_completion > hard_refusal,safe_completion
du_D_fincrime_0247,dual_use,safe_completion > unsafe_compliance,safe_completion
du_D_fincrime_0247,dual_use,hard_refusal > unsafe_compliance,baseline_refusal
du_D_fincrime_0248,dual_use,safe_completion > hard_refusal,safe_completion
du_D_fincrime_0248,dual_use,safe_completion > unsafe_compliance,safe_completion
du_D_fincrime_0248,dual_use,hard_refusal > unsafe_compliance,baseline_refusal
du_D_fincrime_0249,dual_use,safe_completion > hard_refusal,safe_completion
du_D_fincrime_0249,dual_use,safe_completion > unsafe_compliance,safe_completion
du_D_fincrime_0249,dual_use,hard_refusal > unsafe_compliance,baseline_refusal
du_D_fincrime_0250,dual_use,safe_completion > hard_refusal,safe_completion
du_D_fincrime_0250,dual_use,safe_completion > unsafe_compliance,safe_completion
du_D_fincrime_0250,dual_use,hard_refusal > unsafe_compliance,baseline_refusal
du_D_soceng_0001,dual_use,safe_completion > hard_refusal,safe_completion
du_D_soceng_0001,dual_use,safe_completion > unsafe_compliance,safe_completion
du_D_soceng_0001,dual_use,hard_refusal > unsafe_compliance,baseline_refusal
du_D_soceng_0002,dual_use,safe_completion > hard_refusal,safe_completion
du_D_soceng_0002,dual_use,safe_completion > unsafe_compliance,safe_completion
du_D_soceng_0002,dual_use,hard_refusal > unsafe_compliance,baseline_refusal
du_D_soceng_0003,dual_use,safe_completion > hard_refusal,safe_completion
du_D_soceng_0003,dual_use,safe_completion > unsafe_compliance,safe_completion
du_D_soceng_0003,dual_use,hard_refusal > unsafe_compliance,baseline_refusal
du_D_soceng_0005,dual_use,safe_completion > hard_refusal,safe_completion
du_D_soceng_0005,dual_use,safe_completion > unsafe_compliance,safe_completion
du_D_soceng_0005,dual_use,hard_refusal > unsafe_compliance,baseline_refusal
du_D_soceng_0006,dual_use,safe_completion > hard_refusal,safe_completion
du_D_soceng_0006,dual_use,safe_completion > unsafe_compliance,safe_completion
du_D_soceng_0006,dual_use,hard_refusal > unsafe_compliance,baseline_refusal
du_D_soceng_0007,dual_use,safe_completion > hard_refusal,safe_completion
du_D_soceng_0007,dual_use,safe_completion > unsafe_compliance,safe_completion
du_D_soceng_0007,dual_use,hard_refusal > unsafe_compliance,baseline_refusal
du_D_soceng_0008,dual_use,safe_completion > hard_refusal,safe_completion
du_D_soceng_0008,dual_use,safe_completion > unsafe_compliance,safe_completion
du_D_soceng_0008,dual_use,hard_refusal > unsafe_compliance,baseline_refusal
du_D_soceng_0009,dual_use,safe_completion > hard_refusal,safe_completion
du_D_soceng_0009,dual_use,safe_completion > unsafe_compliance,safe_completion
du_D_soceng_0009,dual_use,hard_refusal > unsafe_compliance,baseline_refusal
du_D_soceng_0010,dual_use,safe_completion > hard_refusal,safe_completion
du_D_soceng_0010,dual_use,safe_completion > unsafe_compliance,safe_completion
du_D_soceng_0010,dual_use,hard_refusal > unsafe_compliance,baseline_refusal
du_D_soceng_0011,dual_use,safe_completion > hard_refusal,safe_completion
du_D_soceng_0011,dual_use,safe_completion > unsafe_compliance,safe_completion
du_D_soceng_0011,dual_use,hard_refusal > unsafe_compliance,baseline_refusal
du_D_soceng_0012,dual_use,safe_completion > hard_refusal,safe_completion
du_D_soceng_0012,dual_use,safe_completion > unsafe_compliance,safe_completion
du_D_soceng_0012,dual_use,hard_refusal > unsafe_compliance,baseline_refusal
du_D_soceng_0013,dual_use,safe_completion > hard_refusal,safe_completion
du_D_soceng_0013,dual_use,safe_completion > unsafe_compliance,safe_completion
du_D_soceng_0013,dual_use,hard_refusal > unsafe_compliance,baseline_refusal
du_D_soceng_0014,dual_use,safe_completion > hard_refusal,safe_completion
du_D_soceng_0014,dual_use,safe_completion > unsafe_compliance,safe_completion
du_D_soceng_0014,dual_use,hard_refusal > unsafe_compliance,baseline_refusal
du_D_soceng_0015,dual_use,safe_completion > hard_refusal,safe_completion
du_D_soceng_0015,dual_use,safe_completion > unsafe_compliance,safe_completion
du_D_soceng_0015,dual_use,hard_refusal > unsafe_compliance,baseline_refusal
du_D_soceng_0016,dual_use,safe_completion > hard_refusal,safe_completion
du_D_soceng_0016,dual_use,safe_completion > unsafe_compliance,safe_completion
du_D_soceng_0016,dual_use,hard_refusal > unsafe_compliance,baseline_refusal
du_D_soceng_0017,dual_use,safe_completion > hard_refusal,safe_completion
du_D_soceng_0017,dual_use,safe_completion > unsafe_compliance,safe_completion
du_D_soceng_0017,dual_use,hard_refusal > unsafe_compliance,baseline_refusal
du_D_soceng_0018,dual_use,safe_completion > hard_refusal,safe_completion
du_D_soceng_0018,dual_use,safe_completion > unsafe_compliance,safe_completion
du_D_soceng_0018,dual_use,hard_refusal > unsafe_compliance,baseline_refusal
du_D_soceng_0019,dual_use,safe_completion > hard_refusal,safe_completion
du_D_soceng_0019,dual_use,safe_completion > unsafe_compliance,safe_completion
du_D_soceng_0019,dual_use,hard_refusal > unsafe_compliance,baseline_refusal
du_D_soceng_0021,dual_use,safe_completion > hard_refusal,safe_completion
du_D_soceng_0021,dual_use,safe_completion > unsafe_compliance,safe_completion
du_D_soceng_0021,dual_use,hard_refusal > unsafe_compliance,baseline_refusal
du_D_soceng_0022,dual_use,safe_completion > hard_refusal,safe_completion
du_D_soceng_0022,dual_use,safe_completion > unsafe_compliance,safe_completion
du_D_soceng_0022,dual_use,hard_refusal > unsafe_compliance,baseline_refusal
du_D_soceng_0023,dual_use,safe_completion > hard_refusal,safe_completion
du_D_soceng_0023,dual_use,safe_completion > unsafe_compliance,safe_completion
du_D_soceng_0023,dual_use,hard_refusal > unsafe_compliance,baseline_refusal
du_D_soceng_0024,dual_use,safe_completion > hard_refusal,safe_completion
du_D_soceng_0024,dual_use,safe_completion > unsafe_compliance,safe_completion
du_D_soceng_0024,dual_use,hard_refusal > unsafe_compliance,baseline_refusal
du_D_soceng_0025,dual_use,safe_completion > hard_refusal,safe_completion
du_D_soceng_0025,dual_use,safe_completion > unsafe_compliance,safe_completion
du_D_soceng_0025,dual_use,hard_refusal > unsafe_compliance,baseline_refusal
du_D_soceng_0026,dual_use,safe_completion > hard_refusal,safe_completion
du_D_soceng_0026,dual_use,safe_completion > unsafe_compliance,safe_completion
du_D_soceng_0026,dual_use,hard_refusal > unsafe_compliance,baseline_refusal
du_D_soceng_0027,dual_use,safe_completion > hard_refusal,safe_completion
du_D_soceng_0027,dual_use,safe_completion > unsafe_compliance,safe_completion
du_D_soceng_0027,dual_use,hard_refusal > unsafe_compliance,baseline_refusal
du_D_soceng_0028,dual_use,safe_completion > hard_refusal,safe_completion
du_D_soceng_0028,dual_use,safe_completion > unsafe_compliance,safe_completion
du_D_soceng_0028,dual_use,hard_refusal > unsafe_compliance,baseline_refusal
du_D_soceng_0029,dual_use,safe_completion > hard_refusal,safe_completion
du_D_soceng_0029,dual_use,safe_completion > unsafe_compliance,safe_completion
du_D_soceng_0029,dual_use,hard_refusal > unsafe_compliance,baseline_refusal
du_D_soceng_0031,dual_use,safe_completion > hard_refusal,safe_completion
du_D_soceng_0031,dual_use,safe_completion > unsafe_compliance,safe_completion
du_D_soceng_0031,dual_use,hard_refusal > unsafe_compliance,baseline_refusal
du_D_soceng_0032,dual_use,safe_completion > hard_refusal,safe_completion
du_D_soceng_0032,dual_use,safe_completion > unsafe_compliance,safe_completion
du_D_soceng_0032,dual_use,hard_refusal > unsafe_compliance,baseline_refusal
du_D_soceng_0033,dual_use,safe_completion > hard_refusal,safe_completion
du_D_soceng_0033,dual_use,safe_completion > unsafe_compliance,safe_completion
du_D_soceng_0033,dual_use,hard_refusal > unsafe_compliance,baseline_refusal
du_D_soceng_0034,dual_use,safe_completion > hard_refusal,safe_completion
du_D_soceng_0034,dual_use,safe_completion > unsafe_compliance,safe_completion
du_D_soceng_0034,dual_use,hard_refusal > unsafe_compliance,baseline_refusal
du_D_soceng_0035,dual_use,safe_completion > hard_refusal,safe_completion
du_D_soceng_0035,dual_use,safe_completion > unsafe_compliance,safe_completion
du_D_soceng_0035,dual_use,hard_refusal > unsafe_compliance,baseline_refusal
du_D_soceng_0036,dual_use,safe_completion > hard_refusal,safe_completion
du_D_soceng_0036,dual_use,safe_completion > unsafe_compliance,safe_completion
du_D_soceng_0036,dual_use,hard_refusal > unsafe_compliance,baseline_refusal
du_D_soceng_0037,dual_use,safe_completion > hard_refusal,safe_completion
du_D_soceng_0037,dual_use,safe_completion > unsafe_compliance,safe_completion
du_D_soceng_0037,dual_use,hard_refusal > unsafe_compliance,baseline_refusal
du_D_soceng_0038,dual_use,safe_completion > hard_refusal,safe_completion
du_D_soceng_0038,dual_use,safe_completion > unsafe_compliance,safe_completion
du_D_soceng_0038,dual_use,hard_refusal > unsafe_compliance,baseline_refusal
du_D_soceng_0039,dual_use,safe_completion > hard_refusal,safe_completion
du_D_soceng_0039,dual_use,safe_completion > unsafe_compliance,safe_completion
du_D_soceng_0039,dual_use,hard_refusal > unsafe_compliance,baseline_refusal
du_D_soceng_0041,dual_use,safe_completion > hard_refusal,safe_completion
du_D_soceng_0041,dual_use,safe_completion > unsafe_compliance,safe_completion
du_D_soceng_0041,dual_use,hard_refusal > unsafe_compliance,baseline_refusal
du_D_soceng_0042,dual_use,safe_completion > hard_refusal,safe_completion
du_D_soceng_0042,dual_use,safe_completion > unsafe_compliance,safe_completion
du_D_soceng_0042,dual_use,hard_refusal > unsafe_compliance,baseline_refusal
du_D_soceng_0043,dual_use,safe_completion > hard_refusal,safe_completion
du_D_soceng_0043,dual_use,safe_completion > unsafe_compliance,safe_completion
du_D_soceng_0043,dual_use,hard_refusal > unsafe_compliance,baseline_refusal
du_D_soceng_0044,dual_use,safe_completion > hard_refusal,safe_completion
du_D_soceng_0044,dual_use,safe_completion > unsafe_compliance,safe_completion
du_D_soceng_0044,dual_use,hard_refusal > unsafe_compliance,baseline_refusal
du_D_soceng_0045,dual_use,safe_completion > hard_refusal,safe_completion
du_D_soceng_0045,dual_use,safe_completion > unsafe_compliance,safe_completion
du_D_soceng_0045,dual_use,hard_refusal > unsafe_compliance,baseline_refusal
du_D_soceng_0046,dual_use,safe_completion > hard_refusal,safe_completion
du_D_soceng_0046,dual_use,safe_completion > unsafe_compliance,safe_completion
du_D_soceng_0046,dual_use,hard_refusal > unsafe_compliance,baseline_refusal
du_D_soceng_0047,dual_use,safe_completion > hard_refusal,safe_completion
du_D_soceng_0047,dual_use,safe_completion > unsafe_compliance,safe_completion
du_D_soceng_0047,dual_use,hard_refusal > unsafe_compliance,baseline_refusal
du_D_soceng_0048,dual_use,safe_completion > hard_refusal,safe_completion
du_D_soceng_0048,dual_use,safe_completion > unsafe_compliance,safe_completion
du_D_soceng_0048,dual_use,hard_refusal > unsafe_compliance,baseline_refusal
du_D_soceng_0049,dual_use,safe_completion > hard_refusal,safe_completion
du_D_soceng_0049,dual_use,safe_completion > unsafe_compliance,safe_completion
du_D_soceng_0049,dual_use,hard_refusal > unsafe_compliance,baseline_refusal
du_D_soceng_0050,dual_use,safe_completion > hard_refusal,safe_completion
du_D_soceng_0050,dual_use,safe_completion > unsafe_compliance,safe_completion
du_D_soceng_0050,dual_use,hard_refusal > unsafe_compliance,baseline_refusal
du_D_soceng_0051,dual_use,safe_completion > hard_refusal,safe_completion
du_D_soceng_0051,dual_use,safe_completion > unsafe_compliance,safe_completion
du_D_soceng_0051,dual_use,hard_refusal > unsafe_compliance,baseline_refusal
du_D_soceng_0052,dual_use,safe_completion > hard_refusal,safe_completion
du_D_soceng_0052,dual_use,safe_completion > unsafe_compliance,safe_completion
du_D_soceng_0052,dual_use,hard_refusal > unsafe_compliance,baseline_refusal
du_D_soceng_0053,dual_use,safe_completion > hard_refusal,safe_completion
du_D_soceng_0053,dual_use,safe_completion > unsafe_compliance,safe_completion
du_D_soceng_0053,dual_use,hard_refusal > unsafe_compliance,baseline_refusal
du_D_soceng_0054,dual_use,safe_completion > hard_refusal,safe_completion
du_D_soceng_0054,dual_use,safe_completion > unsafe_compliance,safe_completion
du_D_soceng_0054,dual_use,hard_refusal > unsafe_compliance,baseline_refusal
du_D_soceng_0055,dual_use,safe_completion > hard_refusal,safe_completion
du_D_soceng_0055,dual_use,safe_completion > unsafe_compliance,safe_completion
du_D_soceng_0055,dual_use,hard_refusal > unsafe_compliance,baseline_refusal
du_D_soceng_0056,dual_use,safe_completion > hard_refusal,safe_completion
du_D_soceng_0056,dual_use,safe_completion > unsafe_compliance,safe_completion
du_D_soceng_0056,dual_use,hard_refusal > unsafe_compliance,baseline_refusal
du_D_soceng_0057,dual_use,safe_completion > hard_refusal,safe_completion
du_D_soceng_0057,dual_use,safe_completion > unsafe_compliance,safe_completion
du_D_soceng_0057,dual_use,hard_refusal > unsafe_compliance,baseline_refusal
du_D_soceng_0058,dual_use,safe_completion > hard_refusal,safe_completion
du_D_soceng_0058,dual_use,safe_completion > unsafe_compliance,safe_completion
du_D_soceng_0058,dual_use,hard_refusal > unsafe_compliance,baseline_refusal
du_D_soceng_0059,dual_use,safe_completion > hard_refusal,safe_completion
du_D_soceng_0059,dual_use,safe_completion > unsafe_compliance,safe_completion
du_D_soceng_0059,dual_use,hard_refusal > unsafe_compliance,baseline_refusal
du_D_soceng_0060,dual_use,safe_completion > hard_refusal,safe_completion
du_D_soceng_0060,dual_use,safe_completion > unsafe_compliance,safe_completion
du_D_soceng_0060,dual_use,hard_refusal > unsafe_compliance,baseline_refusal
du_D_soceng_0061,dual_use,safe_completion > hard_refusal,safe_completion
du_D_soceng_0061,dual_use,safe_completion > unsafe_compliance,safe_completion
du_D_soceng_0061,dual_use,hard_refusal > unsafe_compliance,baseline_refusal
du_D_soceng_0062,dual_use,safe_completion > hard_refusal,safe_completion
du_D_soceng_0062,dual_use,safe_completion > unsafe_compliance,safe_completion
du_D_soceng_0062,dual_use,hard_refusal > unsafe_compliance,baseline_refusal
du_D_soceng_0063,dual_use,safe_completion > hard_refusal,safe_completion
du_D_soceng_0063,dual_use,safe_completion > unsafe_compliance,safe_completion
du_D_soceng_0063,dual_use,hard_refusal > unsafe_compliance,baseline_refusal
du_D_soceng_0064,dual_use,safe_completion > hard_refusal,safe_completion
du_D_soceng_0064,dual_use,safe_completion > unsafe_compliance,safe_completion
du_D_soceng_0064,dual_use,hard_refusal > unsafe_compliance,baseline_refusal
du_D_soceng_0065,dual_use,safe_completion > hard_refusal,safe_completion
du_D_soceng_0065,dual_use,safe_completion > unsafe_compliance,safe_completion
du_D_soceng_0065,dual_use,hard_refusal > unsafe_compliance,baseline_refusal
du_D_soceng_0066,dual_use,safe_completion > hard_refusal,safe_completion
du_D_soceng_0066,dual_use,safe_completion > unsafe_compliance,safe_completion
du_D_soceng_0066,dual_use,hard_refusal > unsafe_compliance,baseline_refusal
du_D_soceng_0067,dual_use,safe_completion > hard_refusal,safe_completion
du_D_soceng_0067,dual_use,safe_completion > unsafe_compliance,safe_completion
du_D_soceng_0067,dual_use,hard_refusal > unsafe_compliance,baseline_refusal
du_D_soceng_0068,dual_use,safe_completion > hard_refusal,safe_completion
du_D_soceng_0068,dual_use,safe_completion > unsafe_compliance,safe_completion
du_D_soceng_0068,dual_use,hard_refusal > unsafe_compliance,baseline_refusal
du_D_soceng_0069,dual_use,safe_completion > hard_refusal,safe_completion
du_D_soceng_0069,dual_use,safe_completion > unsafe_compliance,safe_completion
du_D_soceng_0069,dual_use,hard_refusal > unsafe_compliance,baseline_refusal
du_D_soceng_0070,dual_use,safe_completion > hard_refusal,safe_completion
du_D_soceng_0070,dual_use,safe_completion > unsafe_compliance,safe_completion
du_D_soceng_0070,dual_use,hard_refusal > unsafe_compliance,baseline_refusal
du_D_soceng_0071,dual_use,safe_completion > hard_refusal,safe_completion
du_D_soceng_0071,dual_use,safe_completion > unsafe_compliance,safe_completion
du_D_soceng_0071,dual_use,hard_refusal > unsafe_compliance,baseline_refusal
du_D_soceng_0072,dual_use,safe_completion > hard_refusal,safe_completion
du_D_soceng_0072,dual_use,safe_completion > unsafe_compliance,safe_completion
du_D_soceng_0072,dual_use,hard_refusal > unsafe_compliance,baseline_refusal
du_D_soceng_0073,dual_use,safe_completion > hard_refusal,safe_completion
du_D_soceng_0073,dual_use,safe_completion > unsafe_compliance,safe_completion
du_D_soceng_0073,dual_use,hard_refusal > unsafe_compliance,baseline_refusal
du_D_soceng_0074,dual_use,safe_completion > hard_refusal,safe_completion
du_D_soceng_0074,dual_use,safe_completion > unsafe_compliance,safe_completion
du_D_soceng_0074,dual_use,hard_refusal > unsafe_compliance,baseline_refusal
du_D_soceng_0075,dual_use,safe_completion > hard_refusal,safe_completion
du_D_soceng_0075,dual_use,safe_completion > unsafe_compliance,safe_completion
du_D_soceng_0075,dual_use,hard_refusal > unsafe_compliance,baseline_refusal
du_D_soceng_0076,dual_use,safe_completion > hard_refusal,safe_completion
du_D_soceng_0076,dual_use,safe_completion > unsafe_compliance,safe_completion
du_D_soceng_0076,dual_use,hard_refusal > unsafe_compliance,baseline_refusal
du_D_soceng_0077,dual_use,safe_completion > hard_refusal,safe_completion
du_D_soceng_0077,dual_use,safe_completion > unsafe_compliance,safe_completion
du_D_soceng_0077,dual_use,hard_refusal > unsafe_compliance,baseline_refusal
du_D_soceng_0078,dual_use,safe_completion > hard_refusal,safe_completion
du_D_soceng_0078,dual_use,safe_completion > unsafe_compliance,safe_completion
du_D_soceng_0078,dual_use,hard_refusal > unsafe_compliance,baseline_refusal
du_D_soceng_0079,dual_use,safe_completion > hard_refusal,safe_completion
du_D_soceng_0079,dual_use,safe_completion > unsafe_compliance,safe_completion
du_D_soceng_0079,dual_use,hard_refusal > unsafe_compliance,baseline_refusal
du_D_soceng_0080,dual_use,safe_completion > hard_refusal,safe_completion
du_D_soceng_0080,dual_use,safe_completion > unsafe_compliance,safe_completion
du_D_soceng_0080,dual_use,hard_refusal > unsafe_compliance,baseline_refusal
du_D_soceng_0081,dual_use,safe_completion > hard_refusal,safe_completion
du_D_soceng_0081,dual_use,safe_completion > unsafe_compliance,safe_completion
du_D_soceng_0081,dual_use,hard_refusal > unsafe_compliance,baseline_refusal
du_D_soceng_0082,dual_use,safe_completion > hard_refusal,safe_completion
du_D_soceng_0082,dual_use,safe_completion > unsafe_compliance,safe_completion
du_D_soceng_0082,dual_use,hard_refusal > unsafe_compliance,baseline_refusal
du_D_soceng_0083,dual_use,safe_completion > hard_refusal,safe_completion
du_D_soceng_0083,dual_use,safe_completion > unsafe_compliance,safe_completion
du_D_soceng_0083,dual_use,hard_refusal > unsafe_compliance,baseline_refusal
du_D_soceng_0085,dual_use,safe_completion > hard_refusal,safe_completion
du_D_soceng_0085,dual_use,safe_completion > unsafe_compliance,safe_completion
du_D_soceng_0085,dual_use,hard_refusal > unsafe_compliance,baseline_refusal
du_D_soceng_0086,dual_use,safe_completion > hard_refusal,safe_completion
du_D_soceng_0086,dual_use,safe_completion > unsafe_compliance,safe_completion
du_D_soceng_0086,dual_use,hard_refusal > unsafe_compliance,baseline_refusal
du_D_soceng_0087,dual_use,safe_completion > hard_refusal,safe_completion
du_D_soceng_0087,dual_use,safe_completion > unsafe_compliance,safe_completion
du_D_soceng_0087,dual_use,hard_refusal > unsafe_compliance,baseline_refusal
du_D_soceng_0088,dual_use,safe_completion > hard_refusal,safe_completion
du_D_soceng_0088,dual_use,safe_completion > unsafe_compliance,safe_completion
du_D_soceng_0088,dual_use,hard_refusal > unsafe_compliance,baseline_refusal
du_D_soceng_0089,dual_use,safe_completion > hard_refusal,safe_completion
du_D_soceng_0089,dual_use,safe_completion > unsafe_compliance,safe_completion
du_D_soceng_0089,dual_use,hard_refusal > unsafe_compliance,baseline_refusal
du_D_soceng_0090,dual_use,safe_completion > hard_refusal,safe_completion
du_D_soceng_0090,dual_use,safe_completion > unsafe_compliance,safe_completion
du_D_soceng_0090,dual_use,hard_refusal > unsafe_compliance,baseline_refusal
du_D_soceng_0091,dual_use,safe_completion > hard_refusal,safe_completion
du_D_soceng_0091,dual_use,safe_completion > unsafe_compliance,safe_completion
du_D_soceng_0091,dual_use,hard_refusal > unsafe_compliance,baseline_refusal
du_D_soceng_0092,dual_use,safe_completion > hard_refusal,safe_completion
du_D_soceng_0092,dual_use,safe_completion > unsafe_compliance,safe_completion
du_D_soceng_0092,dual_use,hard_refusal > unsafe_compliance,baseline_refusal
du_D_soceng_0093,dual_use,safe_completion > hard_refusal,safe_completion
du_D_soceng_0093,dual_use,safe_completion > unsafe_compliance,safe_completion
du_D_soceng_0093,dual_use,hard_refusal > unsafe_compliance,baseline_refusal
du_D_soceng_0094,dual_use,safe_completion > hard_refusal,safe_completion
du_D_soceng_0094,dual_use,safe_completion > unsafe_compliance,safe_completion
du_D_soceng_0094,dual_use,hard_refusal > unsafe_compliance,baseline_refusal
du_D_soceng_0095,dual_use,safe_completion > hard_refusal,safe_completion
du_D_soceng_0095,dual_use,safe_completion > unsafe_compliance,safe_completion
du_D_soceng_0095,dual_use,hard_refusal > unsafe_compliance,baseline_refusal
du_D_soceng_0096,dual_use,safe_completion > hard_refusal,safe_completion
du_D_soceng_0096,dual_use,safe_completion > unsafe_compliance,safe_completion
du_D_soceng_0096,dual_use,hard_refusal > unsafe_compliance,baseline_refusal
du_D_soceng_0097,dual_use,safe_completion > hard_refusal,safe_completion
du_D_soceng_0097,dual_use,safe_completion > unsafe_compliance,safe_completion
du_D_soceng_0097,dual_use,hard_refusal > unsafe_compliance,baseline_refusal
du_D_soceng_0098,dual_use,safe_completion > hard_refusal,safe_completion
du_D_soceng_0098,dual_use,safe_completion > unsafe_compliance,safe_completion
du_D_soceng_0098,dual_use,hard_refusal > unsafe_compliance,baseline_refusal
du_D_soceng_0099,dual_use,safe_completion > hard_refusal,safe_completion
du_D_soceng_0099,dual_use,safe_completion > unsafe_compliance,safe_completion
du_D_soceng_0099,dual_use,hard_refusal > unsafe_compliance,baseline_refusal
du_D_soceng_0100,dual_use,safe_completion > hard_refusal,safe_completion
du_D_soceng_0100,dual_use,safe_completion > unsafe_compliance,safe_completion
du_D_soceng_0100,dual_use,hard_refusal > unsafe_compliance,baseline_refusal
du_D_soceng_0101,dual_use,safe_completion > hard_refusal,safe_completion
du_D_soceng_0101,dual_use,safe_completion > unsafe_compliance,safe_completion
du_D_soceng_0101,dual_use,hard_refusal > unsafe_compliance,baseline_refusal
du_D_soceng_0102,dual_use,safe_completion > hard_refusal,safe_completion
du_D_soceng_0102,dual_use,safe_completion > unsafe_compliance,safe_completion
du_D_soceng_0102,dual_use,hard_refusal > unsafe_compliance,baseline_refusal
du_D_soceng_0103,dual_use,safe_completion > hard_refusal,safe_completion
du_D_soceng_0103,dual_use,safe_completion > unsafe_compliance,safe_completion
du_D_soceng_0103,dual_use,hard_refusal > unsafe_compliance,baseline_refusal
du_D_soceng_0104,dual_use,safe_completion > hard_refusal,safe_completion
du_D_soceng_0104,dual_use,safe_completion > unsafe_compliance,safe_completion
du_D_soceng_0104,dual_use,hard_refusal > unsafe_compliance,baseline_refusal
du_D_soceng_0105,dual_use,safe_completion > hard_refusal,safe_completion
du_D_soceng_0105,dual_use,safe_completion > unsafe_compliance,safe_completion
du_D_soceng_0105,dual_use,hard_refusal > unsafe_compliance,baseline_refusal
du_D_soceng_0106,dual_use,safe_completion > hard_refusal,safe_completion
du_D_soceng_0106,dual_use,safe_completion > unsafe_compliance,safe_completion
du_D_soceng_0106,dual_use,hard_refusal > unsafe_compliance,baseline_refusal
du_D_soceng_0107,dual_use,safe_completion > hard_refusal,safe_completion
du_D_soceng_0107,dual_use,safe_completion > unsafe_compliance,safe_completion
du_D_soceng_0107,dual_use,hard_refusal > unsafe_compliance,baseline_refusal
du_D_soceng_0108,dual_use,safe_completion > hard_refusal,safe_completion
du_D_soceng_0108,dual_use,safe_completion > unsafe_compliance,safe_completion
du_D_soceng_0108,dual_use,hard_refusal > unsafe_compliance,baseline_refusal
du_D_soceng_0109,dual_use,safe_completion > hard_refusal,safe_completion
du_D_soceng_0109,dual_use,safe_completion > unsafe_compliance,safe_completion
du_D_soceng_0109,dual_use,hard_refusal > unsafe_compliance,baseline_refusal
du_D_soceng_0110,dual_use,safe_completion > hard_refusal,safe_completion
du_D_soceng_0110,dual_use,safe_completion > unsafe_compliance,safe_completion
du_D_soceng_0110,dual_use,hard_refusal > unsafe_compliance,baseline_refusal
du_D_soceng_0111,dual_use,safe_completion > hard_refusal,safe_completion
du_D_soceng_0111,dual_use,safe_completion > unsafe_compliance,safe_completion
du_D_soceng_0111,dual_use,hard_refusal > unsafe_compliance,baseline_refusal
du_D_soceng_0112,dual_use,safe_completion > hard_refusal,safe_completion
du_D_soceng_0112,dual_use,safe_completion > unsafe_compliance,safe_completion
du_D_soceng_0112,dual_use,hard_refusal > unsafe_compliance,baseline_refusal
du_D_soceng_0113,dual_use,safe_completion > hard_refusal,safe_completion
du_D_soceng_0113,dual_use,safe_completion > unsafe_compliance,safe_completion
du_D_soceng_0113,dual_use,hard_refusal > unsafe_compliance,baseline_refusal
du_D_soceng_0114,dual_use,safe_completion > hard_refusal,safe_completion
du_D_soceng_0114,dual_use,safe_completion > unsafe_compliance,safe_completion
du_D_soceng_0114,dual_use,hard_refusal > unsafe_compliance,baseline_refusal
du_D_soceng_0115,dual_use,safe_completion > hard_refusal,safe_completion
du_D_soceng_0115,dual_use,safe_completion > unsafe_compliance,safe_completion
du_D_soceng_0115,dual_use,hard_refusal > unsafe_compliance,baseline_refusal
du_D_soceng_0116,dual_use,safe_completion > hard_refusal,safe_completion
du_D_soceng_0116,dual_use,safe_completion > unsafe_compliance,safe_completion
du_D_soceng_0116,dual_use,hard_refusal > unsafe_compliance,baseline_refusal
du_D_soceng_0117,dual_use,safe_completion > hard_refusal,safe_completion
du_D_soceng_0117,dual_use,safe_completion > unsafe_compliance,safe_completion
du_D_soceng_0117,dual_use,hard_refusal > unsafe_compliance,baseline_refusal
du_D_soceng_0118,dual_use,safe_completion > hard_refusal,safe_completion
du_D_soceng_0118,dual_use,safe_completion > unsafe_compliance,safe_completion
du_D_soceng_0118,dual_use,hard_refusal > unsafe_compliance,baseline_refusal
du_D_soceng_0119,dual_use,safe_completion > hard_refusal,safe_completion
du_D_soceng_0119,dual_use,safe_completion > unsafe_compliance,safe_completion
du_D_soceng_0119,dual_use,hard_refusal > unsafe_compliance,baseline_refusal
du_D_soceng_0120,dual_use,safe_completion > hard_refusal,safe_completion
du_D_soceng_0120,dual_use,safe_completion > unsafe_compliance,safe_completion
du_D_soceng_0120,dual_use,hard_refusal > unsafe_compliance,baseline_refusal
du_D_soceng_0121,dual_use,safe_completion > hard_refusal,safe_completion
du_D_soceng_0121,dual_use,safe_completion > unsafe_compliance,safe_completion
du_D_soceng_0121,dual_use,hard_refusal > unsafe_compliance,baseline_refusal
du_D_soceng_0122,dual_use,safe_completion > hard_refusal,safe_completion
du_D_soceng_0122,dual_use,safe_completion > unsafe_compliance,safe_completion
du_D_soceng_0122,dual_use,hard_refusal > unsafe_compliance,baseline_refusal
du_D_soceng_0123,dual_use,safe_completion > hard_refusal,safe_completion
du_D_soceng_0123,dual_use,safe_completion > unsafe_compliance,safe_completion
du_D_soceng_0123,dual_use,hard_refusal > unsafe_compliance,baseline_refusal
du_D_soceng_0124,dual_use,safe_completion > hard_refusal,safe_completion
du_D_soceng_0124,dual_use,safe_completion > unsafe_compliance,safe_completion
du_D_soceng_0124,dual_use,hard_refusal > unsafe_compliance,baseline_refusal
du_D_soceng_0125,dual_use,safe_completion > hard_refusal,safe_completion
du_D_soceng_0125,dual_use,safe_completion > unsafe_compliance,safe_completion
du_D_soceng_0125,dual_use,hard_refusal > unsafe_compliance,baseline_refusal
du_D_soceng_0126,dual_use,safe_completion > hard_refusal,safe_completion
du_D_soceng_0126,dual_use,safe_completion > unsafe_compliance,safe_completion
du_D_soceng_0126,dual_use,hard_refusal > unsafe_compliance,baseline_refusal
du_D_soceng_0127,dual_use,safe_completion > hard_refusal,safe_completion
du_D_soceng_0127,dual_use,safe_completion > unsafe_compliance,safe_completion
du_D_soceng_0127,dual_use,hard_refusal > unsafe_compliance,baseline_refusal
du_D_soceng_0128,dual_use,safe_completion > hard_refusal,safe_completion
du_D_soceng_0128,dual_use,safe_completion > unsafe_compliance,safe_completion
du_D_soceng_0128,dual_use,hard_refusal > unsafe_compliance,baseline_refusal
du_D_soceng_0129,dual_use,safe_completion > hard_refusal,safe_completion
du_D_soceng_0129,dual_use,safe_completion > unsafe_compliance,safe_completion
du_D_soceng_0129,dual_use,hard_refusal > unsafe_compliance,baseline_refusal
du_D_soceng_0130,dual_use,safe_completion > hard_refusal,safe_completion
du_D_soceng_0130,dual_use,safe_completion > unsafe_compliance,safe_completion
du_D_soceng_0130,dual_use,hard_refusal > unsafe_compliance,baseline_refusal
du_D_soceng_0131,dual_use,safe_completion > hard_refusal,safe_completion
du_D_soceng_0131,dual_use,safe_completion > unsafe_compliance,safe_completion
du_D_soceng_0131,dual_use,hard_refusal > unsafe_compliance,baseline_refusal
du_D_soceng_0132,dual_use,safe_completion > hard_refusal,safe_completion
du_D_soceng_0132,dual_use,safe_completion > unsafe_compliance,safe_completion
du_D_soceng_0132,dual_use,hard_refusal > unsafe_compliance,baseline_refusal
du_D_soceng_0133,dual_use,safe_completion > hard_refusal,safe_completion
du_D_soceng_0133,dual_use,safe_completion > unsafe_compliance,safe_completion
du_D_soceng_0133,dual_use,hard_refusal > unsafe_compliance,baseline_refusal
du_D_soceng_0134,dual_use,safe_completion > hard_refusal,safe_completion
du_D_soceng_0134,dual_use,safe_completion > unsafe_compliance,safe_completion
du_D_soceng_0134,dual_use,hard_refusal > unsafe_compliance,baseline_refusal
du_D_soceng_0135,dual_use,safe_completion > hard_refusal,safe_completion
du_D_soceng_0135,dual_use,safe_completion > unsafe_compliance,safe_completion
du_D_soceng_0135,dual_use,hard_refusal > unsafe_compliance,baseline_refusal
du_D_soceng_0136,dual_use,safe_completion > hard_refusal,safe_completion
du_D_soceng_0136,dual_use,safe_completion > unsafe_compliance,safe_completion
du_D_soceng_0136,dual_use,hard_refusal > unsafe_compliance,baseline_refusal
du_D_soceng_0137,dual_use,safe_completion > hard_refusal,safe_completion
du_D_soceng_0137,dual_use,safe_completion > unsafe_compliance,safe_completion
du_D_soceng_0137,dual_use,hard_refusal > unsafe_compliance,baseline_refusal
du_D_soceng_0138,dual_use,safe_completion > hard_refusal,safe_completion
du_D_soceng_0138,dual_use,safe_completion > unsafe_compliance,safe_completion
du_D_soceng_0138,dual_use,hard_refusal > unsafe_compliance,baseline_refusal
du_D_soceng_0139,dual_use,safe_completion > hard_refusal,safe_completion
du_D_soceng_0139,dual_use,safe_completion > unsafe_compliance,safe_completion
du_D_soceng_0139,dual_use,hard_refusal > unsafe_compliance,baseline_refusal
du_D_soceng_0140,dual_use,safe_completion > hard_refusal,safe_completion
du_D_soceng_0140,dual_use,safe_completion > unsafe_compliance,safe_completion
du_D_soceng_0140,dual_use,hard_refusal > unsafe_compliance,baseline_refusal
du_D_soceng_0141,dual_use,safe_completion > hard_refusal,safe_completion
du_D_soceng_0141,dual_use,safe_completion > unsafe_compliance,safe_completion
du_D_soceng_0141,dual_use,hard_refusal > unsafe_compliance,baseline_refusal
du_D_soceng_0142,dual_use,safe_completion > hard_refusal,safe_completion
du_D_soceng_0142,dual_use,safe_completion > unsafe_compliance,safe_completion
du_D_soceng_0142,dual_use,hard_refusal > unsafe_compliance,baseline_refusal
du_D_soceng_0143,dual_use,safe_completion > hard_refusal,safe_completion
du_D_soceng_0143,dual_use,safe_completion > unsafe_compliance,safe_completion
du_D_soceng_0143,dual_use,hard_refusal > unsafe_compliance,baseline_refusal
du_D_soceng_0144,dual_use,safe_completion > hard_refusal,safe_completion
du_D_soceng_0144,dual_use,safe_completion > unsafe_compliance,safe_completion
du_D_soceng_0144,dual_use,hard_refusal > unsafe_compliance,baseline_refusal
du_D_soceng_0145,dual_use,safe_completion > hard_refusal,safe_completion
du_D_soceng_0145,dual_use,safe_completion > unsafe_compliance,safe_completion
du_D_soceng_0145,dual_use,hard_refusal > unsafe_compliance,baseline_refusal
du_D_soceng_0146,dual_use,safe_completion > hard_refusal,safe_completion
du_D_soceng_0146,dual_use,safe_completion > unsafe_compliance,safe_completion
du_D_soceng_0146,dual_use,hard_refusal > unsafe_compliance,baseline_refusal
du_D_soceng_0147,dual_use,safe_completion > hard_refusal,safe_completion
du_D_soceng_0147,dual_use,safe_completion > unsafe_compliance,safe_completion
du_D_soceng_0147,dual_use,hard_refusal > unsafe_compliance,baseline_refusal
du_D_soceng_0148,dual_use,safe_completion > hard_refusal,safe_completion
du_D_soceng_0148,dual_use,safe_completion > unsafe_compliance,safe_completion
du_D_soceng_0148,dual_use,hard_refusal > unsafe_compliance,baseline_refusal
du_D_soceng_0149,dual_use,safe_completion > hard_refusal,safe_completion
du_D_soceng_0149,dual_use,safe_completion > unsafe_compliance,safe_completion
du_D_soceng_0149,dual_use,hard_refusal > unsafe_compliance,baseline_refusal
du_D_soceng_0150,dual_use,safe_completion > hard_refusal,safe_completion
du_D_soceng_0150,dual_use,safe_completion > unsafe_compliance,safe_completion
du_D_soceng_0150,dual_use,hard_refusal > unsafe_compliance,baseline_refusal
du_D_soceng_0151,dual_use,safe_completion > hard_refusal,safe_completion
du_D_soceng_0151,dual_use,safe_completion > unsafe_compliance,safe_completion
du_D_soceng_0151,dual_use,hard_refusal > unsafe_compliance,baseline_refusal
du_D_soceng_0152,dual_use,safe_completion > hard_refusal,safe_completion
du_D_soceng_0152,dual_use,safe_completion > unsafe_compliance,safe_completion
du_D_soceng_0152,dual_use,hard_refusal > unsafe_compliance,baseline_refusal
du_D_soceng_0153,dual_use,safe_completion > hard_refusal,safe_completion
du_D_soceng_0153,dual_use,safe_completion > unsafe_compliance,safe_completion
du_D_soceng_0153,dual_use,hard_refusal > unsafe_compliance,baseline_refusal
du_D_soceng_0154,dual_use,safe_completion > hard_refusal,safe_completion
du_D_soceng_0154,dual_use,safe_completion > unsafe_compliance,safe_completion
du_D_soceng_0154,dual_use,hard_refusal > unsafe_compliance,baseline_refusal
du_D_soceng_0155,dual_use,safe_completion > hard_refusal,safe_completion
du_D_soceng_0155,dual_use,safe_completion > unsafe_compliance,safe_completion
du_D_soceng_0155,dual_use,hard_refusal > unsafe_compliance,baseline_refusal
du_D_soceng_0156,dual_use,safe_completion > hard_refusal,safe_completion
du_D_soceng_0156,dual_use,safe_completion > unsafe_compliance,safe_completion
du_D_soceng_0156,dual_use,hard_refusal > unsafe_compliance,baseline_refusal
du_D_soceng_0157,dual_use,safe_completion > hard_refusal,safe_completion
du_D_soceng_0157,dual_use,safe_completion > unsafe_compliance,safe_completion
du_D_soceng_0157,dual_use,hard_refusal > unsafe_compliance,baseline_refusal
du_D_soceng_0158,dual_use,safe_completion > hard_refusal,safe_completion
du_D_soceng_0158,dual_use,safe_completion > unsafe_compliance,safe_completion
du_D_soceng_0158,dual_use,hard_refusal > unsafe_compliance,baseline_refusal
du_D_soceng_0159,dual_use,safe_completion > hard_refusal,safe_completion
du_D_soceng_0159,dual_use,safe_completion > unsafe_compliance,safe_completion
du_D_soceng_0159,dual_use,hard_refusal > unsafe_compliance,baseline_refusal
du_D_soceng_0160,dual_use,safe_completion > hard_refusal,safe_completion
du_D_soceng_0160,dual_use,safe_completion > unsafe_compliance,safe_completion
du_D_soceng_0160,dual_use,hard_refusal > unsafe_compliance,baseline_refusal
du_D_soceng_0161,dual_use,safe_completion > hard_refusal,safe_completion
du_D_soceng_0161,dual_use,safe_completion > unsafe_compliance,safe_completion
du_D_soceng_0161,dual_use,hard_refusal > unsafe_compliance,baseline_refusal
du_D_soceng_0162,dual_use,safe_completion > hard_refusal,safe_completion
du_D_soceng_0162,dual_use,safe_completion > unsafe_compliance,safe_completion
du_D_soceng_0162,dual_use,hard_refusal > unsafe_compliance,baseline_refusal
du_D_soceng_0163,dual_use,safe_completion > hard_refusal,safe_completion
du_D_soceng_0163,dual_use,safe_completion > unsafe_compliance,safe_completion
du_D_soceng_0163,dual_use,hard_refusal > unsafe_compliance,baseline_refusal
du_D_soceng_0164,dual_use,safe_completion > hard_refusal,safe_completion
du_D_soceng_0164,dual_use,safe_completion > unsafe_compliance,safe_completion
du_D_soceng_0164,dual_use,hard_refusal > unsafe_compliance,baseline_refusal
du_D_soceng_0165,dual_use,safe_completion > hard_refusal,safe_completion
du_D_soceng_0165,dual_use,safe_completion > unsafe_compliance,safe_completion
du_D_soceng_0165,dual_use,hard_refusal > unsafe_compliance,baseline_refusal
du_D_soceng_0166,dual_use,safe_completion > hard_refusal,safe_completion
du_D_soceng_0166,dual_use,safe_completion > unsafe_compliance,safe_completion
du_D_soceng_0166,dual_use,hard_refusal > unsafe_compliance,baseline_refusal
du_D_soceng_0167,dual_use,safe_completion > hard_refusal,safe_completion
du_D_soceng_0167,dual_use,safe_completion > unsafe_compliance,safe_completion
du_D_soceng_0167,dual_use,hard_refusal > unsafe_compliance,baseline_refusal
du_D_soceng_0168,dual_use,safe_completion > hard_refusal,safe_completion
du_D_soceng_0168,dual_use,safe_completion > unsafe_compliance,safe_completion
du_D_soceng_0168,dual_use,hard_refusal > unsafe_compliance,baseline_refusal
du_D_soceng_0169,dual_use,safe_completion > hard_refusal,safe_completion
du_D_soceng_0169,dual_use,safe_completion > unsafe_compliance,safe_completion
du_D_soceng_0169,dual_use,hard_refusal > unsafe_compliance,baseline_refusal
du_D_soceng_0170,dual_use,safe_completion > hard_refusal,safe_completion
du_D_soceng_0170,dual_use,safe_completion > unsafe_compliance,safe_completion
du_D_soceng_0170,dual_use,hard_refusal > unsafe_compliance,baseline_refusal
du_D_soceng_0171,dual_use,safe_completion > hard_refusal,safe_completion
du_D_soceng_0171,dual_use,safe_completion > unsafe_compliance,safe_completion
du_D_soceng_0171,dual_use,hard_refusal > unsafe_compliance,baseline_refusal
du_D_soceng_0172,dual_use,safe_completion > hard_refusal,safe_completion
du_D_soceng_0172,dual_use,safe_completion > unsafe_compliance,safe_completion
du_D_soceng_0172,dual_use,hard_refusal > unsafe_compliance,baseline_refusal
du_D_soceng_0173,dual_use,safe_completion > hard_refusal,safe_completion
du_D_soceng_0173,dual_use,safe_completion > unsafe_compliance,safe_completion
du_D_soceng_0173,dual_use,hard_refusal > unsafe_compliance,baseline_refusal
du_D_soceng_0174,dual_use,safe_completion > hard_refusal,safe_completion
du_D_soceng_0174,dual_use,safe_completion > unsafe_compliance,safe_completion
du_D_soceng_0174,dual_use,hard_refusal > unsafe_compliance,baseline_refusal
du_D_soceng_0175,dual_use,safe_completion > hard_refusal,safe_completion
du_D_soceng_0175,dual_use,safe_completion > unsafe_compliance,safe_completion
du_D_soceng_0175,dual_use,hard_refusal > unsafe_compliance,baseline_refusal
du_D_soceng_0176,dual_use,safe_completion > hard_refusal,safe_completion
du_D_soceng_0176,dual_use,safe_completion > unsafe_compliance,safe_completion
du_D_soceng_0176,dual_use,hard_refusal > unsafe_compliance,baseline_refusal
du_D_soceng_0177,dual_use,safe_completion > hard_refusal,safe_completion
du_D_soceng_0177,dual_use,safe_completion > unsafe_compliance,safe_completion
du_D_soceng_0177,dual_use,hard_refusal > unsafe_compliance,baseline_refusal
du_D_soceng_0178,dual_use,safe_completion > hard_refusal,safe_completion
du_D_soceng_0178,dual_use,safe_completion > unsafe_compliance,safe_completion
du_D_soceng_0178,dual_use,hard_refusal > unsafe_compliance,baseline_refusal
du_D_soceng_0179,dual_use,safe_completion > hard_refusal,safe_completion
du_D_soceng_0179,dual_use,safe_completion > unsafe_compliance,safe_completion
du_D_soceng_0179,dual_use,hard_refusal > unsafe_compliance,baseline_refusal
du_D_soceng_0180,dual_use,safe_completion > hard_refusal,safe_completion
du_D_soceng_0180,dual_use,safe_completion > unsafe_compliance,safe_completion
du_D_soceng_0180,dual_use,hard_refusal > unsafe_compliance,baseline_refusal
du_D_soceng_0181,dual_use,safe_completion > hard_refusal,safe_completion
du_D_soceng_0181,dual_use,safe_completion > unsafe_compliance,safe_completion
du_D_soceng_0181,dual_use,hard_refusal > unsafe_compliance,baseline_refusal
du_D_soceng_0182,dual_use,safe_completion > hard_refusal,safe_completion
du_D_soceng_0182,dual_use,safe_completion > unsafe_compliance,safe_completion
du_D_soceng_0182,dual_use,hard_refusal > unsafe_compliance,baseline_refusal
du_D_soceng_0183,dual_use,safe_completion > hard_refusal,safe_completion
du_D_soceng_0183,dual_use,safe_completion > unsafe_compliance,safe_completion
du_D_soceng_0183,dual_use,hard_refusal > unsafe_compliance,baseline_refusal
du_D_soceng_0184,dual_use,safe_completion > hard_refusal,safe_completion
du_D_soceng_0184,dual_use,safe_completion > unsafe_compliance,safe_completion
du_D_soceng_0184,dual_use,hard_refusal > unsafe_compliance,baseline_refusal
du_D_soceng_0185,dual_use,safe_completion > hard_refusal,safe_completion
du_D_soceng_0185,dual_use,safe_completion > unsafe_compliance,safe_completion
du_D_soceng_0185,dual_use,hard_refusal > unsafe_compliance,baseline_refusal
du_D_soceng_0186,dual_use,safe_completion > hard_refusal,safe_completion
du_D_soceng_0186,dual_use,safe_completion > unsafe_compliance,safe_completion
du_D_soceng_0186,dual_use,hard_refusal > unsafe_compliance,baseline_refusal
du_D_soceng_0187,dual_use,safe_completion > hard_refusal,safe_completion
du_D_soceng_0187,dual_use,safe_completion > unsafe_compliance,safe_completion
du_D_soceng_0187,dual_use,hard_refusal > unsafe_compliance,baseline_refusal
du_D_soceng_0188,dual_use,safe_completion > hard_refusal,safe_completion
du_D_soceng_0188,dual_use,safe_completion > unsafe_compliance,safe_completion
du_D_soceng_0188,dual_use,hard_refusal > unsafe_compliance,baseline_refusal
du_D_soceng_0189,dual_use,safe_completion > hard_refusal,safe_completion
du_D_soceng_0189,dual_use,safe_completion > unsafe_compliance,safe_completion
du_D_soceng_0189,dual_use,hard_refusal > unsafe_compliance,baseline_refusal
du_D_soceng_0190,dual_use,safe_completion > hard_refusal,safe_completion
du_D_soceng_0190,dual_use,safe_completion > unsafe_compliance,safe_completion
du_D_soceng_0190,dual_use,hard_refusal > unsafe_compliance,baseline_refusal
du_D_soceng_0191,dual_use,safe_completion > hard_refusal,safe_completion
du_D_soceng_0191,dual_use,safe_completion > unsafe_compliance,safe_completion
du_D_soceng_0191,dual_use,hard_refusal > unsafe_compliance,baseline_refusal
du_D_soceng_0192,dual_use,safe_completion > hard_refusal,safe_completion
du_D_soceng_0192,dual_use,safe_completion > unsafe_compliance,safe_completion
du_D_soceng_0192,dual_use,hard_refusal > unsafe_compliance,baseline_refusal
du_D_soceng_0193,dual_use,safe_completion > hard_refusal,safe_completion
du_D_soceng_0193,dual_use,safe_completion > unsafe_compliance,safe_completion
du_D_soceng_0193,dual_use,hard_refusal > unsafe_compliance,baseline_refusal
du_D_soceng_0194,dual_use,safe_completion > hard_refusal,safe_completion
du_D_soceng_0194,dual_use,safe_completion > unsafe_compliance,safe_completion
du_D_soceng_0194,dual_use,hard_refusal > unsafe_compliance,baseline_refusal
du_D_soceng_0195,dual_use,safe_completion > hard_refusal,safe_completion
du_D_soceng_0195,dual_use,safe_completion > unsafe_compliance,safe_completion
du_D_soceng_0195,dual_use,hard_refusal > unsafe_compliance,baseline_refusal
du_D_soceng_0196,dual_use,safe_completion > hard_refusal,safe_completion
du_D_soceng_0196,dual_use,safe_completion > unsafe_compliance,safe_completion
du_D_soceng_0196,dual_use,hard_refusal > unsafe_compliance,baseline_refusal
du_D_soceng_0197,dual_use,safe_completion > hard_refusal,safe_completion
du_D_soceng_0197,dual_use,safe_completion > unsafe_compliance,safe_completion
du_D_soceng_0197,dual_use,hard_refusal > unsafe_compliance,baseline_refusal
du_D_soceng_0198,dual_use,safe_completion > hard_refusal,safe_completion
du_D_soceng_0198,dual_use,safe_completion > unsafe_compliance,safe_completion
du_D_soceng_0198,dual_use,hard_refusal > unsafe_compliance,baseline_refusal
du_D_soceng_0199,dual_use,safe_completion > hard_refusal,safe_completion
du_D_soceng_0199,dual_use,safe_completion > unsafe_compliance,safe_completion
du_D_soceng_0199,dual_use,hard_refusal > unsafe_compliance,baseline_refusal
du_D_soceng_0200,dual_use,safe_completion > hard_refusal,safe_completion
du_D_soceng_0200,dual_use,safe_completion > unsafe_compliance,safe_completion
du_D_soceng_0200,dual_use,hard_refusal > unsafe_compliance,baseline_refusal
du_D_soceng_0201,dual_use,safe_completion > hard_refusal,safe_completion
du_D_soceng_0201,dual_use,safe_completion > unsafe_compliance,safe_completion
du_D_soceng_0201,dual_use,hard_refusal > unsafe_compliance,baseline_refusal
du_D_soceng_0202,dual_use,safe_completion > hard_refusal,safe_completion
du_D_soceng_0202,dual_use,safe_completion > unsafe_compliance,safe_completion
du_D_soceng_0202,dual_use,hard_refusal > unsafe_compliance,baseline_refusal
du_D_soceng_0203,dual_use,safe_completion > hard_refusal,safe_completion
du_D_soceng_0203,dual_use,safe_completion > unsafe_compliance,safe_completion
du_D_soceng_0203,dual_use,hard_refusal > unsafe_compliance,baseline_refusal
du_D_soceng_0204,dual_use,safe_completion > hard_refusal,safe_completion
du_D_soceng_0204,dual_use,safe_completion > unsafe_compliance,safe_completion
du_D_soceng_0204,dual_use,hard_refusal > unsafe_compliance,baseline_refusal
du_D_soceng_0205,dual_use,safe_completion > hard_refusal,safe_completion
du_D_soceng_0205,dual_use,safe_completion > unsafe_compliance,safe_completion
du_D_soceng_0205,dual_use,hard_refusal > unsafe_compliance,baseline_refusal
du_D_soceng_0206,dual_use,safe_completion > hard_refusal,safe_completion
du_D_soceng_0206,dual_use,safe_completion > unsafe_compliance,safe_completion
du_D_soceng_0206,dual_use,hard_refusal > unsafe_compliance,baseline_refusal
du_D_soceng_0207,dual_use,safe_completion > hard_refusal,safe_completion
du_D_soceng_0207,dual_use,safe_completion > unsafe_compliance,safe_completion
du_D_soceng_0207,dual_use,hard_refusal > unsafe_compliance,baseline_refusal
du_D_soceng_0208,dual_use,safe_completion > hard_refusal,safe_completion
du_D_soceng_0208,dual_use,safe_completion > unsafe_compliance,safe_completion
du_D_soceng_0208,dual_use,hard_refusal > unsafe_compliance,baseline_refusal
du_D_soceng_0209,dual_use,safe_completion > hard_refusal,safe_completion
du_D_soceng_0209,dual_use,safe_completion > unsafe_compliance,safe_completion
du_D_soceng_0209,dual_use,hard_refusal > unsafe_compliance,baseline_refusal
du_D_soceng_0210,dual_use,safe_completion > hard_refusal,safe_completion
du_D_soceng_0210,dual_use,safe_completion > unsafe_compliance,safe_completion
du_D_soceng_0210,dual_use,hard_refusal > unsafe_compliance,baseline_refusal
du_D_soceng_0211,dual_use,safe_completion > hard_refusal,safe_completion
du_D_soceng_0211,dual_use,safe_completion > unsafe_compliance,safe_completion
du_D_soceng_0211,dual_use,hard_refusal > unsafe_compliance,baseline_refusal
du_D_soceng_0212,dual_use,safe_completion > hard_refusal,safe_completion
du_D_soceng_0212,dual_use,safe_completion > unsafe_compliance,safe_completion
du_D_soceng_0212,dual_use,hard_refusal > unsafe_compliance,baseline_refusal
du_D_soceng_0213,dual_use,safe_completion > hard_refusal,safe_completion
du_D_soceng_0213,dual_use,safe_completion > unsafe_compliance,safe_completion
du_D_soceng_0213,dual_use,hard_refusal > unsafe_compliance,baseline_refusal
du_D_soceng_0214,dual_use,safe_completion > hard_refusal,safe_completion
du_D_soceng_0214,dual_use,safe_completion > unsafe_compliance,safe_completion
du_D_soceng_0214,dual_use,hard_refusal > unsafe_compliance,baseline_refusal
du_D_soceng_0215,dual_use,safe_completion > hard_refusal,safe_completion
du_D_soceng_0215,dual_use,safe_completion > unsafe_compliance,safe_completion
du_D_soceng_0215,dual_use,hard_refusal > unsafe_compliance,baseline_refusal
du_D_soceng_0216,dual_use,safe_completion > hard_refusal,safe_completion
du_D_soceng_0216,dual_use,safe_completion > unsafe_compliance,safe_completion
du_D_soceng_0216,dual_use,hard_refusal > unsafe_compliance,baseline_refusal
du_D_soceng_0217,dual_use,safe_completion > hard_refusal,safe_completion
du_D_soceng_0217,dual_use,safe_completion > unsafe_compliance,safe_completion
du_D_soceng_0217,dual_use,hard_refusal > unsafe_compliance,baseline_refusal
du_D_soceng_0218,dual_use,safe_completion > hard_refusal,safe_completion
du_D_soceng_0218,dual_use,safe_completion > unsafe_compliance,safe_completion
du_D_soceng_0218,dual_use,hard_refusal > unsafe_compliance,baseline_refusal
du_D_soceng_0219,dual_use,safe_completion > hard_refusal,safe_completion
du_D_soceng_0219,dual_use,safe_completion > unsafe_compliance,safe_completion
du_D_soceng_0219,dual_use,hard_refusal > unsafe_compliance,baseline_refusal
du_D_soceng_0220,dual_use,safe_completion > hard_refusal,safe_completion
du_D_soceng_0220,dual_use,safe_completion > unsafe_compliance,safe_completion
du_D_soceng_0220,dual_use,hard_refusal > unsafe_compliance,baseline_refusal
du_D_soceng_0221,dual_use,safe_completion > hard_refusal,safe_completion
du_D_soceng_0221,dual_use,safe_completion > unsafe_compliance,safe_completion
du_D_soceng_0221,dual_use,hard_refusal > unsafe_compliance,baseline_refusal
du_D_soceng_0222,dual_use,safe_completion > hard_refusal,safe_completion
du_D_soceng_0222,dual_use,safe_completion > unsafe_compliance,safe_completion
du_D_soceng_0222,dual_use,hard_refusal > unsafe_compliance,baseline_refusal
du_D_soceng_0223,dual_use,safe_completion > hard_refusal,safe_completion
du_D_soceng_0223,dual_use,safe_completion > unsafe_compliance,safe_completion
du_D_soceng_0223,dual_use,hard_refusal > unsafe_compliance,baseline_refusal
du_D_soceng_0224,dual_use,safe_completion > hard_refusal,safe_completion
du_D_soceng_0224,dual_use,safe_completion > unsafe_compliance,safe_completion
du_D_soceng_0224,dual_use,hard_refusal > unsafe_compliance,baseline_refusal
du_D_soceng_0225,dual_use,safe_completion > hard_refusal,safe_completion
du_D_soceng_0225,dual_use,safe_completion > unsafe_compliance,safe_completion
du_D_soceng_0225,dual_use,hard_refusal > unsafe_compliance,baseline_refusal
du_D_soceng_0226,dual_use,safe_completion > hard_refusal,safe_completion
du_D_soceng_0226,dual_use,safe_completion > unsafe_compliance,safe_completion
du_D_soceng_0226,dual_use,hard_refusal > unsafe_compliance,baseline_refusal
du_D_soceng_0227,dual_use,safe_completion > hard_refusal,safe_completion
du_D_soceng_0227,dual_use,safe_completion > unsafe_compliance,safe_completion
du_D_soceng_0227,dual_use,hard_refusal > unsafe_compliance,baseline_refusal
du_D_soceng_0228,dual_use,safe_completion > hard_refusal,safe_completion
du_D_soceng_0228,dual_use,safe_completion > unsafe_compliance,safe_completion
du_D_soceng_0228,dual_use,hard_refusal > unsafe_compliance,baseline_refusal
du_D_soceng_0229,dual_use,safe_completion > hard_refusal,safe_completion
du_D_soceng_0229,dual_use,safe_completion > unsafe_compliance,safe_completion
du_D_soceng_0229,dual_use,hard_refusal > unsafe_compliance,baseline_refusal
du_D_soceng_0230,dual_use,safe_completion > hard_refusal,safe_completion
du_D_soceng_0230,dual_use,safe_completion > unsafe_compliance,safe_completion
du_D_soceng_0230,dual_use,hard_refusal > unsafe_compliance,baseline_refusal
du_D_soceng_0231,dual_use,safe_completion > hard_refusal,safe_completion
du_D_soceng_0231,dual_use,safe_completion > unsafe_compliance,safe_completion
du_D_soceng_0231,dual_use,hard_refusal > unsafe_compliance,baseline_refusal
du_D_soceng_0232,dual_use,safe_completion > hard_refusal,safe_completion
du_D_soceng_0232,dual_use,safe_completion > unsafe_compliance,safe_completion
du_D_soceng_0232,dual_use,hard_refusal > unsafe_compliance,baseline_refusal
du_D_soceng_0233,dual_use,safe_completion > hard_refusal,safe_completion
du_D_soceng_0233,dual_use,safe_completion > unsafe_compliance,safe_completion
du_D_soceng_0233,dual_use,hard_refusal > unsafe_compliance,baseline_refusal
du_D_soceng_0234,dual_use,safe_completion > hard_refusal,safe_completion
du_D_soceng_0234,dual_use,safe_completion > unsafe_compliance,safe_completion
du_D_soceng_0234,dual_use,hard_refusal > unsafe_compliance,baseline_refusal
du_D_soceng_0235,dual_use,safe_completion > hard_refusal,safe_completion
du_D_soceng_0235,dual_use,safe_completion > unsafe_compliance,safe_completion
du_D_soceng_0235,dual_use,hard_refusal > unsafe_compliance,baseline_refusal
du_D_soceng_0236,dual_use,safe_completion > hard_refusal,safe_completion
du_D_soceng_0236,dual_use,safe_completion > unsafe_compliance,safe_completion
du_D_soceng_0236,dual_use,hard_refusal > unsafe_compliance,baseline_refusal
du_D_soceng_0237,dual_use,safe_completion > hard_refusal,safe_completion
du_D_soceng_0237,dual_use,safe_completion > unsafe_compliance,safe_completion
du_D_soceng_0237,dual_use,hard_refusal > unsafe_compliance,baseline_refusal
du_D_soceng_0238,dual_use,safe_completion > hard_refusal,safe_completion
du_D_soceng_0238,dual_use,safe_completion > unsafe_compliance,safe_completion
du_D_soceng_0238,dual_use,hard_refusal > unsafe_compliance,baseline_refusal
du_D_soceng_0239,dual_use,safe_completion > hard_refusal,safe_completion
du_D_soceng_0239,dual_use,safe_completion > unsafe_compliance,safe_completion
du_D_soceng_0239,dual_use,hard_refusal > unsafe_compliance,baseline_refusal
du_D_soceng_0240,dual_use,safe_completion > hard_refusal,safe_completion
du_D_soceng_0240,dual_use,safe_completion > unsafe_compliance,safe_completion
du_D_soceng_0240,dual_use,hard_refusal > unsafe_compliance,baseline_refusal
du_D_soceng_0241,dual_use,safe_completion > hard_refusal,safe_completion
du_D_soceng_0241,dual_use,safe_completion > unsafe_compliance,safe_completion
du_D_soceng_0241,dual_use,hard_refusal > unsafe_compliance,baseline_refusal
du_D_soceng_0242,dual_use,safe_completion > hard_refusal,safe_completion
du_D_soceng_0242,dual_use,safe_completion > unsafe_compliance,safe_completion
du_D_soceng_0242,dual_use,hard_refusal > unsafe_compliance,baseline_refusal
du_D_soceng_0243,dual_use,safe_completion > hard_refusal,safe_completion
du_D_soceng_0243,dual_use,safe_completion > unsafe_compliance,safe_completion
du_D_soceng_0243,dual_use,hard_refusal > unsafe_compliance,baseline_refusal
du_D_soceng_0244,dual_use,safe_completion > hard_refusal,safe_completion
du_D_soceng_0244,dual_use,safe_completion > unsafe_compliance,safe_completion
du_D_soceng_0244,dual_use,hard_refusal > unsafe_compliance,baseline_refusal
du_D_soceng_0245,dual_use,safe_completion > hard_refusal,safe_completion
du_D_soceng_0245,dual_use,safe_completion > unsafe_compliance,safe_completion
du_D_soceng_0245,dual_use,hard_refusal > unsafe_compliance,baseline_refusal
du_D_soceng_0246,dual_use,safe_completion > hard_refusal,safe_completion
du_D_soceng_0246,dual_use,safe_completion > unsafe_compliance,safe_completion
du_D_soceng_0246,dual_use,hard_refusal > unsafe_compliance,baseline_refusal
du_D_soceng_0247,dual_use,safe_completion > hard_refusal,safe_completion
du_D_soceng_0247,dual_use,safe_completion > unsafe_compliance,safe_completion
du_D_soceng_0247,dual_use,hard_refusal > unsafe_compliance,baseline_refusal
du_D_soceng_0248,dual_use,safe_completion > hard_refusal,safe_completion
du_D_soceng_0248,dual_use,safe_completion > unsafe_compliance,safe_completion
du_D_soceng_0248,dual_use,hard_refusal > unsafe_compliance,baseline_refusal
du_D_soceng_0249,dual_use,safe_completion > hard_refusal,safe_completion
du_D_soceng_0249,dual_use,safe_completion > unsafe_compliance,safe_completion
du_D_soceng_0249,dual_use,hard_refusal > unsafe_compliance,baseline_refusal
du_D_soceng_0250,dual_use,safe_completion > hard_refusal,safe_completion
du_D_soceng_0250,dual_use,safe_completion > unsafe_compliance,safe_completion
du_D_soceng_0250,dual_use,hard_refusal > unsafe_compliance,baseline_refusal
fr_train_000001,benign_sensitive,helpful_answer > hard_refusal,safe_completion
fr_train_000006,benign_sensitive,helpful_answer > hard_refusal,safe_completion
fr_train_000012,benign_sensitive,helpful_answer > hard_refusal,safe_completion
fr_train_000018,benign_sensitive,helpful_answer > hard_refusal,safe_completion
fr_train_000023,benign_sensitive,helpful_answer > hard_refusal,safe_completion
fr_train_000032,benign_sensitive,helpful_answer > hard_refusal,safe_completion
fr_train_000035,benign_sensitive,helpful_answer > hard_refusal,safe_completion
fr_train_000046,benign_sensitive,helpful_answer > hard_refusal,safe_completion
fr_train_000048,benign_sensitive,helpful_answer > hard_refusal,safe_completion
fr_train_000051,benign_sensitive,helpful_answer > hard_refusal,safe_completion
fr_train_000058,benign_sensitive,helpful_answer > hard_refusal,safe_completion
fr_train_000062,benign_sensitive,helpful_answer > hard_refusal,safe_completion
fr_train_000067,benign_sensitive,helpful_answer > hard_refusal,safe_completion
fr_train_000082,benign_sensitive,helpful_answer > hard_refusal,safe_completion
fr_train_000085,benign_sensitive,helpful_answer > hard_refusal,safe_completion
fr_train_000087,benign_sensitive,helpful_answer > hard_refusal,safe_completion
fr_train_000091,benign_sensitive,helpful_answer > hard_refusal,safe_completion
fr_train_000092,benign_sensitive,helpful_answer > hard_refusal,safe_completion
fr_train_000102,benign_sensitive,helpful_answer > hard_refusal,safe_completion
fr_train_000106,benign_sensitive,helpful_answer > hard_refusal,safe_completion
fr_train_000110,benign_sensitive,helpful_answer > hard_refusal,safe_completion
fr_train_000115,benign_sensitive,helpful_answer > hard_refusal,safe_completion
fr_train_000125,benign_sensitive,helpful_answer > hard_refusal,safe_completion
fr_train_000138,benign_sensitive,helpful_answer > hard_refusal,safe_completion
fr_train_000142,benign_sensitive,helpful_answer > hard_refusal,safe_completion
fr_train_000147,benign_sensitive,helpful_answer > hard_refusal,safe_completion
fr_train_000161,benign_sensitive,helpful_answer > hard_refusal,safe_completion
fr_train_000162,benign_sensitive,helpful_answer > hard_refusal,safe_completion
fr_train_000170,benign_sensitive,helpful_answer > hard_refusal,safe_completion
fr_train_000173,benign_sensitive,helpful_answer > hard_refusal,safe_completion
fr_train_000183,benign_sensitive,helpful_answer > hard_refusal,safe_completion
fr_train_000187,benign_sensitive,helpful_answer > hard_refusal,safe_completion
fr_train_000188,benign_sensitive,helpful_answer > hard_refusal,safe_completion
fr_train_000189,benign_sensitive,helpful_answer > hard_refusal,safe_completion
fr_train_000190,benign_sensitive,helpful_answer > hard_refusal,safe_completion
fr_train_000192,benign_sensitive,helpful_answer > hard_refusal,safe_completion
fr_train_000193,benign_sensitive,helpful_answer > hard_refusal,safe_completion
fr_train_000195,benign_sensitive,helpful_answer > hard_refusal,safe_completion
fr_train_000197,benign_sensitive,helpful_answer > hard_refusal,safe_completion
fr_train_000217,benign_sensitive,helpful_answer > hard_refusal,safe_completion
fr_train_000224,benign_sensitive,helpful_answer > hard_refusal,safe_completion
fr_train_000228,benign_sensitive,helpful_answer > hard_refusal,safe_completion
fr_train_000231,benign_sensitive,helpful_answer > hard_refusal,safe_completion
fr_train_000232,benign_sensitive,helpful_answer > hard_refusal,safe_completion
fr_train_000233,benign_sensitive,helpful_answer > hard_refusal,safe_completion
fr_train_000236,benign_sensitive,helpful_answer > hard_refusal,safe_completion
fr_train_000249,benign_sensitive,helpful_answer > hard_refusal,safe_completion
fr_train_000253,benign_sensitive,helpful_answer > hard_refusal,safe_completion
fr_train_000255,benign_sensitive,helpful_answer > hard_refusal,safe_completion
fr_train_000259,benign_sensitive,helpful_answer > hard_refusal,safe_completion
fr_train_000268,benign_sensitive,helpful_answer > hard_refusal,safe_completion
fr_train_000270,benign_sensitive,helpful_answer > hard_refusal,safe_completion
fr_train_000271,benign_sensitive,helpful_answer > hard_refusal,safe_completion
fr_train_000275,benign_sensitive,helpful_answer > hard_refusal,safe_completion
fr_train_000283,benign_sensitive,helpful_answer > hard_refusal,safe_completion
fr_train_000287,benign_sensitive,helpful_answer > hard_refusal,safe_completion
fr_train_000292,benign_sensitive,helpful_answer > hard_refusal,safe_completion
fr_train_000295,benign_sensitive,helpful_answer > hard_refusal,safe_completion
fr_train_000323,benign_sensitive,helpful_answer > hard_refusal,safe_completion
fr_train_000343,benign_sensitive,helpful_answer > hard_refusal,safe_completion
fr_train_000348,benign_sensitive,helpful_answer > hard_refusal,safe_completion
fr_train_000350,benign_sensitive,helpful_answer > hard_refusal,safe_completion
fr_train_000356,benign_sensitive,helpful_answer > hard_refusal,safe_completion
fr_train_000360,benign_sensitive,helpful_answer > hard_refusal,safe_completion
fr_train_000361,benign_sensitive,helpful_answer > hard_refusal,safe_completion
fr_train_000362,benign_sensitive,helpful_answer > hard_refusal,safe_completion
fr_train_000378,benign_sensitive,helpful_answer > hard_refusal,safe_completion
fr_train_000392,benign_sensitive,helpful_answer > hard_refusal,safe_completion
fr_train_000394,benign_sensitive,helpful_answer > hard_refusal,safe_completion
fr_train_000397,benign_sensitive,helpful_answer > hard_refusal,safe_completion
fr_train_000409,benign_sensitive,helpful_answer > hard_refusal,safe_completion
fr_train_000438,benign_sensitive,helpful_answer > hard_refusal,safe_completion
fr_train_000448,benign_sensitive,helpful_answer > hard_refusal,safe_completion
fr_train_000451,benign_sensitive,helpful_answer > hard_refusal,safe_completion
fr_train_000480,benign_sensitive,helpful_answer > hard_refusal,safe_completion
fr_train_000488,benign_sensitive,helpful_answer > hard_refusal,safe_completion
fr_train_000493,benign_sensitive,helpful_answer > hard_refusal,safe_completion
fr_train_000494,benign_sensitive,helpful_answer > hard_refusal,safe_completion
fr_train_000495,benign_sensitive,helpful_answer > hard_refusal,safe_completion
fr_train_000506,benign_sensitive,helpful_answer > hard_refusal,safe_completion
fr_train_000520,benign_sensitive,helpful_answer > hard_refusal,safe_completion
fr_train_000526,benign_sensitive,helpful_answer > hard_refusal,safe_completion
fr_train_000534,benign_sensitive,helpful_answer > hard_refusal,safe_completion
fr_train_000539,benign_sensitive,helpful_answer > hard_refusal,safe_completion
fr_train_000548,benign_sensitive,helpful_answer > hard_refusal,safe_completion
fr_train_000554,benign_sensitive,helpful_answer > hard_refusal,safe_completion
fr_train_000561,benign_sensitive,helpful_answer > hard_refusal,safe_completion
fr_train_000598,benign_sensitive,helpful_answer > hard_refusal,safe_completion
fr_train_000599,benign_sensitive,helpful_answer > hard_refusal,safe_completion
fr_train_000603,benign_sensitive,helpful_answer > hard_refusal,safe_completion
fr_train_000606,benign_sensitive,helpful_answer > hard_refusal,safe_completion
fr_train_000613,benign_sensitive,helpful_answer > hard_refusal,safe_completion
fr_train_000623,benign_sensitive,helpful_answer > hard_refusal,safe_completion
fr_train_000628,benign_sensitive,helpful_answer > hard_refusal,safe_completion
fr_train_000635,benign_sensitive,helpful_answer > hard_refusal,safe_completion
fr_train_000641,benign_sensitive,helpful_answer > hard_refusal,safe_completion
fr_train_000653,benign_sensitive,helpful_answer > hard_refusal,safe_completion
fr_train_000676,benign_sensitive,helpful_answer > hard_refusal,safe_completion
fr_train_000681,benign_sensitive,helpful_answer > hard_refusal,safe_completion
fr_train_000689,benign_sensitive,helpful_answer > hard_refusal,safe_completion
fr_train_000693,benign_sensitive,helpful_answer > hard_refusal,safe_completion
fr_train_000701,benign_sensitive,helpful_answer > hard_refusal,safe_completion
fr_train_000711,benign_sensitive,helpful_answer > hard_refusal,safe_completion
fr_train_000734,benign_sensitive,helpful_answer > hard_refusal,safe_completion
fr_train_000741,benign_sensitive,helpful_answer > hard_refusal,safe_completion
fr_train_000743,benign_sensitive,helpful_answer > hard_refusal,safe_completion
fr_train_000750,benign_sensitive,helpful_answer > hard_refusal,safe_completion
fr_train_000755,benign_sensitive,helpful_answer > hard_refusal,safe_completion
fr_train_000757,benign_sensitive,helpful_answer > hard_refusal,safe_completion
fr_train_000780,benign_sensitive,helpful_answer > hard_refusal,safe_completion
fr_train_000781,benign_sensitive,helpful_answer > hard_refusal,safe_completion
fr_train_000783,benign_sensitive,helpful_answer > hard_refusal,safe_completion
fr_train_000784,benign_sensitive,helpful_answer > hard_refusal,safe_completion
fr_train_000786,benign_sensitive,helpful_answer > hard_refusal,safe_completion
fr_train_000792,benign_sensitive,helpful_answer > hard_refusal,safe_completion
fr_train_000793,benign_sensitive,helpful_answer > hard_refusal,safe_completion
fr_train_000803,benign_sensitive,helpful_answer > hard_refusal,safe_completion
fr_train_000808,benign_sensitive,helpful_answer > hard_refusal,safe_completion
fr_train_000823,benign_sensitive,helpful_answer > hard_refusal,safe_completion
fr_train_000828,benign_sensitive,helpful_answer > hard_refusal,safe_completion
fr_train_000843,benign_sensitive,helpful_answer > hard_refusal,safe_completion
fr_train_000845,benign_sensitive,helpful_answer > hard_refusal,safe_completion
fr_train_000848,benign_sensitive,helpful_answer > hard_refusal,safe_completion
fr_train_000853,benign_sensitive,helpful_answer > hard_refusal,safe_completion
fr_train_000860,benign_sensitive,helpful_answer > hard_refusal,safe_completion
fr_train_000865,benign_sensitive,helpful_answer > hard_refusal,safe_completion
fr_train_000869,benign_sensitive,helpful_answer > hard_refusal,safe_completion
fr_train_000880,benign_sensitive,helpful_answer > hard_refusal,safe_completion
fr_train_000885,benign_sensitive,helpful_answer > hard_refusal,safe_completion
fr_train_000893,benign_sensitive,helpful_answer > hard_refusal,safe_completion
fr_train_000894,benign_sensitive,helpful_answer > hard_refusal,safe_completion
fr_train_000900,benign_sensitive,helpful_answer > hard_refusal,safe_completion
fr_train_000910,benign_sensitive,helpful_answer > hard_refusal,safe_completion
fr_train_000914,benign_sensitive,helpful_answer > hard_refusal,safe_completion
fr_train_000918,benign_sensitive,helpful_answer > hard_refusal,safe_completion
fr_train_000938,benign_sensitive,helpful_answer > hard_refusal,safe_completion
fr_train_000942,benign_sensitive,helpful_answer > hard_refusal,safe_completion
fr_train_000944,benign_sensitive,helpful_answer > hard_refusal,safe_completion
fr_train_000945,benign_sensitive,helpful_answer > hard_refusal,safe_completion
fr_train_000946,benign_sensitive,helpful_answer > hard_refusal,safe_completion
fr_train_000952,benign_sensitive,helpful_answer > hard_refusal,safe_completion
fr_train_000954,benign_sensitive,helpful_answer > hard_refusal,safe_completion
fr_train_000955,benign_sensitive,helpful_answer > hard_refusal,safe_completion
fr_train_000956,benign_sensitive,helpful_answer > hard_refusal,safe_completion
fr_train_000959,benign_sensitive,helpful_answer > hard_refusal,safe_completion
fr_train_000961,benign_sensitive,helpful_answer > hard_refusal,safe_completion
fr_train_000963,benign_sensitive,helpful_answer > hard_refusal,safe_completion
fr_train_000964,benign_sensitive,helpful_answer > hard_refusal,safe_completion
fr_train_000965,benign_sensitive,helpful_answer > hard_refusal,safe_completion
fr_train_000967,benign_sensitive,helpful_answer > hard_refusal,safe_completion
fr_train_000968,benign_sensitive,helpful_answer > hard_refusal,safe_completion
fr_train_000973,benign_sensitive,helpful_answer > hard_refusal,safe_completion
fr_train_000985,benign_sensitive,helpful_answer > hard_refusal,safe_completion
fr_train_000987,benign_sensitive,helpful_answer > hard_refusal,safe_completion
fr_train_000989,benign_sensitive,helpful_answer > hard_refusal,safe_completion
fr_train_001000,benign_sensitive,helpful_answer > hard_refusal,safe_completion
fr_train_001001,benign_sensitive,helpful_answer > hard_refusal,safe_completion
fr_train_001004,benign_sensitive,helpful_answer > hard_refusal,safe_completion
fr_train_001005,benign_sensitive,helpful_answer > hard_refusal,safe_completion
fr_train_001006,benign_sensitive,helpful_answer > hard_refusal,safe_completion
fr_train_001009,benign_sensitive,helpful_answer > hard_refusal,safe_completion
fr_train_001012,benign_sensitive,helpful_answer > hard_refusal,safe_completion
fr_train_001013,benign_sensitive,helpful_answer > hard_refusal,safe_completion
fr_train_001038,benign_sensitive,helpful_answer > hard_refusal,safe_completion
fr_train_001039,benign_sensitive,helpful_answer > hard_refusal,safe_completion
fr_train_001053,benign_sensitive,helpful_answer > hard_refusal,safe_completion
fr_train_001063,benign_sensitive,helpful_answer > hard_refusal,safe_completion
fr_train_001064,benign_sensitive,helpful_answer > hard_refusal,safe_completion
fr_train_001098,benign_sensitive,helpful_answer > hard_refusal,safe_completion
fr_train_001102,benign_sensitive,helpful_answer > hard_refusal,safe_completion
fr_train_001110,benign_sensitive,helpful_answer > hard_refusal,safe_completion
fr_train_001111,benign_sensitive,helpful_answer > hard_refusal,safe_completion
fr_train_001112,benign_sensitive,helpful_answer > hard_refusal,safe_completion
fr_train_001126,benign_sensitive,helpful_answer > hard_refusal,safe_completion
fr_train_001127,benign_sensitive,helpful_answer > hard_refusal,safe_completion
fr_train_001130,benign_sensitive,helpful_answer > hard_refusal,safe_completion
fr_train_001132,benign_sensitive,helpful_answer > hard_refusal,safe_completion
fr_train_001147,benign_sensitive,helpful_answer > hard_refusal,safe_completion
fr_train_001156,benign_sensitive,helpful_answer > hard_refusal,safe_completion
fr_train_001160,benign_sensitive,helpful_answer > hard_refusal,safe_completion
fr_train_001163,benign_sensitive,helpful_answer > hard_refusal,safe_completion
fr_train_001179,benign_sensitive,helpful_answer > hard_refusal,safe_completion
fr_train_001183,benign_sensitive,helpful_answer > hard_refusal,safe_completion
fr_train_001202,benign_sensitive,helpful_answer > hard_refusal,safe_completion
fr_train_001205,benign_sensitive,helpful_answer > hard_refusal,safe_completion
fr_train_001209,benign_sensitive,helpful_answer > hard_refusal,safe_completion
fr_train_001220,benign_sensitive,helpful_answer > hard_refusal,safe_completion
fr_train_001231,benign_sensitive,helpful_answer > hard_refusal,safe_completion
fr_train_001232,benign_sensitive,helpful_answer > hard_refusal,safe_completion
fr_train_001234,benign_sensitive,helpful_answer > hard_refusal,safe_completion
fr_train_001238,benign_sensitive,helpful_answer > hard_refusal,safe_completion
fr_train_001239,benign_sensitive,helpful_answer > hard_refusal,safe_completion
fr_train_001241,benign_sensitive,helpful_answer > hard_refusal,safe_completion
fr_train_001250,benign_sensitive,helpful_answer > hard_refusal,safe_completion
fr_train_001251,benign_sensitive,helpful_answer > hard_refusal,safe_completion
fr_train_001255,benign_sensitive,helpful_answer > hard_refusal,safe_completion
fr_train_001256,benign_sensitive,helpful_answer > hard_refusal,safe_completion
fr_train_001268,benign_sensitive,helpful_answer > hard_refusal,safe_completion
fr_train_001272,benign_sensitive,helpful_answer > hard_refusal,safe_completion
fr_train_001296,benign_sensitive,helpful_answer > hard_refusal,safe_completion
fr_train_001298,benign_sensitive,helpful_answer > hard_refusal,safe_completion
fr_train_001300,benign_sensitive,helpful_answer > hard_refusal,safe_completion
fr_train_001302,benign_sensitive,helpful_answer > hard_refusal,safe_completion
fr_train_001310,benign_sensitive,helpful_answer > hard_refusal,safe_completion
fr_train_001314,benign_sensitive,helpful_answer > hard_refusal,safe_completion
fr_train_001318,benign_sensitive,helpful_answer > hard_refusal,safe_completion
fr_train_001321,benign_sensitive,helpful_answer > hard_refusal,safe_completion
fr_train_001326,benign_sensitive,helpful_answer > hard_refusal,safe_completion
fr_train_001327,benign_sensitive,helpful_answer > hard_refusal,safe_completion
fr_train_001328,benign_sensitive,helpful_answer > hard_refusal,safe_completion
fr_train_001339,benign_sensitive,helpful_answer > hard_refusal,safe_completion
fr_train_001346,benign_sensitive,helpful_answer > hard_refusal,safe_completion
fr_train_001358,benign_sensitive,helpful_answer > hard_refusal,safe_completion
fr_train_001359,benign_sensitive,helpful_answer > hard_refusal,safe_completion
fr_train_001360,benign_sensitive,helpful_answer > hard_refusal,safe_completion
fr_train_001364,benign_sensitive,helpful_answer > hard_refusal,safe_completion
fr_train_001370,benign_sensitive,helpful_answer > hard_refusal,safe_completion
fr_train_001375,benign_sensitive,helpful_answer > hard_refusal,safe_completion
fr_train_001376,benign_sensitive,helpful_answer > hard_refusal,safe_completion
fr_train_001377,benign_sensitive,helpful_answer > hard_refusal,safe_completion
fr_train_001379,benign_sensitive,helpful_answer > hard_refusal,safe_completion
fr_train_001382,benign_sensitive,helpful_answer > hard_refusal,safe_completion
fr_train_001387,benign_sensitive,helpful_answer > hard_refusal,safe_completion
fr_train_001398,benign_sensitive,helpful_answer > hard_refusal,safe_completion
fr_train_001407,benign_sensitive,helpful_answer > hard_refusal,safe_completion
fr_train_001411,benign_sensitive,helpful_answer > hard_refusal,safe_completion
fr_train_001412,benign_sensitive,helpful_answer > hard_refusal,safe_completion
fr_train_001419,benign_sensitive,helpful_answer > hard_refusal,safe_completion
fr_train_001421,benign_sensitive,helpful_answer > hard_refusal,safe_completion
fr_train_001429,benign_sensitive,helpful_answer > hard_refusal,safe_completion
fr_train_001433,benign_sensitive,helpful_answer > hard_refusal,safe_completion
fr_train_001435,benign_sensitive,helpful_answer > hard_refusal,safe_completion
fr_train_001445,benign_sensitive,helpful_answer > hard_refusal,safe_completion
fr_train_001450,benign_sensitive,helpful_answer > hard_refusal,safe_completion
fr_train_001452,benign_sensitive,helpful_answer > hard_refusal,safe_completion
fr_train_001454,benign_sensitive,helpful_answer > hard_refusal,safe_completion
fr_train_001468,benign_sensitive,helpful_answer > hard_refusal,safe_completion
fr_train_001469,benign_sensitive,helpful_answer > hard_refusal,safe_completion
fr_train_001473,benign_sensitive,helpful_answer > hard_refusal,safe_completion
fr_train_001478,benign_sensitive,helpful_answer > hard_refusal,safe_completion
fr_train_001480,benign_sensitive,helpful_answer > hard_refusal,safe_completion
fr_train_001482,benign_sensitive,helpful_answer > hard_refusal,safe_completion
fr_train_001488,benign_sensitive,helpful_answer > hard_refusal,safe_completion
fr_train_001495,benign_sensitive,helpful_answer > hard_refusal,safe_completion
fr_train_001502,benign_sensitive,helpful_answer > hard_refusal,safe_completion
fr_train_001511,benign_sensitive,helpful_answer > hard_refusal,safe_completion
fr_train_001512,benign_sensitive,helpful_answer > hard_refusal,safe_completion
fr_train_001514,benign_sensitive,helpful_answer > hard_refusal,safe_completion
fr_train_001515,benign_sensitive,helpful_answer > hard_refusal,safe_completion
fr_train_001516,benign_sensitive,helpful_answer > hard_refusal,safe_completion
fr_train_001518,benign_sensitive,helpful_answer > hard_refusal,safe_completion
fr_train_001525,benign_sensitive,helpful_answer > hard_refusal,safe_completion
fr_train_001530,benign_sensitive,helpful_answer > hard_refusal,safe_completion
fr_train_001533,benign_sensitive,helpful_answer > hard_refusal,safe_completion
fr_train_001539,benign_sensitive,helpful_answer > hard_refusal,safe_completion
fr_train_001543,benign_sensitive,helpful_answer > hard_refusal,safe_completion
fr_train_001548,benign_sensitive,helpful_answer > hard_refusal,safe_completion
fr_train_001549,benign_sensitive,helpful_answer > hard_refusal,safe_completion
fr_train_001552,benign_sensitive,helpful_answer > hard_refusal,safe_completion
fr_train_001557,benign_sensitive,helpful_answer > hard_refusal,safe_completion
fr_train_001559,benign_sensitive,helpful_answer > hard_refusal,safe_completion
fr_train_001566,benign_sensitive,helpful_answer > hard_refusal,safe_completion
fr_train_001568,benign_sensitive,helpful_answer > hard_refusal,safe_completion
fr_train_001571,benign_sensitive,helpful_answer > hard_refusal,safe_completion
fr_train_001597,benign_sensitive,helpful_answer > hard_refusal,safe_completion
fr_train_001603,benign_sensitive,helpful_answer > hard_refusal,safe_completion
fr_train_001604,benign_sensitive,helpful_answer > hard_refusal,safe_completion
fr_train_001611,benign_sensitive,helpful_answer > hard_refusal,safe_completion
fr_train_001614,benign_sensitive,helpful_answer > hard_refusal,safe_completion
fr_train_001617,benign_sensitive,helpful_answer > hard_refusal,safe_completion
fr_train_001634,benign_sensitive,helpful_answer > hard_refusal,safe_completion
fr_train_001637,benign_sensitive,helpful_answer > hard_refusal,safe_completion
fr_train_001639,benign_sensitive,helpful_answer > hard_refusal,safe_completion
fr_train_001645,benign_sensitive,helpful_answer > hard_refusal,safe_completion
fr_train_001647,benign_sensitive,helpful_answer > hard_refusal,safe_completion
fr_train_001649,benign_sensitive,helpful_answer > hard_refusal,safe_completion
fr_train_001661,benign_sensitive,helpful_answer > hard_refusal,safe_completion
fr_train_001665,benign_sensitive,helpful_answer > hard_refusal,safe_completion
fr_train_001676,benign_sensitive,helpful_answer > hard_refusal,safe_completion
fr_train_001693,benign_sensitive,helpful_answer > hard_refusal,safe_completion
fr_train_001712,benign_sensitive,helpful_answer > hard_refusal,safe_completion
fr_train_001726,benign_sensitive,helpful_answer > hard_refusal,safe_completion
fr_train_001731,benign_sensitive,helpful_answer > hard_refusal,safe_completion
fr_train_001741,benign_sensitive,helpful_answer > hard_refusal,safe_completion
fr_train_001746,benign_sensitive,helpful_answer > hard_refusal,safe_completion
fr_train_001748,benign_sensitive,helpful_answer > hard_refusal,safe_completion
fr_train_001756,benign_sensitive,helpful_answer > hard_refusal,safe_completion
fr_train_001759,benign_sensitive,helpful_answer > hard_refusal,safe_completion
fr_train_001761,benign_sensitive,helpful_answer > hard_refusal,safe_completion
fr_train_001763,benign_sensitive,helpful_answer > hard_refusal,safe_completion
fr_train_001773,benign_sensitive,helpful_answer > hard_refusal,safe_completion
fr_train_001774,benign_sensitive,helpful_answer > hard_refusal,safe_completion
fr_train_001779,benign_sensitive,helpful_answer > hard_refusal,safe_completion
fr_train_001784,benign_sensitive,helpful_answer > hard_refusal,safe_completion
fr_train_001801,benign_sensitive,helpful_answer > hard_refusal,safe_completion
fr_train_001802,benign_sensitive,helpful_answer > hard_refusal,safe_completion
fr_train_001825,benign_sensitive,helpful_answer > hard_refusal,safe_completion
fr_train_001830,benign_sensitive,helpful_answer > hard_refusal,safe_completion
fr_train_001839,benign_sensitive,helpful_answer > hard_refusal,safe_completion
fr_train_001848,benign_sensitive,helpful_answer > hard_refusal,safe_completion
fr_train_001853,benign_sensitive,helpful_answer > hard_refusal,safe_completion
fr_train_001871,benign_sensitive,helpful_answer > hard_refusal,safe_completion
fr_train_001883,benign_sensitive,helpful_answer > hard_refusal,safe_completion
fr_train_001893,benign_sensitive,helpful_answer > hard_refusal,safe_completion
fr_train_001895,benign_sensitive,helpful_answer > hard_refusal,safe_completion
fr_train_001901,benign_sensitive,helpful_answer > hard_refusal,safe_completion
fr_train_001904,benign_sensitive,helpful_answer > hard_refusal,safe_completion
fr_train_001911,benign_sensitive,helpful_answer > hard_refusal,safe_completion
fr_train_001914,benign_sensitive,helpful_answer > hard_refusal,safe_completion
fr_train_001916,benign_sensitive,helpful_answer > hard_refusal,safe_completion
fr_train_001920,benign_sensitive,helpful_answer > hard_refusal,safe_completion
fr_train_001921,benign_sensitive,helpful_answer > hard_refusal,safe_completion
fr_train_001934,benign_sensitive,helpful_answer > hard_refusal,safe_completion
fr_train_001937,benign_sensitive,helpful_answer > hard_refusal,safe_completion
fr_train_001941,benign_sensitive,helpful_answer > hard_refusal,safe_completion
fr_train_001942,benign_sensitive,helpful_answer > hard_refusal,safe_completion
fr_train_001948,benign_sensitive,helpful_answer > hard_refusal,safe_completion
fr_train_001950,benign_sensitive,helpful_answer > hard_refusal,safe_completion
fr_train_001956,benign_sensitive,helpful_answer > hard_refusal,safe_completion
fr_train_001964,benign_sensitive,helpful_answer > hard_refusal,safe_completion
fr_train_001967,benign_sensitive,helpful_answer > hard_refusal,safe_completion
fr_train_001969,benign_sensitive,helpful_answer > hard_refusal,safe_completion
fr_train_001984,benign_sensitive,helpful_answer > hard_refusal,safe_completion
fr_train_001988,benign_sensitive,helpful_answer > hard_refusal,safe_completion
fr_train_001997,benign_sensitive,helpful_answer > hard_refusal,safe_completion
fr_train_002011,benign_sensitive,helpful_answer > hard_refusal,safe_completion
fr_train_002013,benign_sensitive,helpful_answer > hard_refusal,safe_completion
fr_train_002019,benign_sensitive,helpful_answer > hard_refusal,safe_completion
fr_train_002023,benign_sensitive,helpful_answer > hard_refusal,safe_completion
fr_train_002030,benign_sensitive,helpful_answer > hard_refusal,safe_completion
fr_train_002037,benign_sensitive,helpful_answer > hard_refusal,safe_completion
fr_train_002043,benign_sensitive,helpful_answer > hard_refusal,safe_completion
fr_train_002076,benign_sensitive,helpful_answer > hard_refusal,safe_completion
fr_train_002079,benign_sensitive,helpful_answer > hard_refusal,safe_completion
fr_train_002081,benign_sensitive,helpful_answer > hard_refusal,safe_completion
fr_train_002085,benign_sensitive,helpful_answer > hard_refusal,safe_completion
fr_train_002088,benign_sensitive,helpful_answer > hard_refusal,safe_completion
fr_train_002104,benign_sensitive,helpful_answer > hard_refusal,safe_completion
fr_train_002118,benign_sensitive,helpful_answer > hard_refusal,safe_completion
fr_train_002125,benign_sensitive,helpful_answer > hard_refusal,safe_completion
fr_train_002133,benign_sensitive,helpful_answer > hard_refusal,safe_completion
fr_train_002139,benign_sensitive,helpful_answer > hard_refusal,safe_completion
fr_train_002145,benign_sensitive,helpful_answer > hard_refusal,safe_completion
fr_train_002148,benign_sensitive,helpful_answer > hard_refusal,safe_completion
fr_train_002169,benign_sensitive,helpful_answer > hard_refusal,safe_completion
fr_train_002170,benign_sensitive,helpful_answer > hard_refusal,safe_completion
fr_train_002199,benign_sensitive,helpful_answer > hard_refusal,safe_completion
fr_train_002217,benign_sensitive,helpful_answer > hard_refusal,safe_completion
fr_train_002218,benign_sensitive,helpful_answer > hard_refusal,safe_completion
fr_train_002221,benign_sensitive,helpful_answer > hard_refusal,safe_completion
fr_train_002225,benign_sensitive,helpful_answer > hard_refusal,safe_completion
fr_train_002230,benign_sensitive,helpful_answer > hard_refusal,safe_completion
fr_train_002234,benign_sensitive,helpful_answer > hard_refusal,safe_completion
fr_train_002240,benign_sensitive,helpful_answer > hard_refusal,safe_completion
fr_train_002247,benign_sensitive,helpful_answer > hard_refusal,safe_completion
fr_train_002248,benign_sensitive,helpful_answer > hard_refusal,safe_completion
fr_train_002260,benign_sensitive,helpful_answer > hard_refusal,safe_completion
fr_train_002262,benign_sensitive,helpful_answer > hard_refusal,safe_completion
fr_train_002269,benign_sensitive,helpful_answer > hard_refusal,safe_completion
fr_train_002273,benign_sensitive,helpful_answer > hard_refusal,safe_completion
fr_train_002276,benign_sensitive,helpful_answer > hard_refusal,safe_completion
fr_train_002280,benign_sensitive,helpful_answer > hard_refusal,safe_completion
fr_train_002283,benign_sensitive,helpful_answer > hard_refusal,safe_completion
fr_train_002292,benign_sensitive,helpful_answer > hard_refusal,safe_completion
fr_train_002302,benign_sensitive,helpful_answer > hard_refusal,safe_completion
fr_train_002316,benign_sensitive,helpful_answer > hard_refusal,safe_completion
fr_train_002324,benign_sensitive,helpful_answer > hard_refusal,safe_completion
fr_train_002331,benign_sensitive,helpful_answer > hard_refusal,safe_completion
fr_train_002332,benign_sensitive,helpful_answer > hard_refusal,safe_completion
fr_train_002333,benign_sensitive,helpful_answer > hard_refusal,safe_completion
fr_train_002335,benign_sensitive,helpful_answer > hard_refusal,safe_completion
fr_train_002341,benign_sensitive,helpful_answer > hard_refusal,safe_completion
fr_train_002361,benign_sensitive,helpful_answer > hard_refusal,safe_completion
fr_train_002362,benign_sensitive,helpful_answer > hard_refusal,safe_completion
fr_train_002363,benign_sensitive,helpful_answer > hard_refusal,safe_completion
fr_train_002368,benign_sensitive,helpful_answer > hard_refusal,safe_completion
fr_train_002373,benign_sensitive,helpful_answer > hard_refusal,safe_completion
fr_train_002374,benign_sensitive,helpful_answer > hard_refusal,safe_completion
fr_train_002382,benign_sensitive,helpful_answer > hard_refusal,safe_completion
fr_train_002386,benign_sensitive,helpful_answer > hard_refusal,safe_completion
fr_train_002388,benign_sensitive,helpful_answer > hard_refusal,safe_completion
fr_train_002391,benign_sensitive,helpful_answer > hard_refusal,safe_completion
fr_train_002392,benign_sensitive,helpful_answer > hard_refusal,safe_completion
fr_train_002396,benign_sensitive,helpful_answer > hard_refusal,safe_completion
fr_train_002403,benign_sensitive,helpful_answer > hard_refusal,safe_completion
fr_train_002414,benign_sensitive,helpful_answer > hard_refusal,safe_completion
fr_train_002415,benign_sensitive,helpful_answer > hard_refusal,safe_completion
fr_train_002421,benign_sensitive,helpful_answer > hard_refusal,safe_completion
fr_train_002429,benign_sensitive,helpful_answer > hard_refusal,safe_completion
fr_train_002444,benign_sensitive,helpful_answer > hard_refusal,safe_completion
fr_train_002446,benign_sensitive,helpful_answer > hard_refusal,safe_completion
fr_train_002463,benign_sensitive,helpful_answer > hard_refusal,safe_completion
fr_train_002469,benign_sensitive,helpful_answer > hard_refusal,safe_completion
fr_train_002471,benign_sensitive,helpful_answer > hard_refusal,safe_completion
fr_train_002480,benign_sensitive,helpful_answer > hard_refusal,safe_completion
fr_train_002482,benign_sensitive,helpful_answer > hard_refusal,safe_completion
fr_train_002485,benign_sensitive,helpful_answer > hard_refusal,safe_completion
fr_train_002495,benign_sensitive,helpful_answer > hard_refusal,safe_completion
fr_train_002497,benign_sensitive,helpful_answer > hard_refusal,safe_completion
fr_train_002505,benign_sensitive,helpful_answer > hard_refusal,safe_completion
fr_train_002506,benign_sensitive,helpful_answer > hard_refusal,safe_completion
fr_train_002515,benign_sensitive,helpful_answer > hard_refusal,safe_completion
fr_train_002517,benign_sensitive,helpful_answer > hard_refusal,safe_completion
fr_train_002527,benign_sensitive,helpful_answer > hard_refusal,safe_completion
fr_train_002530,benign_sensitive,helpful_answer > hard_refusal,safe_completion
fr_train_002545,benign_sensitive,helpful_answer > hard_refusal,safe_completion
fr_train_002547,benign_sensitive,helpful_answer > hard_refusal,safe_completion
fr_train_002551,benign_sensitive,helpful_answer > hard_refusal,safe_completion
fr_train_002559,benign_sensitive,helpful_answer > hard_refusal,safe_completion
fr_train_002560,benign_sensitive,helpful_answer > hard_refusal,safe_completion
fr_train_002563,benign_sensitive,helpful_answer > hard_refusal,safe_completion
fr_train_002569,benign_sensitive,helpful_answer > hard_refusal,safe_completion
fr_train_002573,benign_sensitive,helpful_answer > hard_refusal,safe_completion
fr_train_002580,benign_sensitive,helpful_answer > hard_refusal,safe_completion
fr_train_002581,benign_sensitive,helpful_answer > hard_refusal,safe_completion
fr_train_002622,benign_sensitive,helpful_answer > hard_refusal,safe_completion
fr_train_002624,benign_sensitive,helpful_answer > hard_refusal,safe_completion
fr_train_002642,benign_sensitive,helpful_answer > hard_refusal,safe_completion
fr_train_002653,benign_sensitive,helpful_answer > hard_refusal,safe_completion
fr_train_002654,benign_sensitive,helpful_answer > hard_refusal,safe_completion
fr_train_002667,benign_sensitive,helpful_answer > hard_refusal,safe_completion
fr_train_002679,benign_sensitive,helpful_answer > hard_refusal,safe_completion
fr_train_002687,benign_sensitive,helpful_answer > hard_refusal,safe_completion
fr_train_002704,benign_sensitive,helpful_answer > hard_refusal,safe_completion
fr_train_002713,benign_sensitive,helpful_answer > hard_refusal,safe_completion
fr_train_002717,benign_sensitive,helpful_answer > hard_refusal,safe_completion
fr_train_002726,benign_sensitive,helpful_answer > hard_refusal,safe_completion
fr_train_002753,benign_sensitive,helpful_answer > hard_refusal,safe_completion
fr_train_002760,benign_sensitive,helpful_answer > hard_refusal,safe_completion
fr_train_002763,benign_sensitive,helpful_answer > hard_refusal,safe_completion
fr_train_002766,benign_sensitive,helpful_answer > hard_refusal,safe_completion
fr_train_002779,benign_sensitive,helpful_answer > hard_refusal,safe_completion
fr_train_002780,benign_sensitive,helpful_answer > hard_refusal,safe_completion
fr_train_002783,benign_sensitive,helpful_answer > hard_refusal,safe_completion
fr_train_002787,benign_sensitive,helpful_answer > hard_refusal,safe_completion
fr_train_002790,benign_sensitive,helpful_answer > hard_refusal,safe_completion
fr_train_002791,benign_sensitive,helpful_answer > hard_refusal,safe_completion
fr_train_002800,benign_sensitive,helpful_answer > hard_refusal,safe_completion
fr_train_002816,benign_sensitive,helpful_answer > hard_refusal,safe_completion
fr_train_002829,benign_sensitive,helpful_answer > hard_refusal,safe_completion
fr_train_002834,benign_sensitive,helpful_answer > hard_refusal,safe_completion
fr_train_002845,benign_sensitive,helpful_answer > hard_refusal,safe_completion
fr_train_002854,benign_sensitive,helpful_answer > hard_refusal,safe_completion
fr_train_002856,benign_sensitive,helpful_answer > hard_refusal,safe_completion
fr_train_002867,benign_sensitive,helpful_answer > hard_refusal,safe_completion
fr_train_002888,benign_sensitive,helpful_answer > hard_refusal,safe_completion
fr_train_002904,benign_sensitive,helpful_answer > hard_refusal,safe_completion
fr_train_002905,benign_sensitive,helpful_answer > hard_refusal,safe_completion
fr_train_002923,benign_sensitive,helpful_answer > hard_refusal,safe_completion
fr_train_002924,benign_sensitive,helpful_answer > hard_refusal,safe_completion
fr_train_002938,benign_sensitive,helpful_answer > hard_refusal,safe_completion
fr_train_002949,benign_sensitive,helpful_answer > hard_refusal,safe_completion
fr_train_002959,benign_sensitive,helpful_answer > hard_refusal,safe_completion
fr_train_002976,benign_sensitive,helpful_answer > hard_refusal,safe_completion
fr_train_002982,benign_sensitive,helpful_answer > hard_refusal,safe_completion
fr_train_002985,benign_sensitive,helpful_answer > hard_refusal,safe_completion
fr_train_002992,benign_sensitive,helpful_answer > hard_refusal,safe_completion
fr_train_003005,benign_sensitive,helpful_answer > hard_refusal,safe_completion
fr_train_003008,benign_sensitive,helpful_answer > hard_refusal,safe_completion
fr_train_003020,benign_sensitive,helpful_answer > hard_refusal,safe_completion
fr_train_003022,benign_sensitive,helpful_answer > hard_refusal,safe_completion
fr_train_003023,benign_sensitive,helpful_answer > hard_refusal,safe_completion
fr_train_003024,benign_sensitive,helpful_answer > hard_refusal,safe_completion
fr_train_003025,benign_sensitive,helpful_answer > hard_refusal,safe_completion
fr_train_003039,benign_sensitive,helpful_answer > hard_refusal,safe_completion
fr_train_003040,benign_sensitive,helpful_answer > hard_refusal,safe_completion
fr_train_003042,benign_sensitive,helpful_answer > hard_refusal,safe_completion
fr_train_003074,benign_sensitive,helpful_answer > hard_refusal,safe_completion
fr_train_003079,benign_sensitive,helpful_answer > hard_refusal,safe_completion
fr_train_003080,benign_sensitive,helpful_answer > hard_refusal,safe_completion
fr_train_003085,benign_sensitive,helpful_answer > hard_refusal,safe_completion
fr_train_003089,benign_sensitive,helpful_answer > hard_refusal,safe_completion
fr_train_003110,benign_sensitive,helpful_answer > hard_refusal,safe_completion
fr_train_003142,benign_sensitive,helpful_answer > hard_refusal,safe_completion
fr_train_003153,benign_sensitive,helpful_answer > hard_refusal,safe_completion
fr_train_003165,benign_sensitive,helpful_answer > hard_refusal,safe_completion
fr_train_003166,benign_sensitive,helpful_answer > hard_refusal,safe_completion
fr_train_003170,benign_sensitive,helpful_answer > hard_refusal,safe_completion
fr_train_003173,benign_sensitive,helpful_answer > hard_refusal,safe_completion
fr_train_003176,benign_sensitive,helpful_answer > hard_refusal,safe_completion
fr_train_003216,benign_sensitive,helpful_answer > hard_refusal,safe_completion
fr_train_003219,benign_sensitive,helpful_answer > hard_refusal,safe_completion
fr_train_003238,benign_sensitive,helpful_answer > hard_refusal,safe_completion
fr_train_003267,benign_sensitive,helpful_answer > hard_refusal,safe_completion
fr_train_003272,benign_sensitive,helpful_answer > hard_refusal,safe_completion
fr_train_003278,benign_sensitive,helpful_answer > hard_refusal,safe_completion
fr_train_003303,benign_sensitive,helpful_answer > hard_refusal,safe_completion
fr_train_003305,benign_sensitive,helpful_answer > hard_refusal,safe_completion
fr_train_003313,benign_sensitive,helpful_answer > hard_refusal,safe_completion
fr_train_003316,benign_sensitive,helpful_answer > hard_refusal,safe_completion
fr_train_003323,benign_sensitive,helpful_answer > hard_refusal,safe_completion
fr_train_003343,benign_sensitive,helpful_answer > hard_refusal,safe_completion
fr_train_003364,benign_sensitive,helpful_answer > hard_refusal,safe_completion
fr_train_003365,benign_sensitive,helpful_answer > hard_refusal,safe_completion
fr_train_003370,benign_sensitive,helpful_answer > hard_refusal,safe_completion
fr_train_003380,benign_sensitive,helpful_answer > hard_refusal,safe_completion
fr_train_003383,benign_sensitive,helpful_answer > hard_refusal,safe_completion
fr_train_003384,benign_sensitive,helpful_answer > hard_refusal,safe_completion
fr_train_003390,benign_sensitive,helpful_answer > hard_refusal,safe_completion
fr_train_003392,benign_sensitive,helpful_answer > hard_refusal,safe_completion
fr_train_003397,benign_sensitive,helpful_answer > hard_refusal,safe_completion
fr_train_003432,benign_sensitive,helpful_answer > hard_refusal,safe_completion
fr_train_003435,benign_sensitive,helpful_answer > hard_refusal,safe_completion
fr_train_003436,benign_sensitive,helpful_answer > hard_refusal,safe_completion
fr_train_003438,benign_sensitive,helpful_answer > hard_refusal,safe_completion
fr_train_003441,benign_sensitive,helpful_answer > hard_refusal,safe_completion
fr_train_003454,benign_sensitive,helpful_answer > hard_refusal,safe_completion
fr_train_003456,benign_sensitive,helpful_answer > hard_refusal,safe_completion
fr_train_003469,benign_sensitive,helpful_answer > hard_refusal,safe_completion
fr_train_003470,benign_sensitive,helpful_answer > hard_refusal,safe_completion
fr_train_003475,benign_sensitive,helpful_answer > hard_refusal,safe_completion
fr_train_003476,benign_sensitive,helpful_answer > hard_refusal,safe_completion
fr_train_003504,benign_sensitive,helpful_answer > hard_refusal,safe_completion
fr_train_003511,benign_sensitive,helpful_answer > hard_refusal,safe_completion
fr_train_003520,benign_sensitive,helpful_answer > hard_refusal,safe_completion
fr_train_003522,benign_sensitive,helpful_answer > hard_refusal,safe_completion
fr_train_003535,benign_sensitive,helpful_answer > hard_refusal,safe_completion
fr_train_003538,benign_sensitive,helpful_answer > hard_refusal,safe_completion
fr_train_003541,benign_sensitive,helpful_answer > hard_refusal,safe_completion
fr_train_003551,benign_sensitive,helpful_answer > hard_refusal,safe_completion
fr_train_003553,benign_sensitive,helpful_answer > hard_refusal,safe_completion
fr_train_003558,benign_sensitive,helpful_answer > hard_refusal,safe_completion
fr_train_003561,benign_sensitive,helpful_answer > hard_refusal,safe_completion
fr_train_003568,benign_sensitive,helpful_answer > hard_refusal,safe_completion
fr_train_003577,benign_sensitive,helpful_answer > hard_refusal,safe_completion
fr_train_003582,benign_sensitive,helpful_answer > hard_refusal,safe_completion
fr_train_003583,benign_sensitive,helpful_answer > hard_refusal,safe_completion
fr_train_003604,benign_sensitive,helpful_answer > hard_refusal,safe_completion
fr_train_003613,benign_sensitive,helpful_answer > hard_refusal,safe_completion
fr_train_003614,benign_sensitive,helpful_answer > hard_refusal,safe_completion
fr_train_003619,benign_sensitive,helpful_answer > hard_refusal,safe_completion
fr_train_003622,benign_sensitive,helpful_answer > hard_refusal,safe_completion
fr_train_003625,benign_sensitive,helpful_answer > hard_refusal,safe_completion
fr_train_003633,benign_sensitive,helpful_answer > hard_refusal,safe_completion
fr_train_003635,benign_sensitive,helpful_answer > hard_refusal,safe_completion
fr_train_003664,benign_sensitive,helpful_answer > hard_refusal,safe_completion
fr_train_003665,benign_sensitive,helpful_answer > hard_refusal,safe_completion
fr_train_003667,benign_sensitive,helpful_answer > hard_refusal,safe_completion
fr_train_003675,benign_sensitive,helpful_answer > hard_refusal,safe_completion
fr_train_003691,benign_sensitive,helpful_answer > hard_refusal,safe_completion
fr_train_003693,benign_sensitive,helpful_answer > hard_refusal,safe_completion
fr_train_003721,benign_sensitive,helpful_answer > hard_refusal,safe_completion
fr_train_003723,benign_sensitive,helpful_answer > hard_refusal,safe_completion
fr_train_003732,benign_sensitive,helpful_answer > hard_refusal,safe_completion
fr_train_003739,benign_sensitive,helpful_answer > hard_refusal,safe_completion
fr_train_003740,benign_sensitive,helpful_answer > hard_refusal,safe_completion
fr_train_003741,benign_sensitive,helpful_answer > hard_refusal,safe_completion
fr_train_003743,benign_sensitive,helpful_answer > hard_refusal,safe_completion
fr_train_003744,benign_sensitive,helpful_answer > hard_refusal,safe_completion
fr_train_003751,benign_sensitive,helpful_answer > hard_refusal,safe_completion
fr_train_003753,benign_sensitive,helpful_answer > hard_refusal,safe_completion
fr_train_003763,benign_sensitive,helpful_answer > hard_refusal,safe_completion
fr_train_003772,benign_sensitive,helpful_answer > hard_refusal,safe_completion
fr_train_003773,benign_sensitive,helpful_answer > hard_refusal,safe_completion
fr_train_003776,benign_sensitive,helpful_answer > hard_refusal,safe_completion
fr_train_003777,benign_sensitive,helpful_answer > hard_refusal,safe_completion
fr_train_003786,benign_sensitive,helpful_answer > hard_refusal,safe_completion
fr_train_003799,benign_sensitive,helpful_answer > hard_refusal,safe_completion
fr_train_003810,benign_sensitive,helpful_answer > hard_refusal,safe_completion
fr_train_003813,benign_sensitive,helpful_answer > hard_refusal,safe_completion
fr_train_003814,benign_sensitive,helpful_answer > hard_refusal,safe_completion
fr_train_003820,benign_sensitive,helpful_answer > hard_refusal,safe_completion
fr_train_003827,benign_sensitive,helpful_answer > hard_refusal,safe_completion
fr_train_003831,benign_sensitive,helpful_answer > hard_refusal,safe_completion
fr_train_003844,benign_sensitive,helpful_answer > hard_refusal,safe_completion
fr_train_003855,benign_sensitive,helpful_answer > hard_refusal,safe_completion
fr_train_003857,benign_sensitive,helpful_answer > hard_refusal,safe_completion
fr_train_003858,benign_sensitive,helpful_answer > hard_refusal,safe_completion
fr_train_003869,benign_sensitive,helpful_answer > hard_refusal,safe_completion
fr_train_003871,benign_sensitive,helpful_answer > hard_refusal,safe_completion
fr_train_003872,benign_sensitive,helpful_answer > hard_refusal,safe_completion
fr_train_003905,benign_sensitive,helpful_answer > hard_refusal,safe_completion
fr_train_003907,benign_sensitive,helpful_answer > hard_refusal,safe_completion
fr_train_003908,benign_sensitive,helpful_answer > hard_refusal,safe_completion
fr_train_003915,benign_sensitive,helpful_answer > hard_refusal,safe_completion
fr_train_003916,benign_sensitive,helpful_answer > hard_refusal,safe_completion
fr_train_003920,benign_sensitive,helpful_answer > hard_refusal,safe_completion
fr_train_003941,benign_sensitive,helpful_answer > hard_refusal,safe_completion
fr_train_003945,benign_sensitive,helpful_answer > hard_refusal,safe_completion
fr_train_003961,benign_sensitive,helpful_answer > hard_refusal,safe_completion
fr_train_003973,benign_sensitive,helpful_answer > hard_refusal,safe_completion
fr_train_003981,benign_sensitive,helpful_answer > hard_refusal,safe_completion
fr_train_003985,benign_sensitive,helpful_answer > hard_refusal,safe_completion
fr_train_004001,benign_sensitive,helpful_answer > hard_refusal,safe_completion
fr_train_004007,benign_sensitive,helpful_answer > hard_refusal,safe_completion
fr_train_004017,benign_sensitive,helpful_answer > hard_refusal,safe_completion
fr_train_004027,benign_sensitive,helpful_answer > hard_refusal,safe_completion
fr_train_004041,benign_sensitive,helpful_answer > hard_refusal,safe_completion
fr_train_004045,benign_sensitive,helpful_answer > hard_refusal,safe_completion
fr_train_004050,benign_sensitive,helpful_answer > hard_refusal,safe_completion
fr_train_004053,benign_sensitive,helpful_answer > hard_refusal,safe_completion
fr_train_004055,benign_sensitive,helpful_answer > hard_refusal,safe_completion
fr_train_004057,benign_sensitive,helpful_answer > hard_refusal,safe_completion
fr_train_004062,benign_sensitive,helpful_answer > hard_refusal,safe_completion
fr_train_004068,benign_sensitive,helpful_answer > hard_refusal,safe_completion
fr_train_004070,benign_sensitive,helpful_answer > hard_refusal,safe_completion
fr_train_004077,benign_sensitive,helpful_answer > hard_refusal,safe_completion
fr_train_004079,benign_sensitive,helpful_answer > hard_refusal,safe_completion
fr_train_004080,benign_sensitive,helpful_answer > hard_refusal,safe_completion
fr_train_004093,benign_sensitive,helpful_answer > hard_refusal,safe_completion
fr_train_004102,benign_sensitive,helpful_answer > hard_refusal,safe_completion
fr_train_004112,benign_sensitive,helpful_answer > hard_refusal,safe_completion
fr_train_004118,benign_sensitive,helpful_answer > hard_refusal,safe_completion
fr_train_004124,benign_sensitive,helpful_answer > hard_refusal,safe_completion
fr_train_004132,benign_sensitive,helpful_answer > hard_refusal,safe_completion
fr_train_004141,benign_sensitive,helpful_answer > hard_refusal,safe_completion
fr_train_004154,benign_sensitive,helpful_answer > hard_refusal,safe_completion
fr_train_004173,benign_sensitive,helpful_answer > hard_refusal,safe_completion
fr_train_004176,benign_sensitive,helpful_answer > hard_refusal,safe_completion
fr_train_004177,benign_sensitive,helpful_answer > hard_refusal,safe_completion
fr_train_004186,benign_sensitive,helpful_answer > hard_refusal,safe_completion
fr_train_004187,benign_sensitive,helpful_answer > hard_refusal,safe_completion
fr_train_004188,benign_sensitive,helpful_answer > hard_refusal,safe_completion
fr_train_004192,benign_sensitive,helpful_answer > hard_refusal,safe_completion
fr_train_004193,benign_sensitive,helpful_answer > hard_refusal,safe_completion
fr_train_004202,benign_sensitive,helpful_answer > hard_refusal,safe_completion
fr_train_004204,benign_sensitive,helpful_answer > hard_refusal,safe_completion
fr_train_004212,benign_sensitive,helpful_answer > hard_refusal,safe_completion
fr_train_004213,benign_sensitive,helpful_answer > hard_refusal,safe_completion
fr_train_004217,benign_sensitive,helpful_answer > hard_refusal,safe_completion
fr_train_004223,benign_sensitive,helpful_answer > hard_refusal,safe_completion
fr_train_004238,benign_sensitive,helpful_answer > hard_refusal,safe_completion
fr_train_004239,benign_sensitive,helpful_answer > hard_refusal,safe_completion
fr_train_004240,benign_sensitive,helpful_answer > hard_refusal,safe_completion
fr_train_004245,benign_sensitive,helpful_answer > hard_refusal,safe_completion
fr_train_004260,benign_sensitive,helpful_answer > hard_refusal,safe_completion
fr_train_004276,benign_sensitive,helpful_answer > hard_refusal,safe_completion
fr_train_004291,benign_sensitive,helpful_answer > hard_refusal,safe_completion
fr_train_004292,benign_sensitive,helpful_answer > hard_refusal,safe_completion
fr_train_004307,benign_sensitive,helpful_answer > hard_refusal,safe_completion
fr_train_004310,benign_sensitive,helpful_answer > hard_refusal,safe_completion
fr_train_004338,benign_sensitive,helpful_answer > hard_refusal,safe_completion
fr_train_004346,benign_sensitive,helpful_answer > hard_refusal,safe_completion
fr_train_004350,benign_sensitive,helpful_answer > hard_refusal,safe_completion
fr_train_004352,benign_sensitive,helpful_answer > hard_refusal,safe_completion
fr_train_004353,benign_sensitive,helpful_answer > hard_refusal,safe_completion
fr_train_004364,benign_sensitive,helpful_answer > hard_refusal,safe_completion
fr_train_004370,benign_sensitive,helpful_answer > hard_refusal,safe_completion
fr_train_004380,benign_sensitive,helpful_answer > hard_refusal,safe_completion
fr_train_004398,benign_sensitive,helpful_answer > hard_refusal,safe_completion
fr_train_004404,benign_sensitive,helpful_answer > hard_refusal,safe_completion
fr_train_004412,benign_sensitive,helpful_answer > hard_refusal,safe_completion
fr_train_004414,benign_sensitive,helpful_answer > hard_refusal,safe_completion
fr_train_004420,benign_sensitive,helpful_answer > hard_refusal,safe_completion
fr_train_004424,benign_sensitive,helpful_answer > hard_refusal,safe_completion
fr_train_004425,benign_sensitive,helpful_answer > hard_refusal,safe_completion
fr_train_004432,benign_sensitive,helpful_answer > hard_refusal,safe_completion
fr_train_004437,benign_sensitive,helpful_answer > hard_refusal,safe_completion
fr_train_004444,benign_sensitive,helpful_answer > hard_refusal,safe_completion
fr_train_004447,benign_sensitive,helpful_answer > hard_refusal,safe_completion
fr_train_004453,benign_sensitive,helpful_answer > hard_refusal,safe_completion
fr_train_004454,benign_sensitive,helpful_answer > hard_refusal,safe_completion
fr_train_004463,benign_sensitive,helpful_answer > hard_refusal,safe_completion
fr_train_004472,benign_sensitive,helpful_answer > hard_refusal,safe_completion
fr_train_004477,benign_sensitive,helpful_answer > hard_refusal,safe_completion
fr_train_004502,benign_sensitive,helpful_answer > hard_refusal,safe_completion
fr_train_004518,benign_sensitive,helpful_answer > hard_refusal,safe_completion
fr_train_004521,benign_sensitive,helpful_answer > hard_refusal,safe_completion
fr_train_004530,benign_sensitive,helpful_answer > hard_refusal,safe_completion
fr_train_004531,benign_sensitive,helpful_answer > hard_refusal,safe_completion
fr_train_004535,benign_sensitive,helpful_answer > hard_refusal,safe_completion
fr_train_004538,benign_sensitive,helpful_answer > hard_refusal,safe_completion
fr_train_004542,benign_sensitive,helpful_answer > hard_refusal,safe_completion
fr_train_004546,benign_sensitive,helpful_answer > hard_refusal,safe_completion
fr_train_004557,benign_sensitive,helpful_answer > hard_refusal,safe_completion
fr_train_004561,benign_sensitive,helpful_answer > hard_refusal,safe_completion
fr_train_004563,benign_sensitive,helpful_answer > hard_refusal,safe_completion
fr_train_004566,benign_sensitive,helpful_answer > hard_refusal,safe_completion
fr_train_004570,benign_sensitive,helpful_answer > hard_refusal,safe_completion
fr_train_004574,benign_sensitive,helpful_answer > hard_refusal,safe_completion
fr_train_004577,benign_sensitive,helpful_answer > hard_refusal,safe_completion
fr_train_004588,benign_sensitive,helpful_answer > hard_refusal,safe_completion
fr_train_004594,benign_sensitive,helpful_answer > hard_refusal,safe_completion
fr_train_004598,benign_sensitive,helpful_answer > hard_refusal,safe_completion
fr_train_004600,benign_sensitive,helpful_answer > hard_refusal,safe_completion
fr_train_004613,benign_sensitive,helpful_answer > hard_refusal,safe_completion
fr_train_004618,benign_sensitive,helpful_answer > hard_refusal,safe_completion
fr_train_004636,benign_sensitive,helpful_answer > hard_refusal,safe_completion
fr_train_004647,benign_sensitive,helpful_answer > hard_refusal,safe_completion
fr_train_004649,benign_sensitive,helpful_answer > hard_refusal,safe_completion
fr_train_004650,benign_sensitive,helpful_answer > hard_refusal,safe_completion
fr_train_004658,benign_sensitive,helpful_answer > hard_refusal,safe_completion
fr_train_004663,benign_sensitive,helpful_answer > hard_refusal,safe_completion
fr_train_004664,benign_sensitive,helpful_answer > hard_refusal,safe_completion
fr_train_004668,benign_sensitive,helpful_answer > hard_refusal,safe_completion
fr_train_004670,benign_sensitive,helpful_answer > hard_refusal,safe_completion
fr_train_004671,benign_sensitive,helpful_answer > hard_refusal,safe_completion
fr_train_004672,benign_sensitive,helpful_answer > hard_refusal,safe_completion
fr_train_004676,benign_sensitive,helpful_answer > hard_refusal,safe_completion
fr_train_004688,benign_sensitive,helpful_answer > hard_refusal,safe_completion
fr_train_004697,benign_sensitive,helpful_answer > hard_refusal,safe_completion
fr_train_004702,benign_sensitive,helpful_answer > hard_refusal,safe_completion
fr_train_004707,benign_sensitive,helpful_answer > hard_refusal,safe_completion
fr_train_004715,benign_sensitive,helpful_answer > hard_refusal,safe_completion
fr_train_004716,benign_sensitive,helpful_answer > hard_refusal,safe_completion
fr_train_004725,benign_sensitive,helpful_answer > hard_refusal,safe_completion
fr_train_004728,benign_sensitive,helpful_answer > hard_refusal,safe_completion
fr_train_004734,benign_sensitive,helpful_answer > hard_refusal,safe_completion
fr_train_004736,benign_sensitive,helpful_answer > hard_refusal,safe_completion
fr_train_004741,benign_sensitive,helpful_answer > hard_refusal,safe_completion
fr_train_004747,benign_sensitive,helpful_answer > hard_refusal,safe_completion
fr_train_004749,benign_sensitive,helpful_answer > hard_refusal,safe_completion
fr_train_004750,benign_sensitive,helpful_answer > hard_refusal,safe_completion
fr_train_004758,benign_sensitive,helpful_answer > hard_refusal,safe_completion
fr_train_004774,benign_sensitive,helpful_answer > hard_refusal,safe_completion
fr_train_004780,benign_sensitive,helpful_answer > hard_refusal,safe_completion
fr_train_004782,benign_sensitive,helpful_answer > hard_refusal,safe_completion
fr_train_004797,benign_sensitive,helpful_answer > hard_refusal,safe_completion
fr_train_004799,benign_sensitive,helpful_answer > hard_refusal,safe_completion
fr_train_004806,benign_sensitive,helpful_answer > hard_refusal,safe_completion
fr_train_004807,benign_sensitive,helpful_answer > hard_refusal,safe_completion
fr_train_004810,benign_sensitive,helpful_answer > hard_refusal,safe_completion
fr_train_004813,benign_sensitive,helpful_answer > hard_refusal,safe_completion
fr_train_004814,benign_sensitive,helpful_answer > hard_refusal,safe_completion
fr_train_004822,benign_sensitive,helpful_answer > hard_refusal,safe_completion
fr_train_004829,benign_sensitive,helpful_answer > hard_refusal,safe_completion
fr_train_004834,benign_sensitive,helpful_answer > hard_refusal,safe_completion
fr_train_004837,benign_sensitive,helpful_answer > hard_refusal,safe_completion
fr_train_004847,benign_sensitive,helpful_answer > hard_refusal,safe_completion
fr_train_004853,benign_sensitive,helpful_answer > hard_refusal,safe_completion
fr_train_004866,benign_sensitive,helpful_answer > hard_refusal,safe_completion
fr_train_004876,benign_sensitive,helpful_answer > hard_refusal,safe_completion
fr_train_004886,benign_sensitive,helpful_answer > hard_refusal,safe_completion
fr_train_004890,benign_sensitive,helpful_answer > hard_refusal,safe_completion
fr_train_004896,benign_sensitive,helpful_answer > hard_refusal,safe_completion
fr_train_004901,benign_sensitive,helpful_answer > hard_refusal,safe_completion
fr_train_004902,benign_sensitive,helpful_answer > hard_refusal,safe_completion
fr_train_004903,benign_sensitive,helpful_answer > hard_refusal,safe_completion
fr_train_004914,benign_sensitive,helpful_answer > hard_refusal,safe_completion
fr_train_004917,benign_sensitive,helpful_answer > hard_refusal,safe_completion
fr_train_004923,benign_sensitive,helpful_answer > hard_refusal,safe_completion
fr_train_004924,benign_sensitive,helpful_answer > hard_refusal,safe_completion
fr_train_004927,benign_sensitive,helpful_answer > hard_refusal,safe_completion
fr_train_004934,benign_sensitive,helpful_answer > hard_refusal,safe_completion
fr_train_004938,benign_sensitive,helpful_answer > hard_refusal,safe_completion
fr_train_004939,benign_sensitive,helpful_answer > hard_refusal,safe_completion
fr_train_004948,benign_sensitive,helpful_answer > hard_refusal,safe_completion
fr_train_004950,benign_sensitive,helpful_answer > hard_refusal,safe_completion
fr_train_004959,benign_sensitive,helpful_answer > hard_refusal,safe_completion
fr_train_004963,benign_sensitive,helpful_answer > hard_refusal,safe_completion
fr_train_004966,benign_sensitive,helpful_answer > hard_refusal,safe_completion
fr_train_004971,benign_sensitive,helpful_answer > hard_refusal,safe_completion
fr_train_004973,benign_sensitive,helpful_answer > hard_refusal,safe_completion
fr_train_004979,benign_sensitive,helpful_answer > hard_refusal,safe_completion
fr_train_004984,benign_sensitive,helpful_answer > hard_refusal,safe_completion
fr_train_004988,benign_sensitive,helpful_answer > hard_refusal,safe_completion
fr_train_004990,benign_sensitive,helpful_answer > hard_refusal,safe_completion
fr_train_004994,benign_sensitive,helpful_answer > hard_refusal,safe_completion
fr_train_004998,benign_sensitive,helpful_answer > hard_refusal,safe_completion
fr_train_005005,benign_sensitive,helpful_answer > hard_refusal,safe_completion
fr_train_005007,benign_sensitive,helpful_answer > hard_refusal,safe_completion
fr_train_005008,benign_sensitive,helpful_answer > hard_refusal,safe_completion
fr_train_005020,benign_sensitive,helpful_answer > hard_refusal,safe_completion
fr_train_005021,benign_sensitive,helpful_answer > hard_refusal,safe_completion
fr_train_005026,benign_sensitive,helpful_answer > hard_refusal,safe_completion
fr_train_005038,benign_sensitive,helpful_answer > hard_refusal,safe_completion
fr_train_005040,benign_sensitive,helpful_answer > hard_refusal,safe_completion
fr_train_005047,benign_sensitive,helpful_answer > hard_refusal,safe_completion
fr_train_005049,benign_sensitive,helpful_answer > hard_refusal,safe_completion
fr_train_005059,benign_sensitive,helpful_answer > hard_refusal,safe_completion
fr_train_005068,benign_sensitive,helpful_answer > hard_refusal,safe_completion
fr_train_005076,benign_sensitive,helpful_answer > hard_refusal,safe_completion
fr_train_005078,benign_sensitive,helpful_answer > hard_refusal,safe_completion
fr_train_005079,benign_sensitive,helpful_answer > hard_refusal,safe_completion
fr_train_005087,benign_sensitive,helpful_answer > hard_refusal,safe_completion
fr_train_005098,benign_sensitive,helpful_answer > hard_refusal,safe_completion
fr_train_005100,benign_sensitive,helpful_answer > hard_refusal,safe_completion
fr_train_005101,benign_sensitive,helpful_answer > hard_refusal,safe_completion
fr_train_005102,benign_sensitive,helpful_answer > hard_refusal,safe_completion
fr_train_005106,benign_sensitive,helpful_answer > hard_refusal,safe_completion
fr_train_005107,benign_sensitive,helpful_answer > hard_refusal,safe_completion
fr_train_005127,benign_sensitive,helpful_answer > hard_refusal,safe_completion
fr_train_005129,benign_sensitive,helpful_answer > hard_refusal,safe_completion
fr_train_005137,benign_sensitive,helpful_answer > hard_refusal,safe_completion
fr_train_005138,benign_sensitive,helpful_answer > hard_refusal,safe_completion
fr_train_005144,benign_sensitive,helpful_answer > hard_refusal,safe_completion
fr_train_005147,benign_sensitive,helpful_answer > hard_refusal,safe_completion
fr_train_005151,benign_sensitive,helpful_answer > hard_refusal,safe_completion
fr_train_005154,benign_sensitive,helpful_answer > hard_refusal,safe_completion
fr_train_005157,benign_sensitive,helpful_answer > hard_refusal,safe_completion
fr_train_005163,benign_sensitive,helpful_answer > hard_refusal,safe_completion
fr_train_005164,benign_sensitive,helpful_answer > hard_refusal,safe_completion
fr_train_005170,benign_sensitive,helpful_answer > hard_refusal,safe_completion
fr_train_005173,benign_sensitive,helpful_answer > hard_refusal,safe_completion
fr_train_005175,benign_sensitive,helpful_answer > hard_refusal,safe_completion
fr_train_005177,benign_sensitive,helpful_answer > hard_refusal,safe_completion
fr_train_005185,benign_sensitive,helpful_answer > hard_refusal,safe_completion
fr_train_005188,benign_sensitive,helpful_answer > hard_refusal,safe_completion
fr_train_005194,benign_sensitive,helpful_answer > hard_refusal,safe_completion
fr_train_005201,benign_sensitive,helpful_answer > hard_refusal,safe_completion
fr_train_005217,benign_sensitive,helpful_answer > hard_refusal,safe_completion
fr_train_005220,benign_sensitive,helpful_answer > hard_refusal,safe_completion
fr_train_005221,benign_sensitive,helpful_answer > hard_refusal,safe_completion
fr_train_005231,benign_sensitive,helpful_answer > hard_refusal,safe_completion
fr_train_005233,benign_sensitive,helpful_answer > hard_refusal,safe_completion
fr_train_005234,benign_sensitive,helpful_answer > hard_refusal,safe_completion
fr_train_005235,benign_sensitive,helpful_answer > hard_refusal,safe_completion
fr_train_005238,benign_sensitive,helpful_answer > hard_refusal,safe_completion
fr_train_005253,benign_sensitive,helpful_answer > hard_refusal,safe_completion
fr_train_005254,benign_sensitive,helpful_answer > hard_refusal,safe_completion
fr_train_005256,benign_sensitive,helpful_answer > hard_refusal,safe_completion
fr_train_005260,benign_sensitive,helpful_answer > hard_refusal,safe_completion
fr_train_005263,benign_sensitive,helpful_answer > hard_refusal,safe_completion
fr_train_005264,benign_sensitive,helpful_answer > hard_refusal,safe_completion
fr_train_005270,benign_sensitive,helpful_answer > hard_refusal,safe_completion
fr_train_005275,benign_sensitive,helpful_answer > hard_refusal,safe_completion
fr_train_005297,benign_sensitive,helpful_answer > hard_refusal,safe_completion
fr_train_005298,benign_sensitive,helpful_answer > hard_refusal,safe_completion
fr_train_005301,benign_sensitive,helpful_answer > hard_refusal,safe_completion
fr_train_005310,benign_sensitive,helpful_answer > hard_refusal,safe_completion
fr_train_005315,benign_sensitive,helpful_answer > hard_refusal,safe_completion
fr_train_005318,benign_sensitive,helpful_answer > hard_refusal,safe_completion
fr_train_005321,benign_sensitive,helpful_answer > hard_refusal,safe_completion
fr_train_005327,benign_sensitive,helpful_answer > hard_refusal,safe_completion
fr_train_005330,benign_sensitive,helpful_answer > hard_refusal,safe_completion
fr_train_005333,benign_sensitive,helpful_answer > hard_refusal,safe_completion
fr_train_005335,benign_sensitive,helpful_answer > hard_refusal,safe_completion
fr_train_005344,benign_sensitive,helpful_answer > hard_refusal,safe_completion
fr_train_005359,benign_sensitive,helpful_answer > hard_refusal,safe_completion
fr_train_005363,benign_sensitive,helpful_answer > hard_refusal,safe_completion
fr_train_005366,benign_sensitive,helpful_answer > hard_refusal,safe_completion
fr_train_005374,benign_sensitive,helpful_answer > hard_refusal,safe_completion
fr_train_005375,benign_sensitive,helpful_answer > hard_refusal,safe_completion
fr_train_005376,benign_sensitive,helpful_answer > hard_refusal,safe_completion
fr_train_005377,benign_sensitive,helpful_answer > hard_refusal,safe_completion
fr_train_005379,benign_sensitive,helpful_answer > hard_refusal,safe_completion
fr_train_005382,benign_sensitive,helpful_answer > hard_refusal,safe_completion
fr_train_005389,benign_sensitive,helpful_answer > hard_refusal,safe_completion
fr_train_005407,benign_sensitive,helpful_answer > hard_refusal,safe_completion
fr_train_005416,benign_sensitive,helpful_answer > hard_refusal,safe_completion
fr_train_005421,benign_sensitive,helpful_answer > hard_refusal,safe_completion
fr_train_005428,benign_sensitive,helpful_answer > hard_refusal,safe_completion
fr_train_005430,benign_sensitive,helpful_answer > hard_refusal,safe_completion
fr_train_005433,benign_sensitive,helpful_answer > hard_refusal,safe_completion
fr_train_005436,benign_sensitive,helpful_answer > hard_refusal,safe_completion
fr_train_005438,benign_sensitive,helpful_answer > hard_refusal,safe_completion
fr_train_005447,benign_sensitive,helpful_answer > hard_refusal,safe_completion
fr_train_005449,benign_sensitive,helpful_answer > hard_refusal,safe_completion
fr_train_005454,benign_sensitive,helpful_answer > hard_refusal,safe_completion
fr_train_005455,benign_sensitive,helpful_answer > hard_refusal,safe_completion
fr_train_005476,benign_sensitive,helpful_answer > hard_refusal,safe_completion
fr_train_005479,benign_sensitive,helpful_answer > hard_refusal,safe_completion
fr_train_005481,benign_sensitive,helpful_answer > hard_refusal,safe_completion
fr_train_005482,benign_sensitive,helpful_answer > hard_refusal,safe_completion
fr_train_005488,benign_sensitive,helpful_answer > hard_refusal,safe_completion
fr_train_005489,benign_sensitive,helpful_answer > hard_refusal,safe_completion
fr_train_005491,benign_sensitive,helpful_answer > hard_refusal,safe_completion
fr_train_005494,benign_sensitive,helpful_answer > hard_refusal,safe_completion
fr_train_005497,benign_sensitive,helpful_answer > hard_refusal,safe_completion
fr_train_005506,benign_sensitive,helpful_answer > hard_refusal,safe_completion
fr_train_005517,benign_sensitive,helpful_answer > hard_refusal,safe_completion
fr_train_005522,benign_sensitive,helpful_answer > hard_refusal,safe_completion
fr_train_005523,benign_sensitive,helpful_answer > hard_refusal,safe_completion
fr_train_005524,benign_sensitive,helpful_answer > hard_refusal,safe_completion
fr_train_005530,benign_sensitive,helpful_answer > hard_refusal,safe_completion
fr_train_005533,benign_sensitive,helpful_answer > hard_refusal,safe_completion
fr_train_005537,benign_sensitive,helpful_answer > hard_refusal,safe_completion
fr_train_005543,benign_sensitive,helpful_answer > hard_refusal,safe_completion
fr_train_005547,benign_sensitive,helpful_answer > hard_refusal,safe_completion
fr_train_005550,benign_sensitive,helpful_answer > hard_refusal,safe_completion
fr_train_005551,benign_sensitive,helpful_answer > hard_refusal,safe_completion
fr_train_005554,benign_sensitive,helpful_answer > hard_refusal,safe_completion
fr_train_005560,benign_sensitive,helpful_answer > hard_refusal,safe_completion
fr_train_005561,benign_sensitive,helpful_answer > hard_refusal,safe_completion
fr_train_005562,benign_sensitive,helpful_answer > hard_refusal,safe_completion
fr_train_005564,benign_sensitive,helpful_answer > hard_refusal,safe_completion
fr_train_005565,benign_sensitive,helpful_answer > hard_refusal,safe_completion
fr_train_005568,benign_sensitive,helpful_answer > hard_refusal,safe_completion
fr_train_005570,benign_sensitive,helpful_answer > hard_refusal,safe_completion
fr_train_005572,benign_sensitive,helpful_answer > hard_refusal,safe_completion
fr_train_005575,benign_sensitive,helpful_answer > hard_refusal,safe_completion
fr_train_005580,benign_sensitive,helpful_answer > hard_refusal,safe_completion
fr_train_005587,benign_sensitive,helpful_answer > hard_refusal,safe_completion
fr_train_005591,benign_sensitive,helpful_answer > hard_refusal,safe_completion
fr_train_005602,benign_sensitive,helpful_answer > hard_refusal,safe_completion
fr_train_005603,benign_sensitive,helpful_answer > hard_refusal,safe_completion
fr_train_005608,benign_sensitive,helpful_answer > hard_refusal,safe_completion
fr_train_005616,benign_sensitive,helpful_answer > hard_refusal,safe_completion
fr_train_005619,benign_sensitive,helpful_answer > hard_refusal,safe_completion
fr_train_005621,benign_sensitive,helpful_answer > hard_refusal,safe_completion
fr_train_005622,benign_sensitive,helpful_answer > hard_refusal,safe_completion
fr_train_005630,benign_sensitive,helpful_answer > hard_refusal,safe_completion
fr_train_005635,benign_sensitive,helpful_answer > hard_refusal,safe_completion
fr_train_005646,benign_sensitive,helpful_answer > hard_refusal,safe_completion
fr_train_005661,benign_sensitive,helpful_answer > hard_refusal,safe_completion
fr_train_005670,benign_sensitive,helpful_answer > hard_refusal,safe_completion
fr_train_005679,benign_sensitive,helpful_answer > hard_refusal,safe_completion
fr_train_005682,benign_sensitive,helpful_answer > hard_refusal,safe_completion
fr_train_005688,benign_sensitive,helpful_answer > hard_refusal,safe_completion
fr_train_005702,benign_sensitive,helpful_answer > hard_refusal,safe_completion
fr_train_005748,benign_sensitive,helpful_answer > hard_refusal,safe_completion
fr_train_005752,benign_sensitive,helpful_answer > hard_refusal,safe_completion
fr_train_005769,benign_sensitive,helpful_answer > hard_refusal,safe_completion
fr_train_005770,benign_sensitive,helpful_answer > hard_refusal,safe_completion
fr_train_005776,benign_sensitive,helpful_answer > hard_refusal,safe_completion
fr_train_005789,benign_sensitive,helpful_answer > hard_refusal,safe_completion
fr_train_005795,benign_sensitive,helpful_answer > hard_refusal,safe_completion
fr_train_005797,benign_sensitive,helpful_answer > hard_refusal,safe_completion
fr_train_005801,benign_sensitive,helpful_answer > hard_refusal,safe_completion
fr_train_005807,benign_sensitive,helpful_answer > hard_refusal,safe_completion
fr_train_005817,benign_sensitive,helpful_answer > hard_refusal,safe_completion
fr_train_005826,benign_sensitive,helpful_answer > hard_refusal,safe_completion
fr_train_005856,benign_sensitive,helpful_answer > hard_refusal,safe_completion
fr_train_005871,benign_sensitive,helpful_answer > hard_refusal,safe_completion
fr_train_005872,benign_sensitive,helpful_answer > hard_refusal,safe_completion
fr_train_005900,benign_sensitive,helpful_answer > hard_refusal,safe_completion
fr_train_005901,benign_sensitive,helpful_answer > hard_refusal,safe_completion
fr_train_005924,benign_sensitive,helpful_answer > hard_refusal,safe_completion
fr_train_005926,benign_sensitive,helpful_answer > hard_refusal,safe_completion
fr_train_005934,benign_sensitive,helpful_answer > hard_refusal,safe_completion
fr_train_005946,benign_sensitive,helpful_answer > hard_refusal,safe_completion
fr_train_005947,benign_sensitive,helpful_answer > hard_refusal,safe_completion
fr_train_005955,benign_sensitive,helpful_answer > hard_refusal,safe_completion
fr_train_005960,benign_sensitive,helpful_answer > hard_refusal,safe_completion
fr_train_005963,benign_sensitive,helpful_answer > hard_refusal,safe_completion
fr_train_005974,benign_sensitive,helpful_answer > hard_refusal,safe_completion
fr_train_005983,benign_sensitive,helpful_answer > hard_refusal,safe_completion
fr_train_006005,benign_sensitive,helpful_answer > hard_refusal,safe_completion
fr_train_006010,benign_sensitive,helpful_answer > hard_refusal,safe_completion
fr_train_006013,benign_sensitive,helpful_answer > hard_refusal,safe_completion
fr_train_006016,benign_sensitive,helpful_answer > hard_refusal,safe_completion
fr_train_006022,benign_sensitive,helpful_answer > hard_refusal,safe_completion
fr_train_006024,benign_sensitive,helpful_answer > hard_refusal,safe_completion
fr_train_006025,benign_sensitive,helpful_answer > hard_refusal,safe_completion
fr_train_006030,benign_sensitive,helpful_answer > hard_refusal,safe_completion
fr_train_006056,benign_sensitive,helpful_answer > hard_refusal,safe_completion
fr_train_006066,benign_sensitive,helpful_answer > hard_refusal,safe_completion
fr_train_006084,benign_sensitive,helpful_answer > hard_refusal,safe_completion
fr_train_006086,benign_sensitive,helpful_answer > hard_refusal,safe_completion
fr_train_006090,benign_sensitive,helpful_answer > hard_refusal,safe_completion
fr_train_006105,benign_sensitive,helpful_answer > hard_refusal,safe_completion
fr_train_006110,benign_sensitive,helpful_answer > hard_refusal,safe_completion
fr_train_006122,benign_sensitive,helpful_answer > hard_refusal,safe_completion
fr_train_006126,benign_sensitive,helpful_answer > hard_refusal,safe_completion
fr_train_006132,benign_sensitive,helpful_answer > hard_refusal,safe_completion
fr_train_006144,benign_sensitive,helpful_answer > hard_refusal,safe_completion
fr_train_006145,benign_sensitive,helpful_answer > hard_refusal,safe_completion
fr_train_006155,benign_sensitive,helpful_answer > hard_refusal,safe_completion
fr_train_006165,benign_sensitive,helpful_answer > hard_refusal,safe_completion
fr_train_006169,benign_sensitive,helpful_answer > hard_refusal,safe_completion
fr_train_006171,benign_sensitive,helpful_answer > hard_refusal,safe_completion
fr_train_006182,benign_sensitive,helpful_answer > hard_refusal,safe_completion
fr_train_006186,benign_sensitive,helpful_answer > hard_refusal,safe_completion
fr_train_006192,benign_sensitive,helpful_answer > hard_refusal,safe_completion
fr_train_006199,benign_sensitive,helpful_answer > hard_refusal,safe_completion
fr_train_006204,benign_sensitive,helpful_answer > hard_refusal,safe_completion
fr_train_006214,benign_sensitive,helpful_answer > hard_refusal,safe_completion
fr_train_006218,benign_sensitive,helpful_answer > hard_refusal,safe_completion
fr_train_006220,benign_sensitive,helpful_answer > hard_refusal,safe_completion
fr_train_006232,benign_sensitive,helpful_answer > hard_refusal,safe_completion
fr_train_006238,benign_sensitive,helpful_answer > hard_refusal,safe_completion
fr_train_006244,benign_sensitive,helpful_answer > hard_refusal,safe_completion
fr_train_006253,benign_sensitive,helpful_answer > hard_refusal,safe_completion
fr_train_006259,benign_sensitive,helpful_answer > hard_refusal,safe_completion
fr_train_006262,benign_sensitive,helpful_answer > hard_refusal,safe_completion
fr_train_006266,benign_sensitive,helpful_answer > hard_refusal,safe_completion
fr_train_006267,benign_sensitive,helpful_answer > hard_refusal,safe_completion
fr_train_006271,benign_sensitive,helpful_answer > hard_refusal,safe_completion
fr_train_006273,benign_sensitive,helpful_answer > hard_refusal,safe_completion
fr_train_006274,benign_sensitive,helpful_answer > hard_refusal,safe_completion
fr_train_006288,benign_sensitive,helpful_answer > hard_refusal,safe_completion
fr_train_006296,benign_sensitive,helpful_answer > hard_refusal,safe_completion
fr_train_006298,benign_sensitive,helpful_answer > hard_refusal,safe_completion
fr_train_006322,benign_sensitive,helpful_answer > hard_refusal,safe_completion
fr_train_006324,benign_sensitive,helpful_answer > hard_refusal,safe_completion
fr_train_006334,benign_sensitive,helpful_answer > hard_refusal,safe_completion
fr_train_006339,benign_sensitive,helpful_answer > hard_refusal,safe_completion
fr_train_006340,benign_sensitive,helpful_answer > hard_refusal,safe_completion
fr_train_006349,benign_sensitive,helpful_answer > hard_refusal,safe_completion
fr_train_006357,benign_sensitive,helpful_answer > hard_refusal,safe_completion
fr_train_006364,benign_sensitive,helpful_answer > hard_refusal,safe_completion
fr_train_006366,benign_sensitive,helpful_answer > hard_refusal,safe_completion
fr_train_006374,benign_sensitive,helpful_answer > hard_refusal,safe_completion
fr_train_006379,benign_sensitive,helpful_answer > hard_refusal,safe_completion
fr_train_006384,benign_sensitive,helpful_answer > hard_refusal,safe_completion
fr_train_006396,benign_sensitive,helpful_answer > hard_refusal,safe_completion
fr_train_006401,benign_sensitive,helpful_answer > hard_refusal,safe_completion
fr_train_006409,benign_sensitive,helpful_answer > hard_refusal,safe_completion
fr_train_006415,benign_sensitive,helpful_answer > hard_refusal,safe_completion
fr_train_006420,benign_sensitive,helpful_answer > hard_refusal,safe_completion
fr_train_006424,benign_sensitive,helpful_answer > hard_refusal,safe_completion
fr_train_006426,benign_sensitive,helpful_answer > hard_refusal,safe_completion
fr_train_006434,benign_sensitive,helpful_answer > hard_refusal,safe_completion
fr_train_006435,benign_sensitive,helpful_answer > hard_refusal,safe_completion
fr_train_006457,benign_sensitive,helpful_answer > hard_refusal,safe_completion
fr_train_006459,benign_sensitive,helpful_answer > hard_refusal,safe_completion
fr_train_006471,benign_sensitive,helpful_answer > hard_refusal,safe_completion
fr_train_006503,benign_sensitive,helpful_answer > hard_refusal,safe_completion
fr_train_006549,benign_sensitive,helpful_answer > hard_refusal,safe_completion
fr_train_006559,benign_sensitive,helpful_answer > hard_refusal,safe_completion
fr_train_006561,benign_sensitive,helpful_answer > hard_refusal,safe_completion
fr_train_006600,benign_sensitive,helpful_answer > hard_refusal,safe_completion
fr_train_006602,benign_sensitive,helpful_answer > hard_refusal,safe_completion
fr_train_006610,benign_sensitive,helpful_answer > hard_refusal,safe_completion
fr_train_006613,benign_sensitive,helpful_answer > hard_refusal,safe_completion
fr_train_006620,benign_sensitive,helpful_answer > hard_refusal,safe_completion
fr_train_006625,benign_sensitive,helpful_answer > hard_refusal,safe_completion
fr_train_006626,benign_sensitive,helpful_answer > hard_refusal,safe_completion
fr_train_006639,benign_sensitive,helpful_answer > hard_refusal,safe_completion
fr_train_006654,benign_sensitive,helpful_answer > hard_refusal,safe_completion
fr_train_006668,benign_sensitive,helpful_answer > hard_refusal,safe_completion
fr_train_006675,benign_sensitive,helpful_answer > hard_refusal,safe_completion
fr_train_006683,benign_sensitive,helpful_answer > hard_refusal,safe_completion
fr_train_006686,benign_sensitive,helpful_answer > hard_refusal,safe_completion
fr_train_006695,benign_sensitive,helpful_answer > hard_refusal,safe_completion
fr_train_006701,benign_sensitive,helpful_answer > hard_refusal,safe_completion
fr_train_006714,benign_sensitive,helpful_answer > hard_refusal,safe_completion
fr_train_006719,benign_sensitive,helpful_answer > hard_refusal,safe_completion
fr_train_006720,benign_sensitive,helpful_answer > hard_refusal,safe_completion
fr_train_006722,benign_sensitive,helpful_answer > hard_refusal,safe_completion
fr_train_006724,benign_sensitive,helpful_answer > hard_refusal,safe_completion
fr_train_006733,benign_sensitive,helpful_answer > hard_refusal,safe_completion
fr_train_006742,benign_sensitive,helpful_answer > hard_refusal,safe_completion
fr_train_006754,benign_sensitive,helpful_answer > hard_refusal,safe_completion
fr_train_006755,benign_sensitive,helpful_answer > hard_refusal,safe_completion
fr_train_006757,benign_sensitive,helpful_answer > hard_refusal,safe_completion
fr_train_006763,benign_sensitive,helpful_answer > hard_refusal,safe_completion
fr_train_006778,benign_sensitive,helpful_answer > hard_refusal,safe_completion
fr_train_006780,benign_sensitive,helpful_answer > hard_refusal,safe_completion
fr_train_006802,benign_sensitive,helpful_answer > hard_refusal,safe_completion
fr_train_006805,benign_sensitive,helpful_answer > hard_refusal,safe_completion
fr_train_006806,benign_sensitive,helpful_answer > hard_refusal,safe_completion
fr_train_006828,benign_sensitive,helpful_answer > hard_refusal,safe_completion
fr_train_006829,benign_sensitive,helpful_answer > hard_refusal,safe_completion
fr_train_006832,benign_sensitive,helpful_answer > hard_refusal,safe_completion
fr_train_006852,benign_sensitive,helpful_answer > hard_refusal,safe_completion
fr_train_006862,benign_sensitive,helpful_answer > hard_refusal,safe_completion
fr_train_006877,benign_sensitive,helpful_answer > hard_refusal,safe_completion
fr_train_006884,benign_sensitive,helpful_answer > hard_refusal,safe_completion
fr_train_006885,benign_sensitive,helpful_answer > hard_refusal,safe_completion
fr_train_006890,benign_sensitive,helpful_answer > hard_refusal,safe_completion
fr_train_006893,benign_sensitive,helpful_answer > hard_refusal,safe_completion
fr_train_006894,benign_sensitive,helpful_answer > hard_refusal,safe_completion
fr_train_006903,benign_sensitive,helpful_answer > hard_refusal,safe_completion
fr_train_006909,benign_sensitive,helpful_answer > hard_refusal,safe_completion
fr_train_006913,benign_sensitive,helpful_answer > hard_refusal,safe_completion
fr_train_006916,benign_sensitive,helpful_answer > hard_refusal,safe_completion
fr_train_006942,benign_sensitive,helpful_answer > hard_refusal,safe_completion
fr_train_006957,benign_sensitive,helpful_answer > hard_refusal,safe_completion
fr_train_006961,benign_sensitive,helpful_answer > hard_refusal,safe_completion
fr_train_006970,benign_sensitive,helpful_answer > hard_refusal,safe_completion
fr_train_006971,benign_sensitive,helpful_answer > hard_refusal,safe_completion
fr_train_006979,benign_sensitive,helpful_answer > hard_refusal,safe_completion
fr_train_006999,benign_sensitive,helpful_answer > hard_refusal,safe_completion
fr_train_007005,benign_sensitive,helpful_answer > hard_refusal,safe_completion
fr_train_007010,benign_sensitive,helpful_answer > hard_refusal,safe_completion
fr_train_007019,benign_sensitive,helpful_answer > hard_refusal,safe_completion
fr_train_007025,benign_sensitive,helpful_answer > hard_refusal,safe_completion
fr_train_007029,benign_sensitive,helpful_answer > hard_refusal,safe_completion
fr_train_007051,benign_sensitive,helpful_answer > hard_refusal,safe_completion
fr_train_007064,benign_sensitive,helpful_answer > hard_refusal,safe_completion
fr_train_007066,benign_sensitive,helpful_answer > hard_refusal,safe_completion
fr_train_007073,benign_sensitive,helpful_answer > hard_refusal,safe_completion
fr_train_007075,benign_sensitive,helpful_answer > hard_refusal,safe_completion
fr_train_007076,benign_sensitive,helpful_answer > hard_refusal,safe_completion
fr_train_007093,benign_sensitive,helpful_answer > hard_refusal,safe_completion
fr_train_007110,benign_sensitive,helpful_answer > hard_refusal,safe_completion
fr_train_007112,benign_sensitive,helpful_answer > hard_refusal,safe_completion
fr_train_007132,benign_sensitive,helpful_answer > hard_refusal,safe_completion
fr_train_007133,benign_sensitive,helpful_answer > hard_refusal,safe_completion
fr_train_007139,benign_sensitive,helpful_answer > hard_refusal,safe_completion
fr_train_007140,benign_sensitive,helpful_answer > hard_refusal,safe_completion
fr_train_007144,benign_sensitive,helpful_answer > hard_refusal,safe_completion
fr_train_007147,benign_sensitive,helpful_answer > hard_refusal,safe_completion
fr_train_007153,benign_sensitive,helpful_answer > hard_refusal,safe_completion
fr_train_007163,benign_sensitive,helpful_answer > hard_refusal,safe_completion
fr_train_007171,benign_sensitive,helpful_answer > hard_refusal,safe_completion
fr_train_007181,benign_sensitive,helpful_answer > hard_refusal,safe_completion
fr_train_007187,benign_sensitive,helpful_answer > hard_refusal,safe_completion
fr_train_007195,benign_sensitive,helpful_answer > hard_refusal,safe_completion
fr_train_007204,benign_sensitive,helpful_answer > hard_refusal,safe_completion
fr_train_007212,benign_sensitive,helpful_answer > hard_refusal,safe_completion
fr_train_007240,benign_sensitive,helpful_answer > hard_refusal,safe_completion
fr_train_007243,benign_sensitive,helpful_answer > hard_refusal,safe_completion
fr_train_007249,benign_sensitive,helpful_answer > hard_refusal,safe_completion
fr_train_007251,benign_sensitive,helpful_answer > hard_refusal,safe_completion
fr_train_007258,benign_sensitive,helpful_answer > hard_refusal,safe_completion
fr_train_007259,benign_sensitive,helpful_answer > hard_refusal,safe_completion
fr_train_007260,benign_sensitive,helpful_answer > hard_refusal,safe_completion
fr_train_007261,benign_sensitive,helpful_answer > hard_refusal,safe_completion
fr_train_007265,benign_sensitive,helpful_answer > hard_refusal,safe_completion
fr_train_007267,benign_sensitive,helpful_answer > hard_refusal,safe_completion
fr_train_007273,benign_sensitive,helpful_answer > hard_refusal,safe_completion
fr_train_007277,benign_sensitive,helpful_answer > hard_refusal,safe_completion
fr_train_007284,benign_sensitive,helpful_answer > hard_refusal,safe_completion
fr_train_007288,benign_sensitive,helpful_answer > hard_refusal,safe_completion
fr_train_007292,benign_sensitive,helpful_answer > hard_refusal,safe_completion
fr_train_007307,benign_sensitive,helpful_answer > hard_refusal,safe_completion
fr_train_007310,benign_sensitive,helpful_answer > hard_refusal,safe_completion
fr_train_007327,benign_sensitive,helpful_answer > hard_refusal,safe_completion
fr_train_007339,benign_sensitive,helpful_answer > hard_refusal,safe_completion
fr_train_007340,benign_sensitive,helpful_answer > hard_refusal,safe_completion
fr_train_007341,benign_sensitive,helpful_answer > hard_refusal,safe_completion
fr_train_007352,benign_sensitive,helpful_answer > hard_refusal,safe_completion
fr_train_007370,benign_sensitive,helpful_answer > hard_refusal,safe_completion
fr_train_007372,benign_sensitive,helpful_answer > hard_refusal,safe_completion
fr_train_007376,benign_sensitive,helpful_answer > hard_refusal,safe_completion
fr_train_007383,benign_sensitive,helpful_answer > hard_refusal,safe_completion
fr_train_007387,benign_sensitive,helpful_answer > hard_refusal,safe_completion
fr_train_007393,benign_sensitive,helpful_answer > hard_refusal,safe_completion
fr_train_007398,benign_sensitive,helpful_answer > hard_refusal,safe_completion
fr_train_007402,benign_sensitive,helpful_answer > hard_refusal,safe_completion
fr_train_007403,benign_sensitive,helpful_answer > hard_refusal,safe_completion
fr_train_007418,benign_sensitive,helpful_answer > hard_refusal,safe_completion
fr_train_007431,benign_sensitive,helpful_answer > hard_refusal,safe_completion
fr_train_007432,benign_sensitive,helpful_answer > hard_refusal,safe_completion
fr_train_007446,benign_sensitive,helpful_answer > hard_refusal,safe_completion
fr_train_007453,benign_sensitive,helpful_answer > hard_refusal,safe_completion
fr_train_007460,benign_sensitive,helpful_answer > hard_refusal,safe_completion
fr_train_007463,benign_sensitive,helpful_answer > hard_refusal,safe_completion
fr_train_007476,benign_sensitive,helpful_answer > hard_refusal,safe_completion
fr_train_007480,benign_sensitive,helpful_answer > hard_refusal,safe_completion
fr_train_007485,benign_sensitive,helpful_answer > hard_refusal,safe_completion
fr_train_007486,benign_sensitive,helpful_answer > hard_refusal,safe_completion
fr_train_007487,benign_sensitive,helpful_answer > hard_refusal,safe_completion
fr_train_007490,benign_sensitive,helpful_answer > hard_refusal,safe_completion
fr_train_007493,benign_sensitive,helpful_answer > hard_refusal,safe_completion
fr_train_007498,benign_sensitive,helpful_answer > hard_refusal,safe_completion
fr_train_007509,benign_sensitive,helpful_answer > hard_refusal,safe_completion
fr_train_007512,benign_sensitive,helpful_answer > hard_refusal,safe_completion
fr_train_007513,benign_sensitive,helpful_answer > hard_refusal,safe_completion
fr_train_007521,benign_sensitive,helpful_answer > hard_refusal,safe_completion
fr_train_007522,benign_sensitive,helpful_answer > hard_refusal,safe_completion
fr_train_007526,benign_sensitive,helpful_answer > hard_refusal,safe_completion
fr_train_007535,benign_sensitive,helpful_answer > hard_refusal,safe_completion
fr_train_007537,benign_sensitive,helpful_answer > hard_refusal,safe_completion
fr_train_007539,benign_sensitive,helpful_answer > hard_refusal,safe_completion
fr_train_007544,benign_sensitive,helpful_answer > hard_refusal,safe_completion
fr_train_007553,benign_sensitive,helpful_answer > hard_refusal,safe_completion
fr_train_007554,benign_sensitive,helpful_answer > hard_refusal,safe_completion
fr_train_007561,benign_sensitive,helpful_answer > hard_refusal,safe_completion
fr_train_007569,benign_sensitive,helpful_answer > hard_refusal,safe_completion
fr_train_007576,benign_sensitive,helpful_answer > hard_refusal,safe_completion
fr_train_007581,benign_sensitive,helpful_answer > hard_refusal,safe_completion
fr_train_007584,benign_sensitive,helpful_answer > hard_refusal,safe_completion
fr_train_007585,benign_sensitive,helpful_answer > hard_refusal,safe_completion
fr_train_007604,benign_sensitive,helpful_answer > hard_refusal,safe_completion
fr_train_007611,benign_sensitive,helpful_answer > hard_refusal,safe_completion
fr_train_007622,benign_sensitive,helpful_answer > hard_refusal,safe_completion
fr_train_007627,benign_sensitive,helpful_answer > hard_refusal,safe_completion
fr_train_007645,benign_sensitive,helpful_answer > hard_refusal,safe_completion
fr_train_007647,benign_sensitive,helpful_answer > hard_refusal,safe_completion
fr_train_007648,benign_sensitive,helpful_answer > hard_refusal,safe_completion
fr_train_007652,benign_sensitive,helpful_answer > hard_refusal,safe_completion
fr_train_007662,benign_sensitive,helpful_answer > hard_refusal,safe_completion
fr_train_007668,benign_sensitive,helpful_answer > hard_refusal,safe_completion
fr_train_007671,benign_sensitive,helpful_answer > hard_refusal,safe_completion
fr_train_007672,benign_sensitive,helpful_answer > hard_refusal,safe_completion
fr_train_007685,benign_sensitive,helpful_answer > hard_refusal,safe_completion
fr_train_007693,benign_sensitive,helpful_answer > hard_refusal,safe_completion
fr_train_007708,benign_sensitive,helpful_answer > hard_refusal,safe_completion
fr_train_007716,benign_sensitive,helpful_answer > hard_refusal,safe_completion
fr_train_007733,benign_sensitive,helpful_answer > hard_refusal,safe_completion
fr_train_007734,benign_sensitive,helpful_answer > hard_refusal,safe_completion
fr_train_007741,benign_sensitive,helpful_answer > hard_refusal,safe_completion
fr_train_007743,benign_sensitive,helpful_answer > hard_refusal,safe_completion
fr_train_007745,benign_sensitive,helpful_answer > hard_refusal,safe_completion
fr_train_007749,benign_sensitive,helpful_answer > hard_refusal,safe_completion
fr_train_007754,benign_sensitive,helpful_answer > hard_refusal,safe_completion
fr_train_007755,benign_sensitive,helpful_answer > hard_refusal,safe_completion
fr_train_007761,benign_sensitive,helpful_answer > hard_refusal,safe_completion
fr_train_007771,benign_sensitive,helpful_answer > hard_refusal,safe_completion
fr_train_007772,benign_sensitive,helpful_answer > hard_refusal,safe_completion
fr_train_007777,benign_sensitive,helpful_answer > hard_refusal,safe_completion
fr_train_007781,benign_sensitive,helpful_answer > hard_refusal,safe_completion
fr_train_007792,benign_sensitive,helpful_answer > hard_refusal,safe_completion
fr_train_007816,benign_sensitive,helpful_answer > hard_refusal,safe_completion
fr_train_007829,benign_sensitive,helpful_answer > hard_refusal,safe_completion
fr_train_007850,benign_sensitive,helpful_answer > hard_refusal,safe_completion
fr_train_007863,benign_sensitive,helpful_answer > hard_refusal,safe_completion
fr_train_007864,benign_sensitive,helpful_answer > hard_refusal,safe_completion
fr_train_007871,benign_sensitive,helpful_answer > hard_refusal,safe_completion
fr_train_007878,benign_sensitive,helpful_answer > hard_refusal,safe_completion
fr_train_007889,benign_sensitive,helpful_answer > hard_refusal,safe_completion
fr_train_007894,benign_sensitive,helpful_answer > hard_refusal,safe_completion
fr_train_007896,benign_sensitive,helpful_answer > hard_refusal,safe_completion
fr_train_007905,benign_sensitive,helpful_answer > hard_refusal,safe_completion
fr_train_007916,benign_sensitive,helpful_answer > hard_refusal,safe_completion
fr_train_007917,benign_sensitive,helpful_answer > hard_refusal,safe_completion
fr_train_007923,benign_sensitive,helpful_answer > hard_refusal,safe_completion
fr_train_007927,benign_sensitive,helpful_answer > hard_refusal,safe_completion
fr_train_007938,benign_sensitive,helpful_answer > hard_refusal,safe_completion
fr_train_007948,benign_sensitive,helpful_answer > hard_refusal,safe_completion
fr_train_007967,benign_sensitive,helpful_answer > hard_refusal,safe_completion
fr_train_007970,benign_sensitive,helpful_answer > hard_refusal,safe_completion
fr_train_007978,benign_sensitive,helpful_answer > hard_refusal,safe_completion
fr_train_007979,benign_sensitive,helpful_answer > hard_refusal,safe_completion
fr_train_007992,benign_sensitive,helpful_answer > hard_refusal,safe_completion
fr_train_008002,benign_sensitive,helpful_answer > hard_refusal,safe_completion
fr_train_008016,benign_sensitive,helpful_answer > hard_refusal,safe_completion
fr_train_008026,benign_sensitive,helpful_answer > hard_refusal,safe_completion
fr_train_008032,benign_sensitive,helpful_answer > hard_refusal,safe_completion
fr_train_008046,benign_sensitive,helpful_answer > hard_refusal,safe_completion
fr_train_008047,benign_sensitive,helpful_answer > hard_refusal,safe_completion
fr_train_008063,benign_sensitive,helpful_answer > hard_refusal,safe_completion
fr_train_008066,benign_sensitive,helpful_answer > hard_refusal,safe_completion
fr_train_008072,benign_sensitive,helpful_answer > hard_refusal,safe_completion
fr_train_008076,benign_sensitive,helpful_answer > hard_refusal,safe_completion
fr_train_008080,benign_sensitive,helpful_answer > hard_refusal,safe_completion
fr_train_008089,benign_sensitive,helpful_answer > hard_refusal,safe_completion
fr_train_008096,benign_sensitive,helpful_answer > hard_refusal,safe_completion
fr_train_008101,benign_sensitive,helpful_answer > hard_refusal,safe_completion
fr_train_008111,benign_sensitive,helpful_answer > hard_refusal,safe_completion
fr_train_008113,benign_sensitive,helpful_answer > hard_refusal,safe_completion
fr_train_008117,benign_sensitive,helpful_answer > hard_refusal,safe_completion
fr_train_008119,benign_sensitive,helpful_answer > hard_refusal,safe_completion
fr_train_008120,benign_sensitive,helpful_answer > hard_refusal,safe_completion
fr_train_008124,benign_sensitive,helpful_answer > hard_refusal,safe_completion
fr_train_008125,benign_sensitive,helpful_answer > hard_refusal,safe_completion
fr_train_008127,benign_sensitive,helpful_answer > hard_refusal,safe_completion
fr_train_008151,benign_sensitive,helpful_answer > hard_refusal,safe_completion
fr_train_008161,benign_sensitive,helpful_answer > hard_refusal,safe_completion
fr_train_008165,benign_sensitive,helpful_answer > hard_refusal,safe_completion
fr_train_008170,benign_sensitive,helpful_answer > hard_refusal,safe_completion
fr_train_008171,benign_sensitive,helpful_answer > hard_refusal,safe_completion
fr_train_008184,benign_sensitive,helpful_answer > hard_refusal,safe_completion
fr_train_008214,benign_sensitive,helpful_answer > hard_refusal,safe_completion
fr_train_008226,benign_sensitive,helpful_answer > hard_refusal,safe_completion
fr_train_008231,benign_sensitive,helpful_answer > hard_refusal,safe_completion
fr_train_008243,benign_sensitive,helpful_answer > hard_refusal,safe_completion
fr_train_008254,benign_sensitive,helpful_answer > hard_refusal,safe_completion
fr_train_008257,benign_sensitive,helpful_answer > hard_refusal,safe_completion
fr_train_008281,benign_sensitive,helpful_answer > hard_refusal,safe_completion
fr_train_008283,benign_sensitive,helpful_answer > hard_refusal,safe_completion
fr_train_008286,benign_sensitive,helpful_answer > hard_refusal,safe_completion
fr_train_008291,benign_sensitive,helpful_answer > hard_refusal,safe_completion
fr_train_008295,benign_sensitive,helpful_answer > hard_refusal,safe_completion
fr_train_008306,benign_sensitive,helpful_answer > hard_refusal,safe_completion
fr_train_008325,benign_sensitive,helpful_answer > hard_refusal,safe_completion
fr_train_008330,benign_sensitive,helpful_answer > hard_refusal,safe_completion
fr_train_008338,benign_sensitive,helpful_answer > hard_refusal,safe_completion
fr_train_008352,benign_sensitive,helpful_answer > hard_refusal,safe_completion
fr_train_008356,benign_sensitive,helpful_answer > hard_refusal,safe_completion
fr_train_008360,benign_sensitive,helpful_answer > hard_refusal,safe_completion
fr_train_008380,benign_sensitive,helpful_answer > hard_refusal,safe_completion
fr_train_008384,benign_sensitive,helpful_answer > hard_refusal,safe_completion
fr_train_008385,benign_sensitive,helpful_answer > hard_refusal,safe_completion
fr_train_008400,benign_sensitive,helpful_answer > hard_refusal,safe_completion
fr_train_008404,benign_sensitive,helpful_answer > hard_refusal,safe_completion
fr_train_008414,benign_sensitive,helpful_answer > hard_refusal,safe_completion
fr_train_008417,benign_sensitive,helpful_answer > hard_refusal,safe_completion
fr_train_008423,benign_sensitive,helpful_answer > hard_refusal,safe_completion
fr_train_008429,benign_sensitive,helpful_answer > hard_refusal,safe_completion
fr_train_008431,benign_sensitive,helpful_answer > hard_refusal,safe_completion
fr_train_008436,benign_sensitive,helpful_answer > hard_refusal,safe_completion
fr_train_008442,benign_sensitive,helpful_answer > hard_refusal,safe_completion
fr_train_008464,benign_sensitive,helpful_answer > hard_refusal,safe_completion
fr_train_008474,benign_sensitive,helpful_answer > hard_refusal,safe_completion
fr_train_008484,benign_sensitive,helpful_answer > hard_refusal,safe_completion
fr_train_008492,benign_sensitive,helpful_answer > hard_refusal,safe_completion
fr_train_008496,benign_sensitive,helpful_answer > hard_refusal,safe_completion
fr_train_008504,benign_sensitive,helpful_answer > hard_refusal,safe_completion
fr_train_008506,benign_sensitive,helpful_answer > hard_refusal,safe_completion
fr_train_008525,benign_sensitive,helpful_answer > hard_refusal,safe_completion
fr_train_008528,benign_sensitive,helpful_answer > hard_refusal,safe_completion
fr_train_008537,benign_sensitive,helpful_answer > hard_refusal,safe_completion
fr_train_008539,benign_sensitive,helpful_answer > hard_refusal,safe_completion
fr_train_008543,benign_sensitive,helpful_answer > hard_refusal,safe_completion
fr_train_008544,benign_sensitive,helpful_answer > hard_refusal,safe_completion
fr_train_008555,benign_sensitive,helpful_answer > hard_refusal,safe_completion
fr_train_008567,benign_sensitive,helpful_answer > hard_refusal,safe_completion
fr_train_008574,benign_sensitive,helpful_answer > hard_refusal,safe_completion
fr_train_008578,benign_sensitive,helpful_answer > hard_refusal,safe_completion
fr_train_008610,benign_sensitive,helpful_answer > hard_refusal,safe_completion
fr_train_008611,benign_sensitive,helpful_answer > hard_refusal,safe_completion
fr_train_008627,benign_sensitive,helpful_answer > hard_refusal,safe_completion
fr_train_008643,benign_sensitive,helpful_answer > hard_refusal,safe_completion
fr_train_008647,benign_sensitive,helpful_answer > hard_refusal,safe_completion
fr_train_008651,benign_sensitive,helpful_answer > hard_refusal,safe_completion
fr_train_008653,benign_sensitive,helpful_answer > hard_refusal,safe_completion
fr_train_008667,benign_sensitive,helpful_answer > hard_refusal,safe_completion
fr_train_008686,benign_sensitive,helpful_answer > hard_refusal,safe_completion
fr_train_008694,benign_sensitive,helpful_answer > hard_refusal,safe_completion
fr_train_008699,benign_sensitive,helpful_answer > hard_refusal,safe_completion
fr_train_008712,benign_sensitive,helpful_answer > hard_refusal,safe_completion
fr_train_008722,benign_sensitive,helpful_answer > hard_refusal,safe_completion
fr_train_008725,benign_sensitive,helpful_answer > hard_refusal,safe_completion
fr_train_008736,benign_sensitive,helpful_answer > hard_refusal,safe_completion
fr_train_008737,benign_sensitive,helpful_answer > hard_refusal,safe_completion
fr_train_008740,benign_sensitive,helpful_answer > hard_refusal,safe_completion
fr_train_008751,benign_sensitive,helpful_answer > hard_refusal,safe_completion
fr_train_008758,benign_sensitive,helpful_answer > hard_refusal,safe_completion
fr_train_008774,benign_sensitive,helpful_answer > hard_refusal,safe_completion
fr_train_008796,benign_sensitive,helpful_answer > hard_refusal,safe_completion
fr_train_008797,benign_sensitive,helpful_answer > hard_refusal,safe_completion
fr_train_008822,benign_sensitive,helpful_answer > hard_refusal,safe_completion
fr_train_008825,benign_sensitive,helpful_answer > hard_refusal,safe_completion
fr_train_008830,benign_sensitive,helpful_answer > hard_refusal,safe_completion
fr_train_008847,benign_sensitive,helpful_answer > hard_refusal,safe_completion
fr_train_008860,benign_sensitive,helpful_answer > hard_refusal,safe_completion
fr_train_008867,benign_sensitive,helpful_answer > hard_refusal,safe_completion
fr_train_008881,benign_sensitive,helpful_answer > hard_refusal,safe_completion
fr_train_008884,benign_sensitive,helpful_answer > hard_refusal,safe_completion
fr_train_008889,benign_sensitive,helpful_answer > hard_refusal,safe_completion
fr_train_008900,benign_sensitive,helpful_answer > hard_refusal,safe_completion
fr_train_008903,benign_sensitive,helpful_answer > hard_refusal,safe_completion
fr_train_008906,benign_sensitive,helpful_answer > hard_refusal,safe_completion
fr_train_008930,benign_sensitive,helpful_answer > hard_refusal,safe_completion
fr_train_008931,benign_sensitive,helpful_answer > hard_refusal,safe_completion
fr_train_008943,benign_sensitive,helpful_answer > hard_refusal,safe_completion
fr_train_008950,benign_sensitive,helpful_answer > hard_refusal,safe_completion
fr_train_008951,benign_sensitive,helpful_answer > hard_refusal,safe_completion
fr_train_008959,benign_sensitive,helpful_answer > hard_refusal,safe_completion
fr_train_008972,benign_sensitive,helpful_answer > hard_refusal,safe_completion
fr_train_008988,benign_sensitive,helpful_answer > hard_refusal,safe_completion
fr_train_008993,benign_sensitive,helpful_answer > hard_refusal,safe_completion
fr_train_008995,benign_sensitive,helpful_answer > hard_refusal,safe_completion
fr_train_008998,benign_sensitive,helpful_answer > hard_refusal,safe_completion
fr_train_008999,benign_sensitive,helpful_answer > hard_refusal,safe_completion
fr_train_009000,benign_sensitive,helpful_answer > hard_refusal,safe_completion
fr_train_009003,benign_sensitive,helpful_answer > hard_refusal,safe_completion
fr_train_009007,benign_sensitive,helpful_answer > hard_refusal,safe_completion
fr_train_009016,benign_sensitive,helpful_answer > hard_refusal,safe_completion
fr_train_009018,benign_sensitive,helpful_answer > hard_refusal,safe_completion
fr_train_009022,benign_sensitive,helpful_answer > hard_refusal,safe_completion
fr_train_009028,benign_sensitive,helpful_answer > hard_refusal,safe_completion
fr_train_009033,benign_sensitive,helpful_answer > hard_refusal,safe_completion
fr_train_009036,benign_sensitive,helpful_answer > hard_refusal,safe_completion
fr_train_009046,benign_sensitive,helpful_answer > hard_refusal,safe_completion
fr_train_009047,benign_sensitive,helpful_answer > hard_refusal,safe_completion
fr_train_009056,benign_sensitive,helpful_answer > hard_refusal,safe_completion
fr_train_009061,benign_sensitive,helpful_answer > hard_refusal,safe_completion
fr_train_009062,benign_sensitive,helpful_answer > hard_refusal,safe_completion
fr_train_009074,benign_sensitive,helpful_answer > hard_refusal,safe_completion
fr_train_009078,benign_sensitive,helpful_answer > hard_refusal,safe_completion
fr_train_009080,benign_sensitive,helpful_answer > hard_refusal,safe_completion
fr_train_009081,benign_sensitive,helpful_answer > hard_refusal,safe_completion
fr_train_009114,benign_sensitive,helpful_answer > hard_refusal,safe_completion
fr_train_009130,benign_sensitive,helpful_answer > hard_refusal,safe_completion
fr_train_009140,benign_sensitive,helpful_answer > hard_refusal,safe_completion
fr_train_009150,benign_sensitive,helpful_answer > hard_refusal,safe_completion
fr_train_009151,benign_sensitive,helpful_answer > hard_refusal,safe_completion
fr_train_009159,benign_sensitive,helpful_answer > hard_refusal,safe_completion
fr_train_009176,benign_sensitive,helpful_answer > hard_refusal,safe_completion
fr_train_009182,benign_sensitive,helpful_answer > hard_refusal,safe_completion
fr_train_009186,benign_sensitive,helpful_answer > hard_refusal,safe_completion
fr_train_009188,benign_sensitive,helpful_answer > hard_refusal,safe_completion
fr_train_009197,benign_sensitive,helpful_answer > hard_refusal,safe_completion
fr_train_009209,benign_sensitive,helpful_answer > hard_refusal,safe_completion
fr_train_009214,benign_sensitive,helpful_answer > hard_refusal,safe_completion
fr_train_009221,benign_sensitive,helpful_answer > hard_refusal,safe_completion
fr_train_009222,benign_sensitive,helpful_answer > hard_refusal,safe_completion
fr_train_009229,benign_sensitive,helpful_answer > hard_refusal,safe_completion
fr_train_009238,benign_sensitive,helpful_answer > hard_refusal,safe_completion
fr_train_009243,benign_sensitive,helpful_answer > hard_refusal,safe_completion
fr_train_009249,benign_sensitive,helpful_answer > hard_refusal,safe_completion
fr_train_009255,benign_sensitive,helpful_answer > hard_refusal,safe_completion
fr_train_009272,benign_sensitive,helpful_answer > hard_refusal,safe_completion
fr_train_009286,benign_sensitive,helpful_answer > hard_refusal,safe_completion
fr_train_009289,benign_sensitive,helpful_answer > hard_refusal,safe_completion
fr_train_009299,benign_sensitive,helpful_answer > hard_refusal,safe_completion
fr_train_009309,benign_sensitive,helpful_answer > hard_refusal,safe_completion
fr_train_009339,benign_sensitive,helpful_answer > hard_refusal,safe_completion
fr_train_009348,benign_sensitive,helpful_answer > hard_refusal,safe_completion
fr_train_009366,benign_sensitive,helpful_answer > hard_refusal,safe_completion
fr_train_009370,benign_sensitive,helpful_answer > hard_refusal,safe_completion
fr_train_009399,benign_sensitive,helpful_answer > hard_refusal,safe_completion
fr_train_009403,benign_sensitive,helpful_answer > hard_refusal,safe_completion
fr_train_009412,benign_sensitive,helpful_answer > hard_refusal,safe_completion
fr_train_009419,benign_sensitive,helpful_answer > hard_refusal,safe_completion
fr_train_009429,benign_sensitive,helpful_answer > hard_refusal,safe_completion
fr_train_009434,benign_sensitive,helpful_answer > hard_refusal,safe_completion
fr_train_009435,benign_sensitive,helpful_answer > hard_refusal,safe_completion
fr_train_009463,benign_sensitive,helpful_answer > hard_refusal,safe_completion
fr_train_009470,benign_sensitive,helpful_answer > hard_refusal,safe_completion
fr_train_009476,benign_sensitive,helpful_answer > hard_refusal,safe_completion
fr_train_009478,benign_sensitive,helpful_answer > hard_refusal,safe_completion
fr_train_009488,benign_sensitive,helpful_answer > hard_refusal,safe_completion
fr_train_009493,benign_sensitive,helpful_answer > hard_refusal,safe_completion
fr_train_009499,benign_sensitive,helpful_answer > hard_refusal,safe_completion
fr_train_009500,benign_sensitive,helpful_answer > hard_refusal,safe_completion
fr_train_009508,benign_sensitive,helpful_answer > hard_refusal,safe_completion
fr_train_009514,benign_sensitive,helpful_answer > hard_refusal,safe_completion
fr_train_009518,benign_sensitive,helpful_answer > hard_refusal,safe_completion
fr_train_009521,benign_sensitive,helpful_answer > hard_refusal,safe_completion
fr_train_009527,benign_sensitive,helpful_answer > hard_refusal,safe_completion
fr_train_009542,benign_sensitive,helpful_answer > hard_refusal,safe_completion
fr_train_009552,benign_sensitive,helpful_answer > hard_refusal,safe_completion
fr_train_009555,benign_sensitive,helpful_answer > hard_refusal,safe_completion
fr_train_009560,benign_sensitive,helpful_answer > hard_refusal,safe_completion
fr_train_009562,benign_sensitive,helpful_answer > hard_refusal,safe_completion
fr_train_009567,benign_sensitive,helpful_answer > hard_refusal,safe_completion
fr_train_009570,benign_sensitive,helpful_answer > hard_refusal,safe_completion
fr_train_009590,benign_sensitive,helpful_answer > hard_refusal,safe_completion
fr_train_009595,benign_sensitive,helpful_answer > hard_refusal,safe_completion
fr_train_009621,benign_sensitive,helpful_answer > hard_refusal,safe_completion
fr_train_009632,benign_sensitive,helpful_answer > hard_refusal,safe_completion
fr_train_009652,benign_sensitive,helpful_answer > hard_refusal,safe_completion
fr_train_009656,benign_sensitive,helpful_answer > hard_refusal,safe_completion
fr_train_009658,benign_sensitive,helpful_answer > hard_refusal,safe_completion
fr_train_009662,benign_sensitive,helpful_answer > hard_refusal,safe_completion
fr_train_009668,benign_sensitive,helpful_answer > hard_refusal,safe_completion
fr_train_009670,benign_sensitive,helpful_answer > hard_refusal,safe_completion
fr_train_009690,benign_sensitive,helpful_answer > hard_refusal,safe_completion
fr_train_009697,benign_sensitive,helpful_answer > hard_refusal,safe_completion
fr_train_009703,benign_sensitive,helpful_answer > hard_refusal,safe_completion
fr_train_009707,benign_sensitive,helpful_answer > hard_refusal,safe_completion
fr_train_009708,benign_sensitive,helpful_answer > hard_refusal,safe_completion
fr_train_009727,benign_sensitive,helpful_answer > hard_refusal,safe_completion
fr_train_009731,benign_sensitive,helpful_answer > hard_refusal,safe_completion
fr_train_009739,benign_sensitive,helpful_answer > hard_refusal,safe_completion
fr_train_009751,benign_sensitive,helpful_answer > hard_refusal,safe_completion
fr_train_009757,benign_sensitive,helpful_answer > hard_refusal,safe_completion
fr_train_009764,benign_sensitive,helpful_answer > hard_refusal,safe_completion
fr_train_009767,benign_sensitive,helpful_answer > hard_refusal,safe_completion
fr_train_009770,benign_sensitive,helpful_answer > hard_refusal,safe_completion
fr_train_009776,benign_sensitive,helpful_answer > hard_refusal,safe_completion
fr_train_009809,benign_sensitive,helpful_answer > hard_refusal,safe_completion
fr_train_009818,benign_sensitive,helpful_answer > hard_refusal,safe_completion
fr_train_009834,benign_sensitive,helpful_answer > hard_refusal,safe_completion
fr_train_009839,benign_sensitive,helpful_answer > hard_refusal,safe_completion
fr_train_009858,benign_sensitive,helpful_answer > hard_refusal,safe_completion
fr_train_009862,benign_sensitive,helpful_answer > hard_refusal,safe_completion
fr_train_009863,benign_sensitive,helpful_answer > hard_refusal,safe_completion
fr_train_009866,benign_sensitive,helpful_answer > hard_refusal,safe_completion
fr_train_009867,benign_sensitive,helpful_answer > hard_refusal,safe_completion
fr_train_009871,benign_sensitive,helpful_answer > hard_refusal,safe_completion
fr_train_009876,benign_sensitive,helpful_answer > hard_refusal,safe_completion
fr_train_009885,benign_sensitive,helpful_answer > hard_refusal,safe_completion
fr_train_009892,benign_sensitive,helpful_answer > hard_refusal,safe_completion
fr_train_009912,benign_sensitive,helpful_answer > hard_refusal,safe_completion
fr_train_009913,benign_sensitive,helpful_answer > hard_refusal,safe_completion
fr_train_009916,benign_sensitive,helpful_answer > hard_refusal,safe_completion
fr_train_009917,benign_sensitive,helpful_answer > hard_refusal,safe_completion
fr_train_009918,benign_sensitive,helpful_answer > hard_refusal,safe_completion
fr_train_009930,benign_sensitive,helpful_answer > hard_refusal,safe_completion
fr_train_009933,benign_sensitive,helpful_answer > hard_refusal,safe_completion
fr_train_009939,benign_sensitive,helpful_answer > hard_refusal,safe_completion
fr_train_009943,benign_sensitive,helpful_answer > hard_refusal,safe_completion
fr_train_009947,benign_sensitive,helpful_answer > hard_refusal,safe_completion
fr_train_009958,benign_sensitive,helpful_answer > hard_refusal,safe_completion
fr_train_009960,benign_sensitive,helpful_answer > hard_refusal,safe_completion
fr_train_009962,benign_sensitive,helpful_answer > hard_refusal,safe_completion
fr_train_009970,benign_sensitive,helpful_answer > hard_refusal,safe_completion
fr_train_009972,benign_sensitive,helpful_answer > hard_refusal,safe_completion
fr_train_009984,benign_sensitive,helpful_answer > hard_refusal,safe_completion
fr_train_009988,benign_sensitive,helpful_answer > hard_refusal,safe_completion
fr_train_010002,benign_sensitive,helpful_answer > hard_refusal,safe_completion
fr_train_010006,benign_sensitive,helpful_answer > hard_refusal,safe_completion
fr_train_010025,benign_sensitive,helpful_answer > hard_refusal,safe_completion
fr_train_010027,benign_sensitive,helpful_answer > hard_refusal,safe_completion
fr_train_010032,benign_sensitive,helpful_answer > hard_refusal,safe_completion
fr_train_010040,benign_sensitive,helpful_answer > hard_refusal,safe_completion
fr_train_010043,benign_sensitive,helpful_answer > hard_refusal,safe_completion
fr_train_010046,benign_sensitive,helpful_answer > hard_refusal,safe_completion
fr_train_010050,benign_sensitive,helpful_answer > hard_refusal,safe_completion
fr_train_010062,benign_sensitive,helpful_answer > hard_refusal,safe_completion
fr_train_010101,benign_sensitive,helpful_answer > hard_refusal,safe_completion
fr_train_010109,benign_sensitive,helpful_answer > hard_refusal,safe_completion
fr_train_010115,benign_sensitive,helpful_answer > hard_refusal,safe_completion
fr_train_010129,benign_sensitive,helpful_answer > hard_refusal,safe_completion
fr_train_010137,benign_sensitive,helpful_answer > hard_refusal,safe_completion
fr_train_010139,benign_sensitive,helpful_answer > hard_refusal,safe_completion
fr_train_010146,benign_sensitive,helpful_answer > hard_refusal,safe_completion
fr_train_010161,benign_sensitive,helpful_answer > hard_refusal,safe_completion
fr_train_010171,benign_sensitive,helpful_answer > hard_refusal,safe_completion
fr_train_010175,benign_sensitive,helpful_answer > hard_refusal,safe_completion
fr_train_010181,benign_sensitive,helpful_answer > hard_refusal,safe_completion
fr_train_010215,benign_sensitive,helpful_answer > hard_refusal,safe_completion
fr_train_010221,benign_sensitive,helpful_answer > hard_refusal,safe_completion
fr_train_010235,benign_sensitive,helpful_answer > hard_refusal,safe_completion
fr_train_010242,benign_sensitive,helpful_answer > hard_refusal,safe_completion
fr_train_010247,benign_sensitive,helpful_answer > hard_refusal,safe_completion
fr_train_010252,benign_sensitive,helpful_answer > hard_refusal,safe_completion
fr_train_010253,benign_sensitive,helpful_answer > hard_refusal,safe_completion
fr_train_010256,benign_sensitive,helpful_answer > hard_refusal,safe_completion
fr_train_010273,benign_sensitive,helpful_answer > hard_refusal,safe_completion
fr_train_010279,benign_sensitive,helpful_answer > hard_refusal,safe_completion
fr_train_010281,benign_sensitive,helpful_answer > hard_refusal,safe_completion
fr_train_010287,benign_sensitive,helpful_answer > hard_refusal,safe_completion
fr_train_010318,benign_sensitive,helpful_answer > hard_refusal,safe_completion
fr_train_010325,benign_sensitive,helpful_answer > hard_refusal,safe_completion
fr_train_010341,benign_sensitive,helpful_answer > hard_refusal,safe_completion
fr_train_010346,benign_sensitive,helpful_answer > hard_refusal,safe_completion
fr_train_010361,benign_sensitive,helpful_answer > hard_refusal,safe_completion
fr_train_010364,benign_sensitive,helpful_answer > hard_refusal,safe_completion
fr_train_010375,benign_sensitive,helpful_answer > hard_refusal,safe_completion
fr_train_010382,benign_sensitive,helpful_answer > hard_refusal,safe_completion
fr_train_010407,benign_sensitive,helpful_answer > hard_refusal,safe_completion
fr_train_010411,benign_sensitive,helpful_answer > hard_refusal,safe_completion
fr_train_010415,benign_sensitive,helpful_answer > hard_refusal,safe_completion
fr_train_010417,benign_sensitive,helpful_answer > hard_refusal,safe_completion
fr_train_010421,benign_sensitive,helpful_answer > hard_refusal,safe_completion
fr_train_010429,benign_sensitive,helpful_answer > hard_refusal,safe_completion
fr_train_010456,benign_sensitive,helpful_answer > hard_refusal,safe_completion
fr_train_010461,benign_sensitive,helpful_answer > hard_refusal,safe_completion
fr_train_010476,benign_sensitive,helpful_answer > hard_refusal,safe_completion
fr_train_010479,benign_sensitive,helpful_answer > hard_refusal,safe_completion
fr_train_010480,benign_sensitive,helpful_answer > hard_refusal,safe_completion
fr_train_010487,benign_sensitive,helpful_answer > hard_refusal,safe_completion
fr_train_010493,benign_sensitive,helpful_answer > hard_refusal,safe_completion
fr_train_010504,benign_sensitive,helpful_answer > hard_refusal,safe_completion
fr_train_010508,benign_sensitive,helpful_answer > hard_refusal,safe_completion
fr_train_010521,benign_sensitive,helpful_answer > hard_refusal,safe_completion
fr_train_010525,benign_sensitive,helpful_answer > hard_refusal,safe_completion
fr_train_010534,benign_sensitive,helpful_answer > hard_refusal,safe_completion
fr_train_010537,benign_sensitive,helpful_answer > hard_refusal,safe_completion
fr_train_010543,benign_sensitive,helpful_answer > hard_refusal,safe_completion
fr_train_010544,benign_sensitive,helpful_answer > hard_refusal,safe_completion
fr_train_010552,benign_sensitive,helpful_answer > hard_refusal,safe_completion
fr_train_010563,benign_sensitive,helpful_answer > hard_refusal,safe_completion
fr_train_010573,benign_sensitive,helpful_answer > hard_refusal,safe_completion
fr_train_010576,benign_sensitive,helpful_answer > hard_refusal,safe_completion
fr_train_010579,benign_sensitive,helpful_answer > hard_refusal,safe_completion
fr_train_010585,benign_sensitive,helpful_answer > hard_refusal,safe_completion
fr_train_010587,benign_sensitive,helpful_answer > hard_refusal,safe_completion
fr_train_010592,benign_sensitive,helpful_answer > hard_refusal,safe_completion
fr_train_010619,benign_sensitive,helpful_answer > hard_refusal,safe_completion
fr_train_010624,benign_sensitive,helpful_answer > hard_refusal,safe_completion
fr_train_010638,benign_sensitive,helpful_answer > hard_refusal,safe_completion
fr_train_010641,benign_sensitive,helpful_answer > hard_refusal,safe_completion
fr_train_010644,benign_sensitive,helpful_answer > hard_refusal,safe_completion
fr_train_010646,benign_sensitive,helpful_answer > hard_refusal,safe_completion
fr_train_010656,benign_sensitive,helpful_answer > hard_refusal,safe_completion
fr_train_010665,benign_sensitive,helpful_answer > hard_refusal,safe_completion
fr_train_010666,benign_sensitive,helpful_answer > hard_refusal,safe_completion
fr_train_010672,benign_sensitive,helpful_answer > hard_refusal,safe_completion
fr_train_010675,benign_sensitive,helpful_answer > hard_refusal,safe_completion
fr_train_010681,benign_sensitive,helpful_answer > hard_refusal,safe_completion
fr_train_010683,benign_sensitive,helpful_answer > hard_refusal,safe_completion
fr_train_010695,benign_sensitive,helpful_answer > hard_refusal,safe_completion
fr_train_010698,benign_sensitive,helpful_answer > hard_refusal,safe_completion
fr_train_010704,benign_sensitive,helpful_answer > hard_refusal,safe_completion
fr_train_010709,benign_sensitive,helpful_answer > hard_refusal,safe_completion
fr_train_010712,benign_sensitive,helpful_answer > hard_refusal,safe_completion
fr_train_010720,benign_sensitive,helpful_answer > hard_refusal,safe_completion
fr_train_010727,benign_sensitive,helpful_answer > hard_refusal,safe_completion
fr_train_010737,benign_sensitive,helpful_answer > hard_refusal,safe_completion
fr_train_010746,benign_sensitive,helpful_answer > hard_refusal,safe_completion
fr_train_010747,benign_sensitive,helpful_answer > hard_refusal,safe_completion
fr_train_010750,benign_sensitive,helpful_answer > hard_refusal,safe_completion
fr_train_010755,benign_sensitive,helpful_answer > hard_refusal,safe_completion
fr_train_010775,benign_sensitive,helpful_answer > hard_refusal,safe_completion
fr_train_010796,benign_sensitive,helpful_answer > hard_refusal,safe_completion
fr_train_010800,benign_sensitive,helpful_answer > hard_refusal,safe_completion
fr_train_010814,benign_sensitive,helpful_answer > hard_refusal,safe_completion
fr_train_010826,benign_sensitive,helpful_answer > hard_refusal,safe_completion
fr_train_010835,benign_sensitive,helpful_answer > hard_refusal,safe_completion
fr_train_010837,benign_sensitive,helpful_answer > hard_refusal,safe_completion
fr_train_010843,benign_sensitive,helpful_answer > hard_refusal,safe_completion
fr_train_010844,benign_sensitive,helpful_answer > hard_refusal,safe_completion
fr_train_010848,benign_sensitive,helpful_answer > hard_refusal,safe_completion
fr_train_010861,benign_sensitive,helpful_answer > hard_refusal,safe_completion
fr_train_010868,benign_sensitive,helpful_answer > hard_refusal,safe_completion
fr_train_010874,benign_sensitive,helpful_answer > hard_refusal,safe_completion
fr_train_010879,benign_sensitive,helpful_answer > hard_refusal,safe_completion
fr_train_010881,benign_sensitive,helpful_answer > hard_refusal,safe_completion
fr_train_010901,benign_sensitive,helpful_answer > hard_refusal,safe_completion
fr_train_010939,benign_sensitive,helpful_answer > hard_refusal,safe_completion
fr_train_010944,benign_sensitive,helpful_answer > hard_refusal,safe_completion
fr_train_010952,benign_sensitive,helpful_answer > hard_refusal,safe_completion
fr_train_010953,benign_sensitive,helpful_answer > hard_refusal,safe_completion
fr_train_010959,benign_sensitive,helpful_answer > hard_refusal,safe_completion
fr_train_010972,benign_sensitive,helpful_answer > hard_refusal,safe_completion
fr_train_010976,benign_sensitive,helpful_answer > hard_refusal,safe_completion
fr_train_010978,benign_sensitive,helpful_answer > hard_refusal,safe_completion
fr_train_010989,benign_sensitive,helpful_answer > hard_refusal,safe_completion
fr_train_011005,benign_sensitive,helpful_answer > hard_refusal,safe_completion
fr_train_011018,benign_sensitive,helpful_answer > hard_refusal,safe_completion
fr_train_011024,benign_sensitive,helpful_answer > hard_refusal,safe_completion
fr_train_011031,benign_sensitive,helpful_answer > hard_refusal,safe_completion
fr_train_011032,benign_sensitive,helpful_answer > hard_refusal,safe_completion
fr_train_011040,benign_sensitive,helpful_answer > hard_refusal,safe_completion
fr_train_011045,benign_sensitive,helpful_answer > hard_refusal,safe_completion
fr_train_011049,benign_sensitive,helpful_answer > hard_refusal,safe_completion
fr_train_011051,benign_sensitive,helpful_answer > hard_refusal,safe_completion
fr_train_011057,benign_sensitive,helpful_answer > hard_refusal,safe_completion
fr_train_011061,benign_sensitive,helpful_answer > hard_refusal,safe_completion
fr_train_011080,benign_sensitive,helpful_answer > hard_refusal,safe_completion
fr_train_011082,benign_sensitive,helpful_answer > hard_refusal,safe_completion
fr_train_011099,benign_sensitive,helpful_answer > hard_refusal,safe_completion
fr_train_011113,benign_sensitive,helpful_answer > hard_refusal,safe_completion
fr_train_011123,benign_sensitive,helpful_answer > hard_refusal,safe_completion
fr_train_011129,benign_sensitive,helpful_answer > hard_refusal,safe_completion
fr_train_011133,benign_sensitive,helpful_answer > hard_refusal,safe_completion
fr_train_011145,benign_sensitive,helpful_answer > hard_refusal,safe_completion
fr_train_011146,benign_sensitive,helpful_answer > hard_refusal,safe_completion
fr_train_011149,benign_sensitive,helpful_answer > hard_refusal,safe_completion
fr_train_011153,benign_sensitive,helpful_answer > hard_refusal,safe_completion
fr_train_011154,benign_sensitive,helpful_answer > hard_refusal,safe_completion
fr_train_011180,benign_sensitive,helpful_answer > hard_refusal,safe_completion
fr_train_011193,benign_sensitive,helpful_answer > hard_refusal,safe_completion
fr_train_011198,benign_sensitive,helpful_answer > hard_refusal,safe_completion
fr_train_011199,benign_sensitive,helpful_answer > hard_refusal,safe_completion
fr_train_011205,benign_sensitive,helpful_answer > hard_refusal,safe_completion
fr_train_011206,benign_sensitive,helpful_answer > hard_refusal,safe_completion
fr_train_011210,benign_sensitive,helpful_answer > hard_refusal,safe_completion
fr_train_011224,benign_sensitive,helpful_answer > hard_refusal,safe_completion
fr_train_011227,benign_sensitive,helpful_answer > hard_refusal,safe_completion
fr_train_011231,benign_sensitive,helpful_answer > hard_refusal,safe_completion
fr_train_011250,benign_sensitive,helpful_answer > hard_refusal,safe_completion
fr_train_011261,benign_sensitive,helpful_answer > hard_refusal,safe_completion
fr_train_011265,benign_sensitive,helpful_answer > hard_refusal,safe_completion
fr_train_011275,benign_sensitive,helpful_answer > hard_refusal,safe_completion
fr_train_011279,benign_sensitive,helpful_answer > hard_refusal,safe_completion
fr_train_011295,benign_sensitive,helpful_answer > hard_refusal,safe_completion
fr_train_011302,benign_sensitive,helpful_answer > hard_refusal,safe_completion
fr_train_011305,benign_sensitive,helpful_answer > hard_refusal,safe_completion
fr_train_011307,benign_sensitive,helpful_answer > hard_refusal,safe_completion
fr_train_011326,benign_sensitive,helpful_answer > hard_refusal,safe_completion
fr_train_011331,benign_sensitive,helpful_answer > hard_refusal,safe_completion
fr_train_011339,benign_sensitive,helpful_answer > hard_refusal,safe_completion
fr_train_011358,benign_sensitive,helpful_answer > hard_refusal,safe_completion
fr_train_011362,benign_sensitive,helpful_answer > hard_refusal,safe_completion
fr_train_011363,benign_sensitive,helpful_answer > hard_refusal,safe_completion
fr_train_011370,benign_sensitive,helpful_answer > hard_refusal,safe_completion
fr_train_011373,benign_sensitive,helpful_answer > hard_refusal,safe_completion
fr_train_011378,benign_sensitive,helpful_answer > hard_refusal,safe_completion
fr_train_011389,benign_sensitive,helpful_answer > hard_refusal,safe_completion
fr_train_011394,benign_sensitive,helpful_answer > hard_refusal,safe_completion
fr_train_011433,benign_sensitive,helpful_answer > hard_refusal,safe_completion
fr_train_011447,benign_sensitive,helpful_answer > hard_refusal,safe_completion
fr_train_011454,benign_sensitive,helpful_answer > hard_refusal,safe_completion
fr_train_011459,benign_sensitive,helpful_answer > hard_refusal,safe_completion
fr_train_011479,benign_sensitive,helpful_answer > hard_refusal,safe_completion
fr_train_011486,benign_sensitive,helpful_answer > hard_refusal,safe_completion
fr_train_011488,benign_sensitive,helpful_answer > hard_refusal,safe_completion
fr_train_011495,benign_sensitive,helpful_answer > hard_refusal,safe_completion
fr_train_011496,benign_sensitive,helpful_answer > hard_refusal,safe_completion
fr_train_011506,benign_sensitive,helpful_answer > hard_refusal,safe_completion
fr_train_011536,benign_sensitive,helpful_answer > hard_refusal,safe_completion
fr_train_011543,benign_sensitive,helpful_answer > hard_refusal,safe_completion
fr_train_011544,benign_sensitive,helpful_answer > hard_refusal,safe_completion
fr_train_011549,benign_sensitive,helpful_answer > hard_refusal,safe_completion
fr_train_011558,benign_sensitive,helpful_answer > hard_refusal,safe_completion
fr_train_011569,benign_sensitive,helpful_answer > hard_refusal,safe_completion
fr_train_011577,benign_sensitive,helpful_answer > hard_refusal,safe_completion
fr_train_011583,benign_sensitive,helpful_answer > hard_refusal,safe_completion
fr_train_011592,benign_sensitive,helpful_answer > hard_refusal,safe_completion
fr_train_011610,benign_sensitive,helpful_answer > hard_refusal,safe_completion
fr_train_011614,benign_sensitive,helpful_answer > hard_refusal,safe_completion
fr_train_011617,benign_sensitive,helpful_answer > hard_refusal,safe_completion
fr_train_011620,benign_sensitive,helpful_answer > hard_refusal,safe_completion
fr_train_011633,benign_sensitive,helpful_answer > hard_refusal,safe_completion
fr_train_011641,benign_sensitive,helpful_answer > hard_refusal,safe_completion
fr_train_011646,benign_sensitive,helpful_answer > hard_refusal,safe_completion
fr_train_011656,benign_sensitive,helpful_answer > hard_refusal,safe_completion
fr_train_011659,benign_sensitive,helpful_answer > hard_refusal,safe_completion
fr_train_011662,benign_sensitive,helpful_answer > hard_refusal,safe_completion
fr_train_011674,benign_sensitive,helpful_answer > hard_refusal,safe_completion
fr_train_011676,benign_sensitive,helpful_answer > hard_refusal,safe_completion
fr_train_011680,benign_sensitive,helpful_answer > hard_refusal,safe_completion
fr_train_011682,benign_sensitive,helpful_answer > hard_refusal,safe_completion
fr_train_011688,benign_sensitive,helpful_answer > hard_refusal,safe_completion
fr_train_011689,benign_sensitive,helpful_answer > hard_refusal,safe_completion
fr_train_011692,benign_sensitive,helpful_answer > hard_refusal,safe_completion
fr_train_011697,benign_sensitive,helpful_answer > hard_refusal,safe_completion
fr_train_011699,benign_sensitive,helpful_answer > hard_refusal,safe_completion
fr_train_011701,benign_sensitive,helpful_answer > hard_refusal,safe_completion
fr_train_011719,benign_sensitive,helpful_answer > hard_refusal,safe_completion
fr_train_011727,benign_sensitive,helpful_answer > hard_refusal,safe_completion
fr_train_011739,benign_sensitive,helpful_answer > hard_refusal,safe_completion
fr_train_011743,benign_sensitive,helpful_answer > hard_refusal,safe_completion
fr_train_011750,benign_sensitive,helpful_answer > hard_refusal,safe_completion
fr_train_011759,benign_sensitive,helpful_answer > hard_refusal,safe_completion
fr_train_011768,benign_sensitive,helpful_answer > hard_refusal,safe_completion
fr_train_011770,benign_sensitive,helpful_answer > hard_refusal,safe_completion
fr_train_011777,benign_sensitive,helpful_answer > hard_refusal,safe_completion
fr_train_011779,benign_sensitive,helpful_answer > hard_refusal,safe_completion
fr_train_011781,benign_sensitive,helpful_answer > hard_refusal,safe_completion
fr_train_011785,benign_sensitive,helpful_answer > hard_refusal,safe_completion
fr_train_011795,benign_sensitive,helpful_answer > hard_refusal,safe_completion
fr_train_011805,benign_sensitive,helpful_answer > hard_refusal,safe_completion
fr_train_011817,benign_sensitive,helpful_answer > hard_refusal,safe_completion
fr_train_011826,benign_sensitive,helpful_answer > hard_refusal,safe_completion
fr_train_011828,benign_sensitive,helpful_answer > hard_refusal,safe_completion
fr_train_011830,benign_sensitive,helpful_answer > hard_refusal,safe_completion
fr_train_011835,benign_sensitive,helpful_answer > hard_refusal,safe_completion
fr_train_011871,benign_sensitive,helpful_answer > hard_refusal,safe_completion
fr_train_011875,benign_sensitive,helpful_answer > hard_refusal,safe_completion
fr_train_011885,benign_sensitive,helpful_answer > hard_refusal,safe_completion
fr_train_011887,benign_sensitive,helpful_answer > hard_refusal,safe_completion
fr_train_011934,benign_sensitive,helpful_answer > hard_refusal,safe_completion
fr_train_011939,benign_sensitive,helpful_answer > hard_refusal,safe_completion
fr_train_011941,benign_sensitive,helpful_answer > hard_refusal,safe_completion
fr_train_011947,benign_sensitive,helpful_answer > hard_refusal,safe_completion
fr_train_011954,benign_sensitive,helpful_answer > hard_refusal,safe_completion
fr_train_011955,benign_sensitive,helpful_answer > hard_refusal,safe_completion
fr_train_011962,benign_sensitive,helpful_answer > hard_refusal,safe_completion
fr_train_011973,benign_sensitive,helpful_answer > hard_refusal,safe_completion
fr_train_011977,benign_sensitive,helpful_answer > hard_refusal,safe_completion
fr_train_011988,benign_sensitive,helpful_answer > hard_refusal,safe_completion
fr_train_011993,benign_sensitive,helpful_answer > hard_refusal,safe_completion
fr_train_012006,benign_sensitive,helpful_answer > hard_refusal,safe_completion
fr_train_012013,benign_sensitive,helpful_answer > hard_refusal,safe_completion
fr_train_012020,benign_sensitive,helpful_answer > hard_refusal,safe_completion
fr_train_012026,benign_sensitive,helpful_answer > hard_refusal,safe_completion
fr_train_012034,benign_sensitive,helpful_answer > hard_refusal,safe_completion
fr_train_012040,benign_sensitive,helpful_answer > hard_refusal,safe_completion
fr_train_012044,benign_sensitive,helpful_answer > hard_refusal,safe_completion
fr_train_012052,benign_sensitive,helpful_answer > hard_refusal,safe_completion
fr_train_012057,benign_sensitive,helpful_answer > hard_refusal,safe_completion
fr_train_012061,benign_sensitive,helpful_answer > hard_refusal,safe_completion
fr_train_012090,benign_sensitive,helpful_answer > hard_refusal,safe_completion
fr_train_012106,benign_sensitive,helpful_answer > hard_refusal,safe_completion
fr_train_012116,benign_sensitive,helpful_answer > hard_refusal,safe_completion
fr_train_012118,benign_sensitive,helpful_answer > hard_refusal,safe_completion
fr_train_012122,benign_sensitive,helpful_answer > hard_refusal,safe_completion
fr_train_012125,benign_sensitive,helpful_answer > hard_refusal,safe_completion
fr_train_012130,benign_sensitive,helpful_answer > hard_refusal,safe_completion
fr_train_012133,benign_sensitive,helpful_answer > hard_refusal,safe_completion
fr_train_012152,benign_sensitive,helpful_answer > hard_refusal,safe_completion
fr_train_012179,benign_sensitive,helpful_answer > hard_refusal,safe_completion
fr_train_012190,benign_sensitive,helpful_answer > hard_refusal,safe_completion
fr_train_012205,benign_sensitive,helpful_answer > hard_refusal,safe_completion
fr_train_012223,benign_sensitive,helpful_answer > hard_refusal,safe_completion
fr_train_012226,benign_sensitive,helpful_answer > hard_refusal,safe_completion
fr_train_012229,benign_sensitive,helpful_answer > hard_refusal,safe_completion
fr_train_012232,benign_sensitive,helpful_answer > hard_refusal,safe_completion
fr_train_012243,benign_sensitive,helpful_answer > hard_refusal,safe_completion
fr_train_012246,benign_sensitive,helpful_answer > hard_refusal,safe_completion
fr_train_012248,benign_sensitive,helpful_answer > hard_refusal,safe_completion
fr_train_012251,benign_sensitive,helpful_answer > hard_refusal,safe_completion
fr_train_012256,benign_sensitive,helpful_answer > hard_refusal,safe_completion
fr_train_012282,benign_sensitive,helpful_answer > hard_refusal,safe_completion
fr_train_012293,benign_sensitive,helpful_answer > hard_refusal,safe_completion
fr_train_012312,benign_sensitive,helpful_answer > hard_refusal,safe_completion
fr_train_012321,benign_sensitive,helpful_answer > hard_refusal,safe_completion
fr_train_012360,benign_sensitive,helpful_answer > hard_refusal,safe_completion
fr_train_012375,benign_sensitive,helpful_answer > hard_refusal,safe_completion
fr_train_012390,benign_sensitive,helpful_answer > hard_refusal,safe_completion
fr_train_012391,benign_sensitive,helpful_answer > hard_refusal,safe_completion
fr_train_012392,benign_sensitive,helpful_answer > hard_refusal,safe_completion
fr_train_012403,benign_sensitive,helpful_answer > hard_refusal,safe_completion
fr_train_012404,benign_sensitive,helpful_answer > hard_refusal,safe_completion
fr_train_012423,benign_sensitive,helpful_answer > hard_refusal,safe_completion
fr_train_012424,benign_sensitive,helpful_answer > hard_refusal,safe_completion
fr_train_012473,benign_sensitive,helpful_answer > hard_refusal,safe_completion
fr_train_012486,benign_sensitive,helpful_answer > hard_refusal,safe_completion
fr_train_012501,benign_sensitive,helpful_answer > hard_refusal,safe_completion
fr_train_012502,benign_sensitive,helpful_answer > hard_refusal,safe_completion
fr_train_012511,benign_sensitive,helpful_answer > hard_refusal,safe_completion
fr_train_012513,benign_sensitive,helpful_answer > hard_refusal,safe_completion
fr_train_012515,benign_sensitive,helpful_answer > hard_refusal,safe_completion
fr_train_012522,benign_sensitive,helpful_answer > hard_refusal,safe_completion
fr_train_012527,benign_sensitive,helpful_answer > hard_refusal,safe_completion
fr_train_012540,benign_sensitive,helpful_answer > hard_refusal,safe_completion
fr_train_012547,benign_sensitive,helpful_answer > hard_refusal,safe_completion
fr_train_012549,benign_sensitive,helpful_answer > hard_refusal,safe_completion
fr_train_012550,benign_sensitive,helpful_answer > hard_refusal,safe_completion
fr_train_012558,benign_sensitive,helpful_answer > hard_refusal,safe_completion
fr_train_012568,benign_sensitive,helpful_answer > hard_refusal,safe_completion
fr_train_012588,benign_sensitive,helpful_answer > hard_refusal,safe_completion
fr_train_012593,benign_sensitive,helpful_answer > hard_refusal,safe_completion
fr_train_012608,benign_sensitive,helpful_answer > hard_refusal,safe_completion
fr_train_012626,benign_sensitive,helpful_answer > hard_refusal,safe_completion
fr_train_012630,benign_sensitive,helpful_answer > hard_refusal,safe_completion
fr_train_012631,benign_sensitive,helpful_answer > hard_refusal,safe_completion
fr_train_012634,benign_sensitive,helpful_answer > hard_refusal,safe_completion
fr_train_012635,benign_sensitive,helpful_answer > hard_refusal,safe_completion
fr_train_012647,benign_sensitive,helpful_answer > hard_refusal,safe_completion
fr_train_012663,benign_sensitive,helpful_answer > hard_refusal,safe_completion
fr_train_012665,benign_sensitive,helpful_answer > hard_refusal,safe_completion
fr_train_012696,benign_sensitive,helpful_answer > hard_refusal,safe_completion
fr_train_012714,benign_sensitive,helpful_answer > hard_refusal,safe_completion
fr_train_012715,benign_sensitive,helpful_answer > hard_refusal,safe_completion
fr_train_012733,benign_sensitive,helpful_answer > hard_refusal,safe_completion
fr_train_012740,benign_sensitive,helpful_answer > hard_refusal,safe_completion
fr_train_012741,benign_sensitive,helpful_answer > hard_refusal,safe_completion
fr_train_012743,benign_sensitive,helpful_answer > hard_refusal,safe_completion
fr_train_012752,benign_sensitive,helpful_answer > hard_refusal,safe_completion
fr_train_012760,benign_sensitive,helpful_answer > hard_refusal,safe_completion
fr_train_012769,benign_sensitive,helpful_answer > hard_refusal,safe_completion
fr_train_012782,benign_sensitive,helpful_answer > hard_refusal,safe_completion
fr_train_012791,benign_sensitive,helpful_answer > hard_refusal,safe_completion
fr_train_012795,benign_sensitive,helpful_answer > hard_refusal,safe_completion
fr_train_012799,benign_sensitive,helpful_answer > hard_refusal,safe_completion
fr_train_012811,benign_sensitive,helpful_answer > hard_refusal,safe_completion
fr_train_012812,benign_sensitive,helpful_answer > hard_refusal,safe_completion
fr_train_012830,benign_sensitive,helpful_answer > hard_refusal,safe_completion
fr_train_012833,benign_sensitive,helpful_answer > hard_refusal,safe_completion
fr_train_012837,benign_sensitive,helpful_answer > hard_refusal,safe_completion
fr_train_012839,benign_sensitive,helpful_answer > hard_refusal,safe_completion
fr_train_012840,benign_sensitive,helpful_answer > hard_refusal,safe_completion
fr_train_012843,benign_sensitive,helpful_answer > hard_refusal,safe_completion
fr_train_012853,benign_sensitive,helpful_answer > hard_refusal,safe_completion
fr_train_012863,benign_sensitive,helpful_answer > hard_refusal,safe_completion
fr_train_012864,benign_sensitive,helpful_answer > hard_refusal,safe_completion
fr_train_012865,benign_sensitive,helpful_answer > hard_refusal,safe_completion
fr_train_012869,benign_sensitive,helpful_answer > hard_refusal,safe_completion
fr_train_012876,benign_sensitive,helpful_answer > hard_refusal,safe_completion
fr_train_012877,benign_sensitive,helpful_answer > hard_refusal,safe_completion
fr_train_012883,benign_sensitive,helpful_answer > hard_refusal,safe_completion
fr_train_012886,benign_sensitive,helpful_answer > hard_refusal,safe_completion
fr_train_012900,benign_sensitive,helpful_answer > hard_refusal,safe_completion
fr_train_012909,benign_sensitive,helpful_answer > hard_refusal,safe_completion
fr_train_012911,benign_sensitive,helpful_answer > hard_refusal,safe_completion
fr_train_012919,benign_sensitive,helpful_answer > hard_refusal,safe_completion
fr_train_012928,benign_sensitive,helpful_answer > hard_refusal,safe_completion
fr_train_012932,benign_sensitive,helpful_answer > hard_refusal,safe_completion
fr_train_012938,benign_sensitive,helpful_answer > hard_refusal,safe_completion
fr_train_012940,benign_sensitive,helpful_answer > hard_refusal,safe_completion
fr_train_012979,benign_sensitive,helpful_answer > hard_refusal,safe_completion
fr_train_012991,benign_sensitive,helpful_answer > hard_refusal,safe_completion
fr_train_012999,benign_sensitive,helpful_answer > hard_refusal,safe_completion
fr_train_013022,benign_sensitive,helpful_answer > hard_refusal,safe_completion
fr_train_013024,benign_sensitive,helpful_answer > hard_refusal,safe_completion
fr_train_013025,benign_sensitive,helpful_answer > hard_refusal,safe_completion
fr_train_013027,benign_sensitive,helpful_answer > hard_refusal,safe_completion
fr_train_013035,benign_sensitive,helpful_answer > hard_refusal,safe_completion
fr_train_013037,benign_sensitive,helpful_answer > hard_refusal,safe_completion
fr_train_013040,benign_sensitive,helpful_answer > hard_refusal,safe_completion
fr_train_013041,benign_sensitive,helpful_answer > hard_refusal,safe_completion
fr_train_013083,benign_sensitive,helpful_answer > hard_refusal,safe_completion
fr_train_013084,benign_sensitive,helpful_answer > hard_refusal,safe_completion
fr_train_013091,benign_sensitive,helpful_answer > hard_refusal,safe_completion
fr_train_013124,benign_sensitive,helpful_answer > hard_refusal,safe_completion
fr_train_013137,benign_sensitive,helpful_answer > hard_refusal,safe_completion
fr_train_013179,benign_sensitive,helpful_answer > hard_refusal,safe_completion
fr_train_013180,benign_sensitive,helpful_answer > hard_refusal,safe_completion
fr_train_013181,benign_sensitive,helpful_answer > hard_refusal,safe_completion
fr_train_013183,benign_sensitive,helpful_answer > hard_refusal,safe_completion
fr_train_013185,benign_sensitive,helpful_answer > hard_refusal,safe_completion
fr_train_013192,benign_sensitive,helpful_answer > hard_refusal,safe_completion
fr_train_013202,benign_sensitive,helpful_answer > hard_refusal,safe_completion
fr_train_013203,benign_sensitive,helpful_answer > hard_refusal,safe_completion
fr_train_013223,benign_sensitive,helpful_answer > hard_refusal,safe_completion
fr_train_013225,benign_sensitive,helpful_answer > hard_refusal,safe_completion
fr_train_013236,benign_sensitive,helpful_answer > hard_refusal,safe_completion
fr_train_013242,benign_sensitive,helpful_answer > hard_refusal,safe_completion
fr_train_013254,benign_sensitive,helpful_answer > hard_refusal,safe_completion
fr_train_013259,benign_sensitive,helpful_answer > hard_refusal,safe_completion
fr_train_013263,benign_sensitive,helpful_answer > hard_refusal,safe_completion
fr_train_013317,benign_sensitive,helpful_answer > hard_refusal,safe_completion
fr_train_013324,benign_sensitive,helpful_answer > hard_refusal,safe_completion
fr_train_013331,benign_sensitive,helpful_answer > hard_refusal,safe_completion
fr_train_013355,benign_sensitive,helpful_answer > hard_refusal,safe_completion
fr_train_013359,benign_sensitive,helpful_answer > hard_refusal,safe_completion
fr_train_013371,benign_sensitive,helpful_answer > hard_refusal,safe_completion
fr_train_013376,benign_sensitive,helpful_answer > hard_refusal,safe_completion
fr_train_013383,benign_sensitive,helpful_answer > hard_refusal,safe_completion
fr_train_013384,benign_sensitive,helpful_answer > hard_refusal,safe_completion
fr_train_013390,benign_sensitive,helpful_answer > hard_refusal,safe_completion
fr_train_013397,benign_sensitive,helpful_answer > hard_refusal,safe_completion
fr_train_013405,benign_sensitive,helpful_answer > hard_refusal,safe_completion
fr_train_013419,benign_sensitive,helpful_answer > hard_refusal,safe_completion
fr_train_013431,benign_sensitive,helpful_answer > hard_refusal,safe_completion
fr_train_013443,benign_sensitive,helpful_answer > hard_refusal,safe_completion
fr_train_013448,benign_sensitive,helpful_answer > hard_refusal,safe_completion
fr_train_013452,benign_sensitive,helpful_answer > hard_refusal,safe_completion
fr_train_013453,benign_sensitive,helpful_answer > hard_refusal,safe_completion
fr_train_013470,benign_sensitive,helpful_answer > hard_refusal,safe_completion
fr_train_013485,benign_sensitive,helpful_answer > hard_refusal,safe_completion
fr_train_013495,benign_sensitive,helpful_answer > hard_refusal,safe_completion
fr_train_013496,benign_sensitive,helpful_answer > hard_refusal,safe_completion
fr_train_013506,benign_sensitive,helpful_answer > hard_refusal,safe_completion
fr_train_013512,benign_sensitive,helpful_answer > hard_refusal,safe_completion
fr_train_013515,benign_sensitive,helpful_answer > hard_refusal,safe_completion
fr_train_013516,benign_sensitive,helpful_answer > hard_refusal,safe_completion
fr_train_013519,benign_sensitive,helpful_answer > hard_refusal,safe_completion
fr_train_013524,benign_sensitive,helpful_answer > hard_refusal,safe_completion
fr_train_013529,benign_sensitive,helpful_answer > hard_refusal,safe_completion
fr_train_013531,benign_sensitive,helpful_answer > hard_refusal,safe_completion
fr_train_013536,benign_sensitive,helpful_answer > hard_refusal,safe_completion
fr_train_013537,benign_sensitive,helpful_answer > hard_refusal,safe_completion
fr_train_013554,benign_sensitive,helpful_answer > hard_refusal,safe_completion
fr_train_013557,benign_sensitive,helpful_answer > hard_refusal,safe_completion
fr_train_013563,benign_sensitive,helpful_answer > hard_refusal,safe_completion
fr_train_013581,benign_sensitive,helpful_answer > hard_refusal,safe_completion
fr_train_013588,benign_sensitive,helpful_answer > hard_refusal,safe_completion
fr_train_013596,benign_sensitive,helpful_answer > hard_refusal,safe_completion
fr_train_013598,benign_sensitive,helpful_answer > hard_refusal,safe_completion
fr_train_013602,benign_sensitive,helpful_answer > hard_refusal,safe_completion
fr_train_013605,benign_sensitive,helpful_answer > hard_refusal,safe_completion
fr_train_013606,benign_sensitive,helpful_answer > hard_refusal,safe_completion
fr_train_013615,benign_sensitive,helpful_answer > hard_refusal,safe_completion
fr_train_013625,benign_sensitive,helpful_answer > hard_refusal,safe_completion
fr_train_013630,benign_sensitive,helpful_answer > hard_refusal,safe_completion
fr_train_013635,benign_sensitive,helpful_answer > hard_refusal,safe_completion
fr_train_013638,benign_sensitive,helpful_answer > hard_refusal,safe_completion
fr_train_013671,benign_sensitive,helpful_answer > hard_refusal,safe_completion
fr_train_013679,benign_sensitive,helpful_answer > hard_refusal,safe_completion
fr_train_013696,benign_sensitive,helpful_answer > hard_refusal,safe_completion
fr_train_013701,benign_sensitive,helpful_answer > hard_refusal,safe_completion
fr_train_013705,benign_sensitive,helpful_answer > hard_refusal,safe_completion
fr_train_013712,benign_sensitive,helpful_answer > hard_refusal,safe_completion
fr_train_013718,benign_sensitive,helpful_answer > hard_refusal,safe_completion
fr_train_013720,benign_sensitive,helpful_answer > hard_refusal,safe_completion
fr_train_013722,benign_sensitive,helpful_answer > hard_refusal,safe_completion
fr_train_013742,benign_sensitive,helpful_answer > hard_refusal,safe_completion
fr_train_013746,benign_sensitive,helpful_answer > hard_refusal,safe_completion
fr_train_013753,benign_sensitive,helpful_answer > hard_refusal,safe_completion
fr_train_013760,benign_sensitive,helpful_answer > hard_refusal,safe_completion
fr_train_013761,benign_sensitive,helpful_answer > hard_refusal,safe_completion
fr_train_013767,benign_sensitive,helpful_answer > hard_refusal,safe_completion
fr_train_013770,benign_sensitive,helpful_answer > hard_refusal,safe_completion
fr_train_013773,benign_sensitive,helpful_answer > hard_refusal,safe_completion
fr_train_013776,benign_sensitive,helpful_answer > hard_refusal,safe_completion
fr_train_013777,benign_sensitive,helpful_answer > hard_refusal,safe_completion
fr_train_013785,benign_sensitive,helpful_answer > hard_refusal,safe_completion
fr_train_013793,benign_sensitive,helpful_answer > hard_refusal,safe_completion
fr_train_013811,benign_sensitive,helpful_answer > hard_refusal,safe_completion
fr_train_013818,benign_sensitive,helpful_answer > hard_refusal,safe_completion
fr_train_013826,benign_sensitive,helpful_answer > hard_refusal,safe_completion
fr_train_013828,benign_sensitive,helpful_answer > hard_refusal,safe_completion
fr_train_013851,benign_sensitive,helpful_answer > hard_refusal,safe_completion
fr_train_013852,benign_sensitive,helpful_answer > hard_refusal,safe_completion
fr_train_013854,benign_sensitive,helpful_answer > hard_refusal,safe_completion
fr_train_013863,benign_sensitive,helpful_answer > hard_refusal,safe_completion
fr_train_013872,benign_sensitive,helpful_answer > hard_refusal,safe_completion
fr_train_013876,benign_sensitive,helpful_answer > hard_refusal,safe_completion
fr_train_013880,benign_sensitive,helpful_answer > hard_refusal,safe_completion
fr_train_013882,benign_sensitive,helpful_answer > hard_refusal,safe_completion
fr_train_013898,benign_sensitive,helpful_answer > hard_refusal,safe_completion
fr_train_013899,benign_sensitive,helpful_answer > hard_refusal,safe_completion
fr_train_013907,benign_sensitive,helpful_answer > hard_refusal,safe_completion
fr_train_013909,benign_sensitive,helpful_answer > hard_refusal,safe_completion
fr_train_013911,benign_sensitive,helpful_answer > hard_refusal,safe_completion
fr_train_013914,benign_sensitive,helpful_answer > hard_refusal,safe_completion
fr_train_013924,benign_sensitive,helpful_answer > hard_refusal,safe_completion
fr_train_013938,benign_sensitive,helpful_answer > hard_refusal,safe_completion
fr_train_013939,benign_sensitive,helpful_answer > hard_refusal,safe_completion
fr_train_013944,benign_sensitive,helpful_answer > hard_refusal,safe_completion
fr_train_013954,benign_sensitive,helpful_answer > hard_refusal,safe_completion
fr_train_013959,benign_sensitive,helpful_answer > hard_refusal,safe_completion
fr_train_013968,benign_sensitive,helpful_answer > hard_refusal,safe_completion
fr_train_013975,benign_sensitive,helpful_answer > hard_refusal,safe_completion
fr_train_013977,benign_sensitive,helpful_answer > hard_refusal,safe_completion
fr_train_013978,benign_sensitive,helpful_answer > hard_refusal,safe_completion
fr_train_014000,benign_sensitive,helpful_answer > hard_refusal,safe_completion
fr_train_014014,benign_sensitive,helpful_answer > hard_refusal,safe_completion
fr_train_014027,benign_sensitive,helpful_answer > hard_refusal,safe_completion
fr_train_014040,benign_sensitive,helpful_answer > hard_refusal,safe_completion
fr_train_014048,benign_sensitive,helpful_answer > hard_refusal,safe_completion
fr_train_014052,benign_sensitive,helpful_answer > hard_refusal,safe_completion
fr_train_014054,benign_sensitive,helpful_answer > hard_refusal,safe_completion
fr_train_014058,benign_sensitive,helpful_answer > hard_refusal,safe_completion
fr_train_014065,benign_sensitive,helpful_answer > hard_refusal,safe_completion
fr_train_014080,benign_sensitive,helpful_answer > hard_refusal,safe_completion
fr_train_014083,benign_sensitive,helpful_answer > hard_refusal,safe_completion
fr_train_014097,benign_sensitive,helpful_answer > hard_refusal,safe_completion
fr_train_014102,benign_sensitive,helpful_answer > hard_refusal,safe_completion
fr_train_014107,benign_sensitive,helpful_answer > hard_refusal,safe_completion
fr_train_014108,benign_sensitive,helpful_answer > hard_refusal,safe_completion
fr_train_014113,benign_sensitive,helpful_answer > hard_refusal,safe_completion
fr_train_014118,benign_sensitive,helpful_answer > hard_refusal,safe_completion
fr_train_014151,benign_sensitive,helpful_answer > hard_refusal,safe_completion
fr_train_014154,benign_sensitive,helpful_answer > hard_refusal,safe_completion
fr_train_014158,benign_sensitive,helpful_answer > hard_refusal,safe_completion
fr_train_014161,benign_sensitive,helpful_answer > hard_refusal,safe_completion
fr_train_014164,benign_sensitive,helpful_answer > hard_refusal,safe_completion
fr_train_014167,benign_sensitive,helpful_answer > hard_refusal,safe_completion
fr_train_014172,benign_sensitive,helpful_answer > hard_refusal,safe_completion
fr_train_014174,benign_sensitive,helpful_answer > hard_refusal,safe_completion
fr_train_014186,benign_sensitive,helpful_answer > hard_refusal,safe_completion
fr_train_014191,benign_sensitive,helpful_answer > hard_refusal,safe_completion
fr_train_014192,benign_sensitive,helpful_answer > hard_refusal,safe_completion
fr_train_014193,benign_sensitive,helpful_answer > hard_refusal,safe_completion
fr_train_014195,benign_sensitive,helpful_answer > hard_refusal,safe_completion
fr_train_014201,benign_sensitive,helpful_answer > hard_refusal,safe_completion
fr_train_014217,benign_sensitive,helpful_answer > hard_refusal,safe_completion
fr_train_014230,benign_sensitive,helpful_answer > hard_refusal,safe_completion
fr_train_014232,benign_sensitive,helpful_answer > hard_refusal,safe_completion
fr_train_014235,benign_sensitive,helpful_answer > hard_refusal,safe_completion
fr_train_014246,benign_sensitive,helpful_answer > hard_refusal,safe_completion
fr_train_014252,benign_sensitive,helpful_answer > hard_refusal,safe_completion
fr_train_014264,benign_sensitive,helpful_answer > hard_refusal,safe_completion
fr_train_014266,benign_sensitive,helpful_answer > hard_refusal,safe_completion
fr_train_014272,benign_sensitive,helpful_answer > hard_refusal,safe_completion
fr_train_014284,benign_sensitive,helpful_answer > hard_refusal,safe_completion
fr_train_014293,benign_sensitive,helpful_answer > hard_refusal,safe_completion
fr_train_014300,benign_sensitive,helpful_answer > hard_refusal,safe_completion
fr_train_014305,benign_sensitive,helpful_answer > hard_refusal,safe_completion
fr_train_014307,benign_sensitive,helpful_answer > hard_refusal,safe_completion
fr_train_014310,benign_sensitive,helpful_answer > hard_refusal,safe_completion
fr_train_014323,benign_sensitive,helpful_answer > hard_refusal,safe_completion
fr_train_014324,benign_sensitive,helpful_answer > hard_refusal,safe_completion
fr_train_014325,benign_sensitive,helpful_answer > hard_refusal,safe_completion
fr_train_014331,benign_sensitive,helpful_answer > hard_refusal,safe_completion
fr_train_014341,benign_sensitive,helpful_answer > hard_refusal,safe_completion
fr_train_014348,benign_sensitive,helpful_answer > hard_refusal,safe_completion
fr_train_014359,benign_sensitive,helpful_answer > hard_refusal,safe_completion
fr_train_014391,benign_sensitive,helpful_answer > hard_refusal,safe_completion
fr_train_014435,benign_sensitive,helpful_answer > hard_refusal,safe_completion
fr_train_014437,benign_sensitive,helpful_answer > hard_refusal,safe_completion
fr_train_014440,benign_sensitive,helpful_answer > hard_refusal,safe_completion
fr_train_014448,benign_sensitive,helpful_answer > hard_refusal,safe_completion
fr_train_014457,benign_sensitive,helpful_answer > hard_refusal,safe_completion
fr_train_014461,benign_sensitive,helpful_answer > hard_refusal,safe_completion
fr_train_014469,benign_sensitive,helpful_answer > hard_refusal,safe_completion
fr_train_014471,benign_sensitive,helpful_answer > hard_refusal,safe_completion
fr_train_014496,benign_sensitive,helpful_answer > hard_refusal,safe_completion
fr_train_014500,benign_sensitive,helpful_answer > hard_refusal,safe_completion
fr_train_014501,benign_sensitive,helpful_answer > hard_refusal,safe_completion
fr_train_014503,benign_sensitive,helpful_answer > hard_refusal,safe_completion
fr_train_014516,benign_sensitive,helpful_answer > hard_refusal,safe_completion
fr_train_014519,benign_sensitive,helpful_answer > hard_refusal,safe_completion
fr_train_014533,benign_sensitive,helpful_answer > hard_refusal,safe_completion
fr_train_014536,benign_sensitive,helpful_answer > hard_refusal,safe_completion
fr_train_014551,benign_sensitive,helpful_answer > hard_refusal,safe_completion
fr_train_014558,benign_sensitive,helpful_answer > hard_refusal,safe_completion
fr_train_014577,benign_sensitive,helpful_answer > hard_refusal,safe_completion
fr_train_014586,benign_sensitive,helpful_answer > hard_refusal,safe_completion
fr_train_014590,benign_sensitive,helpful_answer > hard_refusal,safe_completion
fr_train_014591,benign_sensitive,helpful_answer > hard_refusal,safe_completion
fr_train_014595,benign_sensitive,helpful_answer > hard_refusal,safe_completion
fr_train_014607,benign_sensitive,helpful_answer > hard_refusal,safe_completion
fr_train_014608,benign_sensitive,helpful_answer > hard_refusal,safe_completion
fr_train_014615,benign_sensitive,helpful_answer > hard_refusal,safe_completion
fr_train_014620,benign_sensitive,helpful_answer > hard_refusal,safe_completion
