prompt_id,response_type,n_response_types,response_type_signature,category,source
alpaca_train_000010,"['hard_refusal', 'helpful_answer']",2,hard_refusal + helpful_answer,benign,alpaca
alpaca_train_000028,"['hard_refusal', 'helpful_answer']",2,hard_refusal + helpful_answer,benign,alpaca
alpaca_train_000078,"['hard_refusal', 'helpful_answer']",2,hard_refusal + helpful_answer,benign,alpaca
alpaca_train_000082,"['hard_refusal', 'helpful_answer']",2,hard_refusal + helpful_answer,benign,alpaca
alpaca_train_000096,"['hard_refusal', 'helpful_answer']",2,hard_refusal + helpful_answer,benign,alpaca
alpaca_train_000167,"['hard_refusal', 'helpful_answer']",2,hard_refusal + helpful_answer,benign,alpaca
alpaca_train_000183,"['hard_refusal', 'helpful_answer']",2,hard_refusal + helpful_answer,benign,alpaca
alpaca_train_000191,"['hard_refusal', 'helpful_answer']",2,hard_refusal + helpful_answer,benign,alpaca
alpaca_train_000243,"['hard_refusal', 'helpful_answer']",2,hard_refusal + helpful_answer,benign,alpaca
alpaca_train_000326,"['hard_refusal', 'helpful_answer']",2,hard_refusal + helpful_answer,benign,alpaca
alpaca_train_000383,"['hard_refusal', 'helpful_answer']",2,hard_refusal + helpful_answer,benign,alpaca
alpaca_train_000408,"['hard_refusal', 'helpful_answer']",2,hard_refusal + helpful_answer,benign,alpaca
alpaca_train_000443,"['hard_refusal', 'helpful_answer']",2,hard_refusal + helpful_answer,benign,alpaca
alpaca_train_000510,"['hard_refusal', 'helpful_answer']",2,hard_refusal + helpful_answer,benign,alpaca
alpaca_train_000523,"['hard_refusal', 'helpful_answer']",2,hard_refusal + helpful_answer,benign,alpaca
alpaca_train_000679,"['hard_refusal', 'helpful_answer']",2,hard_refusal + helpful_answer,benign,alpaca
alpaca_train_000695,"['hard_refusal', 'helpful_answer']",2,hard_refusal + helpful_answer,benign,alpaca
alpaca_train_000723,"['hard_refusal', 'helpful_answer']",2,hard_refusal + helpful_answer,benign,alpaca
alpaca_train_000747,"['hard_refusal', 'helpful_answer']",2,hard_refusal + helpful_answer,benign,alpaca
alpaca_train_000770,"['hard_refusal', 'helpful_answer']",2,hard_refusal + helpful_answer,benign,alpaca
alpaca_train_000771,"['hard_refusal', 'helpful_answer']",2,hard_refusal + helpful_answer,benign,alpaca
alpaca_train_000790,"['hard_refusal', 'helpful_answer']",2,hard_refusal + helpful_answer,benign,alpaca
alpaca_train_000819,"['hard_refusal', 'helpful_answer']",2,hard_refusal + helpful_answer,benign,alpaca
alpaca_train_000836,"['hard_refusal', 'helpful_answer']",2,hard_refusal + helpful_answer,benign,alpaca
alpaca_train_000911,"['hard_refusal', 'helpful_answer']",2,hard_refusal + helpful_answer,benign,alpaca
alpaca_train_001092,"['hard_refusal', 'helpful_answer']",2,hard_refusal + helpful_answer,benign,alpaca
alpaca_train_001101,"['hard_refusal', 'helpful_answer']",2,hard_refusal + helpful_answer,benign,alpaca
alpaca_train_001171,"['hard_refusal', 'helpful_answer']",2,hard_refusal + helpful_answer,benign,alpaca
alpaca_train_001211,"['hard_refusal', 'helpful_answer']",2,hard_refusal + helpful_answer,benign,alpaca
alpaca_train_001240,"['hard_refusal', 'helpful_answer']",2,hard_refusal + helpful_answer,benign,alpaca
alpaca_train_001279,"['hard_refusal', 'helpful_answer']",2,hard_refusal + helpful_answer,benign,alpaca
alpaca_train_001306,"['hard_refusal', 'helpful_answer']",2,hard_refusal + helpful_answer,benign,alpaca
alpaca_train_001355,"['hard_refusal', 'helpful_answer']",2,hard_refusal + helpful_answer,benign,alpaca
alpaca_train_001460,"['hard_refusal', 'helpful_answer']",2,hard_refusal + helpful_answer,benign,alpaca
alpaca_train_001462,"['hard_refusal', 'helpful_answer']",2,hard_refusal + helpful_answer,benign,alpaca
alpaca_train_001481,"['hard_refusal', 'helpful_answer']",2,hard_refusal + helpful_answer,benign,alpaca
alpaca_train_001520,"['hard_refusal', 'helpful_answer']",2,hard_refusal + helpful_answer,benign,alpaca
alpaca_train_001533,"['hard_refusal', 'helpful_answer']",2,hard_refusal + helpful_answer,benign,alpaca
alpaca_train_001580,"['hard_refusal', 'helpful_answer']",2,hard_refusal + helpful_answer,benign,alpaca
alpaca_train_001600,"['hard_refusal', 'helpful_answer']",2,hard_refusal + helpful_answer,benign,alpaca
alpaca_train_001656,"['hard_refusal', 'helpful_answer']",2,hard_refusal + helpful_answer,benign,alpaca
alpaca_train_001673,"['hard_refusal', 'helpful_answer']",2,hard_refusal + helpful_answer,benign,alpaca
alpaca_train_001689,"['hard_refusal', 'helpful_answer']",2,hard_refusal + helpful_answer,benign,alpaca
alpaca_train_001779,"['hard_refusal', 'helpful_answer']",2,hard_refusal + helpful_answer,benign,alpaca
alpaca_train_001791,"['hard_refusal', 'helpful_answer']",2,hard_refusal + helpful_answer,benign,alpaca
alpaca_train_001795,"['hard_refusal', 'helpful_answer']",2,hard_refusal + helpful_answer,benign,alpaca
alpaca_train_001818,"['hard_refusal', 'helpful_answer']",2,hard_refusal + helpful_answer,benign,alpaca
alpaca_train_001868,"['hard_refusal', 'helpful_answer']",2,hard_refusal + helpful_answer,benign,alpaca
alpaca_train_001896,"['hard_refusal', 'helpful_answer']",2,hard_refusal + helpful_answer,benign,alpaca
alpaca_train_001910,"['hard_refusal', 'helpful_answer']",2,hard_refusal + helpful_answer,benign,alpaca
alpaca_train_001929,"['hard_refusal', 'helpful_answer']",2,hard_refusal + helpful_answer,benign,alpaca
alpaca_train_001938,"['hard_refusal', 'helpful_answer']",2,hard_refusal + helpful_answer,benign,alpaca
alpaca_train_002032,"['hard_refusal', 'helpful_answer']",2,hard_refusal + helpful_answer,benign,alpaca
alpaca_train_002089,"['hard_refusal', 'helpful_answer']",2,hard_refusal + helpful_answer,benign,alpaca
alpaca_train_002128,"['hard_refusal', 'helpful_answer']",2,hard_refusal + helpful_answer,benign,alpaca
alpaca_train_002131,"['hard_refusal', 'helpful_answer']",2,hard_refusal + helpful_answer,benign,alpaca
alpaca_train_002163,"['hard_refusal', 'helpful_answer']",2,hard_refusal + helpful_answer,benign,alpaca
alpaca_train_002185,"['hard_refusal', 'helpful_answer']",2,hard_refusal + helpful_answer,benign,alpaca
alpaca_train_002266,"['hard_refusal', 'helpful_answer']",2,hard_refusal + helpful_answer,benign,alpaca
alpaca_train_002283,"['hard_refusal', 'helpful_answer']",2,hard_refusal + helpful_answer,benign,alpaca
alpaca_train_002352,"['hard_refusal', 'helpful_answer']",2,hard_refusal + helpful_answer,benign,alpaca
alpaca_train_002361,"['hard_refusal', 'helpful_answer']",2,hard_refusal + helpful_answer,benign,alpaca
alpaca_train_002369,"['hard_refusal', 'helpful_answer']",2,hard_refusal + helpful_answer,benign,alpaca
alpaca_train_002409,"['hard_refusal', 'helpful_answer']",2,hard_refusal + helpful_answer,benign,alpaca
alpaca_train_002414,"['hard_refusal', 'helpful_answer']",2,hard_refusal + helpful_answer,benign,alpaca
alpaca_train_002468,"['hard_refusal', 'helpful_answer']",2,hard_refusal + helpful_answer,benign,alpaca
alpaca_train_002493,"['hard_refusal', 'helpful_answer']",2,hard_refusal + helpful_answer,benign,alpaca
alpaca_train_002582,"['hard_refusal', 'helpful_answer']",2,hard_refusal + helpful_answer,benign,alpaca
alpaca_train_002616,"['hard_refusal', 'helpful_answer']",2,hard_refusal + helpful_answer,benign,alpaca
alpaca_train_002623,"['hard_refusal', 'helpful_answer']",2,hard_refusal + helpful_answer,benign,alpaca
alpaca_train_002632,"['hard_refusal', 'helpful_answer']",2,hard_refusal + helpful_answer,benign,alpaca
alpaca_train_002691,"['hard_refusal', 'helpful_answer']",2,hard_refusal + helpful_answer,benign,alpaca
alpaca_train_002697,"['hard_refusal', 'helpful_answer']",2,hard_refusal + helpful_answer,benign,alpaca
alpaca_train_002732,"['hard_refusal', 'helpful_answer']",2,hard_refusal + helpful_answer,benign,alpaca
alpaca_train_002733,"['hard_refusal', 'helpful_answer']",2,hard_refusal + helpful_answer,benign,alpaca
alpaca_train_002752,"['hard_refusal', 'helpful_answer']",2,hard_refusal + helpful_answer,benign,alpaca
alpaca_train_002796,"['hard_refusal', 'helpful_answer']",2,hard_refusal + helpful_answer,benign,alpaca
alpaca_train_002805,"['hard_refusal', 'helpful_answer']",2,hard_refusal + helpful_answer,benign,alpaca
alpaca_train_002911,"['hard_refusal', 'helpful_answer']",2,hard_refusal + helpful_answer,benign,alpaca
alpaca_train_002979,"['hard_refusal', 'helpful_answer']",2,hard_refusal + helpful_answer,benign,alpaca
alpaca_train_002992,"['hard_refusal', 'helpful_answer']",2,hard_refusal + helpful_answer,benign,alpaca
alpaca_train_003012,"['hard_refusal', 'helpful_answer']",2,hard_refusal + helpful_answer,benign,alpaca
alpaca_train_003020,"['hard_refusal', 'helpful_answer']",2,hard_refusal + helpful_answer,benign,alpaca
alpaca_train_003021,"['hard_refusal', 'helpful_answer']",2,hard_refusal + helpful_answer,benign,alpaca
alpaca_train_003031,"['hard_refusal', 'helpful_answer']",2,hard_refusal + helpful_answer,benign,alpaca
alpaca_train_003162,"['hard_refusal', 'helpful_answer']",2,hard_refusal + helpful_answer,benign,alpaca
alpaca_train_003186,"['hard_refusal', 'helpful_answer']",2,hard_refusal + helpful_answer,benign,alpaca
alpaca_train_003264,"['hard_refusal', 'helpful_answer']",2,hard_refusal + helpful_answer,benign,alpaca
alpaca_train_003328,"['hard_refusal', 'helpful_answer']",2,hard_refusal + helpful_answer,benign,alpaca
alpaca_train_003345,"['hard_refusal', 'helpful_answer']",2,hard_refusal + helpful_answer,benign,alpaca
alpaca_train_003411,"['hard_refusal', 'helpful_answer']",2,hard_refusal + helpful_answer,benign,alpaca
alpaca_train_003441,"['hard_refusal', 'helpful_answer']",2,hard_refusal + helpful_answer,benign,alpaca
alpaca_train_003450,"['hard_refusal', 'helpful_answer']",2,hard_refusal + helpful_answer,benign,alpaca
alpaca_train_003503,"['hard_refusal', 'helpful_answer']",2,hard_refusal + helpful_answer,benign,alpaca
alpaca_train_003550,"['hard_refusal', 'helpful_answer']",2,hard_refusal + helpful_answer,benign,alpaca
alpaca_train_003594,"['hard_refusal', 'helpful_answer']",2,hard_refusal + helpful_answer,benign,alpaca
alpaca_train_003604,"['hard_refusal', 'helpful_answer']",2,hard_refusal + helpful_answer,benign,alpaca
alpaca_train_003622,"['hard_refusal', 'helpful_answer']",2,hard_refusal + helpful_answer,benign,alpaca
alpaca_train_003647,"['hard_refusal', 'helpful_answer']",2,hard_refusal + helpful_answer,benign,alpaca
alpaca_train_003650,"['hard_refusal', 'helpful_answer']",2,hard_refusal + helpful_answer,benign,alpaca
alpaca_train_003717,"['hard_refusal', 'helpful_answer']",2,hard_refusal + helpful_answer,benign,alpaca
alpaca_train_003757,"['hard_refusal', 'helpful_answer']",2,hard_refusal + helpful_answer,benign,alpaca
alpaca_train_003769,"['hard_refusal', 'helpful_answer']",2,hard_refusal + helpful_answer,benign,alpaca
alpaca_train_003770,"['hard_refusal', 'helpful_answer']",2,hard_refusal + helpful_answer,benign,alpaca
alpaca_train_003795,"['hard_refusal', 'helpful_answer']",2,hard_refusal + helpful_answer,benign,alpaca
alpaca_train_003819,"['hard_refusal', 'helpful_answer']",2,hard_refusal + helpful_answer,benign,alpaca
alpaca_train_003933,"['hard_refusal', 'helpful_answer']",2,hard_refusal + helpful_answer,benign,alpaca
alpaca_train_003934,"['hard_refusal', 'helpful_answer']",2,hard_refusal + helpful_answer,benign,alpaca
alpaca_train_003936,"['hard_refusal', 'helpful_answer']",2,hard_refusal + helpful_answer,benign,alpaca
alpaca_train_003937,"['hard_refusal', 'helpful_answer']",2,hard_refusal + helpful_answer,benign,alpaca
alpaca_train_003942,"['hard_refusal', 'helpful_answer']",2,hard_refusal + helpful_answer,benign,alpaca
alpaca_train_003944,"['hard_refusal', 'helpful_answer']",2,hard_refusal + helpful_answer,benign,alpaca
alpaca_train_003972,"['hard_refusal', 'helpful_answer']",2,hard_refusal + helpful_answer,benign,alpaca
alpaca_train_003994,"['hard_refusal', 'helpful_answer']",2,hard_refusal + helpful_answer,benign,alpaca
alpaca_train_004129,"['hard_refusal', 'helpful_answer']",2,hard_refusal + helpful_answer,benign,alpaca
alpaca_train_004181,"['hard_refusal', 'helpful_answer']",2,hard_refusal + helpful_answer,benign,alpaca
alpaca_train_004202,"['hard_refusal', 'helpful_answer']",2,hard_refusal + helpful_answer,benign,alpaca
alpaca_train_004209,"['hard_refusal', 'helpful_answer']",2,hard_refusal + helpful_answer,benign,alpaca
alpaca_train_004220,"['hard_refusal', 'helpful_answer']",2,hard_refusal + helpful_answer,benign,alpaca
alpaca_train_004243,"['hard_refusal', 'helpful_answer']",2,hard_refusal + helpful_answer,benign,alpaca
alpaca_train_004284,"['hard_refusal', 'helpful_answer']",2,hard_refusal + helpful_answer,benign,alpaca
alpaca_train_004331,"['hard_refusal', 'helpful_answer']",2,hard_refusal + helpful_answer,benign,alpaca
alpaca_train_004341,"['hard_refusal', 'helpful_answer']",2,hard_refusal + helpful_answer,benign,alpaca
alpaca_train_004357,"['hard_refusal', 'helpful_answer']",2,hard_refusal + helpful_answer,benign,alpaca
alpaca_train_004360,"['hard_refusal', 'helpful_answer']",2,hard_refusal + helpful_answer,benign,alpaca
alpaca_train_004372,"['hard_refusal', 'helpful_answer']",2,hard_refusal + helpful_answer,benign,alpaca
alpaca_train_004384,"['hard_refusal', 'helpful_answer']",2,hard_refusal + helpful_answer,benign,alpaca
alpaca_train_004387,"['hard_refusal', 'helpful_answer']",2,hard_refusal + helpful_answer,benign,alpaca
alpaca_train_004438,"['hard_refusal', 'helpful_answer']",2,hard_refusal + helpful_answer,benign,alpaca
alpaca_train_004456,"['hard_refusal', 'helpful_answer']",2,hard_refusal + helpful_answer,benign,alpaca
alpaca_train_004550,"['hard_refusal', 'helpful_answer']",2,hard_refusal + helpful_answer,benign,alpaca
alpaca_train_004591,"['hard_refusal', 'helpful_answer']",2,hard_refusal + helpful_answer,benign,alpaca
alpaca_train_004653,"['hard_refusal', 'helpful_answer']",2,hard_refusal + helpful_answer,benign,alpaca
alpaca_train_004671,"['hard_refusal', 'helpful_answer']",2,hard_refusal + helpful_answer,benign,alpaca
alpaca_train_004693,"['hard_refusal', 'helpful_answer']",2,hard_refusal + helpful_answer,benign,alpaca
alpaca_train_004751,"['hard_refusal', 'helpful_answer']",2,hard_refusal + helpful_answer,benign,alpaca
alpaca_train_004789,"['hard_refusal', 'helpful_answer']",2,hard_refusal + helpful_answer,benign,alpaca
alpaca_train_004819,"['hard_refusal', 'helpful_answer']",2,hard_refusal + helpful_answer,benign,alpaca
alpaca_train_004831,"['hard_refusal', 'helpful_answer']",2,hard_refusal + helpful_answer,benign,alpaca
alpaca_train_004843,"['hard_refusal', 'helpful_answer']",2,hard_refusal + helpful_answer,benign,alpaca
alpaca_train_004860,"['hard_refusal', 'helpful_answer']",2,hard_refusal + helpful_answer,benign,alpaca
alpaca_train_004876,"['hard_refusal', 'helpful_answer']",2,hard_refusal + helpful_answer,benign,alpaca
alpaca_train_004896,"['hard_refusal', 'helpful_answer']",2,hard_refusal + helpful_answer,benign,alpaca
alpaca_train_004947,"['hard_refusal', 'helpful_answer']",2,hard_refusal + helpful_answer,benign,alpaca
alpaca_train_004998,"['hard_refusal', 'helpful_answer']",2,hard_refusal + helpful_answer,benign,alpaca
alpaca_train_005017,"['hard_refusal', 'helpful_answer']",2,hard_refusal + helpful_answer,benign,alpaca
alpaca_train_005031,"['hard_refusal', 'helpful_answer']",2,hard_refusal + helpful_answer,benign,alpaca
alpaca_train_005065,"['hard_refusal', 'helpful_answer']",2,hard_refusal + helpful_answer,benign,alpaca
alpaca_train_005140,"['hard_refusal', 'helpful_answer']",2,hard_refusal + helpful_answer,benign,alpaca
alpaca_train_005188,"['hard_refusal', 'helpful_answer']",2,hard_refusal + helpful_answer,benign,alpaca
alpaca_train_005220,"['hard_refusal', 'helpful_answer']",2,hard_refusal + helpful_answer,benign,alpaca
alpaca_train_005238,"['hard_refusal', 'helpful_answer']",2,hard_refusal + helpful_answer,benign,alpaca
alpaca_train_005255,"['hard_refusal', 'helpful_answer']",2,hard_refusal + helpful_answer,benign,alpaca
alpaca_train_005277,"['hard_refusal', 'helpful_answer']",2,hard_refusal + helpful_answer,benign,alpaca
alpaca_train_005356,"['hard_refusal', 'helpful_answer']",2,hard_refusal + helpful_answer,benign,alpaca
alpaca_train_005377,"['hard_refusal', 'helpful_answer']",2,hard_refusal + helpful_answer,benign,alpaca
alpaca_train_005444,"['hard_refusal', 'helpful_answer']",2,hard_refusal + helpful_answer,benign,alpaca
alpaca_train_005446,"['hard_refusal', 'helpful_answer']",2,hard_refusal + helpful_answer,benign,alpaca
alpaca_train_005527,"['hard_refusal', 'helpful_answer']",2,hard_refusal + helpful_answer,benign,alpaca
alpaca_train_005535,"['hard_refusal', 'helpful_answer']",2,hard_refusal + helpful_answer,benign,alpaca
alpaca_train_005551,"['hard_refusal', 'helpful_answer']",2,hard_refusal + helpful_answer,benign,alpaca
alpaca_train_005598,"['hard_refusal', 'helpful_answer']",2,hard_refusal + helpful_answer,benign,alpaca
alpaca_train_005697,"['hard_refusal', 'helpful_answer']",2,hard_refusal + helpful_answer,benign,alpaca
alpaca_train_005715,"['hard_refusal', 'helpful_answer']",2,hard_refusal + helpful_answer,benign,alpaca
alpaca_train_005760,"['hard_refusal', 'helpful_answer']",2,hard_refusal + helpful_answer,benign,alpaca
alpaca_train_005769,"['hard_refusal', 'helpful_answer']",2,hard_refusal + helpful_answer,benign,alpaca
alpaca_train_005781,"['hard_refusal', 'helpful_answer']",2,hard_refusal + helpful_answer,benign,alpaca
alpaca_train_005811,"['hard_refusal', 'helpful_answer']",2,hard_refusal + helpful_answer,benign,alpaca
alpaca_train_005816,"['hard_refusal', 'helpful_answer']",2,hard_refusal + helpful_answer,benign,alpaca
alpaca_train_005858,"['hard_refusal', 'helpful_answer']",2,hard_refusal + helpful_answer,benign,alpaca
alpaca_train_005874,"['hard_refusal', 'helpful_answer']",2,hard_refusal + helpful_answer,benign,alpaca
alpaca_train_005915,"['hard_refusal', 'helpful_answer']",2,hard_refusal + helpful_answer,benign,alpaca
alpaca_train_005935,"['hard_refusal', 'helpful_answer']",2,hard_refusal + helpful_answer,benign,alpaca
alpaca_train_005952,"['hard_refusal', 'helpful_answer']",2,hard_refusal + helpful_answer,benign,alpaca
alpaca_train_005972,"['hard_refusal', 'helpful_answer']",2,hard_refusal + helpful_answer,benign,alpaca
alpaca_train_006012,"['hard_refusal', 'helpful_answer']",2,hard_refusal + helpful_answer,benign,alpaca
alpaca_train_006028,"['hard_refusal', 'helpful_answer']",2,hard_refusal + helpful_answer,benign,alpaca
alpaca_train_006029,"['hard_refusal', 'helpful_answer']",2,hard_refusal + helpful_answer,benign,alpaca
alpaca_train_006091,"['hard_refusal', 'helpful_answer']",2,hard_refusal + helpful_answer,benign,alpaca
alpaca_train_006184,"['hard_refusal', 'helpful_answer']",2,hard_refusal + helpful_answer,benign,alpaca
alpaca_train_006193,"['hard_refusal', 'helpful_answer']",2,hard_refusal + helpful_answer,benign,alpaca
alpaca_train_006204,"['hard_refusal', 'helpful_answer']",2,hard_refusal + helpful_answer,benign,alpaca
alpaca_train_006219,"['hard_refusal', 'helpful_answer']",2,hard_refusal + helpful_answer,benign,alpaca
alpaca_train_006247,"['hard_refusal', 'helpful_answer']",2,hard_refusal + helpful_answer,benign,alpaca
alpaca_train_006257,"['hard_refusal', 'helpful_answer']",2,hard_refusal + helpful_answer,benign,alpaca
alpaca_train_006280,"['hard_refusal', 'helpful_answer']",2,hard_refusal + helpful_answer,benign,alpaca
alpaca_train_006339,"['hard_refusal', 'helpful_answer']",2,hard_refusal + helpful_answer,benign,alpaca
alpaca_train_006348,"['hard_refusal', 'helpful_answer']",2,hard_refusal + helpful_answer,benign,alpaca
alpaca_train_006355,"['hard_refusal', 'helpful_answer']",2,hard_refusal + helpful_answer,benign,alpaca
alpaca_train_006356,"['hard_refusal', 'helpful_answer']",2,hard_refusal + helpful_answer,benign,alpaca
alpaca_train_006394,"['hard_refusal', 'helpful_answer']",2,hard_refusal + helpful_answer,benign,alpaca
alpaca_train_006420,"['hard_refusal', 'helpful_answer']",2,hard_refusal + helpful_answer,benign,alpaca
alpaca_train_006515,"['hard_refusal', 'helpful_answer']",2,hard_refusal + helpful_answer,benign,alpaca
alpaca_train_006602,"['hard_refusal', 'helpful_answer']",2,hard_refusal + helpful_answer,benign,alpaca
alpaca_train_006696,"['hard_refusal', 'helpful_answer']",2,hard_refusal + helpful_answer,benign,alpaca
alpaca_train_006750,"['hard_refusal', 'helpful_answer']",2,hard_refusal + helpful_answer,benign,alpaca
alpaca_train_006752,"['hard_refusal', 'helpful_answer']",2,hard_refusal + helpful_answer,benign,alpaca
alpaca_train_006761,"['hard_refusal', 'helpful_answer']",2,hard_refusal + helpful_answer,benign,alpaca
alpaca_train_006794,"['hard_refusal', 'helpful_answer']",2,hard_refusal + helpful_answer,benign,alpaca
alpaca_train_006817,"['hard_refusal', 'helpful_answer']",2,hard_refusal + helpful_answer,benign,alpaca
alpaca_train_006823,"['hard_refusal', 'helpful_answer']",2,hard_refusal + helpful_answer,benign,alpaca
alpaca_train_006824,"['hard_refusal', 'helpful_answer']",2,hard_refusal + helpful_answer,benign,alpaca
alpaca_train_006848,"['hard_refusal', 'helpful_answer']",2,hard_refusal + helpful_answer,benign,alpaca
alpaca_train_006896,"['hard_refusal', 'helpful_answer']",2,hard_refusal + helpful_answer,benign,alpaca
alpaca_train_006968,"['hard_refusal', 'helpful_answer']",2,hard_refusal + helpful_answer,benign,alpaca
alpaca_train_006988,"['hard_refusal', 'helpful_answer']",2,hard_refusal + helpful_answer,benign,alpaca
alpaca_train_007033,"['hard_refusal', 'helpful_answer']",2,hard_refusal + helpful_answer,benign,alpaca
alpaca_train_007073,"['hard_refusal', 'helpful_answer']",2,hard_refusal + helpful_answer,benign,alpaca
alpaca_train_007086,"['hard_refusal', 'helpful_answer']",2,hard_refusal + helpful_answer,benign,alpaca
alpaca_train_007095,"['hard_refusal', 'helpful_answer']",2,hard_refusal + helpful_answer,benign,alpaca
alpaca_train_007150,"['hard_refusal', 'helpful_answer']",2,hard_refusal + helpful_answer,benign,alpaca
alpaca_train_007206,"['hard_refusal', 'helpful_answer']",2,hard_refusal + helpful_answer,benign,alpaca
alpaca_train_007260,"['hard_refusal', 'helpful_answer']",2,hard_refusal + helpful_answer,benign,alpaca
alpaca_train_007262,"['hard_refusal', 'helpful_answer']",2,hard_refusal + helpful_answer,benign,alpaca
alpaca_train_007285,"['hard_refusal', 'helpful_answer']",2,hard_refusal + helpful_answer,benign,alpaca
alpaca_train_007295,"['hard_refusal', 'helpful_answer']",2,hard_refusal + helpful_answer,benign,alpaca
alpaca_train_007332,"['hard_refusal', 'helpful_answer']",2,hard_refusal + helpful_answer,benign,alpaca
alpaca_train_007360,"['hard_refusal', 'helpful_answer']",2,hard_refusal + helpful_answer,benign,alpaca
alpaca_train_007368,"['hard_refusal', 'helpful_answer']",2,hard_refusal + helpful_answer,benign,alpaca
alpaca_train_007374,"['hard_refusal', 'helpful_answer']",2,hard_refusal + helpful_answer,benign,alpaca
alpaca_train_007418,"['hard_refusal', 'helpful_answer']",2,hard_refusal + helpful_answer,benign,alpaca
alpaca_train_007438,"['hard_refusal', 'helpful_answer']",2,hard_refusal + helpful_answer,benign,alpaca
alpaca_train_007445,"['hard_refusal', 'helpful_answer']",2,hard_refusal + helpful_answer,benign,alpaca
alpaca_train_007450,"['hard_refusal', 'helpful_answer']",2,hard_refusal + helpful_answer,benign,alpaca
alpaca_train_007499,"['hard_refusal', 'helpful_answer']",2,hard_refusal + helpful_answer,benign,alpaca
alpaca_train_007501,"['hard_refusal', 'helpful_answer']",2,hard_refusal + helpful_answer,benign,alpaca
alpaca_train_007544,"['hard_refusal', 'helpful_answer']",2,hard_refusal + helpful_answer,benign,alpaca
alpaca_train_007643,"['hard_refusal', 'helpful_answer']",2,hard_refusal + helpful_answer,benign,alpaca
alpaca_train_007644,"['hard_refusal', 'helpful_answer']",2,hard_refusal + helpful_answer,benign,alpaca
alpaca_train_007731,"['hard_refusal', 'helpful_answer']",2,hard_refusal + helpful_answer,benign,alpaca
alpaca_train_007774,"['hard_refusal', 'helpful_answer']",2,hard_refusal + helpful_answer,benign,alpaca
alpaca_train_007799,"['hard_refusal', 'helpful_answer']",2,hard_refusal + helpful_answer,benign,alpaca
alpaca_train_007808,"['hard_refusal', 'helpful_answer']",2,hard_refusal + helpful_answer,benign,alpaca
alpaca_train_007812,"['hard_refusal', 'helpful_answer']",2,hard_refusal + helpful_answer,benign,alpaca
alpaca_train_007822,"['hard_refusal', 'helpful_answer']",2,hard_refusal + helpful_answer,benign,alpaca
alpaca_train_007829,"['hard_refusal', 'helpful_answer']",2,hard_refusal + helpful_answer,benign,alpaca
alpaca_train_007957,"['hard_refusal', 'helpful_answer']",2,hard_refusal + helpful_answer,benign,alpaca
alpaca_train_007979,"['hard_refusal', 'helpful_answer']",2,hard_refusal + helpful_answer,benign,alpaca
alpaca_train_008005,"['hard_refusal', 'helpful_answer']",2,hard_refusal + helpful_answer,benign,alpaca
alpaca_train_008019,"['hard_refusal', 'helpful_answer']",2,hard_refusal + helpful_answer,benign,alpaca
alpaca_train_008033,"['hard_refusal', 'helpful_answer']",2,hard_refusal + helpful_answer,benign,alpaca
alpaca_train_008096,"['hard_refusal', 'helpful_answer']",2,hard_refusal + helpful_answer,benign,alpaca
alpaca_train_008115,"['hard_refusal', 'helpful_answer']",2,hard_refusal + helpful_answer,benign,alpaca
alpaca_train_008141,"['hard_refusal', 'helpful_answer']",2,hard_refusal + helpful_answer,benign,alpaca
alpaca_train_008175,"['hard_refusal', 'helpful_answer']",2,hard_refusal + helpful_answer,benign,alpaca
alpaca_train_008206,"['hard_refusal', 'helpful_answer']",2,hard_refusal + helpful_answer,benign,alpaca
alpaca_train_008254,"['hard_refusal', 'helpful_answer']",2,hard_refusal + helpful_answer,benign,alpaca
alpaca_train_008451,"['hard_refusal', 'helpful_answer']",2,hard_refusal + helpful_answer,benign,alpaca
alpaca_train_008515,"['hard_refusal', 'helpful_answer']",2,hard_refusal + helpful_answer,benign,alpaca
alpaca_train_008535,"['hard_refusal', 'helpful_answer']",2,hard_refusal + helpful_answer,benign,alpaca
alpaca_train_008538,"['hard_refusal', 'helpful_answer']",2,hard_refusal + helpful_answer,benign,alpaca
alpaca_train_008560,"['hard_refusal', 'helpful_answer']",2,hard_refusal + helpful_answer,benign,alpaca
alpaca_train_008569,"['hard_refusal', 'helpful_answer']",2,hard_refusal + helpful_answer,benign,alpaca
alpaca_train_008614,"['hard_refusal', 'helpful_answer']",2,hard_refusal + helpful_answer,benign,alpaca
alpaca_train_008624,"['hard_refusal', 'helpful_answer']",2,hard_refusal + helpful_answer,benign,alpaca
alpaca_train_008654,"['hard_refusal', 'helpful_answer']",2,hard_refusal + helpful_answer,benign,alpaca
alpaca_train_008729,"['hard_refusal', 'helpful_answer']",2,hard_refusal + helpful_answer,benign,alpaca
alpaca_train_008801,"['hard_refusal', 'helpful_answer']",2,hard_refusal + helpful_answer,benign,alpaca
alpaca_train_008804,"['hard_refusal', 'helpful_answer']",2,hard_refusal + helpful_answer,benign,alpaca
alpaca_train_008831,"['hard_refusal', 'helpful_answer']",2,hard_refusal + helpful_answer,benign,alpaca
alpaca_train_008873,"['hard_refusal', 'helpful_answer']",2,hard_refusal + helpful_answer,benign,alpaca
alpaca_train_008876,"['hard_refusal', 'helpful_answer']",2,hard_refusal + helpful_answer,benign,alpaca
alpaca_train_008884,"['hard_refusal', 'helpful_answer']",2,hard_refusal + helpful_answer,benign,alpaca
alpaca_train_008899,"['hard_refusal', 'helpful_answer']",2,hard_refusal + helpful_answer,benign,alpaca
alpaca_train_008903,"['hard_refusal', 'helpful_answer']",2,hard_refusal + helpful_answer,benign,alpaca
alpaca_train_008930,"['hard_refusal', 'helpful_answer']",2,hard_refusal + helpful_answer,benign,alpaca
alpaca_train_008961,"['hard_refusal', 'helpful_answer']",2,hard_refusal + helpful_answer,benign,alpaca
alpaca_train_008983,"['hard_refusal', 'helpful_answer']",2,hard_refusal + helpful_answer,benign,alpaca
alpaca_train_009009,"['hard_refusal', 'helpful_answer']",2,hard_refusal + helpful_answer,benign,alpaca
alpaca_train_009111,"['hard_refusal', 'helpful_answer']",2,hard_refusal + helpful_answer,benign,alpaca
alpaca_train_009121,"['hard_refusal', 'helpful_answer']",2,hard_refusal + helpful_answer,benign,alpaca
alpaca_train_009159,"['hard_refusal', 'helpful_answer']",2,hard_refusal + helpful_answer,benign,alpaca
alpaca_train_009161,"['hard_refusal', 'helpful_answer']",2,hard_refusal + helpful_answer,benign,alpaca
alpaca_train_009166,"['hard_refusal', 'helpful_answer']",2,hard_refusal + helpful_answer,benign,alpaca
alpaca_train_009308,"['hard_refusal', 'helpful_answer']",2,hard_refusal + helpful_answer,benign,alpaca
alpaca_train_009355,"['hard_refusal', 'helpful_answer']",2,hard_refusal + helpful_answer,benign,alpaca
alpaca_train_009369,"['hard_refusal', 'helpful_answer']",2,hard_refusal + helpful_answer,benign,alpaca
alpaca_train_009489,"['hard_refusal', 'helpful_answer']",2,hard_refusal + helpful_answer,benign,alpaca
alpaca_train_009570,"['hard_refusal', 'helpful_answer']",2,hard_refusal + helpful_answer,benign,alpaca
alpaca_train_009639,"['hard_refusal', 'helpful_answer']",2,hard_refusal + helpful_answer,benign,alpaca
alpaca_train_009698,"['hard_refusal', 'helpful_answer']",2,hard_refusal + helpful_answer,benign,alpaca
alpaca_train_009700,"['hard_refusal', 'helpful_answer']",2,hard_refusal + helpful_answer,benign,alpaca
alpaca_train_009757,"['hard_refusal', 'helpful_answer']",2,hard_refusal + helpful_answer,benign,alpaca
alpaca_train_009839,"['hard_refusal', 'helpful_answer']",2,hard_refusal + helpful_answer,benign,alpaca
alpaca_train_009859,"['hard_refusal', 'helpful_answer']",2,hard_refusal + helpful_answer,benign,alpaca
alpaca_train_009881,"['hard_refusal', 'helpful_answer']",2,hard_refusal + helpful_answer,benign,alpaca
alpaca_train_009906,"['hard_refusal', 'helpful_answer']",2,hard_refusal + helpful_answer,benign,alpaca
alpaca_train_009925,"['hard_refusal', 'helpful_answer']",2,hard_refusal + helpful_answer,benign,alpaca
alpaca_train_009983,"['hard_refusal', 'helpful_answer']",2,hard_refusal + helpful_answer,benign,alpaca
alpaca_train_010011,"['hard_refusal', 'helpful_answer']",2,hard_refusal + helpful_answer,benign,alpaca
alpaca_train_010044,"['hard_refusal', 'helpful_answer']",2,hard_refusal + helpful_answer,benign,alpaca
alpaca_train_010050,"['hard_refusal', 'helpful_answer']",2,hard_refusal + helpful_answer,benign,alpaca
alpaca_train_010076,"['hard_refusal', 'helpful_answer']",2,hard_refusal + helpful_answer,benign,alpaca
alpaca_train_010077,"['hard_refusal', 'helpful_answer']",2,hard_refusal + helpful_answer,benign,alpaca
alpaca_train_010097,"['hard_refusal', 'helpful_answer']",2,hard_refusal + helpful_answer,benign,alpaca
alpaca_train_010162,"['hard_refusal', 'helpful_answer']",2,hard_refusal + helpful_answer,benign,alpaca
alpaca_train_010177,"['hard_refusal', 'helpful_answer']",2,hard_refusal + helpful_answer,benign,alpaca
alpaca_train_010191,"['hard_refusal', 'helpful_answer']",2,hard_refusal + helpful_answer,benign,alpaca
alpaca_train_010199,"['hard_refusal', 'helpful_answer']",2,hard_refusal + helpful_answer,benign,alpaca
alpaca_train_010229,"['hard_refusal', 'helpful_answer']",2,hard_refusal + helpful_answer,benign,alpaca
alpaca_train_010241,"['hard_refusal', 'helpful_answer']",2,hard_refusal + helpful_answer,benign,alpaca
alpaca_train_010247,"['hard_refusal', 'helpful_answer']",2,hard_refusal + helpful_answer,benign,alpaca
alpaca_train_010275,"['hard_refusal', 'helpful_answer']",2,hard_refusal + helpful_answer,benign,alpaca
alpaca_train_010291,"['hard_refusal', 'helpful_answer']",2,hard_refusal + helpful_answer,benign,alpaca
alpaca_train_010308,"['hard_refusal', 'helpful_answer']",2,hard_refusal + helpful_answer,benign,alpaca
alpaca_train_010356,"['hard_refusal', 'helpful_answer']",2,hard_refusal + helpful_answer,benign,alpaca
alpaca_train_010378,"['hard_refusal', 'helpful_answer']",2,hard_refusal + helpful_answer,benign,alpaca
alpaca_train_010433,"['hard_refusal', 'helpful_answer']",2,hard_refusal + helpful_answer,benign,alpaca
alpaca_train_010464,"['hard_refusal', 'helpful_answer']",2,hard_refusal + helpful_answer,benign,alpaca
alpaca_train_010500,"['hard_refusal', 'helpful_answer']",2,hard_refusal + helpful_answer,benign,alpaca
alpaca_train_010565,"['hard_refusal', 'helpful_answer']",2,hard_refusal + helpful_answer,benign,alpaca
alpaca_train_010571,"['hard_refusal', 'helpful_answer']",2,hard_refusal + helpful_answer,benign,alpaca
alpaca_train_010631,"['hard_refusal', 'helpful_answer']",2,hard_refusal + helpful_answer,benign,alpaca
alpaca_train_010652,"['hard_refusal', 'helpful_answer']",2,hard_refusal + helpful_answer,benign,alpaca
alpaca_train_010832,"['hard_refusal', 'helpful_answer']",2,hard_refusal + helpful_answer,benign,alpaca
alpaca_train_010838,"['hard_refusal', 'helpful_answer']",2,hard_refusal + helpful_answer,benign,alpaca
alpaca_train_010854,"['hard_refusal', 'helpful_answer']",2,hard_refusal + helpful_answer,benign,alpaca
alpaca_train_010905,"['hard_refusal', 'helpful_answer']",2,hard_refusal + helpful_answer,benign,alpaca
alpaca_train_010932,"['hard_refusal', 'helpful_answer']",2,hard_refusal + helpful_answer,benign,alpaca
alpaca_train_010939,"['hard_refusal', 'helpful_answer']",2,hard_refusal + helpful_answer,benign,alpaca
alpaca_train_010950,"['hard_refusal', 'helpful_answer']",2,hard_refusal + helpful_answer,benign,alpaca
alpaca_train_011029,"['hard_refusal', 'helpful_answer']",2,hard_refusal + helpful_answer,benign,alpaca
alpaca_train_011046,"['hard_refusal', 'helpful_answer']",2,hard_refusal + helpful_answer,benign,alpaca
alpaca_train_011051,"['hard_refusal', 'helpful_answer']",2,hard_refusal + helpful_answer,benign,alpaca
alpaca_train_011088,"['hard_refusal', 'helpful_answer']",2,hard_refusal + helpful_answer,benign,alpaca
alpaca_train_011092,"['hard_refusal', 'helpful_answer']",2,hard_refusal + helpful_answer,benign,alpaca
alpaca_train_011102,"['hard_refusal', 'helpful_answer']",2,hard_refusal + helpful_answer,benign,alpaca
alpaca_train_011181,"['hard_refusal', 'helpful_answer']",2,hard_refusal + helpful_answer,benign,alpaca
alpaca_train_011186,"['hard_refusal', 'helpful_answer']",2,hard_refusal + helpful_answer,benign,alpaca
alpaca_train_011190,"['hard_refusal', 'helpful_answer']",2,hard_refusal + helpful_answer,benign,alpaca
alpaca_train_011218,"['hard_refusal', 'helpful_answer']",2,hard_refusal + helpful_answer,benign,alpaca
alpaca_train_011315,"['hard_refusal', 'helpful_answer']",2,hard_refusal + helpful_answer,benign,alpaca
alpaca_train_011339,"['hard_refusal', 'helpful_answer']",2,hard_refusal + helpful_answer,benign,alpaca
alpaca_train_011344,"['hard_refusal', 'helpful_answer']",2,hard_refusal + helpful_answer,benign,alpaca
alpaca_train_011357,"['hard_refusal', 'helpful_answer']",2,hard_refusal + helpful_answer,benign,alpaca
alpaca_train_011359,"['hard_refusal', 'helpful_answer']",2,hard_refusal + helpful_answer,benign,alpaca
alpaca_train_011470,"['hard_refusal', 'helpful_answer']",2,hard_refusal + helpful_answer,benign,alpaca
alpaca_train_011478,"['hard_refusal', 'helpful_answer']",2,hard_refusal + helpful_answer,benign,alpaca
alpaca_train_011489,"['hard_refusal', 'helpful_answer']",2,hard_refusal + helpful_answer,benign,alpaca
alpaca_train_011531,"['hard_refusal', 'helpful_answer']",2,hard_refusal + helpful_answer,benign,alpaca
alpaca_train_011573,"['hard_refusal', 'helpful_answer']",2,hard_refusal + helpful_answer,benign,alpaca
alpaca_train_011676,"['hard_refusal', 'helpful_answer']",2,hard_refusal + helpful_answer,benign,alpaca
alpaca_train_011705,"['hard_refusal', 'helpful_answer']",2,hard_refusal + helpful_answer,benign,alpaca
alpaca_train_011730,"['hard_refusal', 'helpful_answer']",2,hard_refusal + helpful_answer,benign,alpaca
alpaca_train_011872,"['hard_refusal', 'helpful_answer']",2,hard_refusal + helpful_answer,benign,alpaca
alpaca_train_011874,"['hard_refusal', 'helpful_answer']",2,hard_refusal + helpful_answer,benign,alpaca
alpaca_train_011882,"['hard_refusal', 'helpful_answer']",2,hard_refusal + helpful_answer,benign,alpaca
alpaca_train_011953,"['hard_refusal', 'helpful_answer']",2,hard_refusal + helpful_answer,benign,alpaca
alpaca_train_011992,"['hard_refusal', 'helpful_answer']",2,hard_refusal + helpful_answer,benign,alpaca
alpaca_train_011998,"['hard_refusal', 'helpful_answer']",2,hard_refusal + helpful_answer,benign,alpaca
alpaca_train_012043,"['hard_refusal', 'helpful_answer']",2,hard_refusal + helpful_answer,benign,alpaca
alpaca_train_012050,"['hard_refusal', 'helpful_answer']",2,hard_refusal + helpful_answer,benign,alpaca
alpaca_train_012073,"['hard_refusal', 'helpful_answer']",2,hard_refusal + helpful_answer,benign,alpaca
alpaca_train_012077,"['hard_refusal', 'helpful_answer']",2,hard_refusal + helpful_answer,benign,alpaca
alpaca_train_012098,"['hard_refusal', 'helpful_answer']",2,hard_refusal + helpful_answer,benign,alpaca
alpaca_train_012209,"['hard_refusal', 'helpful_answer']",2,hard_refusal + helpful_answer,benign,alpaca
alpaca_train_012242,"['hard_refusal', 'helpful_answer']",2,hard_refusal + helpful_answer,benign,alpaca
alpaca_train_012269,"['hard_refusal', 'helpful_answer']",2,hard_refusal + helpful_answer,benign,alpaca
alpaca_train_012294,"['hard_refusal', 'helpful_answer']",2,hard_refusal + helpful_answer,benign,alpaca
alpaca_train_012299,"['hard_refusal', 'helpful_answer']",2,hard_refusal + helpful_answer,benign,alpaca
alpaca_train_012319,"['hard_refusal', 'helpful_answer']",2,hard_refusal + helpful_answer,benign,alpaca
alpaca_train_012321,"['hard_refusal', 'helpful_answer']",2,hard_refusal + helpful_answer,benign,alpaca
alpaca_train_012334,"['hard_refusal', 'helpful_answer']",2,hard_refusal + helpful_answer,benign,alpaca
alpaca_train_012339,"['hard_refusal', 'helpful_answer']",2,hard_refusal + helpful_answer,benign,alpaca
alpaca_train_012581,"['hard_refusal', 'helpful_answer']",2,hard_refusal + helpful_answer,benign,alpaca
alpaca_train_012587,"['hard_refusal', 'helpful_answer']",2,hard_refusal + helpful_answer,benign,alpaca
alpaca_train_012605,"['hard_refusal', 'helpful_answer']",2,hard_refusal + helpful_answer,benign,alpaca
alpaca_train_012656,"['hard_refusal', 'helpful_answer']",2,hard_refusal + helpful_answer,benign,alpaca
alpaca_train_012682,"['hard_refusal', 'helpful_answer']",2,hard_refusal + helpful_answer,benign,alpaca
alpaca_train_012738,"['hard_refusal', 'helpful_answer']",2,hard_refusal + helpful_answer,benign,alpaca
alpaca_train_012744,"['hard_refusal', 'helpful_answer']",2,hard_refusal + helpful_answer,benign,alpaca
alpaca_train_012751,"['hard_refusal', 'helpful_answer']",2,hard_refusal + helpful_answer,benign,alpaca
alpaca_train_012790,"['hard_refusal', 'helpful_answer']",2,hard_refusal + helpful_answer,benign,alpaca
alpaca_train_012808,"['hard_refusal', 'helpful_answer']",2,hard_refusal + helpful_answer,benign,alpaca
alpaca_train_012848,"['hard_refusal', 'helpful_answer']",2,hard_refusal + helpful_answer,benign,alpaca
alpaca_train_012880,"['hard_refusal', 'helpful_answer']",2,hard_refusal + helpful_answer,benign,alpaca
alpaca_train_012906,"['hard_refusal', 'helpful_answer']",2,hard_refusal + helpful_answer,benign,alpaca
alpaca_train_012949,"['hard_refusal', 'helpful_answer']",2,hard_refusal + helpful_answer,benign,alpaca
alpaca_train_012977,"['hard_refusal', 'helpful_answer']",2,hard_refusal + helpful_answer,benign,alpaca
alpaca_train_013032,"['hard_refusal', 'helpful_answer']",2,hard_refusal + helpful_answer,benign,alpaca
alpaca_train_013036,"['hard_refusal', 'helpful_answer']",2,hard_refusal + helpful_answer,benign,alpaca
alpaca_train_013046,"['hard_refusal', 'helpful_answer']",2,hard_refusal + helpful_answer,benign,alpaca
alpaca_train_013058,"['hard_refusal', 'helpful_answer']",2,hard_refusal + helpful_answer,benign,alpaca
alpaca_train_013059,"['hard_refusal', 'helpful_answer']",2,hard_refusal + helpful_answer,benign,alpaca
alpaca_train_013061,"['hard_refusal', 'helpful_answer']",2,hard_refusal + helpful_answer,benign,alpaca
alpaca_train_013129,"['hard_refusal', 'helpful_answer']",2,hard_refusal + helpful_answer,benign,alpaca
alpaca_train_013225,"['hard_refusal', 'helpful_answer']",2,hard_refusal + helpful_answer,benign,alpaca
alpaca_train_013264,"['hard_refusal', 'helpful_answer']",2,hard_refusal + helpful_answer,benign,alpaca
alpaca_train_013265,"['hard_refusal', 'helpful_answer']",2,hard_refusal + helpful_answer,benign,alpaca
alpaca_train_013334,"['hard_refusal', 'helpful_answer']",2,hard_refusal + helpful_answer,benign,alpaca
alpaca_train_013512,"['hard_refusal', 'helpful_answer']",2,hard_refusal + helpful_answer,benign,alpaca
alpaca_train_013530,"['hard_refusal', 'helpful_answer']",2,hard_refusal + helpful_answer,benign,alpaca
alpaca_train_013568,"['hard_refusal', 'helpful_answer']",2,hard_refusal + helpful_answer,benign,alpaca
alpaca_train_013649,"['hard_refusal', 'helpful_answer']",2,hard_refusal + helpful_answer,benign,alpaca
alpaca_train_013650,"['hard_refusal', 'helpful_answer']",2,hard_refusal + helpful_answer,benign,alpaca
alpaca_train_013668,"['hard_refusal', 'helpful_answer']",2,hard_refusal + helpful_answer,benign,alpaca
alpaca_train_013698,"['hard_refusal', 'helpful_answer']",2,hard_refusal + helpful_answer,benign,alpaca
alpaca_train_013708,"['hard_refusal', 'helpful_answer']",2,hard_refusal + helpful_answer,benign,alpaca
alpaca_train_013724,"['hard_refusal', 'helpful_answer']",2,hard_refusal + helpful_answer,benign,alpaca
alpaca_train_013730,"['hard_refusal', 'helpful_answer']",2,hard_refusal + helpful_answer,benign,alpaca
alpaca_train_013763,"['hard_refusal', 'helpful_answer']",2,hard_refusal + helpful_answer,benign,alpaca
alpaca_train_013786,"['hard_refusal', 'helpful_answer']",2,hard_refusal + helpful_answer,benign,alpaca
alpaca_train_013796,"['hard_refusal', 'helpful_answer']",2,hard_refusal + helpful_answer,benign,alpaca
alpaca_train_013805,"['hard_refusal', 'helpful_answer']",2,hard_refusal + helpful_answer,benign,alpaca
alpaca_train_013812,"['hard_refusal', 'helpful_answer']",2,hard_refusal + helpful_answer,benign,alpaca
alpaca_train_013901,"['hard_refusal', 'helpful_answer']",2,hard_refusal + helpful_answer,benign,alpaca
alpaca_train_013903,"['hard_refusal', 'helpful_answer']",2,hard_refusal + helpful_answer,benign,alpaca
alpaca_train_013999,"['hard_refusal', 'helpful_answer']",2,hard_refusal + helpful_answer,benign,alpaca
alpaca_train_014031,"['hard_refusal', 'helpful_answer']",2,hard_refusal + helpful_answer,benign,alpaca
alpaca_train_014083,"['hard_refusal', 'helpful_answer']",2,hard_refusal + helpful_answer,benign,alpaca
alpaca_train_014094,"['hard_refusal', 'helpful_answer']",2,hard_refusal + helpful_answer,benign,alpaca
alpaca_train_014106,"['hard_refusal', 'helpful_answer']",2,hard_refusal + helpful_answer,benign,alpaca
alpaca_train_014108,"['hard_refusal', 'helpful_answer']",2,hard_refusal + helpful_answer,benign,alpaca
alpaca_train_014138,"['hard_refusal', 'helpful_answer']",2,hard_refusal + helpful_answer,benign,alpaca
alpaca_train_014143,"['hard_refusal', 'helpful_answer']",2,hard_refusal + helpful_answer,benign,alpaca
alpaca_train_014171,"['hard_refusal', 'helpful_answer']",2,hard_refusal + helpful_answer,benign,alpaca
alpaca_train_014196,"['hard_refusal', 'helpful_answer']",2,hard_refusal + helpful_answer,benign,alpaca
alpaca_train_014242,"['hard_refusal', 'helpful_answer']",2,hard_refusal + helpful_answer,benign,alpaca
alpaca_train_014259,"['hard_refusal', 'helpful_answer']",2,hard_refusal + helpful_answer,benign,alpaca
alpaca_train_014302,"['hard_refusal', 'helpful_answer']",2,hard_refusal + helpful_answer,benign,alpaca
alpaca_train_014325,"['hard_refusal', 'helpful_answer']",2,hard_refusal + helpful_answer,benign,alpaca
alpaca_train_014343,"['hard_refusal', 'helpful_answer']",2,hard_refusal + helpful_answer,benign,alpaca
alpaca_train_014372,"['hard_refusal', 'helpful_answer']",2,hard_refusal + helpful_answer,benign,alpaca
alpaca_train_014377,"['hard_refusal', 'helpful_answer']",2,hard_refusal + helpful_answer,benign,alpaca
alpaca_train_014425,"['hard_refusal', 'helpful_answer']",2,hard_refusal + helpful_answer,benign,alpaca
alpaca_train_014439,"['hard_refusal', 'helpful_answer']",2,hard_refusal + helpful_answer,benign,alpaca
alpaca_train_014440,"['hard_refusal', 'helpful_answer']",2,hard_refusal + helpful_answer,benign,alpaca
alpaca_train_014458,"['hard_refusal', 'helpful_answer']",2,hard_refusal + helpful_answer,benign,alpaca
alpaca_train_014513,"['hard_refusal', 'helpful_answer']",2,hard_refusal + helpful_answer,benign,alpaca
alpaca_train_014535,"['hard_refusal', 'helpful_answer']",2,hard_refusal + helpful_answer,benign,alpaca
alpaca_train_014576,"['hard_refusal', 'helpful_answer']",2,hard_refusal + helpful_answer,benign,alpaca
alpaca_train_014605,"['hard_refusal', 'helpful_answer']",2,hard_refusal + helpful_answer,benign,alpaca
alpaca_train_014633,"['hard_refusal', 'helpful_answer']",2,hard_refusal + helpful_answer,benign,alpaca
alpaca_train_014645,"['hard_refusal', 'helpful_answer']",2,hard_refusal + helpful_answer,benign,alpaca
alpaca_train_014674,"['hard_refusal', 'helpful_answer']",2,hard_refusal + helpful_answer,benign,alpaca
alpaca_train_014682,"['hard_refusal', 'helpful_answer']",2,hard_refusal + helpful_answer,benign,alpaca
alpaca_train_014713,"['hard_refusal', 'helpful_answer']",2,hard_refusal + helpful_answer,benign,alpaca
alpaca_train_014740,"['hard_refusal', 'helpful_answer']",2,hard_refusal + helpful_answer,benign,alpaca
alpaca_train_014759,"['hard_refusal', 'helpful_answer']",2,hard_refusal + helpful_answer,benign,alpaca
alpaca_train_014763,"['hard_refusal', 'helpful_answer']",2,hard_refusal + helpful_answer,benign,alpaca
alpaca_train_014777,"['hard_refusal', 'helpful_answer']",2,hard_refusal + helpful_answer,benign,alpaca
alpaca_train_014787,"['hard_refusal', 'helpful_answer']",2,hard_refusal + helpful_answer,benign,alpaca
alpaca_train_014849,"['hard_refusal', 'helpful_answer']",2,hard_refusal + helpful_answer,benign,alpaca
alpaca_train_014930,"['hard_refusal', 'helpful_answer']",2,hard_refusal + helpful_answer,benign,alpaca
alpaca_train_014962,"['hard_refusal', 'helpful_answer']",2,hard_refusal + helpful_answer,benign,alpaca
alpaca_train_014975,"['hard_refusal', 'helpful_answer']",2,hard_refusal + helpful_answer,benign,alpaca
alpaca_train_015001,"['hard_refusal', 'helpful_answer']",2,hard_refusal + helpful_answer,benign,alpaca
alpaca_train_015032,"['hard_refusal', 'helpful_answer']",2,hard_refusal + helpful_answer,benign,alpaca
alpaca_train_015033,"['hard_refusal', 'helpful_answer']",2,hard_refusal + helpful_answer,benign,alpaca
alpaca_train_015110,"['hard_refusal', 'helpful_answer']",2,hard_refusal + helpful_answer,benign,alpaca
alpaca_train_015138,"['hard_refusal', 'helpful_answer']",2,hard_refusal + helpful_answer,benign,alpaca
alpaca_train_015150,"['hard_refusal', 'helpful_answer']",2,hard_refusal + helpful_answer,benign,alpaca
alpaca_train_015166,"['hard_refusal', 'helpful_answer']",2,hard_refusal + helpful_answer,benign,alpaca
alpaca_train_015207,"['hard_refusal', 'helpful_answer']",2,hard_refusal + helpful_answer,benign,alpaca
alpaca_train_015250,"['hard_refusal', 'helpful_answer']",2,hard_refusal + helpful_answer,benign,alpaca
alpaca_train_015261,"['hard_refusal', 'helpful_answer']",2,hard_refusal + helpful_answer,benign,alpaca
alpaca_train_015313,"['hard_refusal', 'helpful_answer']",2,hard_refusal + helpful_answer,benign,alpaca
alpaca_train_015343,"['hard_refusal', 'helpful_answer']",2,hard_refusal + helpful_answer,benign,alpaca
alpaca_train_015363,"['hard_refusal', 'helpful_answer']",2,hard_refusal + helpful_answer,benign,alpaca
alpaca_train_015403,"['hard_refusal', 'helpful_answer']",2,hard_refusal + helpful_answer,benign,alpaca
alpaca_train_015411,"['hard_refusal', 'helpful_answer']",2,hard_refusal + helpful_answer,benign,alpaca
alpaca_train_015419,"['hard_refusal', 'helpful_answer']",2,hard_refusal + helpful_answer,benign,alpaca
alpaca_train_015424,"['hard_refusal', 'helpful_answer']",2,hard_refusal + helpful_answer,benign,alpaca
alpaca_train_015467,"['hard_refusal', 'helpful_answer']",2,hard_refusal + helpful_answer,benign,alpaca
alpaca_train_015535,"['hard_refusal', 'helpful_answer']",2,hard_refusal + helpful_answer,benign,alpaca
alpaca_train_015539,"['hard_refusal', 'helpful_answer']",2,hard_refusal + helpful_answer,benign,alpaca
alpaca_train_015566,"['hard_refusal', 'helpful_answer']",2,hard_refusal + helpful_answer,benign,alpaca
alpaca_train_015585,"['hard_refusal', 'helpful_answer']",2,hard_refusal + helpful_answer,benign,alpaca
alpaca_train_015600,"['hard_refusal', 'helpful_answer']",2,hard_refusal + helpful_answer,benign,alpaca
alpaca_train_015625,"['hard_refusal', 'helpful_answer']",2,hard_refusal + helpful_answer,benign,alpaca
alpaca_train_015707,"['hard_refusal', 'helpful_answer']",2,hard_refusal + helpful_answer,benign,alpaca
alpaca_train_015750,"['hard_refusal', 'helpful_answer']",2,hard_refusal + helpful_answer,benign,alpaca
alpaca_train_015793,"['hard_refusal', 'helpful_answer']",2,hard_refusal + helpful_answer,benign,alpaca
alpaca_train_015892,"['hard_refusal', 'helpful_answer']",2,hard_refusal + helpful_answer,benign,alpaca
alpaca_train_015903,"['hard_refusal', 'helpful_answer']",2,hard_refusal + helpful_answer,benign,alpaca
alpaca_train_015919,"['hard_refusal', 'helpful_answer']",2,hard_refusal + helpful_answer,benign,alpaca
alpaca_train_016010,"['hard_refusal', 'helpful_answer']",2,hard_refusal + helpful_answer,benign,alpaca
alpaca_train_016013,"['hard_refusal', 'helpful_answer']",2,hard_refusal + helpful_answer,benign,alpaca
alpaca_train_016017,"['hard_refusal', 'helpful_answer']",2,hard_refusal + helpful_answer,benign,alpaca
alpaca_train_016081,"['hard_refusal', 'helpful_answer']",2,hard_refusal + helpful_answer,benign,alpaca
alpaca_train_016084,"['hard_refusal', 'helpful_answer']",2,hard_refusal + helpful_answer,benign,alpaca
alpaca_train_016124,"['hard_refusal', 'helpful_answer']",2,hard_refusal + helpful_answer,benign,alpaca
alpaca_train_016156,"['hard_refusal', 'helpful_answer']",2,hard_refusal + helpful_answer,benign,alpaca
alpaca_train_016194,"['hard_refusal', 'helpful_answer']",2,hard_refusal + helpful_answer,benign,alpaca
alpaca_train_016197,"['hard_refusal', 'helpful_answer']",2,hard_refusal + helpful_answer,benign,alpaca
alpaca_train_016218,"['hard_refusal', 'helpful_answer']",2,hard_refusal + helpful_answer,benign,alpaca
alpaca_train_016259,"['hard_refusal', 'helpful_answer']",2,hard_refusal + helpful_answer,benign,alpaca
alpaca_train_016274,"['hard_refusal', 'helpful_answer']",2,hard_refusal + helpful_answer,benign,alpaca
alpaca_train_016283,"['hard_refusal', 'helpful_answer']",2,hard_refusal + helpful_answer,benign,alpaca
alpaca_train_016312,"['hard_refusal', 'helpful_answer']",2,hard_refusal + helpful_answer,benign,alpaca
alpaca_train_016322,"['hard_refusal', 'helpful_answer']",2,hard_refusal + helpful_answer,benign,alpaca
alpaca_train_016336,"['hard_refusal', 'helpful_answer']",2,hard_refusal + helpful_answer,benign,alpaca
alpaca_train_016448,"['hard_refusal', 'helpful_answer']",2,hard_refusal + helpful_answer,benign,alpaca
alpaca_train_016472,"['hard_refusal', 'helpful_answer']",2,hard_refusal + helpful_answer,benign,alpaca
alpaca_train_016529,"['hard_refusal', 'helpful_answer']",2,hard_refusal + helpful_answer,benign,alpaca
alpaca_train_016555,"['hard_refusal', 'helpful_answer']",2,hard_refusal + helpful_answer,benign,alpaca
alpaca_train_016580,"['hard_refusal', 'helpful_answer']",2,hard_refusal + helpful_answer,benign,alpaca
alpaca_train_016592,"['hard_refusal', 'helpful_answer']",2,hard_refusal + helpful_answer,benign,alpaca
alpaca_train_016651,"['hard_refusal', 'helpful_answer']",2,hard_refusal + helpful_answer,benign,alpaca
alpaca_train_016670,"['hard_refusal', 'helpful_answer']",2,hard_refusal + helpful_answer,benign,alpaca
alpaca_train_016682,"['hard_refusal', 'helpful_answer']",2,hard_refusal + helpful_answer,benign,alpaca
alpaca_train_016707,"['hard_refusal', 'helpful_answer']",2,hard_refusal + helpful_answer,benign,alpaca
alpaca_train_016719,"['hard_refusal', 'helpful_answer']",2,hard_refusal + helpful_answer,benign,alpaca
alpaca_train_016768,"['hard_refusal', 'helpful_answer']",2,hard_refusal + helpful_answer,benign,alpaca
alpaca_train_016781,"['hard_refusal', 'helpful_answer']",2,hard_refusal + helpful_answer,benign,alpaca
alpaca_train_016822,"['hard_refusal', 'helpful_answer']",2,hard_refusal + helpful_answer,benign,alpaca
alpaca_train_016924,"['hard_refusal', 'helpful_answer']",2,hard_refusal + helpful_answer,benign,alpaca
alpaca_train_016990,"['hard_refusal', 'helpful_answer']",2,hard_refusal + helpful_answer,benign,alpaca
alpaca_train_017073,"['hard_refusal', 'helpful_answer']",2,hard_refusal + helpful_answer,benign,alpaca
alpaca_train_017132,"['hard_refusal', 'helpful_answer']",2,hard_refusal + helpful_answer,benign,alpaca
alpaca_train_017175,"['hard_refusal', 'helpful_answer']",2,hard_refusal + helpful_answer,benign,alpaca
alpaca_train_017178,"['hard_refusal', 'helpful_answer']",2,hard_refusal + helpful_answer,benign,alpaca
alpaca_train_017194,"['hard_refusal', 'helpful_answer']",2,hard_refusal + helpful_answer,benign,alpaca
alpaca_train_017199,"['hard_refusal', 'helpful_answer']",2,hard_refusal + helpful_answer,benign,alpaca
alpaca_train_017225,"['hard_refusal', 'helpful_answer']",2,hard_refusal + helpful_answer,benign,alpaca
alpaca_train_017271,"['hard_refusal', 'helpful_answer']",2,hard_refusal + helpful_answer,benign,alpaca
alpaca_train_017279,"['hard_refusal', 'helpful_answer']",2,hard_refusal + helpful_answer,benign,alpaca
alpaca_train_017282,"['hard_refusal', 'helpful_answer']",2,hard_refusal + helpful_answer,benign,alpaca
alpaca_train_017290,"['hard_refusal', 'helpful_answer']",2,hard_refusal + helpful_answer,benign,alpaca
alpaca_train_017303,"['hard_refusal', 'helpful_answer']",2,hard_refusal + helpful_answer,benign,alpaca
alpaca_train_017357,"['hard_refusal', 'helpful_answer']",2,hard_refusal + helpful_answer,benign,alpaca
alpaca_train_017391,"['hard_refusal', 'helpful_answer']",2,hard_refusal + helpful_answer,benign,alpaca
alpaca_train_017416,"['hard_refusal', 'helpful_answer']",2,hard_refusal + helpful_answer,benign,alpaca
alpaca_train_017438,"['hard_refusal', 'helpful_answer']",2,hard_refusal + helpful_answer,benign,alpaca
alpaca_train_017456,"['hard_refusal', 'helpful_answer']",2,hard_refusal + helpful_answer,benign,alpaca
alpaca_train_017469,"['hard_refusal', 'helpful_answer']",2,hard_refusal + helpful_answer,benign,alpaca
alpaca_train_017480,"['hard_refusal', 'helpful_answer']",2,hard_refusal + helpful_answer,benign,alpaca
alpaca_train_017510,"['hard_refusal', 'helpful_answer']",2,hard_refusal + helpful_answer,benign,alpaca
alpaca_train_017511,"['hard_refusal', 'helpful_answer']",2,hard_refusal + helpful_answer,benign,alpaca
alpaca_train_017516,"['hard_refusal', 'helpful_answer']",2,hard_refusal + helpful_answer,benign,alpaca
alpaca_train_017527,"['hard_refusal', 'helpful_answer']",2,hard_refusal + helpful_answer,benign,alpaca
alpaca_train_017576,"['hard_refusal', 'helpful_answer']",2,hard_refusal + helpful_answer,benign,alpaca
alpaca_train_017633,"['hard_refusal', 'helpful_answer']",2,hard_refusal + helpful_answer,benign,alpaca
alpaca_train_017667,"['hard_refusal', 'helpful_answer']",2,hard_refusal + helpful_answer,benign,alpaca
alpaca_train_017671,"['hard_refusal', 'helpful_answer']",2,hard_refusal + helpful_answer,benign,alpaca
alpaca_train_017677,"['hard_refusal', 'helpful_answer']",2,hard_refusal + helpful_answer,benign,alpaca
alpaca_train_017720,"['hard_refusal', 'helpful_answer']",2,hard_refusal + helpful_answer,benign,alpaca
alpaca_train_017728,"['hard_refusal', 'helpful_answer']",2,hard_refusal + helpful_answer,benign,alpaca
alpaca_train_017768,"['hard_refusal', 'helpful_answer']",2,hard_refusal + helpful_answer,benign,alpaca
alpaca_train_017773,"['hard_refusal', 'helpful_answer']",2,hard_refusal + helpful_answer,benign,alpaca
alpaca_train_017836,"['hard_refusal', 'helpful_answer']",2,hard_refusal + helpful_answer,benign,alpaca
alpaca_train_017865,"['hard_refusal', 'helpful_answer']",2,hard_refusal + helpful_answer,benign,alpaca
alpaca_train_017901,"['hard_refusal', 'helpful_answer']",2,hard_refusal + helpful_answer,benign,alpaca
alpaca_train_017904,"['hard_refusal', 'helpful_answer']",2,hard_refusal + helpful_answer,benign,alpaca
alpaca_train_017955,"['hard_refusal', 'helpful_answer']",2,hard_refusal + helpful_answer,benign,alpaca
alpaca_train_017962,"['hard_refusal', 'helpful_answer']",2,hard_refusal + helpful_answer,benign,alpaca
alpaca_train_018022,"['hard_refusal', 'helpful_answer']",2,hard_refusal + helpful_answer,benign,alpaca
alpaca_train_018026,"['hard_refusal', 'helpful_answer']",2,hard_refusal + helpful_answer,benign,alpaca
alpaca_train_018029,"['hard_refusal', 'helpful_answer']",2,hard_refusal + helpful_answer,benign,alpaca
alpaca_train_018044,"['hard_refusal', 'helpful_answer']",2,hard_refusal + helpful_answer,benign,alpaca
alpaca_train_018098,"['hard_refusal', 'helpful_answer']",2,hard_refusal + helpful_answer,benign,alpaca
alpaca_train_018105,"['hard_refusal', 'helpful_answer']",2,hard_refusal + helpful_answer,benign,alpaca
alpaca_train_018191,"['hard_refusal', 'helpful_answer']",2,hard_refusal + helpful_answer,benign,alpaca
alpaca_train_018206,"['hard_refusal', 'helpful_answer']",2,hard_refusal + helpful_answer,benign,alpaca
alpaca_train_018217,"['hard_refusal', 'helpful_answer']",2,hard_refusal + helpful_answer,benign,alpaca
alpaca_train_018227,"['hard_refusal', 'helpful_answer']",2,hard_refusal + helpful_answer,benign,alpaca
alpaca_train_018230,"['hard_refusal', 'helpful_answer']",2,hard_refusal + helpful_answer,benign,alpaca
alpaca_train_018237,"['hard_refusal', 'helpful_answer']",2,hard_refusal + helpful_answer,benign,alpaca
alpaca_train_018243,"['hard_refusal', 'helpful_answer']",2,hard_refusal + helpful_answer,benign,alpaca
alpaca_train_018247,"['hard_refusal', 'helpful_answer']",2,hard_refusal + helpful_answer,benign,alpaca
alpaca_train_018257,"['hard_refusal', 'helpful_answer']",2,hard_refusal + helpful_answer,benign,alpaca
alpaca_train_018260,"['hard_refusal', 'helpful_answer']",2,hard_refusal + helpful_answer,benign,alpaca
alpaca_train_018261,"['hard_refusal', 'helpful_answer']",2,hard_refusal + helpful_answer,benign,alpaca
alpaca_train_018298,"['hard_refusal', 'helpful_answer']",2,hard_refusal + helpful_answer,benign,alpaca
alpaca_train_018315,"['hard_refusal', 'helpful_answer']",2,hard_refusal + helpful_answer,benign,alpaca
alpaca_train_018359,"['hard_refusal', 'helpful_answer']",2,hard_refusal + helpful_answer,benign,alpaca
alpaca_train_018411,"['hard_refusal', 'helpful_answer']",2,hard_refusal + helpful_answer,benign,alpaca
alpaca_train_018417,"['hard_refusal', 'helpful_answer']",2,hard_refusal + helpful_answer,benign,alpaca
alpaca_train_018459,"['hard_refusal', 'helpful_answer']",2,hard_refusal + helpful_answer,benign,alpaca
alpaca_train_018511,"['hard_refusal', 'helpful_answer']",2,hard_refusal + helpful_answer,benign,alpaca
alpaca_train_018521,"['hard_refusal', 'helpful_answer']",2,hard_refusal + helpful_answer,benign,alpaca
alpaca_train_018531,"['hard_refusal', 'helpful_answer']",2,hard_refusal + helpful_answer,benign,alpaca
alpaca_train_018537,"['hard_refusal', 'helpful_answer']",2,hard_refusal + helpful_answer,benign,alpaca
alpaca_train_018580,"['hard_refusal', 'helpful_answer']",2,hard_refusal + helpful_answer,benign,alpaca
alpaca_train_018615,"['hard_refusal', 'helpful_answer']",2,hard_refusal + helpful_answer,benign,alpaca
alpaca_train_018651,"['hard_refusal', 'helpful_answer']",2,hard_refusal + helpful_answer,benign,alpaca
alpaca_train_018783,"['hard_refusal', 'helpful_answer']",2,hard_refusal + helpful_answer,benign,alpaca
alpaca_train_018830,"['hard_refusal', 'helpful_answer']",2,hard_refusal + helpful_answer,benign,alpaca
alpaca_train_018844,"['hard_refusal', 'helpful_answer']",2,hard_refusal + helpful_answer,benign,alpaca
alpaca_train_018877,"['hard_refusal', 'helpful_answer']",2,hard_refusal + helpful_answer,benign,alpaca
alpaca_train_018911,"['hard_refusal', 'helpful_answer']",2,hard_refusal + helpful_answer,benign,alpaca
alpaca_train_018934,"['hard_refusal', 'helpful_answer']",2,hard_refusal + helpful_answer,benign,alpaca
alpaca_train_018936,"['hard_refusal', 'helpful_answer']",2,hard_refusal + helpful_answer,benign,alpaca
alpaca_train_018960,"['hard_refusal', 'helpful_answer']",2,hard_refusal + helpful_answer,benign,alpaca
alpaca_train_019019,"['hard_refusal', 'helpful_answer']",2,hard_refusal + helpful_answer,benign,alpaca
alpaca_train_019089,"['hard_refusal', 'helpful_answer']",2,hard_refusal + helpful_answer,benign,alpaca
alpaca_train_019102,"['hard_refusal', 'helpful_answer']",2,hard_refusal + helpful_answer,benign,alpaca
alpaca_train_019145,"['hard_refusal', 'helpful_answer']",2,hard_refusal + helpful_answer,benign,alpaca
alpaca_train_019164,"['hard_refusal', 'helpful_answer']",2,hard_refusal + helpful_answer,benign,alpaca
alpaca_train_019199,"['hard_refusal', 'helpful_answer']",2,hard_refusal + helpful_answer,benign,alpaca
alpaca_train_019236,"['hard_refusal', 'helpful_answer']",2,hard_refusal + helpful_answer,benign,alpaca
alpaca_train_019247,"['hard_refusal', 'helpful_answer']",2,hard_refusal + helpful_answer,benign,alpaca
alpaca_train_019266,"['hard_refusal', 'helpful_answer']",2,hard_refusal + helpful_answer,benign,alpaca
alpaca_train_019278,"['hard_refusal', 'helpful_answer']",2,hard_refusal + helpful_answer,benign,alpaca
alpaca_train_019288,"['hard_refusal', 'helpful_answer']",2,hard_refusal + helpful_answer,benign,alpaca
alpaca_train_019357,"['hard_refusal', 'helpful_answer']",2,hard_refusal + helpful_answer,benign,alpaca
alpaca_train_019365,"['hard_refusal', 'helpful_answer']",2,hard_refusal + helpful_answer,benign,alpaca
alpaca_train_019368,"['hard_refusal', 'helpful_answer']",2,hard_refusal + helpful_answer,benign,alpaca
alpaca_train_019371,"['hard_refusal', 'helpful_answer']",2,hard_refusal + helpful_answer,benign,alpaca
alpaca_train_019420,"['hard_refusal', 'helpful_answer']",2,hard_refusal + helpful_answer,benign,alpaca
alpaca_train_019426,"['hard_refusal', 'helpful_answer']",2,hard_refusal + helpful_answer,benign,alpaca
alpaca_train_019440,"['hard_refusal', 'helpful_answer']",2,hard_refusal + helpful_answer,benign,alpaca
alpaca_train_019497,"['hard_refusal', 'helpful_answer']",2,hard_refusal + helpful_answer,benign,alpaca
alpaca_train_019507,"['hard_refusal', 'helpful_answer']",2,hard_refusal + helpful_answer,benign,alpaca
alpaca_train_019568,"['hard_refusal', 'helpful_answer']",2,hard_refusal + helpful_answer,benign,alpaca
alpaca_train_019592,"['hard_refusal', 'helpful_answer']",2,hard_refusal + helpful_answer,benign,alpaca
alpaca_train_019673,"['hard_refusal', 'helpful_answer']",2,hard_refusal + helpful_answer,benign,alpaca
alpaca_train_019675,"['hard_refusal', 'helpful_answer']",2,hard_refusal + helpful_answer,benign,alpaca
alpaca_train_019695,"['hard_refusal', 'helpful_answer']",2,hard_refusal + helpful_answer,benign,alpaca
alpaca_train_019702,"['hard_refusal', 'helpful_answer']",2,hard_refusal + helpful_answer,benign,alpaca
alpaca_train_019703,"['hard_refusal', 'helpful_answer']",2,hard_refusal + helpful_answer,benign,alpaca
alpaca_train_019750,"['hard_refusal', 'helpful_answer']",2,hard_refusal + helpful_answer,benign,alpaca
alpaca_train_019775,"['hard_refusal', 'helpful_answer']",2,hard_refusal + helpful_answer,benign,alpaca
alpaca_train_019830,"['hard_refusal', 'helpful_answer']",2,hard_refusal + helpful_answer,benign,alpaca
alpaca_train_019868,"['hard_refusal', 'helpful_answer']",2,hard_refusal + helpful_answer,benign,alpaca
alpaca_train_019914,"['hard_refusal', 'helpful_answer']",2,hard_refusal + helpful_answer,benign,alpaca
alpaca_train_019936,"['hard_refusal', 'helpful_answer']",2,hard_refusal + helpful_answer,benign,alpaca
alpaca_train_019971,"['hard_refusal', 'helpful_answer']",2,hard_refusal + helpful_answer,benign,alpaca
alpaca_train_019987,"['hard_refusal', 'helpful_answer']",2,hard_refusal + helpful_answer,benign,alpaca
alpaca_train_020011,"['hard_refusal', 'helpful_answer']",2,hard_refusal + helpful_answer,benign,alpaca
alpaca_train_020051,"['hard_refusal', 'helpful_answer']",2,hard_refusal + helpful_answer,benign,alpaca
alpaca_train_020062,"['hard_refusal', 'helpful_answer']",2,hard_refusal + helpful_answer,benign,alpaca
alpaca_train_020159,"['hard_refusal', 'helpful_answer']",2,hard_refusal + helpful_answer,benign,alpaca
alpaca_train_020165,"['hard_refusal', 'helpful_answer']",2,hard_refusal + helpful_answer,benign,alpaca
alpaca_train_020182,"['hard_refusal', 'helpful_answer']",2,hard_refusal + helpful_answer,benign,alpaca
alpaca_train_020262,"['hard_refusal', 'helpful_answer']",2,hard_refusal + helpful_answer,benign,alpaca
alpaca_train_020312,"['hard_refusal', 'helpful_answer']",2,hard_refusal + helpful_answer,benign,alpaca
alpaca_train_020365,"['hard_refusal', 'helpful_answer']",2,hard_refusal + helpful_answer,benign,alpaca
alpaca_train_020436,"['hard_refusal', 'helpful_answer']",2,hard_refusal + helpful_answer,benign,alpaca
alpaca_train_020504,"['hard_refusal', 'helpful_answer']",2,hard_refusal + helpful_answer,benign,alpaca
alpaca_train_020566,"['hard_refusal', 'helpful_answer']",2,hard_refusal + helpful_answer,benign,alpaca
alpaca_train_020624,"['hard_refusal', 'helpful_answer']",2,hard_refusal + helpful_answer,benign,alpaca
alpaca_train_020638,"['hard_refusal', 'helpful_answer']",2,hard_refusal + helpful_answer,benign,alpaca
alpaca_train_020703,"['hard_refusal', 'helpful_answer']",2,hard_refusal + helpful_answer,benign,alpaca
alpaca_train_020710,"['hard_refusal', 'helpful_answer']",2,hard_refusal + helpful_answer,benign,alpaca
alpaca_train_020713,"['hard_refusal', 'helpful_answer']",2,hard_refusal + helpful_answer,benign,alpaca
alpaca_train_020771,"['hard_refusal', 'helpful_answer']",2,hard_refusal + helpful_answer,benign,alpaca
alpaca_train_020779,"['hard_refusal', 'helpful_answer']",2,hard_refusal + helpful_answer,benign,alpaca
alpaca_train_020859,"['hard_refusal', 'helpful_answer']",2,hard_refusal + helpful_answer,benign,alpaca
alpaca_train_020880,"['hard_refusal', 'helpful_answer']",2,hard_refusal + helpful_answer,benign,alpaca
alpaca_train_020920,"['hard_refusal', 'helpful_answer']",2,hard_refusal + helpful_answer,benign,alpaca
alpaca_train_020984,"['hard_refusal', 'helpful_answer']",2,hard_refusal + helpful_answer,benign,alpaca
alpaca_train_021052,"['hard_refusal', 'helpful_answer']",2,hard_refusal + helpful_answer,benign,alpaca
alpaca_train_021116,"['hard_refusal', 'helpful_answer']",2,hard_refusal + helpful_answer,benign,alpaca
alpaca_train_021155,"['hard_refusal', 'helpful_answer']",2,hard_refusal + helpful_answer,benign,alpaca
alpaca_train_021157,"['hard_refusal', 'helpful_answer']",2,hard_refusal + helpful_answer,benign,alpaca
alpaca_train_021166,"['hard_refusal', 'helpful_answer']",2,hard_refusal + helpful_answer,benign,alpaca
alpaca_train_021175,"['hard_refusal', 'helpful_answer']",2,hard_refusal + helpful_answer,benign,alpaca
alpaca_train_021280,"['hard_refusal', 'helpful_answer']",2,hard_refusal + helpful_answer,benign,alpaca
alpaca_train_021384,"['hard_refusal', 'helpful_answer']",2,hard_refusal + helpful_answer,benign,alpaca
alpaca_train_021412,"['hard_refusal', 'helpful_answer']",2,hard_refusal + helpful_answer,benign,alpaca
alpaca_train_021528,"['hard_refusal', 'helpful_answer']",2,hard_refusal + helpful_answer,benign,alpaca
alpaca_train_021544,"['hard_refusal', 'helpful_answer']",2,hard_refusal + helpful_answer,benign,alpaca
alpaca_train_021658,"['hard_refusal', 'helpful_answer']",2,hard_refusal + helpful_answer,benign,alpaca
alpaca_train_021681,"['hard_refusal', 'helpful_answer']",2,hard_refusal + helpful_answer,benign,alpaca
alpaca_train_021698,"['hard_refusal', 'helpful_answer']",2,hard_refusal + helpful_answer,benign,alpaca
alpaca_train_021722,"['hard_refusal', 'helpful_answer']",2,hard_refusal + helpful_answer,benign,alpaca
alpaca_train_021742,"['hard_refusal', 'helpful_answer']",2,hard_refusal + helpful_answer,benign,alpaca
alpaca_train_021749,"['hard_refusal', 'helpful_answer']",2,hard_refusal + helpful_answer,benign,alpaca
alpaca_train_021770,"['hard_refusal', 'helpful_answer']",2,hard_refusal + helpful_answer,benign,alpaca
alpaca_train_021808,"['hard_refusal', 'helpful_answer']",2,hard_refusal + helpful_answer,benign,alpaca
alpaca_train_021813,"['hard_refusal', 'helpful_answer']",2,hard_refusal + helpful_answer,benign,alpaca
alpaca_train_021825,"['hard_refusal', 'helpful_answer']",2,hard_refusal + helpful_answer,benign,alpaca
alpaca_train_021828,"['hard_refusal', 'helpful_answer']",2,hard_refusal + helpful_answer,benign,alpaca
alpaca_train_022024,"['hard_refusal', 'helpful_answer']",2,hard_refusal + helpful_answer,benign,alpaca
alpaca_train_022045,"['hard_refusal', 'helpful_answer']",2,hard_refusal + helpful_answer,benign,alpaca
alpaca_train_022071,"['hard_refusal', 'helpful_answer']",2,hard_refusal + helpful_answer,benign,alpaca
alpaca_train_022091,"['hard_refusal', 'helpful_answer']",2,hard_refusal + helpful_answer,benign,alpaca
alpaca_train_022210,"['hard_refusal', 'helpful_answer']",2,hard_refusal + helpful_answer,benign,alpaca
alpaca_train_022223,"['hard_refusal', 'helpful_answer']",2,hard_refusal + helpful_answer,benign,alpaca
alpaca_train_022298,"['hard_refusal', 'helpful_answer']",2,hard_refusal + helpful_answer,benign,alpaca
alpaca_train_022337,"['hard_refusal', 'helpful_answer']",2,hard_refusal + helpful_answer,benign,alpaca
alpaca_train_022340,"['hard_refusal', 'helpful_answer']",2,hard_refusal + helpful_answer,benign,alpaca
alpaca_train_022374,"['hard_refusal', 'helpful_answer']",2,hard_refusal + helpful_answer,benign,alpaca
alpaca_train_022379,"['hard_refusal', 'helpful_answer']",2,hard_refusal + helpful_answer,benign,alpaca
alpaca_train_022446,"['hard_refusal', 'helpful_answer']",2,hard_refusal + helpful_answer,benign,alpaca
alpaca_train_022466,"['hard_refusal', 'helpful_answer']",2,hard_refusal + helpful_answer,benign,alpaca
alpaca_train_022470,"['hard_refusal', 'helpful_answer']",2,hard_refusal + helpful_answer,benign,alpaca
alpaca_train_022516,"['hard_refusal', 'helpful_answer']",2,hard_refusal + helpful_answer,benign,alpaca
alpaca_train_022527,"['hard_refusal', 'helpful_answer']",2,hard_refusal + helpful_answer,benign,alpaca
alpaca_train_022557,"['hard_refusal', 'helpful_answer']",2,hard_refusal + helpful_answer,benign,alpaca
alpaca_train_022573,"['hard_refusal', 'helpful_answer']",2,hard_refusal + helpful_answer,benign,alpaca
alpaca_train_022588,"['hard_refusal', 'helpful_answer']",2,hard_refusal + helpful_answer,benign,alpaca
alpaca_train_022615,"['hard_refusal', 'helpful_answer']",2,hard_refusal + helpful_answer,benign,alpaca
alpaca_train_022618,"['hard_refusal', 'helpful_answer']",2,hard_refusal + helpful_answer,benign,alpaca
alpaca_train_022645,"['hard_refusal', 'helpful_answer']",2,hard_refusal + helpful_answer,benign,alpaca
alpaca_train_022694,"['hard_refusal', 'helpful_answer']",2,hard_refusal + helpful_answer,benign,alpaca
alpaca_train_022696,"['hard_refusal', 'helpful_answer']",2,hard_refusal + helpful_answer,benign,alpaca
alpaca_train_022716,"['hard_refusal', 'helpful_answer']",2,hard_refusal + helpful_answer,benign,alpaca
alpaca_train_022721,"['hard_refusal', 'helpful_answer']",2,hard_refusal + helpful_answer,benign,alpaca
alpaca_train_022801,"['hard_refusal', 'helpful_answer']",2,hard_refusal + helpful_answer,benign,alpaca
alpaca_train_022807,"['hard_refusal', 'helpful_answer']",2,hard_refusal + helpful_answer,benign,alpaca
alpaca_train_022809,"['hard_refusal', 'helpful_answer']",2,hard_refusal + helpful_answer,benign,alpaca
alpaca_train_022871,"['hard_refusal', 'helpful_answer']",2,hard_refusal + helpful_answer,benign,alpaca
alpaca_train_022922,"['hard_refusal', 'helpful_answer']",2,hard_refusal + helpful_answer,benign,alpaca
alpaca_train_022923,"['hard_refusal', 'helpful_answer']",2,hard_refusal + helpful_answer,benign,alpaca
alpaca_train_022955,"['hard_refusal', 'helpful_answer']",2,hard_refusal + helpful_answer,benign,alpaca
alpaca_train_023135,"['hard_refusal', 'helpful_answer']",2,hard_refusal + helpful_answer,benign,alpaca
alpaca_train_023137,"['hard_refusal', 'helpful_answer']",2,hard_refusal + helpful_answer,benign,alpaca
alpaca_train_023183,"['hard_refusal', 'helpful_answer']",2,hard_refusal + helpful_answer,benign,alpaca
alpaca_train_023246,"['hard_refusal', 'helpful_answer']",2,hard_refusal + helpful_answer,benign,alpaca
alpaca_train_023321,"['hard_refusal', 'helpful_answer']",2,hard_refusal + helpful_answer,benign,alpaca
alpaca_train_023334,"['hard_refusal', 'helpful_answer']",2,hard_refusal + helpful_answer,benign,alpaca
alpaca_train_023393,"['hard_refusal', 'helpful_answer']",2,hard_refusal + helpful_answer,benign,alpaca
alpaca_train_023436,"['hard_refusal', 'helpful_answer']",2,hard_refusal + helpful_answer,benign,alpaca
alpaca_train_023484,"['hard_refusal', 'helpful_answer']",2,hard_refusal + helpful_answer,benign,alpaca
alpaca_train_023491,"['hard_refusal', 'helpful_answer']",2,hard_refusal + helpful_answer,benign,alpaca
alpaca_train_023591,"['hard_refusal', 'helpful_answer']",2,hard_refusal + helpful_answer,benign,alpaca
alpaca_train_023595,"['hard_refusal', 'helpful_answer']",2,hard_refusal + helpful_answer,benign,alpaca
alpaca_train_023602,"['hard_refusal', 'helpful_answer']",2,hard_refusal + helpful_answer,benign,alpaca
alpaca_train_023695,"['hard_refusal', 'helpful_answer']",2,hard_refusal + helpful_answer,benign,alpaca
alpaca_train_023725,"['hard_refusal', 'helpful_answer']",2,hard_refusal + helpful_answer,benign,alpaca
alpaca_train_023731,"['hard_refusal', 'helpful_answer']",2,hard_refusal + helpful_answer,benign,alpaca
alpaca_train_023736,"['hard_refusal', 'helpful_answer']",2,hard_refusal + helpful_answer,benign,alpaca
alpaca_train_023790,"['hard_refusal', 'helpful_answer']",2,hard_refusal + helpful_answer,benign,alpaca
alpaca_train_023830,"['hard_refusal', 'helpful_answer']",2,hard_refusal + helpful_answer,benign,alpaca
alpaca_train_023844,"['hard_refusal', 'helpful_answer']",2,hard_refusal + helpful_answer,benign,alpaca
alpaca_train_023943,"['hard_refusal', 'helpful_answer']",2,hard_refusal + helpful_answer,benign,alpaca
alpaca_train_023947,"['hard_refusal', 'helpful_answer']",2,hard_refusal + helpful_answer,benign,alpaca
alpaca_train_024009,"['hard_refusal', 'helpful_answer']",2,hard_refusal + helpful_answer,benign,alpaca
alpaca_train_024020,"['hard_refusal', 'helpful_answer']",2,hard_refusal + helpful_answer,benign,alpaca
alpaca_train_024030,"['hard_refusal', 'helpful_answer']",2,hard_refusal + helpful_answer,benign,alpaca
alpaca_train_024034,"['hard_refusal', 'helpful_answer']",2,hard_refusal + helpful_answer,benign,alpaca
alpaca_train_024088,"['hard_refusal', 'helpful_answer']",2,hard_refusal + helpful_answer,benign,alpaca
alpaca_train_024128,"['hard_refusal', 'helpful_answer']",2,hard_refusal + helpful_answer,benign,alpaca
alpaca_train_024152,"['hard_refusal', 'helpful_answer']",2,hard_refusal + helpful_answer,benign,alpaca
alpaca_train_024211,"['hard_refusal', 'helpful_answer']",2,hard_refusal + helpful_answer,benign,alpaca
alpaca_train_024219,"['hard_refusal', 'helpful_answer']",2,hard_refusal + helpful_answer,benign,alpaca
alpaca_train_024235,"['hard_refusal', 'helpful_answer']",2,hard_refusal + helpful_answer,benign,alpaca
alpaca_train_024252,"['hard_refusal', 'helpful_answer']",2,hard_refusal + helpful_answer,benign,alpaca
alpaca_train_024332,"['hard_refusal', 'helpful_answer']",2,hard_refusal + helpful_answer,benign,alpaca
alpaca_train_024348,"['hard_refusal', 'helpful_answer']",2,hard_refusal + helpful_answer,benign,alpaca
alpaca_train_024374,"['hard_refusal', 'helpful_answer']",2,hard_refusal + helpful_answer,benign,alpaca
alpaca_train_024407,"['hard_refusal', 'helpful_answer']",2,hard_refusal + helpful_answer,benign,alpaca
alpaca_train_024426,"['hard_refusal', 'helpful_answer']",2,hard_refusal + helpful_answer,benign,alpaca
alpaca_train_024460,"['hard_refusal', 'helpful_answer']",2,hard_refusal + helpful_answer,benign,alpaca
alpaca_train_024461,"['hard_refusal', 'helpful_answer']",2,hard_refusal + helpful_answer,benign,alpaca
alpaca_train_024464,"['hard_refusal', 'helpful_answer']",2,hard_refusal + helpful_answer,benign,alpaca
alpaca_train_024500,"['hard_refusal', 'helpful_answer']",2,hard_refusal + helpful_answer,benign,alpaca
alpaca_train_024523,"['hard_refusal', 'helpful_answer']",2,hard_refusal + helpful_answer,benign,alpaca
alpaca_train_024574,"['hard_refusal', 'helpful_answer']",2,hard_refusal + helpful_answer,benign,alpaca
alpaca_train_024576,"['hard_refusal', 'helpful_answer']",2,hard_refusal + helpful_answer,benign,alpaca
alpaca_train_024689,"['hard_refusal', 'helpful_answer']",2,hard_refusal + helpful_answer,benign,alpaca
alpaca_train_024701,"['hard_refusal', 'helpful_answer']",2,hard_refusal + helpful_answer,benign,alpaca
alpaca_train_024764,"['hard_refusal', 'helpful_answer']",2,hard_refusal + helpful_answer,benign,alpaca
alpaca_train_024802,"['hard_refusal', 'helpful_answer']",2,hard_refusal + helpful_answer,benign,alpaca
alpaca_train_024810,"['hard_refusal', 'helpful_answer']",2,hard_refusal + helpful_answer,benign,alpaca
alpaca_train_024820,"['hard_refusal', 'helpful_answer']",2,hard_refusal + helpful_answer,benign,alpaca
alpaca_train_024994,"['hard_refusal', 'helpful_answer']",2,hard_refusal + helpful_answer,benign,alpaca
alpaca_train_025011,"['hard_refusal', 'helpful_answer']",2,hard_refusal + helpful_answer,benign,alpaca
alpaca_train_025012,"['hard_refusal', 'helpful_answer']",2,hard_refusal + helpful_answer,benign,alpaca
alpaca_train_025113,"['hard_refusal', 'helpful_answer']",2,hard_refusal + helpful_answer,benign,alpaca
alpaca_train_025144,"['hard_refusal', 'helpful_answer']",2,hard_refusal + helpful_answer,benign,alpaca
alpaca_train_025160,"['hard_refusal', 'helpful_answer']",2,hard_refusal + helpful_answer,benign,alpaca
alpaca_train_025161,"['hard_refusal', 'helpful_answer']",2,hard_refusal + helpful_answer,benign,alpaca
alpaca_train_025174,"['hard_refusal', 'helpful_answer']",2,hard_refusal + helpful_answer,benign,alpaca
alpaca_train_025194,"['hard_refusal', 'helpful_answer']",2,hard_refusal + helpful_answer,benign,alpaca
alpaca_train_025218,"['hard_refusal', 'helpful_answer']",2,hard_refusal + helpful_answer,benign,alpaca
alpaca_train_025246,"['hard_refusal', 'helpful_answer']",2,hard_refusal + helpful_answer,benign,alpaca
alpaca_train_025256,"['hard_refusal', 'helpful_answer']",2,hard_refusal + helpful_answer,benign,alpaca
alpaca_train_025273,"['hard_refusal', 'helpful_answer']",2,hard_refusal + helpful_answer,benign,alpaca
alpaca_train_025327,"['hard_refusal', 'helpful_answer']",2,hard_refusal + helpful_answer,benign,alpaca
alpaca_train_025328,"['hard_refusal', 'helpful_answer']",2,hard_refusal + helpful_answer,benign,alpaca
alpaca_train_025340,"['hard_refusal', 'helpful_answer']",2,hard_refusal + helpful_answer,benign,alpaca
alpaca_train_025362,"['hard_refusal', 'helpful_answer']",2,hard_refusal + helpful_answer,benign,alpaca
alpaca_train_025363,"['hard_refusal', 'helpful_answer']",2,hard_refusal + helpful_answer,benign,alpaca
alpaca_train_025401,"['hard_refusal', 'helpful_answer']",2,hard_refusal + helpful_answer,benign,alpaca
alpaca_train_025478,"['hard_refusal', 'helpful_answer']",2,hard_refusal + helpful_answer,benign,alpaca
alpaca_train_025481,"['hard_refusal', 'helpful_answer']",2,hard_refusal + helpful_answer,benign,alpaca
alpaca_train_025617,"['hard_refusal', 'helpful_answer']",2,hard_refusal + helpful_answer,benign,alpaca
alpaca_train_025625,"['hard_refusal', 'helpful_answer']",2,hard_refusal + helpful_answer,benign,alpaca
alpaca_train_025626,"['hard_refusal', 'helpful_answer']",2,hard_refusal + helpful_answer,benign,alpaca
alpaca_train_025678,"['hard_refusal', 'helpful_answer']",2,hard_refusal + helpful_answer,benign,alpaca
alpaca_train_025693,"['hard_refusal', 'helpful_answer']",2,hard_refusal + helpful_answer,benign,alpaca
alpaca_train_025709,"['hard_refusal', 'helpful_answer']",2,hard_refusal + helpful_answer,benign,alpaca
alpaca_train_025713,"['hard_refusal', 'helpful_answer']",2,hard_refusal + helpful_answer,benign,alpaca
alpaca_train_025776,"['hard_refusal', 'helpful_answer']",2,hard_refusal + helpful_answer,benign,alpaca
alpaca_train_025812,"['hard_refusal', 'helpful_answer']",2,hard_refusal + helpful_answer,benign,alpaca
alpaca_train_025866,"['hard_refusal', 'helpful_answer']",2,hard_refusal + helpful_answer,benign,alpaca
alpaca_train_025926,"['hard_refusal', 'helpful_answer']",2,hard_refusal + helpful_answer,benign,alpaca
alpaca_train_026016,"['hard_refusal', 'helpful_answer']",2,hard_refusal + helpful_answer,benign,alpaca
alpaca_train_026036,"['hard_refusal', 'helpful_answer']",2,hard_refusal + helpful_answer,benign,alpaca
alpaca_train_026037,"['hard_refusal', 'helpful_answer']",2,hard_refusal + helpful_answer,benign,alpaca
alpaca_train_026057,"['hard_refusal', 'helpful_answer']",2,hard_refusal + helpful_answer,benign,alpaca
alpaca_train_026083,"['hard_refusal', 'helpful_answer']",2,hard_refusal + helpful_answer,benign,alpaca
alpaca_train_026086,"['hard_refusal', 'helpful_answer']",2,hard_refusal + helpful_answer,benign,alpaca
alpaca_train_026090,"['hard_refusal', 'helpful_answer']",2,hard_refusal + helpful_answer,benign,alpaca
alpaca_train_026223,"['hard_refusal', 'helpful_answer']",2,hard_refusal + helpful_answer,benign,alpaca
alpaca_train_026265,"['hard_refusal', 'helpful_answer']",2,hard_refusal + helpful_answer,benign,alpaca
alpaca_train_026292,"['hard_refusal', 'helpful_answer']",2,hard_refusal + helpful_answer,benign,alpaca
alpaca_train_026355,"['hard_refusal', 'helpful_answer']",2,hard_refusal + helpful_answer,benign,alpaca
alpaca_train_026447,"['hard_refusal', 'helpful_answer']",2,hard_refusal + helpful_answer,benign,alpaca
alpaca_train_026569,"['hard_refusal', 'helpful_answer']",2,hard_refusal + helpful_answer,benign,alpaca
alpaca_train_026594,"['hard_refusal', 'helpful_answer']",2,hard_refusal + helpful_answer,benign,alpaca
alpaca_train_026724,"['hard_refusal', 'helpful_answer']",2,hard_refusal + helpful_answer,benign,alpaca
alpaca_train_026773,"['hard_refusal', 'helpful_answer']",2,hard_refusal + helpful_answer,benign,alpaca
alpaca_train_026802,"['hard_refusal', 'helpful_answer']",2,hard_refusal + helpful_answer,benign,alpaca
alpaca_train_026820,"['hard_refusal', 'helpful_answer']",2,hard_refusal + helpful_answer,benign,alpaca
alpaca_train_026846,"['hard_refusal', 'helpful_answer']",2,hard_refusal + helpful_answer,benign,alpaca
alpaca_train_026864,"['hard_refusal', 'helpful_answer']",2,hard_refusal + helpful_answer,benign,alpaca
alpaca_train_026926,"['hard_refusal', 'helpful_answer']",2,hard_refusal + helpful_answer,benign,alpaca
alpaca_train_026975,"['hard_refusal', 'helpful_answer']",2,hard_refusal + helpful_answer,benign,alpaca
alpaca_train_026983,"['hard_refusal', 'helpful_answer']",2,hard_refusal + helpful_answer,benign,alpaca
alpaca_train_026998,"['hard_refusal', 'helpful_answer']",2,hard_refusal + helpful_answer,benign,alpaca
alpaca_train_027017,"['hard_refusal', 'helpful_answer']",2,hard_refusal + helpful_answer,benign,alpaca
alpaca_train_027037,"['hard_refusal', 'helpful_answer']",2,hard_refusal + helpful_answer,benign,alpaca
alpaca_train_027095,"['hard_refusal', 'helpful_answer']",2,hard_refusal + helpful_answer,benign,alpaca
alpaca_train_027129,"['hard_refusal', 'helpful_answer']",2,hard_refusal + helpful_answer,benign,alpaca
alpaca_train_027145,"['hard_refusal', 'helpful_answer']",2,hard_refusal + helpful_answer,benign,alpaca
alpaca_train_027148,"['hard_refusal', 'helpful_answer']",2,hard_refusal + helpful_answer,benign,alpaca
alpaca_train_027203,"['hard_refusal', 'helpful_answer']",2,hard_refusal + helpful_answer,benign,alpaca
alpaca_train_027205,"['hard_refusal', 'helpful_answer']",2,hard_refusal + helpful_answer,benign,alpaca
alpaca_train_027225,"['hard_refusal', 'helpful_answer']",2,hard_refusal + helpful_answer,benign,alpaca
alpaca_train_027374,"['hard_refusal', 'helpful_answer']",2,hard_refusal + helpful_answer,benign,alpaca
alpaca_train_027384,"['hard_refusal', 'helpful_answer']",2,hard_refusal + helpful_answer,benign,alpaca
alpaca_train_027386,"['hard_refusal', 'helpful_answer']",2,hard_refusal + helpful_answer,benign,alpaca
alpaca_train_027417,"['hard_refusal', 'helpful_answer']",2,hard_refusal + helpful_answer,benign,alpaca
alpaca_train_027497,"['hard_refusal', 'helpful_answer']",2,hard_refusal + helpful_answer,benign,alpaca
alpaca_train_027501,"['hard_refusal', 'helpful_answer']",2,hard_refusal + helpful_answer,benign,alpaca
alpaca_train_027523,"['hard_refusal', 'helpful_answer']",2,hard_refusal + helpful_answer,benign,alpaca
alpaca_train_027527,"['hard_refusal', 'helpful_answer']",2,hard_refusal + helpful_answer,benign,alpaca
alpaca_train_027563,"['hard_refusal', 'helpful_answer']",2,hard_refusal + helpful_answer,benign,alpaca
alpaca_train_027569,"['hard_refusal', 'helpful_answer']",2,hard_refusal + helpful_answer,benign,alpaca
alpaca_train_027579,"['hard_refusal', 'helpful_answer']",2,hard_refusal + helpful_answer,benign,alpaca
alpaca_train_027597,"['hard_refusal', 'helpful_answer']",2,hard_refusal + helpful_answer,benign,alpaca
alpaca_train_027600,"['hard_refusal', 'helpful_answer']",2,hard_refusal + helpful_answer,benign,alpaca
alpaca_train_027604,"['hard_refusal', 'helpful_answer']",2,hard_refusal + helpful_answer,benign,alpaca
alpaca_train_027771,"['hard_refusal', 'helpful_answer']",2,hard_refusal + helpful_answer,benign,alpaca
alpaca_train_027812,"['hard_refusal', 'helpful_answer']",2,hard_refusal + helpful_answer,benign,alpaca
alpaca_train_027891,"['hard_refusal', 'helpful_answer']",2,hard_refusal + helpful_answer,benign,alpaca
alpaca_train_027894,"['hard_refusal', 'helpful_answer']",2,hard_refusal + helpful_answer,benign,alpaca
alpaca_train_027901,"['hard_refusal', 'helpful_answer']",2,hard_refusal + helpful_answer,benign,alpaca
alpaca_train_027934,"['hard_refusal', 'helpful_answer']",2,hard_refusal + helpful_answer,benign,alpaca
alpaca_train_027959,"['hard_refusal', 'helpful_answer']",2,hard_refusal + helpful_answer,benign,alpaca
alpaca_train_027967,"['hard_refusal', 'helpful_answer']",2,hard_refusal + helpful_answer,benign,alpaca
alpaca_train_028007,"['hard_refusal', 'helpful_answer']",2,hard_refusal + helpful_answer,benign,alpaca
alpaca_train_028008,"['hard_refusal', 'helpful_answer']",2,hard_refusal + helpful_answer,benign,alpaca
alpaca_train_028021,"['hard_refusal', 'helpful_answer']",2,hard_refusal + helpful_answer,benign,alpaca
alpaca_train_028084,"['hard_refusal', 'helpful_answer']",2,hard_refusal + helpful_answer,benign,alpaca
alpaca_train_028146,"['hard_refusal', 'helpful_answer']",2,hard_refusal + helpful_answer,benign,alpaca
alpaca_train_028148,"['hard_refusal', 'helpful_answer']",2,hard_refusal + helpful_answer,benign,alpaca
alpaca_train_028155,"['hard_refusal', 'helpful_answer']",2,hard_refusal + helpful_answer,benign,alpaca
alpaca_train_028166,"['hard_refusal', 'helpful_answer']",2,hard_refusal + helpful_answer,benign,alpaca
alpaca_train_028216,"['hard_refusal', 'helpful_answer']",2,hard_refusal + helpful_answer,benign,alpaca
alpaca_train_028217,"['hard_refusal', 'helpful_answer']",2,hard_refusal + helpful_answer,benign,alpaca
alpaca_train_028230,"['hard_refusal', 'helpful_answer']",2,hard_refusal + helpful_answer,benign,alpaca
alpaca_train_028237,"['hard_refusal', 'helpful_answer']",2,hard_refusal + helpful_answer,benign,alpaca
alpaca_train_028246,"['hard_refusal', 'helpful_answer']",2,hard_refusal + helpful_answer,benign,alpaca
alpaca_train_028306,"['hard_refusal', 'helpful_answer']",2,hard_refusal + helpful_answer,benign,alpaca
alpaca_train_028338,"['hard_refusal', 'helpful_answer']",2,hard_refusal + helpful_answer,benign,alpaca
alpaca_train_028339,"['hard_refusal', 'helpful_answer']",2,hard_refusal + helpful_answer,benign,alpaca
alpaca_train_028363,"['hard_refusal', 'helpful_answer']",2,hard_refusal + helpful_answer,benign,alpaca
alpaca_train_028382,"['hard_refusal', 'helpful_answer']",2,hard_refusal + helpful_answer,benign,alpaca
alpaca_train_028401,"['hard_refusal', 'helpful_answer']",2,hard_refusal + helpful_answer,benign,alpaca
alpaca_train_028441,"['hard_refusal', 'helpful_answer']",2,hard_refusal + helpful_answer,benign,alpaca
alpaca_train_028458,"['hard_refusal', 'helpful_answer']",2,hard_refusal + helpful_answer,benign,alpaca
alpaca_train_028493,"['hard_refusal', 'helpful_answer']",2,hard_refusal + helpful_answer,benign,alpaca
alpaca_train_028501,"['hard_refusal', 'helpful_answer']",2,hard_refusal + helpful_answer,benign,alpaca
alpaca_train_028527,"['hard_refusal', 'helpful_answer']",2,hard_refusal + helpful_answer,benign,alpaca
alpaca_train_028533,"['hard_refusal', 'helpful_answer']",2,hard_refusal + helpful_answer,benign,alpaca
alpaca_train_028565,"['hard_refusal', 'helpful_answer']",2,hard_refusal + helpful_answer,benign,alpaca
alpaca_train_028701,"['hard_refusal', 'helpful_answer']",2,hard_refusal + helpful_answer,benign,alpaca
alpaca_train_028712,"['hard_refusal', 'helpful_answer']",2,hard_refusal + helpful_answer,benign,alpaca
alpaca_train_028720,"['hard_refusal', 'helpful_answer']",2,hard_refusal + helpful_answer,benign,alpaca
alpaca_train_028833,"['hard_refusal', 'helpful_answer']",2,hard_refusal + helpful_answer,benign,alpaca
alpaca_train_028842,"['hard_refusal', 'helpful_answer']",2,hard_refusal + helpful_answer,benign,alpaca
alpaca_train_028871,"['hard_refusal', 'helpful_answer']",2,hard_refusal + helpful_answer,benign,alpaca
alpaca_train_028881,"['hard_refusal', 'helpful_answer']",2,hard_refusal + helpful_answer,benign,alpaca
alpaca_train_028903,"['hard_refusal', 'helpful_answer']",2,hard_refusal + helpful_answer,benign,alpaca
alpaca_train_028958,"['hard_refusal', 'helpful_answer']",2,hard_refusal + helpful_answer,benign,alpaca
alpaca_train_029056,"['hard_refusal', 'helpful_answer']",2,hard_refusal + helpful_answer,benign,alpaca
alpaca_train_029067,"['hard_refusal', 'helpful_answer']",2,hard_refusal + helpful_answer,benign,alpaca
alpaca_train_029102,"['hard_refusal', 'helpful_answer']",2,hard_refusal + helpful_answer,benign,alpaca
alpaca_train_029158,"['hard_refusal', 'helpful_answer']",2,hard_refusal + helpful_answer,benign,alpaca
alpaca_train_029174,"['hard_refusal', 'helpful_answer']",2,hard_refusal + helpful_answer,benign,alpaca
alpaca_train_029226,"['hard_refusal', 'helpful_answer']",2,hard_refusal + helpful_answer,benign,alpaca
alpaca_train_029249,"['hard_refusal', 'helpful_answer']",2,hard_refusal + helpful_answer,benign,alpaca
alpaca_train_029287,"['hard_refusal', 'helpful_answer']",2,hard_refusal + helpful_answer,benign,alpaca
alpaca_train_029290,"['hard_refusal', 'helpful_answer']",2,hard_refusal + helpful_answer,benign,alpaca
alpaca_train_029301,"['hard_refusal', 'helpful_answer']",2,hard_refusal + helpful_answer,benign,alpaca
alpaca_train_029342,"['hard_refusal', 'helpful_answer']",2,hard_refusal + helpful_answer,benign,alpaca
alpaca_train_029369,"['hard_refusal', 'helpful_answer']",2,hard_refusal + helpful_answer,benign,alpaca
alpaca_train_029375,"['hard_refusal', 'helpful_answer']",2,hard_refusal + helpful_answer,benign,alpaca
alpaca_train_029441,"['hard_refusal', 'helpful_answer']",2,hard_refusal + helpful_answer,benign,alpaca
alpaca_train_029529,"['hard_refusal', 'helpful_answer']",2,hard_refusal + helpful_answer,benign,alpaca
alpaca_train_029624,"['hard_refusal', 'helpful_answer']",2,hard_refusal + helpful_answer,benign,alpaca
alpaca_train_029679,"['hard_refusal', 'helpful_answer']",2,hard_refusal + helpful_answer,benign,alpaca
alpaca_train_029805,"['hard_refusal', 'helpful_answer']",2,hard_refusal + helpful_answer,benign,alpaca
alpaca_train_029819,"['hard_refusal', 'helpful_answer']",2,hard_refusal + helpful_answer,benign,alpaca
alpaca_train_029846,"['hard_refusal', 'helpful_answer']",2,hard_refusal + helpful_answer,benign,alpaca
alpaca_train_029885,"['hard_refusal', 'helpful_answer']",2,hard_refusal + helpful_answer,benign,alpaca
alpaca_train_029893,"['hard_refusal', 'helpful_answer']",2,hard_refusal + helpful_answer,benign,alpaca
alpaca_train_029934,"['hard_refusal', 'helpful_answer']",2,hard_refusal + helpful_answer,benign,alpaca
alpaca_train_029959,"['hard_refusal', 'helpful_answer']",2,hard_refusal + helpful_answer,benign,alpaca
alpaca_train_030023,"['hard_refusal', 'helpful_answer']",2,hard_refusal + helpful_answer,benign,alpaca
alpaca_train_030036,"['hard_refusal', 'helpful_answer']",2,hard_refusal + helpful_answer,benign,alpaca
alpaca_train_030042,"['hard_refusal', 'helpful_answer']",2,hard_refusal + helpful_answer,benign,alpaca
alpaca_train_030054,"['hard_refusal', 'helpful_answer']",2,hard_refusal + helpful_answer,benign,alpaca
alpaca_train_030129,"['hard_refusal', 'helpful_answer']",2,hard_refusal + helpful_answer,benign,alpaca
alpaca_train_030143,"['hard_refusal', 'helpful_answer']",2,hard_refusal + helpful_answer,benign,alpaca
alpaca_train_030153,"['hard_refusal', 'helpful_answer']",2,hard_refusal + helpful_answer,benign,alpaca
alpaca_train_030168,"['hard_refusal', 'helpful_answer']",2,hard_refusal + helpful_answer,benign,alpaca
alpaca_train_030182,"['hard_refusal', 'helpful_answer']",2,hard_refusal + helpful_answer,benign,alpaca
alpaca_train_030241,"['hard_refusal', 'helpful_answer']",2,hard_refusal + helpful_answer,benign,alpaca
alpaca_train_030250,"['hard_refusal', 'helpful_answer']",2,hard_refusal + helpful_answer,benign,alpaca
alpaca_train_030253,"['hard_refusal', 'helpful_answer']",2,hard_refusal + helpful_answer,benign,alpaca
alpaca_train_030273,"['hard_refusal', 'helpful_answer']",2,hard_refusal + helpful_answer,benign,alpaca
alpaca_train_030278,"['hard_refusal', 'helpful_answer']",2,hard_refusal + helpful_answer,benign,alpaca
alpaca_train_030283,"['hard_refusal', 'helpful_answer']",2,hard_refusal + helpful_answer,benign,alpaca
alpaca_train_030295,"['hard_refusal', 'helpful_answer']",2,hard_refusal + helpful_answer,benign,alpaca
alpaca_train_030317,"['hard_refusal', 'helpful_answer']",2,hard_refusal + helpful_answer,benign,alpaca
alpaca_train_030345,"['hard_refusal', 'helpful_answer']",2,hard_refusal + helpful_answer,benign,alpaca
alpaca_train_030351,"['hard_refusal', 'helpful_answer']",2,hard_refusal + helpful_answer,benign,alpaca
alpaca_train_030376,"['hard_refusal', 'helpful_answer']",2,hard_refusal + helpful_answer,benign,alpaca
alpaca_train_030387,"['hard_refusal', 'helpful_answer']",2,hard_refusal + helpful_answer,benign,alpaca
alpaca_train_030392,"['hard_refusal', 'helpful_answer']",2,hard_refusal + helpful_answer,benign,alpaca
alpaca_train_030472,"['hard_refusal', 'helpful_answer']",2,hard_refusal + helpful_answer,benign,alpaca
alpaca_train_030475,"['hard_refusal', 'helpful_answer']",2,hard_refusal + helpful_answer,benign,alpaca
alpaca_train_030487,"['hard_refusal', 'helpful_answer']",2,hard_refusal + helpful_answer,benign,alpaca
alpaca_train_030528,"['hard_refusal', 'helpful_answer']",2,hard_refusal + helpful_answer,benign,alpaca
alpaca_train_030534,"['hard_refusal', 'helpful_answer']",2,hard_refusal + helpful_answer,benign,alpaca
alpaca_train_030585,"['hard_refusal', 'helpful_answer']",2,hard_refusal + helpful_answer,benign,alpaca
alpaca_train_030629,"['hard_refusal', 'helpful_answer']",2,hard_refusal + helpful_answer,benign,alpaca
alpaca_train_030658,"['hard_refusal', 'helpful_answer']",2,hard_refusal + helpful_answer,benign,alpaca
alpaca_train_030659,"['hard_refusal', 'helpful_answer']",2,hard_refusal + helpful_answer,benign,alpaca
alpaca_train_030703,"['hard_refusal', 'helpful_answer']",2,hard_refusal + helpful_answer,benign,alpaca
alpaca_train_030740,"['hard_refusal', 'helpful_answer']",2,hard_refusal + helpful_answer,benign,alpaca
alpaca_train_030748,"['hard_refusal', 'helpful_answer']",2,hard_refusal + helpful_answer,benign,alpaca
alpaca_train_030752,"['hard_refusal', 'helpful_answer']",2,hard_refusal + helpful_answer,benign,alpaca
alpaca_train_030760,"['hard_refusal', 'helpful_answer']",2,hard_refusal + helpful_answer,benign,alpaca
alpaca_train_030779,"['hard_refusal', 'helpful_answer']",2,hard_refusal + helpful_answer,benign,alpaca
alpaca_train_030795,"['hard_refusal', 'helpful_answer']",2,hard_refusal + helpful_answer,benign,alpaca
alpaca_train_030815,"['hard_refusal', 'helpful_answer']",2,hard_refusal + helpful_answer,benign,alpaca
alpaca_train_030838,"['hard_refusal', 'helpful_answer']",2,hard_refusal + helpful_answer,benign,alpaca
alpaca_train_030898,"['hard_refusal', 'helpful_answer']",2,hard_refusal + helpful_answer,benign,alpaca
alpaca_train_030944,"['hard_refusal', 'helpful_answer']",2,hard_refusal + helpful_answer,benign,alpaca
alpaca_train_031030,"['hard_refusal', 'helpful_answer']",2,hard_refusal + helpful_answer,benign,alpaca
alpaca_train_031098,"['hard_refusal', 'helpful_answer']",2,hard_refusal + helpful_answer,benign,alpaca
alpaca_train_031101,"['hard_refusal', 'helpful_answer']",2,hard_refusal + helpful_answer,benign,alpaca
alpaca_train_031125,"['hard_refusal', 'helpful_answer']",2,hard_refusal + helpful_answer,benign,alpaca
alpaca_train_031134,"['hard_refusal', 'helpful_answer']",2,hard_refusal + helpful_answer,benign,alpaca
alpaca_train_031143,"['hard_refusal', 'helpful_answer']",2,hard_refusal + helpful_answer,benign,alpaca
alpaca_train_031152,"['hard_refusal', 'helpful_answer']",2,hard_refusal + helpful_answer,benign,alpaca
alpaca_train_031222,"['hard_refusal', 'helpful_answer']",2,hard_refusal + helpful_answer,benign,alpaca
alpaca_train_031280,"['hard_refusal', 'helpful_answer']",2,hard_refusal + helpful_answer,benign,alpaca
alpaca_train_031332,"['hard_refusal', 'helpful_answer']",2,hard_refusal + helpful_answer,benign,alpaca
alpaca_train_031391,"['hard_refusal', 'helpful_answer']",2,hard_refusal + helpful_answer,benign,alpaca
alpaca_train_031406,"['hard_refusal', 'helpful_answer']",2,hard_refusal + helpful_answer,benign,alpaca
alpaca_train_031426,"['hard_refusal', 'helpful_answer']",2,hard_refusal + helpful_answer,benign,alpaca
alpaca_train_031429,"['hard_refusal', 'helpful_answer']",2,hard_refusal + helpful_answer,benign,alpaca
alpaca_train_031441,"['hard_refusal', 'helpful_answer']",2,hard_refusal + helpful_answer,benign,alpaca
alpaca_train_031475,"['hard_refusal', 'helpful_answer']",2,hard_refusal + helpful_answer,benign,alpaca
alpaca_train_031573,"['hard_refusal', 'helpful_answer']",2,hard_refusal + helpful_answer,benign,alpaca
alpaca_train_031611,"['hard_refusal', 'helpful_answer']",2,hard_refusal + helpful_answer,benign,alpaca
alpaca_train_031612,"['hard_refusal', 'helpful_answer']",2,hard_refusal + helpful_answer,benign,alpaca
alpaca_train_031647,"['hard_refusal', 'helpful_answer']",2,hard_refusal + helpful_answer,benign,alpaca
alpaca_train_031654,"['hard_refusal', 'helpful_answer']",2,hard_refusal + helpful_answer,benign,alpaca
alpaca_train_031656,"['hard_refusal', 'helpful_answer']",2,hard_refusal + helpful_answer,benign,alpaca
alpaca_train_031739,"['hard_refusal', 'helpful_answer']",2,hard_refusal + helpful_answer,benign,alpaca
alpaca_train_031822,"['hard_refusal', 'helpful_answer']",2,hard_refusal + helpful_answer,benign,alpaca
alpaca_train_031847,"['hard_refusal', 'helpful_answer']",2,hard_refusal + helpful_answer,benign,alpaca
alpaca_train_031878,"['hard_refusal', 'helpful_answer']",2,hard_refusal + helpful_answer,benign,alpaca
alpaca_train_031880,"['hard_refusal', 'helpful_answer']",2,hard_refusal + helpful_answer,benign,alpaca
alpaca_train_031992,"['hard_refusal', 'helpful_answer']",2,hard_refusal + helpful_answer,benign,alpaca
alpaca_train_032026,"['hard_refusal', 'helpful_answer']",2,hard_refusal + helpful_answer,benign,alpaca
alpaca_train_032054,"['hard_refusal', 'helpful_answer']",2,hard_refusal + helpful_answer,benign,alpaca
alpaca_train_032090,"['hard_refusal', 'helpful_answer']",2,hard_refusal + helpful_answer,benign,alpaca
alpaca_train_032106,"['hard_refusal', 'helpful_answer']",2,hard_refusal + helpful_answer,benign,alpaca
alpaca_train_032208,"['hard_refusal', 'helpful_answer']",2,hard_refusal + helpful_answer,benign,alpaca
alpaca_train_032339,"['hard_refusal', 'helpful_answer']",2,hard_refusal + helpful_answer,benign,alpaca
alpaca_train_032340,"['hard_refusal', 'helpful_answer']",2,hard_refusal + helpful_answer,benign,alpaca
alpaca_train_032360,"['hard_refusal', 'helpful_answer']",2,hard_refusal + helpful_answer,benign,alpaca
alpaca_train_032451,"['hard_refusal', 'helpful_answer']",2,hard_refusal + helpful_answer,benign,alpaca
alpaca_train_032503,"['hard_refusal', 'helpful_answer']",2,hard_refusal + helpful_answer,benign,alpaca
alpaca_train_032529,"['hard_refusal', 'helpful_answer']",2,hard_refusal + helpful_answer,benign,alpaca
alpaca_train_032542,"['hard_refusal', 'helpful_answer']",2,hard_refusal + helpful_answer,benign,alpaca
alpaca_train_032552,"['hard_refusal', 'helpful_answer']",2,hard_refusal + helpful_answer,benign,alpaca
alpaca_train_032580,"['hard_refusal', 'helpful_answer']",2,hard_refusal + helpful_answer,benign,alpaca
alpaca_train_032592,"['hard_refusal', 'helpful_answer']",2,hard_refusal + helpful_answer,benign,alpaca
alpaca_train_032600,"['hard_refusal', 'helpful_answer']",2,hard_refusal + helpful_answer,benign,alpaca
alpaca_train_032616,"['hard_refusal', 'helpful_answer']",2,hard_refusal + helpful_answer,benign,alpaca
alpaca_train_032675,"['hard_refusal', 'helpful_answer']",2,hard_refusal + helpful_answer,benign,alpaca
alpaca_train_032690,"['hard_refusal', 'helpful_answer']",2,hard_refusal + helpful_answer,benign,alpaca
alpaca_train_032693,"['hard_refusal', 'helpful_answer']",2,hard_refusal + helpful_answer,benign,alpaca
alpaca_train_032707,"['hard_refusal', 'helpful_answer']",2,hard_refusal + helpful_answer,benign,alpaca
alpaca_train_032716,"['hard_refusal', 'helpful_answer']",2,hard_refusal + helpful_answer,benign,alpaca
alpaca_train_032770,"['hard_refusal', 'helpful_answer']",2,hard_refusal + helpful_answer,benign,alpaca
alpaca_train_032846,"['hard_refusal', 'helpful_answer']",2,hard_refusal + helpful_answer,benign,alpaca
alpaca_train_032855,"['hard_refusal', 'helpful_answer']",2,hard_refusal + helpful_answer,benign,alpaca
alpaca_train_032927,"['hard_refusal', 'helpful_answer']",2,hard_refusal + helpful_answer,benign,alpaca
alpaca_train_032936,"['hard_refusal', 'helpful_answer']",2,hard_refusal + helpful_answer,benign,alpaca
alpaca_train_033005,"['hard_refusal', 'helpful_answer']",2,hard_refusal + helpful_answer,benign,alpaca
alpaca_train_033049,"['hard_refusal', 'helpful_answer']",2,hard_refusal + helpful_answer,benign,alpaca
alpaca_train_033077,"['hard_refusal', 'helpful_answer']",2,hard_refusal + helpful_answer,benign,alpaca
alpaca_train_033203,"['hard_refusal', 'helpful_answer']",2,hard_refusal + helpful_answer,benign,alpaca
alpaca_train_033265,"['hard_refusal', 'helpful_answer']",2,hard_refusal + helpful_answer,benign,alpaca
alpaca_train_033280,"['hard_refusal', 'helpful_answer']",2,hard_refusal + helpful_answer,benign,alpaca
alpaca_train_033299,"['hard_refusal', 'helpful_answer']",2,hard_refusal + helpful_answer,benign,alpaca
alpaca_train_033443,"['hard_refusal', 'helpful_answer']",2,hard_refusal + helpful_answer,benign,alpaca
alpaca_train_033461,"['hard_refusal', 'helpful_answer']",2,hard_refusal + helpful_answer,benign,alpaca
alpaca_train_033497,"['hard_refusal', 'helpful_answer']",2,hard_refusal + helpful_answer,benign,alpaca
alpaca_train_033550,"['hard_refusal', 'helpful_answer']",2,hard_refusal + helpful_answer,benign,alpaca
alpaca_train_033576,"['hard_refusal', 'helpful_answer']",2,hard_refusal + helpful_answer,benign,alpaca
alpaca_train_033588,"['hard_refusal', 'helpful_answer']",2,hard_refusal + helpful_answer,benign,alpaca
alpaca_train_033653,"['hard_refusal', 'helpful_answer']",2,hard_refusal + helpful_answer,benign,alpaca
alpaca_train_033659,"['hard_refusal', 'helpful_answer']",2,hard_refusal + helpful_answer,benign,alpaca
alpaca_train_033683,"['hard_refusal', 'helpful_answer']",2,hard_refusal + helpful_answer,benign,alpaca
alpaca_train_033734,"['hard_refusal', 'helpful_answer']",2,hard_refusal + helpful_answer,benign,alpaca
alpaca_train_033735,"['hard_refusal', 'helpful_answer']",2,hard_refusal + helpful_answer,benign,alpaca
alpaca_train_033736,"['hard_refusal', 'helpful_answer']",2,hard_refusal + helpful_answer,benign,alpaca
alpaca_train_033789,"['hard_refusal', 'helpful_answer']",2,hard_refusal + helpful_answer,benign,alpaca
alpaca_train_033820,"['hard_refusal', 'helpful_answer']",2,hard_refusal + helpful_answer,benign,alpaca
alpaca_train_033837,"['hard_refusal', 'helpful_answer']",2,hard_refusal + helpful_answer,benign,alpaca
alpaca_train_033839,"['hard_refusal', 'helpful_answer']",2,hard_refusal + helpful_answer,benign,alpaca
alpaca_train_033845,"['hard_refusal', 'helpful_answer']",2,hard_refusal + helpful_answer,benign,alpaca
alpaca_train_033846,"['hard_refusal', 'helpful_answer']",2,hard_refusal + helpful_answer,benign,alpaca
alpaca_train_033851,"['hard_refusal', 'helpful_answer']",2,hard_refusal + helpful_answer,benign,alpaca
alpaca_train_033947,"['hard_refusal', 'helpful_answer']",2,hard_refusal + helpful_answer,benign,alpaca
alpaca_train_033980,"['hard_refusal', 'helpful_answer']",2,hard_refusal + helpful_answer,benign,alpaca
alpaca_train_033993,"['hard_refusal', 'helpful_answer']",2,hard_refusal + helpful_answer,benign,alpaca
alpaca_train_034013,"['hard_refusal', 'helpful_answer']",2,hard_refusal + helpful_answer,benign,alpaca
alpaca_train_034042,"['hard_refusal', 'helpful_answer']",2,hard_refusal + helpful_answer,benign,alpaca
alpaca_train_034059,"['hard_refusal', 'helpful_answer']",2,hard_refusal + helpful_answer,benign,alpaca
alpaca_train_034135,"['hard_refusal', 'helpful_answer']",2,hard_refusal + helpful_answer,benign,alpaca
alpaca_train_034168,"['hard_refusal', 'helpful_answer']",2,hard_refusal + helpful_answer,benign,alpaca
alpaca_train_034171,"['hard_refusal', 'helpful_answer']",2,hard_refusal + helpful_answer,benign,alpaca
alpaca_train_034192,"['hard_refusal', 'helpful_answer']",2,hard_refusal + helpful_answer,benign,alpaca
alpaca_train_034199,"['hard_refusal', 'helpful_answer']",2,hard_refusal + helpful_answer,benign,alpaca
alpaca_train_034233,"['hard_refusal', 'helpful_answer']",2,hard_refusal + helpful_answer,benign,alpaca
alpaca_train_034237,"['hard_refusal', 'helpful_answer']",2,hard_refusal + helpful_answer,benign,alpaca
alpaca_train_034271,"['hard_refusal', 'helpful_answer']",2,hard_refusal + helpful_answer,benign,alpaca
alpaca_train_034273,"['hard_refusal', 'helpful_answer']",2,hard_refusal + helpful_answer,benign,alpaca
alpaca_train_034335,"['hard_refusal', 'helpful_answer']",2,hard_refusal + helpful_answer,benign,alpaca
alpaca_train_034374,"['hard_refusal', 'helpful_answer']",2,hard_refusal + helpful_answer,benign,alpaca
alpaca_train_034391,"['hard_refusal', 'helpful_answer']",2,hard_refusal + helpful_answer,benign,alpaca
alpaca_train_034399,"['hard_refusal', 'helpful_answer']",2,hard_refusal + helpful_answer,benign,alpaca
alpaca_train_034404,"['hard_refusal', 'helpful_answer']",2,hard_refusal + helpful_answer,benign,alpaca
alpaca_train_034417,"['hard_refusal', 'helpful_answer']",2,hard_refusal + helpful_answer,benign,alpaca
alpaca_train_034462,"['hard_refusal', 'helpful_answer']",2,hard_refusal + helpful_answer,benign,alpaca
alpaca_train_034538,"['hard_refusal', 'helpful_answer']",2,hard_refusal + helpful_answer,benign,alpaca
alpaca_train_034570,"['hard_refusal', 'helpful_answer']",2,hard_refusal + helpful_answer,benign,alpaca
alpaca_train_034647,"['hard_refusal', 'helpful_answer']",2,hard_refusal + helpful_answer,benign,alpaca
alpaca_train_034664,"['hard_refusal', 'helpful_answer']",2,hard_refusal + helpful_answer,benign,alpaca
alpaca_train_034756,"['hard_refusal', 'helpful_answer']",2,hard_refusal + helpful_answer,benign,alpaca
alpaca_train_034763,"['hard_refusal', 'helpful_answer']",2,hard_refusal + helpful_answer,benign,alpaca
alpaca_train_034847,"['hard_refusal', 'helpful_answer']",2,hard_refusal + helpful_answer,benign,alpaca
alpaca_train_034905,"['hard_refusal', 'helpful_answer']",2,hard_refusal + helpful_answer,benign,alpaca
alpaca_train_034951,"['hard_refusal', 'helpful_answer']",2,hard_refusal + helpful_answer,benign,alpaca
alpaca_train_034953,"['hard_refusal', 'helpful_answer']",2,hard_refusal + helpful_answer,benign,alpaca
alpaca_train_034957,"['hard_refusal', 'helpful_answer']",2,hard_refusal + helpful_answer,benign,alpaca
alpaca_train_034968,"['hard_refusal', 'helpful_answer']",2,hard_refusal + helpful_answer,benign,alpaca
alpaca_train_035014,"['hard_refusal', 'helpful_answer']",2,hard_refusal + helpful_answer,benign,alpaca
alpaca_train_035020,"['hard_refusal', 'helpful_answer']",2,hard_refusal + helpful_answer,benign,alpaca
alpaca_train_035066,"['hard_refusal', 'helpful_answer']",2,hard_refusal + helpful_answer,benign,alpaca
alpaca_train_035078,"['hard_refusal', 'helpful_answer']",2,hard_refusal + helpful_answer,benign,alpaca
alpaca_train_035356,"['hard_refusal', 'helpful_answer']",2,hard_refusal + helpful_answer,benign,alpaca
alpaca_train_035365,"['hard_refusal', 'helpful_answer']",2,hard_refusal + helpful_answer,benign,alpaca
alpaca_train_035376,"['hard_refusal', 'helpful_answer']",2,hard_refusal + helpful_answer,benign,alpaca
alpaca_train_035440,"['hard_refusal', 'helpful_answer']",2,hard_refusal + helpful_answer,benign,alpaca
alpaca_train_035451,"['hard_refusal', 'helpful_answer']",2,hard_refusal + helpful_answer,benign,alpaca
alpaca_train_035490,"['hard_refusal', 'helpful_answer']",2,hard_refusal + helpful_answer,benign,alpaca
alpaca_train_035601,"['hard_refusal', 'helpful_answer']",2,hard_refusal + helpful_answer,benign,alpaca
alpaca_train_035625,"['hard_refusal', 'helpful_answer']",2,hard_refusal + helpful_answer,benign,alpaca
alpaca_train_035638,"['hard_refusal', 'helpful_answer']",2,hard_refusal + helpful_answer,benign,alpaca
alpaca_train_035716,"['hard_refusal', 'helpful_answer']",2,hard_refusal + helpful_answer,benign,alpaca
alpaca_train_035726,"['hard_refusal', 'helpful_answer']",2,hard_refusal + helpful_answer,benign,alpaca
alpaca_train_035728,"['hard_refusal', 'helpful_answer']",2,hard_refusal + helpful_answer,benign,alpaca
alpaca_train_035739,"['hard_refusal', 'helpful_answer']",2,hard_refusal + helpful_answer,benign,alpaca
alpaca_train_035799,"['hard_refusal', 'helpful_answer']",2,hard_refusal + helpful_answer,benign,alpaca
alpaca_train_035824,"['hard_refusal', 'helpful_answer']",2,hard_refusal + helpful_answer,benign,alpaca
alpaca_train_035826,"['hard_refusal', 'helpful_answer']",2,hard_refusal + helpful_answer,benign,alpaca
alpaca_train_035878,"['hard_refusal', 'helpful_answer']",2,hard_refusal + helpful_answer,benign,alpaca
alpaca_train_035890,"['hard_refusal', 'helpful_answer']",2,hard_refusal + helpful_answer,benign,alpaca
alpaca_train_035909,"['hard_refusal', 'helpful_answer']",2,hard_refusal + helpful_answer,benign,alpaca
alpaca_train_035915,"['hard_refusal', 'helpful_answer']",2,hard_refusal + helpful_answer,benign,alpaca
alpaca_train_035936,"['hard_refusal', 'helpful_answer']",2,hard_refusal + helpful_answer,benign,alpaca
alpaca_train_035938,"['hard_refusal', 'helpful_answer']",2,hard_refusal + helpful_answer,benign,alpaca
alpaca_train_035985,"['hard_refusal', 'helpful_answer']",2,hard_refusal + helpful_answer,benign,alpaca
alpaca_train_036030,"['hard_refusal', 'helpful_answer']",2,hard_refusal + helpful_answer,benign,alpaca
alpaca_train_036056,"['hard_refusal', 'helpful_answer']",2,hard_refusal + helpful_answer,benign,alpaca
alpaca_train_036067,"['hard_refusal', 'helpful_answer']",2,hard_refusal + helpful_answer,benign,alpaca
alpaca_train_036118,"['hard_refusal', 'helpful_answer']",2,hard_refusal + helpful_answer,benign,alpaca
alpaca_train_036120,"['hard_refusal', 'helpful_answer']",2,hard_refusal + helpful_answer,benign,alpaca
alpaca_train_036126,"['hard_refusal', 'helpful_answer']",2,hard_refusal + helpful_answer,benign,alpaca
alpaca_train_036192,"['hard_refusal', 'helpful_answer']",2,hard_refusal + helpful_answer,benign,alpaca
alpaca_train_036197,"['hard_refusal', 'helpful_answer']",2,hard_refusal + helpful_answer,benign,alpaca
alpaca_train_036203,"['hard_refusal', 'helpful_answer']",2,hard_refusal + helpful_answer,benign,alpaca
alpaca_train_036222,"['hard_refusal', 'helpful_answer']",2,hard_refusal + helpful_answer,benign,alpaca
alpaca_train_036228,"['hard_refusal', 'helpful_answer']",2,hard_refusal + helpful_answer,benign,alpaca
alpaca_train_036255,"['hard_refusal', 'helpful_answer']",2,hard_refusal + helpful_answer,benign,alpaca
alpaca_train_036315,"['hard_refusal', 'helpful_answer']",2,hard_refusal + helpful_answer,benign,alpaca
alpaca_train_036408,"['hard_refusal', 'helpful_answer']",2,hard_refusal + helpful_answer,benign,alpaca
alpaca_train_036429,"['hard_refusal', 'helpful_answer']",2,hard_refusal + helpful_answer,benign,alpaca
alpaca_train_036442,"['hard_refusal', 'helpful_answer']",2,hard_refusal + helpful_answer,benign,alpaca
alpaca_train_036491,"['hard_refusal', 'helpful_answer']",2,hard_refusal + helpful_answer,benign,alpaca
alpaca_train_036497,"['hard_refusal', 'helpful_answer']",2,hard_refusal + helpful_answer,benign,alpaca
alpaca_train_036515,"['hard_refusal', 'helpful_answer']",2,hard_refusal + helpful_answer,benign,alpaca
alpaca_train_036536,"['hard_refusal', 'helpful_answer']",2,hard_refusal + helpful_answer,benign,alpaca
alpaca_train_036578,"['hard_refusal', 'helpful_answer']",2,hard_refusal + helpful_answer,benign,alpaca
alpaca_train_036616,"['hard_refusal', 'helpful_answer']",2,hard_refusal + helpful_answer,benign,alpaca
alpaca_train_036639,"['hard_refusal', 'helpful_answer']",2,hard_refusal + helpful_answer,benign,alpaca
alpaca_train_036650,"['hard_refusal', 'helpful_answer']",2,hard_refusal + helpful_answer,benign,alpaca
alpaca_train_036671,"['hard_refusal', 'helpful_answer']",2,hard_refusal + helpful_answer,benign,alpaca
alpaca_train_036673,"['hard_refusal', 'helpful_answer']",2,hard_refusal + helpful_answer,benign,alpaca
alpaca_train_036720,"['hard_refusal', 'helpful_answer']",2,hard_refusal + helpful_answer,benign,alpaca
alpaca_train_036730,"['hard_refusal', 'helpful_answer']",2,hard_refusal + helpful_answer,benign,alpaca
alpaca_train_036757,"['hard_refusal', 'helpful_answer']",2,hard_refusal + helpful_answer,benign,alpaca
alpaca_train_036762,"['hard_refusal', 'helpful_answer']",2,hard_refusal + helpful_answer,benign,alpaca
alpaca_train_036830,"['hard_refusal', 'helpful_answer']",2,hard_refusal + helpful_answer,benign,alpaca
alpaca_train_036842,"['hard_refusal', 'helpful_answer']",2,hard_refusal + helpful_answer,benign,alpaca
alpaca_train_036860,"['hard_refusal', 'helpful_answer']",2,hard_refusal + helpful_answer,benign,alpaca
alpaca_train_036890,"['hard_refusal', 'helpful_answer']",2,hard_refusal + helpful_answer,benign,alpaca
alpaca_train_036904,"['hard_refusal', 'helpful_answer']",2,hard_refusal + helpful_answer,benign,alpaca
alpaca_train_036919,"['hard_refusal', 'helpful_answer']",2,hard_refusal + helpful_answer,benign,alpaca
alpaca_train_036966,"['hard_refusal', 'helpful_answer']",2,hard_refusal + helpful_answer,benign,alpaca
alpaca_train_036988,"['hard_refusal', 'helpful_answer']",2,hard_refusal + helpful_answer,benign,alpaca
alpaca_train_037031,"['hard_refusal', 'helpful_answer']",2,hard_refusal + helpful_answer,benign,alpaca
alpaca_train_037096,"['hard_refusal', 'helpful_answer']",2,hard_refusal + helpful_answer,benign,alpaca
alpaca_train_037228,"['hard_refusal', 'helpful_answer']",2,hard_refusal + helpful_answer,benign,alpaca
alpaca_train_037243,"['hard_refusal', 'helpful_answer']",2,hard_refusal + helpful_answer,benign,alpaca
alpaca_train_037300,"['hard_refusal', 'helpful_answer']",2,hard_refusal + helpful_answer,benign,alpaca
alpaca_train_037301,"['hard_refusal', 'helpful_answer']",2,hard_refusal + helpful_answer,benign,alpaca
alpaca_train_037303,"['hard_refusal', 'helpful_answer']",2,hard_refusal + helpful_answer,benign,alpaca
alpaca_train_037315,"['hard_refusal', 'helpful_answer']",2,hard_refusal + helpful_answer,benign,alpaca
alpaca_train_037328,"['hard_refusal', 'helpful_answer']",2,hard_refusal + helpful_answer,benign,alpaca
alpaca_train_037331,"['hard_refusal', 'helpful_answer']",2,hard_refusal + helpful_answer,benign,alpaca
alpaca_train_037336,"['hard_refusal', 'helpful_answer']",2,hard_refusal + helpful_answer,benign,alpaca
alpaca_train_037385,"['hard_refusal', 'helpful_answer']",2,hard_refusal + helpful_answer,benign,alpaca
alpaca_train_037401,"['hard_refusal', 'helpful_answer']",2,hard_refusal + helpful_answer,benign,alpaca
alpaca_train_037426,"['hard_refusal', 'helpful_answer']",2,hard_refusal + helpful_answer,benign,alpaca
alpaca_train_037459,"['hard_refusal', 'helpful_answer']",2,hard_refusal + helpful_answer,benign,alpaca
alpaca_train_037477,"['hard_refusal', 'helpful_answer']",2,hard_refusal + helpful_answer,benign,alpaca
alpaca_train_037498,"['hard_refusal', 'helpful_answer']",2,hard_refusal + helpful_answer,benign,alpaca
alpaca_train_037525,"['hard_refusal', 'helpful_answer']",2,hard_refusal + helpful_answer,benign,alpaca
alpaca_train_037536,"['hard_refusal', 'helpful_answer']",2,hard_refusal + helpful_answer,benign,alpaca
alpaca_train_037661,"['hard_refusal', 'helpful_answer']",2,hard_refusal + helpful_answer,benign,alpaca
alpaca_train_037696,"['hard_refusal', 'helpful_answer']",2,hard_refusal + helpful_answer,benign,alpaca
alpaca_train_037712,"['hard_refusal', 'helpful_answer']",2,hard_refusal + helpful_answer,benign,alpaca
alpaca_train_037939,"['hard_refusal', 'helpful_answer']",2,hard_refusal + helpful_answer,benign,alpaca
alpaca_train_037959,"['hard_refusal', 'helpful_answer']",2,hard_refusal + helpful_answer,benign,alpaca
alpaca_train_037995,"['hard_refusal', 'helpful_answer']",2,hard_refusal + helpful_answer,benign,alpaca
alpaca_train_038002,"['hard_refusal', 'helpful_answer']",2,hard_refusal + helpful_answer,benign,alpaca
alpaca_train_038154,"['hard_refusal', 'helpful_answer']",2,hard_refusal + helpful_answer,benign,alpaca
alpaca_train_038167,"['hard_refusal', 'helpful_answer']",2,hard_refusal + helpful_answer,benign,alpaca
alpaca_train_038205,"['hard_refusal', 'helpful_answer']",2,hard_refusal + helpful_answer,benign,alpaca
alpaca_train_038223,"['hard_refusal', 'helpful_answer']",2,hard_refusal + helpful_answer,benign,alpaca
alpaca_train_038228,"['hard_refusal', 'helpful_answer']",2,hard_refusal + helpful_answer,benign,alpaca
alpaca_train_038380,"['hard_refusal', 'helpful_answer']",2,hard_refusal + helpful_answer,benign,alpaca
alpaca_train_038397,"['hard_refusal', 'helpful_answer']",2,hard_refusal + helpful_answer,benign,alpaca
alpaca_train_038400,"['hard_refusal', 'helpful_answer']",2,hard_refusal + helpful_answer,benign,alpaca
alpaca_train_038429,"['hard_refusal', 'helpful_answer']",2,hard_refusal + helpful_answer,benign,alpaca
alpaca_train_038442,"['hard_refusal', 'helpful_answer']",2,hard_refusal + helpful_answer,benign,alpaca
alpaca_train_038446,"['hard_refusal', 'helpful_answer']",2,hard_refusal + helpful_answer,benign,alpaca
alpaca_train_038503,"['hard_refusal', 'helpful_answer']",2,hard_refusal + helpful_answer,benign,alpaca
alpaca_train_038516,"['hard_refusal', 'helpful_answer']",2,hard_refusal + helpful_answer,benign,alpaca
alpaca_train_038565,"['hard_refusal', 'helpful_answer']",2,hard_refusal + helpful_answer,benign,alpaca
alpaca_train_038576,"['hard_refusal', 'helpful_answer']",2,hard_refusal + helpful_answer,benign,alpaca
alpaca_train_038603,"['hard_refusal', 'helpful_answer']",2,hard_refusal + helpful_answer,benign,alpaca
alpaca_train_038632,"['hard_refusal', 'helpful_answer']",2,hard_refusal + helpful_answer,benign,alpaca
alpaca_train_038638,"['hard_refusal', 'helpful_answer']",2,hard_refusal + helpful_answer,benign,alpaca
alpaca_train_038641,"['hard_refusal', 'helpful_answer']",2,hard_refusal + helpful_answer,benign,alpaca
alpaca_train_038673,"['hard_refusal', 'helpful_answer']",2,hard_refusal + helpful_answer,benign,alpaca
alpaca_train_038700,"['hard_refusal', 'helpful_answer']",2,hard_refusal + helpful_answer,benign,alpaca
alpaca_train_038851,"['hard_refusal', 'helpful_answer']",2,hard_refusal + helpful_answer,benign,alpaca
alpaca_train_038862,"['hard_refusal', 'helpful_answer']",2,hard_refusal + helpful_answer,benign,alpaca
alpaca_train_038868,"['hard_refusal', 'helpful_answer']",2,hard_refusal + helpful_answer,benign,alpaca
alpaca_train_038880,"['hard_refusal', 'helpful_answer']",2,hard_refusal + helpful_answer,benign,alpaca
alpaca_train_038881,"['hard_refusal', 'helpful_answer']",2,hard_refusal + helpful_answer,benign,alpaca
alpaca_train_038907,"['hard_refusal', 'helpful_answer']",2,hard_refusal + helpful_answer,benign,alpaca
alpaca_train_038951,"['hard_refusal', 'helpful_answer']",2,hard_refusal + helpful_answer,benign,alpaca
alpaca_train_039062,"['hard_refusal', 'helpful_answer']",2,hard_refusal + helpful_answer,benign,alpaca
alpaca_train_039070,"['hard_refusal', 'helpful_answer']",2,hard_refusal + helpful_answer,benign,alpaca
alpaca_train_039096,"['hard_refusal', 'helpful_answer']",2,hard_refusal + helpful_answer,benign,alpaca
alpaca_train_039117,"['hard_refusal', 'helpful_answer']",2,hard_refusal + helpful_answer,benign,alpaca
alpaca_train_039118,"['hard_refusal', 'helpful_answer']",2,hard_refusal + helpful_answer,benign,alpaca
alpaca_train_039132,"['hard_refusal', 'helpful_answer']",2,hard_refusal + helpful_answer,benign,alpaca
alpaca_train_039182,"['hard_refusal', 'helpful_answer']",2,hard_refusal + helpful_answer,benign,alpaca
alpaca_train_039206,"['hard_refusal', 'helpful_answer']",2,hard_refusal + helpful_answer,benign,alpaca
alpaca_train_039214,"['hard_refusal', 'helpful_answer']",2,hard_refusal + helpful_answer,benign,alpaca
alpaca_train_039250,"['hard_refusal', 'helpful_answer']",2,hard_refusal + helpful_answer,benign,alpaca
alpaca_train_039271,"['hard_refusal', 'helpful_answer']",2,hard_refusal + helpful_answer,benign,alpaca
alpaca_train_039276,"['hard_refusal', 'helpful_answer']",2,hard_refusal + helpful_answer,benign,alpaca
alpaca_train_039284,"['hard_refusal', 'helpful_answer']",2,hard_refusal + helpful_answer,benign,alpaca
alpaca_train_039299,"['hard_refusal', 'helpful_answer']",2,hard_refusal + helpful_answer,benign,alpaca
alpaca_train_039314,"['hard_refusal', 'helpful_answer']",2,hard_refusal + helpful_answer,benign,alpaca
alpaca_train_039332,"['hard_refusal', 'helpful_answer']",2,hard_refusal + helpful_answer,benign,alpaca
alpaca_train_039347,"['hard_refusal', 'helpful_answer']",2,hard_refusal + helpful_answer,benign,alpaca
alpaca_train_039393,"['hard_refusal', 'helpful_answer']",2,hard_refusal + helpful_answer,benign,alpaca
alpaca_train_039450,"['hard_refusal', 'helpful_answer']",2,hard_refusal + helpful_answer,benign,alpaca
alpaca_train_039465,"['hard_refusal', 'helpful_answer']",2,hard_refusal + helpful_answer,benign,alpaca
alpaca_train_039531,"['hard_refusal', 'helpful_answer']",2,hard_refusal + helpful_answer,benign,alpaca
alpaca_train_039536,"['hard_refusal', 'helpful_answer']",2,hard_refusal + helpful_answer,benign,alpaca
alpaca_train_039586,"['hard_refusal', 'helpful_answer']",2,hard_refusal + helpful_answer,benign,alpaca
alpaca_train_039612,"['hard_refusal', 'helpful_answer']",2,hard_refusal + helpful_answer,benign,alpaca
alpaca_train_039659,"['hard_refusal', 'helpful_answer']",2,hard_refusal + helpful_answer,benign,alpaca
alpaca_train_039679,"['hard_refusal', 'helpful_answer']",2,hard_refusal + helpful_answer,benign,alpaca
alpaca_train_039698,"['hard_refusal', 'helpful_answer']",2,hard_refusal + helpful_answer,benign,alpaca
alpaca_train_039702,"['hard_refusal', 'helpful_answer']",2,hard_refusal + helpful_answer,benign,alpaca
alpaca_train_039720,"['hard_refusal', 'helpful_answer']",2,hard_refusal + helpful_answer,benign,alpaca
alpaca_train_039763,"['hard_refusal', 'helpful_answer']",2,hard_refusal + helpful_answer,benign,alpaca
alpaca_train_039777,"['hard_refusal', 'helpful_answer']",2,hard_refusal + helpful_answer,benign,alpaca
alpaca_train_039788,"['hard_refusal', 'helpful_answer']",2,hard_refusal + helpful_answer,benign,alpaca
alpaca_train_039815,"['hard_refusal', 'helpful_answer']",2,hard_refusal + helpful_answer,benign,alpaca
alpaca_train_039827,"['hard_refusal', 'helpful_answer']",2,hard_refusal + helpful_answer,benign,alpaca
alpaca_train_039893,"['hard_refusal', 'helpful_answer']",2,hard_refusal + helpful_answer,benign,alpaca
alpaca_train_039920,"['hard_refusal', 'helpful_answer']",2,hard_refusal + helpful_answer,benign,alpaca
alpaca_train_039973,"['hard_refusal', 'helpful_answer']",2,hard_refusal + helpful_answer,benign,alpaca
alpaca_train_039979,"['hard_refusal', 'helpful_answer']",2,hard_refusal + helpful_answer,benign,alpaca
alpaca_train_039999,"['hard_refusal', 'helpful_answer']",2,hard_refusal + helpful_answer,benign,alpaca
alpaca_train_040040,"['hard_refusal', 'helpful_answer']",2,hard_refusal + helpful_answer,benign,alpaca
alpaca_train_040050,"['hard_refusal', 'helpful_answer']",2,hard_refusal + helpful_answer,benign,alpaca
alpaca_train_040074,"['hard_refusal', 'helpful_answer']",2,hard_refusal + helpful_answer,benign,alpaca
alpaca_train_040139,"['hard_refusal', 'helpful_answer']",2,hard_refusal + helpful_answer,benign,alpaca
alpaca_train_040177,"['hard_refusal', 'helpful_answer']",2,hard_refusal + helpful_answer,benign,alpaca
alpaca_train_040221,"['hard_refusal', 'helpful_answer']",2,hard_refusal + helpful_answer,benign,alpaca
alpaca_train_040225,"['hard_refusal', 'helpful_answer']",2,hard_refusal + helpful_answer,benign,alpaca
alpaca_train_040242,"['hard_refusal', 'helpful_answer']",2,hard_refusal + helpful_answer,benign,alpaca
alpaca_train_040248,"['hard_refusal', 'helpful_answer']",2,hard_refusal + helpful_answer,benign,alpaca
alpaca_train_040249,"['hard_refusal', 'helpful_answer']",2,hard_refusal + helpful_answer,benign,alpaca
alpaca_train_040255,"['hard_refusal', 'helpful_answer']",2,hard_refusal + helpful_answer,benign,alpaca
alpaca_train_040273,"['hard_refusal', 'helpful_answer']",2,hard_refusal + helpful_answer,benign,alpaca
alpaca_train_040329,"['hard_refusal', 'helpful_answer']",2,hard_refusal + helpful_answer,benign,alpaca
alpaca_train_040388,"['hard_refusal', 'helpful_answer']",2,hard_refusal + helpful_answer,benign,alpaca
alpaca_train_040412,"['hard_refusal', 'helpful_answer']",2,hard_refusal + helpful_answer,benign,alpaca
alpaca_train_040429,"['hard_refusal', 'helpful_answer']",2,hard_refusal + helpful_answer,benign,alpaca
alpaca_train_040444,"['hard_refusal', 'helpful_answer']",2,hard_refusal + helpful_answer,benign,alpaca
alpaca_train_040495,"['hard_refusal', 'helpful_answer']",2,hard_refusal + helpful_answer,benign,alpaca
alpaca_train_040498,"['hard_refusal', 'helpful_answer']",2,hard_refusal + helpful_answer,benign,alpaca
alpaca_train_040509,"['hard_refusal', 'helpful_answer']",2,hard_refusal + helpful_answer,benign,alpaca
alpaca_train_040527,"['hard_refusal', 'helpful_answer']",2,hard_refusal + helpful_answer,benign,alpaca
alpaca_train_040530,"['hard_refusal', 'helpful_answer']",2,hard_refusal + helpful_answer,benign,alpaca
alpaca_train_040538,"['hard_refusal', 'helpful_answer']",2,hard_refusal + helpful_answer,benign,alpaca
alpaca_train_040576,"['hard_refusal', 'helpful_answer']",2,hard_refusal + helpful_answer,benign,alpaca
alpaca_train_040614,"['hard_refusal', 'helpful_answer']",2,hard_refusal + helpful_answer,benign,alpaca
alpaca_train_040615,"['hard_refusal', 'helpful_answer']",2,hard_refusal + helpful_answer,benign,alpaca
alpaca_train_040666,"['hard_refusal', 'helpful_answer']",2,hard_refusal + helpful_answer,benign,alpaca
alpaca_train_040752,"['hard_refusal', 'helpful_answer']",2,hard_refusal + helpful_answer,benign,alpaca
alpaca_train_040755,"['hard_refusal', 'helpful_answer']",2,hard_refusal + helpful_answer,benign,alpaca
alpaca_train_040771,"['hard_refusal', 'helpful_answer']",2,hard_refusal + helpful_answer,benign,alpaca
alpaca_train_040805,"['hard_refusal', 'helpful_answer']",2,hard_refusal + helpful_answer,benign,alpaca
alpaca_train_040817,"['hard_refusal', 'helpful_answer']",2,hard_refusal + helpful_answer,benign,alpaca
alpaca_train_040870,"['hard_refusal', 'helpful_answer']",2,hard_refusal + helpful_answer,benign,alpaca
alpaca_train_040972,"['hard_refusal', 'helpful_answer']",2,hard_refusal + helpful_answer,benign,alpaca
alpaca_train_040984,"['hard_refusal', 'helpful_answer']",2,hard_refusal + helpful_answer,benign,alpaca
alpaca_train_040986,"['hard_refusal', 'helpful_answer']",2,hard_refusal + helpful_answer,benign,alpaca
alpaca_train_041052,"['hard_refusal', 'helpful_answer']",2,hard_refusal + helpful_answer,benign,alpaca
alpaca_train_041090,"['hard_refusal', 'helpful_answer']",2,hard_refusal + helpful_answer,benign,alpaca
alpaca_train_041162,"['hard_refusal', 'helpful_answer']",2,hard_refusal + helpful_answer,benign,alpaca
alpaca_train_041175,"['hard_refusal', 'helpful_answer']",2,hard_refusal + helpful_answer,benign,alpaca
alpaca_train_041296,"['hard_refusal', 'helpful_answer']",2,hard_refusal + helpful_answer,benign,alpaca
alpaca_train_041298,"['hard_refusal', 'helpful_answer']",2,hard_refusal + helpful_answer,benign,alpaca
alpaca_train_041304,"['hard_refusal', 'helpful_answer']",2,hard_refusal + helpful_answer,benign,alpaca
alpaca_train_041305,"['hard_refusal', 'helpful_answer']",2,hard_refusal + helpful_answer,benign,alpaca
alpaca_train_041337,"['hard_refusal', 'helpful_answer']",2,hard_refusal + helpful_answer,benign,alpaca
alpaca_train_041364,"['hard_refusal', 'helpful_answer']",2,hard_refusal + helpful_answer,benign,alpaca
alpaca_train_041388,"['hard_refusal', 'helpful_answer']",2,hard_refusal + helpful_answer,benign,alpaca
alpaca_train_041418,"['hard_refusal', 'helpful_answer']",2,hard_refusal + helpful_answer,benign,alpaca
alpaca_train_041457,"['hard_refusal', 'helpful_answer']",2,hard_refusal + helpful_answer,benign,alpaca
alpaca_train_041543,"['hard_refusal', 'helpful_answer']",2,hard_refusal + helpful_answer,benign,alpaca
alpaca_train_041576,"['hard_refusal', 'helpful_answer']",2,hard_refusal + helpful_answer,benign,alpaca
alpaca_train_041592,"['hard_refusal', 'helpful_answer']",2,hard_refusal + helpful_answer,benign,alpaca
alpaca_train_041661,"['hard_refusal', 'helpful_answer']",2,hard_refusal + helpful_answer,benign,alpaca
alpaca_train_041696,"['hard_refusal', 'helpful_answer']",2,hard_refusal + helpful_answer,benign,alpaca
alpaca_train_041798,"['hard_refusal', 'helpful_answer']",2,hard_refusal + helpful_answer,benign,alpaca
alpaca_train_041802,"['hard_refusal', 'helpful_answer']",2,hard_refusal + helpful_answer,benign,alpaca
alpaca_train_041884,"['hard_refusal', 'helpful_answer']",2,hard_refusal + helpful_answer,benign,alpaca
alpaca_train_041888,"['hard_refusal', 'helpful_answer']",2,hard_refusal + helpful_answer,benign,alpaca
alpaca_train_041965,"['hard_refusal', 'helpful_answer']",2,hard_refusal + helpful_answer,benign,alpaca
alpaca_train_041982,"['hard_refusal', 'helpful_answer']",2,hard_refusal + helpful_answer,benign,alpaca
alpaca_train_041990,"['hard_refusal', 'helpful_answer']",2,hard_refusal + helpful_answer,benign,alpaca
alpaca_train_042041,"['hard_refusal', 'helpful_answer']",2,hard_refusal + helpful_answer,benign,alpaca
alpaca_train_042073,"['hard_refusal', 'helpful_answer']",2,hard_refusal + helpful_answer,benign,alpaca
alpaca_train_042098,"['hard_refusal', 'helpful_answer']",2,hard_refusal + helpful_answer,benign,alpaca
alpaca_train_042108,"['hard_refusal', 'helpful_answer']",2,hard_refusal + helpful_answer,benign,alpaca
alpaca_train_042118,"['hard_refusal', 'helpful_answer']",2,hard_refusal + helpful_answer,benign,alpaca
alpaca_train_042120,"['hard_refusal', 'helpful_answer']",2,hard_refusal + helpful_answer,benign,alpaca
alpaca_train_042138,"['hard_refusal', 'helpful_answer']",2,hard_refusal + helpful_answer,benign,alpaca
alpaca_train_042163,"['hard_refusal', 'helpful_answer']",2,hard_refusal + helpful_answer,benign,alpaca
alpaca_train_042200,"['hard_refusal', 'helpful_answer']",2,hard_refusal + helpful_answer,benign,alpaca
alpaca_train_042225,"['hard_refusal', 'helpful_answer']",2,hard_refusal + helpful_answer,benign,alpaca
alpaca_train_042311,"['hard_refusal', 'helpful_answer']",2,hard_refusal + helpful_answer,benign,alpaca
alpaca_train_042443,"['hard_refusal', 'helpful_answer']",2,hard_refusal + helpful_answer,benign,alpaca
alpaca_train_042459,"['hard_refusal', 'helpful_answer']",2,hard_refusal + helpful_answer,benign,alpaca
alpaca_train_042462,"['hard_refusal', 'helpful_answer']",2,hard_refusal + helpful_answer,benign,alpaca
alpaca_train_042486,"['hard_refusal', 'helpful_answer']",2,hard_refusal + helpful_answer,benign,alpaca
alpaca_train_042501,"['hard_refusal', 'helpful_answer']",2,hard_refusal + helpful_answer,benign,alpaca
alpaca_train_042593,"['hard_refusal', 'helpful_answer']",2,hard_refusal + helpful_answer,benign,alpaca
alpaca_train_042600,"['hard_refusal', 'helpful_answer']",2,hard_refusal + helpful_answer,benign,alpaca
alpaca_train_042659,"['hard_refusal', 'helpful_answer']",2,hard_refusal + helpful_answer,benign,alpaca
alpaca_train_042667,"['hard_refusal', 'helpful_answer']",2,hard_refusal + helpful_answer,benign,alpaca
alpaca_train_042696,"['hard_refusal', 'helpful_answer']",2,hard_refusal + helpful_answer,benign,alpaca
alpaca_train_042698,"['hard_refusal', 'helpful_answer']",2,hard_refusal + helpful_answer,benign,alpaca
alpaca_train_042770,"['hard_refusal', 'helpful_answer']",2,hard_refusal + helpful_answer,benign,alpaca
alpaca_train_042809,"['hard_refusal', 'helpful_answer']",2,hard_refusal + helpful_answer,benign,alpaca
alpaca_train_042861,"['hard_refusal', 'helpful_answer']",2,hard_refusal + helpful_answer,benign,alpaca
alpaca_train_042892,"['hard_refusal', 'helpful_answer']",2,hard_refusal + helpful_answer,benign,alpaca
alpaca_train_042898,"['hard_refusal', 'helpful_answer']",2,hard_refusal + helpful_answer,benign,alpaca
alpaca_train_042915,"['hard_refusal', 'helpful_answer']",2,hard_refusal + helpful_answer,benign,alpaca
alpaca_train_042939,"['hard_refusal', 'helpful_answer']",2,hard_refusal + helpful_answer,benign,alpaca
alpaca_train_042943,"['hard_refusal', 'helpful_answer']",2,hard_refusal + helpful_answer,benign,alpaca
alpaca_train_042963,"['hard_refusal', 'helpful_answer']",2,hard_refusal + helpful_answer,benign,alpaca
alpaca_train_042977,"['hard_refusal', 'helpful_answer']",2,hard_refusal + helpful_answer,benign,alpaca
alpaca_train_042979,"['hard_refusal', 'helpful_answer']",2,hard_refusal + helpful_answer,benign,alpaca
alpaca_train_043016,"['hard_refusal', 'helpful_answer']",2,hard_refusal + helpful_answer,benign,alpaca
alpaca_train_043047,"['hard_refusal', 'helpful_answer']",2,hard_refusal + helpful_answer,benign,alpaca
alpaca_train_043058,"['hard_refusal', 'helpful_answer']",2,hard_refusal + helpful_answer,benign,alpaca
alpaca_train_043097,"['hard_refusal', 'helpful_answer']",2,hard_refusal + helpful_answer,benign,alpaca
alpaca_train_043117,"['hard_refusal', 'helpful_answer']",2,hard_refusal + helpful_answer,benign,alpaca
alpaca_train_043131,"['hard_refusal', 'helpful_answer']",2,hard_refusal + helpful_answer,benign,alpaca
alpaca_train_043134,"['hard_refusal', 'helpful_answer']",2,hard_refusal + helpful_answer,benign,alpaca
alpaca_train_043153,"['hard_refusal', 'helpful_answer']",2,hard_refusal + helpful_answer,benign,alpaca
alpaca_train_043312,"['hard_refusal', 'helpful_answer']",2,hard_refusal + helpful_answer,benign,alpaca
alpaca_train_043348,"['hard_refusal', 'helpful_answer']",2,hard_refusal + helpful_answer,benign,alpaca
alpaca_train_043368,"['hard_refusal', 'helpful_answer']",2,hard_refusal + helpful_answer,benign,alpaca
alpaca_train_043372,"['hard_refusal', 'helpful_answer']",2,hard_refusal + helpful_answer,benign,alpaca
alpaca_train_043394,"['hard_refusal', 'helpful_answer']",2,hard_refusal + helpful_answer,benign,alpaca
alpaca_train_043414,"['hard_refusal', 'helpful_answer']",2,hard_refusal + helpful_answer,benign,alpaca
alpaca_train_043464,"['hard_refusal', 'helpful_answer']",2,hard_refusal + helpful_answer,benign,alpaca
alpaca_train_043473,"['hard_refusal', 'helpful_answer']",2,hard_refusal + helpful_answer,benign,alpaca
alpaca_train_043478,"['hard_refusal', 'helpful_answer']",2,hard_refusal + helpful_answer,benign,alpaca
alpaca_train_043529,"['hard_refusal', 'helpful_answer']",2,hard_refusal + helpful_answer,benign,alpaca
alpaca_train_043534,"['hard_refusal', 'helpful_answer']",2,hard_refusal + helpful_answer,benign,alpaca
alpaca_train_043559,"['hard_refusal', 'helpful_answer']",2,hard_refusal + helpful_answer,benign,alpaca
alpaca_train_043701,"['hard_refusal', 'helpful_answer']",2,hard_refusal + helpful_answer,benign,alpaca
alpaca_train_043703,"['hard_refusal', 'helpful_answer']",2,hard_refusal + helpful_answer,benign,alpaca
alpaca_train_043710,"['hard_refusal', 'helpful_answer']",2,hard_refusal + helpful_answer,benign,alpaca
alpaca_train_043759,"['hard_refusal', 'helpful_answer']",2,hard_refusal + helpful_answer,benign,alpaca
alpaca_train_043789,"['hard_refusal', 'helpful_answer']",2,hard_refusal + helpful_answer,benign,alpaca
alpaca_train_043794,"['hard_refusal', 'helpful_answer']",2,hard_refusal + helpful_answer,benign,alpaca
alpaca_train_043864,"['hard_refusal', 'helpful_answer']",2,hard_refusal + helpful_answer,benign,alpaca
alpaca_train_043876,"['hard_refusal', 'helpful_answer']",2,hard_refusal + helpful_answer,benign,alpaca
alpaca_train_043880,"['hard_refusal', 'helpful_answer']",2,hard_refusal + helpful_answer,benign,alpaca
alpaca_train_043914,"['hard_refusal', 'helpful_answer']",2,hard_refusal + helpful_answer,benign,alpaca
alpaca_train_043916,"['hard_refusal', 'helpful_answer']",2,hard_refusal + helpful_answer,benign,alpaca
alpaca_train_043934,"['hard_refusal', 'helpful_answer']",2,hard_refusal + helpful_answer,benign,alpaca
alpaca_train_043948,"['hard_refusal', 'helpful_answer']",2,hard_refusal + helpful_answer,benign,alpaca
alpaca_train_043974,"['hard_refusal', 'helpful_answer']",2,hard_refusal + helpful_answer,benign,alpaca
alpaca_train_044081,"['hard_refusal', 'helpful_answer']",2,hard_refusal + helpful_answer,benign,alpaca
alpaca_train_044086,"['hard_refusal', 'helpful_answer']",2,hard_refusal + helpful_answer,benign,alpaca
alpaca_train_044122,"['hard_refusal', 'helpful_answer']",2,hard_refusal + helpful_answer,benign,alpaca
alpaca_train_044199,"['hard_refusal', 'helpful_answer']",2,hard_refusal + helpful_answer,benign,alpaca
alpaca_train_044210,"['hard_refusal', 'helpful_answer']",2,hard_refusal + helpful_answer,benign,alpaca
alpaca_train_044251,"['hard_refusal', 'helpful_answer']",2,hard_refusal + helpful_answer,benign,alpaca
alpaca_train_044345,"['hard_refusal', 'helpful_answer']",2,hard_refusal + helpful_answer,benign,alpaca
alpaca_train_044385,"['hard_refusal', 'helpful_answer']",2,hard_refusal + helpful_answer,benign,alpaca
alpaca_train_044414,"['hard_refusal', 'helpful_answer']",2,hard_refusal + helpful_answer,benign,alpaca
alpaca_train_044426,"['hard_refusal', 'helpful_answer']",2,hard_refusal + helpful_answer,benign,alpaca
alpaca_train_044437,"['hard_refusal', 'helpful_answer']",2,hard_refusal + helpful_answer,benign,alpaca
alpaca_train_044502,"['hard_refusal', 'helpful_answer']",2,hard_refusal + helpful_answer,benign,alpaca
alpaca_train_044598,"['hard_refusal', 'helpful_answer']",2,hard_refusal + helpful_answer,benign,alpaca
alpaca_train_044613,"['hard_refusal', 'helpful_answer']",2,hard_refusal + helpful_answer,benign,alpaca
alpaca_train_044634,"['hard_refusal', 'helpful_answer']",2,hard_refusal + helpful_answer,benign,alpaca
alpaca_train_044680,"['hard_refusal', 'helpful_answer']",2,hard_refusal + helpful_answer,benign,alpaca
alpaca_train_044704,"['hard_refusal', 'helpful_answer']",2,hard_refusal + helpful_answer,benign,alpaca
alpaca_train_044727,"['hard_refusal', 'helpful_answer']",2,hard_refusal + helpful_answer,benign,alpaca
alpaca_train_044802,"['hard_refusal', 'helpful_answer']",2,hard_refusal + helpful_answer,benign,alpaca
alpaca_train_044820,"['hard_refusal', 'helpful_answer']",2,hard_refusal + helpful_answer,benign,alpaca
alpaca_train_044838,"['hard_refusal', 'helpful_answer']",2,hard_refusal + helpful_answer,benign,alpaca
alpaca_train_044852,"['hard_refusal', 'helpful_answer']",2,hard_refusal + helpful_answer,benign,alpaca
alpaca_train_044864,"['hard_refusal', 'helpful_answer']",2,hard_refusal + helpful_answer,benign,alpaca
alpaca_train_044877,"['hard_refusal', 'helpful_answer']",2,hard_refusal + helpful_answer,benign,alpaca
alpaca_train_044898,"['hard_refusal', 'helpful_answer']",2,hard_refusal + helpful_answer,benign,alpaca
alpaca_train_044911,"['hard_refusal', 'helpful_answer']",2,hard_refusal + helpful_answer,benign,alpaca
alpaca_train_044926,"['hard_refusal', 'helpful_answer']",2,hard_refusal + helpful_answer,benign,alpaca
alpaca_train_044932,"['hard_refusal', 'helpful_answer']",2,hard_refusal + helpful_answer,benign,alpaca
alpaca_train_044951,"['hard_refusal', 'helpful_answer']",2,hard_refusal + helpful_answer,benign,alpaca
alpaca_train_044953,"['hard_refusal', 'helpful_answer']",2,hard_refusal + helpful_answer,benign,alpaca
alpaca_train_044970,"['hard_refusal', 'helpful_answer']",2,hard_refusal + helpful_answer,benign,alpaca
alpaca_train_044984,"['hard_refusal', 'helpful_answer']",2,hard_refusal + helpful_answer,benign,alpaca
alpaca_train_045001,"['hard_refusal', 'helpful_answer']",2,hard_refusal + helpful_answer,benign,alpaca
alpaca_train_045012,"['hard_refusal', 'helpful_answer']",2,hard_refusal + helpful_answer,benign,alpaca
alpaca_train_045018,"['hard_refusal', 'helpful_answer']",2,hard_refusal + helpful_answer,benign,alpaca
alpaca_train_045086,"['hard_refusal', 'helpful_answer']",2,hard_refusal + helpful_answer,benign,alpaca
alpaca_train_045101,"['hard_refusal', 'helpful_answer']",2,hard_refusal + helpful_answer,benign,alpaca
alpaca_train_045209,"['hard_refusal', 'helpful_answer']",2,hard_refusal + helpful_answer,benign,alpaca
alpaca_train_045223,"['hard_refusal', 'helpful_answer']",2,hard_refusal + helpful_answer,benign,alpaca
alpaca_train_045318,"['hard_refusal', 'helpful_answer']",2,hard_refusal + helpful_answer,benign,alpaca
alpaca_train_045354,"['hard_refusal', 'helpful_answer']",2,hard_refusal + helpful_answer,benign,alpaca
alpaca_train_045356,"['hard_refusal', 'helpful_answer']",2,hard_refusal + helpful_answer,benign,alpaca
alpaca_train_045369,"['hard_refusal', 'helpful_answer']",2,hard_refusal + helpful_answer,benign,alpaca
alpaca_train_045446,"['hard_refusal', 'helpful_answer']",2,hard_refusal + helpful_answer,benign,alpaca
alpaca_train_045459,"['hard_refusal', 'helpful_answer']",2,hard_refusal + helpful_answer,benign,alpaca
alpaca_train_045464,"['hard_refusal', 'helpful_answer']",2,hard_refusal + helpful_answer,benign,alpaca
alpaca_train_045476,"['hard_refusal', 'helpful_answer']",2,hard_refusal + helpful_answer,benign,alpaca
alpaca_train_045515,"['hard_refusal', 'helpful_answer']",2,hard_refusal + helpful_answer,benign,alpaca
alpaca_train_045565,"['hard_refusal', 'helpful_answer']",2,hard_refusal + helpful_answer,benign,alpaca
alpaca_train_045597,"['hard_refusal', 'helpful_answer']",2,hard_refusal + helpful_answer,benign,alpaca
alpaca_train_045639,"['hard_refusal', 'helpful_answer']",2,hard_refusal + helpful_answer,benign,alpaca
alpaca_train_045662,"['hard_refusal', 'helpful_answer']",2,hard_refusal + helpful_answer,benign,alpaca
alpaca_train_045726,"['hard_refusal', 'helpful_answer']",2,hard_refusal + helpful_answer,benign,alpaca
alpaca_train_045762,"['hard_refusal', 'helpful_answer']",2,hard_refusal + helpful_answer,benign,alpaca
alpaca_train_045784,"['hard_refusal', 'helpful_answer']",2,hard_refusal + helpful_answer,benign,alpaca
alpaca_train_045814,"['hard_refusal', 'helpful_answer']",2,hard_refusal + helpful_answer,benign,alpaca
alpaca_train_045862,"['hard_refusal', 'helpful_answer']",2,hard_refusal + helpful_answer,benign,alpaca
alpaca_train_045866,"['hard_refusal', 'helpful_answer']",2,hard_refusal + helpful_answer,benign,alpaca
alpaca_train_045895,"['hard_refusal', 'helpful_answer']",2,hard_refusal + helpful_answer,benign,alpaca
alpaca_train_045912,"['hard_refusal', 'helpful_answer']",2,hard_refusal + helpful_answer,benign,alpaca
alpaca_train_046034,"['hard_refusal', 'helpful_answer']",2,hard_refusal + helpful_answer,benign,alpaca
alpaca_train_046048,"['hard_refusal', 'helpful_answer']",2,hard_refusal + helpful_answer,benign,alpaca
alpaca_train_046112,"['hard_refusal', 'helpful_answer']",2,hard_refusal + helpful_answer,benign,alpaca
alpaca_train_046191,"['hard_refusal', 'helpful_answer']",2,hard_refusal + helpful_answer,benign,alpaca
alpaca_train_046201,"['hard_refusal', 'helpful_answer']",2,hard_refusal + helpful_answer,benign,alpaca
alpaca_train_046206,"['hard_refusal', 'helpful_answer']",2,hard_refusal + helpful_answer,benign,alpaca
alpaca_train_046229,"['hard_refusal', 'helpful_answer']",2,hard_refusal + helpful_answer,benign,alpaca
alpaca_train_046239,"['hard_refusal', 'helpful_answer']",2,hard_refusal + helpful_answer,benign,alpaca
alpaca_train_046244,"['hard_refusal', 'helpful_answer']",2,hard_refusal + helpful_answer,benign,alpaca
alpaca_train_046266,"['hard_refusal', 'helpful_answer']",2,hard_refusal + helpful_answer,benign,alpaca
alpaca_train_046311,"['hard_refusal', 'helpful_answer']",2,hard_refusal + helpful_answer,benign,alpaca
alpaca_train_046350,"['hard_refusal', 'helpful_answer']",2,hard_refusal + helpful_answer,benign,alpaca
alpaca_train_046365,"['hard_refusal', 'helpful_answer']",2,hard_refusal + helpful_answer,benign,alpaca
alpaca_train_046439,"['hard_refusal', 'helpful_answer']",2,hard_refusal + helpful_answer,benign,alpaca
alpaca_train_046468,"['hard_refusal', 'helpful_answer']",2,hard_refusal + helpful_answer,benign,alpaca
alpaca_train_046583,"['hard_refusal', 'helpful_answer']",2,hard_refusal + helpful_answer,benign,alpaca
alpaca_train_046625,"['hard_refusal', 'helpful_answer']",2,hard_refusal + helpful_answer,benign,alpaca
alpaca_train_046636,"['hard_refusal', 'helpful_answer']",2,hard_refusal + helpful_answer,benign,alpaca
alpaca_train_046681,"['hard_refusal', 'helpful_answer']",2,hard_refusal + helpful_answer,benign,alpaca
alpaca_train_046709,"['hard_refusal', 'helpful_answer']",2,hard_refusal + helpful_answer,benign,alpaca
alpaca_train_046731,"['hard_refusal', 'helpful_answer']",2,hard_refusal + helpful_answer,benign,alpaca
alpaca_train_046741,"['hard_refusal', 'helpful_answer']",2,hard_refusal + helpful_answer,benign,alpaca
alpaca_train_046768,"['hard_refusal', 'helpful_answer']",2,hard_refusal + helpful_answer,benign,alpaca
alpaca_train_046820,"['hard_refusal', 'helpful_answer']",2,hard_refusal + helpful_answer,benign,alpaca
alpaca_train_046822,"['hard_refusal', 'helpful_answer']",2,hard_refusal + helpful_answer,benign,alpaca
alpaca_train_046854,"['hard_refusal', 'helpful_answer']",2,hard_refusal + helpful_answer,benign,alpaca
alpaca_train_046867,"['hard_refusal', 'helpful_answer']",2,hard_refusal + helpful_answer,benign,alpaca
alpaca_train_046902,"['hard_refusal', 'helpful_answer']",2,hard_refusal + helpful_answer,benign,alpaca
alpaca_train_046916,"['hard_refusal', 'helpful_answer']",2,hard_refusal + helpful_answer,benign,alpaca
alpaca_train_046919,"['hard_refusal', 'helpful_answer']",2,hard_refusal + helpful_answer,benign,alpaca
alpaca_train_046938,"['hard_refusal', 'helpful_answer']",2,hard_refusal + helpful_answer,benign,alpaca
alpaca_train_046954,"['hard_refusal', 'helpful_answer']",2,hard_refusal + helpful_answer,benign,alpaca
alpaca_train_046969,"['hard_refusal', 'helpful_answer']",2,hard_refusal + helpful_answer,benign,alpaca
alpaca_train_046994,"['hard_refusal', 'helpful_answer']",2,hard_refusal + helpful_answer,benign,alpaca
alpaca_train_047022,"['hard_refusal', 'helpful_answer']",2,hard_refusal + helpful_answer,benign,alpaca
alpaca_train_047037,"['hard_refusal', 'helpful_answer']",2,hard_refusal + helpful_answer,benign,alpaca
alpaca_train_047052,"['hard_refusal', 'helpful_answer']",2,hard_refusal + helpful_answer,benign,alpaca
alpaca_train_047069,"['hard_refusal', 'helpful_answer']",2,hard_refusal + helpful_answer,benign,alpaca
alpaca_train_047103,"['hard_refusal', 'helpful_answer']",2,hard_refusal + helpful_answer,benign,alpaca
alpaca_train_047105,"['hard_refusal', 'helpful_answer']",2,hard_refusal + helpful_answer,benign,alpaca
alpaca_train_047141,"['hard_refusal', 'helpful_answer']",2,hard_refusal + helpful_answer,benign,alpaca
alpaca_train_047164,"['hard_refusal', 'helpful_answer']",2,hard_refusal + helpful_answer,benign,alpaca
alpaca_train_047244,"['hard_refusal', 'helpful_answer']",2,hard_refusal + helpful_answer,benign,alpaca
alpaca_train_047300,"['hard_refusal', 'helpful_answer']",2,hard_refusal + helpful_answer,benign,alpaca
alpaca_train_047325,"['hard_refusal', 'helpful_answer']",2,hard_refusal + helpful_answer,benign,alpaca
alpaca_train_047336,"['hard_refusal', 'helpful_answer']",2,hard_refusal + helpful_answer,benign,alpaca
alpaca_train_047359,"['hard_refusal', 'helpful_answer']",2,hard_refusal + helpful_answer,benign,alpaca
alpaca_train_047428,"['hard_refusal', 'helpful_answer']",2,hard_refusal + helpful_answer,benign,alpaca
alpaca_train_047496,"['hard_refusal', 'helpful_answer']",2,hard_refusal + helpful_answer,benign,alpaca
alpaca_train_047553,"['hard_refusal', 'helpful_answer']",2,hard_refusal + helpful_answer,benign,alpaca
alpaca_train_047576,"['hard_refusal', 'helpful_answer']",2,hard_refusal + helpful_answer,benign,alpaca
alpaca_train_047590,"['hard_refusal', 'helpful_answer']",2,hard_refusal + helpful_answer,benign,alpaca
alpaca_train_047604,"['hard_refusal', 'helpful_answer']",2,hard_refusal + helpful_answer,benign,alpaca
alpaca_train_047657,"['hard_refusal', 'helpful_answer']",2,hard_refusal + helpful_answer,benign,alpaca
alpaca_train_047674,"['hard_refusal', 'helpful_answer']",2,hard_refusal + helpful_answer,benign,alpaca
alpaca_train_047741,"['hard_refusal', 'helpful_answer']",2,hard_refusal + helpful_answer,benign,alpaca
alpaca_train_047756,"['hard_refusal', 'helpful_answer']",2,hard_refusal + helpful_answer,benign,alpaca
alpaca_train_047822,"['hard_refusal', 'helpful_answer']",2,hard_refusal + helpful_answer,benign,alpaca
alpaca_train_047826,"['hard_refusal', 'helpful_answer']",2,hard_refusal + helpful_answer,benign,alpaca
alpaca_train_047984,"['hard_refusal', 'helpful_answer']",2,hard_refusal + helpful_answer,benign,alpaca
alpaca_train_048018,"['hard_refusal', 'helpful_answer']",2,hard_refusal + helpful_answer,benign,alpaca
alpaca_train_048021,"['hard_refusal', 'helpful_answer']",2,hard_refusal + helpful_answer,benign,alpaca
alpaca_train_048080,"['hard_refusal', 'helpful_answer']",2,hard_refusal + helpful_answer,benign,alpaca
alpaca_train_048104,"['hard_refusal', 'helpful_answer']",2,hard_refusal + helpful_answer,benign,alpaca
alpaca_train_048224,"['hard_refusal', 'helpful_answer']",2,hard_refusal + helpful_answer,benign,alpaca
alpaca_train_048238,"['hard_refusal', 'helpful_answer']",2,hard_refusal + helpful_answer,benign,alpaca
alpaca_train_048270,"['hard_refusal', 'helpful_answer']",2,hard_refusal + helpful_answer,benign,alpaca
alpaca_train_048290,"['hard_refusal', 'helpful_answer']",2,hard_refusal + helpful_answer,benign,alpaca
alpaca_train_048327,"['hard_refusal', 'helpful_answer']",2,hard_refusal + helpful_answer,benign,alpaca
alpaca_train_048353,"['hard_refusal', 'helpful_answer']",2,hard_refusal + helpful_answer,benign,alpaca
alpaca_train_048406,"['hard_refusal', 'helpful_answer']",2,hard_refusal + helpful_answer,benign,alpaca
alpaca_train_048433,"['hard_refusal', 'helpful_answer']",2,hard_refusal + helpful_answer,benign,alpaca
alpaca_train_048486,"['hard_refusal', 'helpful_answer']",2,hard_refusal + helpful_answer,benign,alpaca
alpaca_train_048495,"['hard_refusal', 'helpful_answer']",2,hard_refusal + helpful_answer,benign,alpaca
alpaca_train_048533,"['hard_refusal', 'helpful_answer']",2,hard_refusal + helpful_answer,benign,alpaca
alpaca_train_048554,"['hard_refusal', 'helpful_answer']",2,hard_refusal + helpful_answer,benign,alpaca
alpaca_train_048601,"['hard_refusal', 'helpful_answer']",2,hard_refusal + helpful_answer,benign,alpaca
alpaca_train_048660,"['hard_refusal', 'helpful_answer']",2,hard_refusal + helpful_answer,benign,alpaca
alpaca_train_048683,"['hard_refusal', 'helpful_answer']",2,hard_refusal + helpful_answer,benign,alpaca
alpaca_train_048785,"['hard_refusal', 'helpful_answer']",2,hard_refusal + helpful_answer,benign,alpaca
alpaca_train_048795,"['hard_refusal', 'helpful_answer']",2,hard_refusal + helpful_answer,benign,alpaca
alpaca_train_048797,"['hard_refusal', 'helpful_answer']",2,hard_refusal + helpful_answer,benign,alpaca
alpaca_train_048820,"['hard_refusal', 'helpful_answer']",2,hard_refusal + helpful_answer,benign,alpaca
alpaca_train_048875,"['hard_refusal', 'helpful_answer']",2,hard_refusal + helpful_answer,benign,alpaca
alpaca_train_048901,"['hard_refusal', 'helpful_answer']",2,hard_refusal + helpful_answer,benign,alpaca
alpaca_train_048904,"['hard_refusal', 'helpful_answer']",2,hard_refusal + helpful_answer,benign,alpaca
alpaca_train_048905,"['hard_refusal', 'helpful_answer']",2,hard_refusal + helpful_answer,benign,alpaca
alpaca_train_048924,"['hard_refusal', 'helpful_answer']",2,hard_refusal + helpful_answer,benign,alpaca
alpaca_train_048974,"['hard_refusal', 'helpful_answer']",2,hard_refusal + helpful_answer,benign,alpaca
alpaca_train_048977,"['hard_refusal', 'helpful_answer']",2,hard_refusal + helpful_answer,benign,alpaca
alpaca_train_049012,"['hard_refusal', 'helpful_answer']",2,hard_refusal + helpful_answer,benign,alpaca
alpaca_train_049019,"['hard_refusal', 'helpful_answer']",2,hard_refusal + helpful_answer,benign,alpaca
alpaca_train_049035,"['hard_refusal', 'helpful_answer']",2,hard_refusal + helpful_answer,benign,alpaca
alpaca_train_049072,"['hard_refusal', 'helpful_answer']",2,hard_refusal + helpful_answer,benign,alpaca
alpaca_train_049118,"['hard_refusal', 'helpful_answer']",2,hard_refusal + helpful_answer,benign,alpaca
alpaca_train_049125,"['hard_refusal', 'helpful_answer']",2,hard_refusal + helpful_answer,benign,alpaca
alpaca_train_049171,"['hard_refusal', 'helpful_answer']",2,hard_refusal + helpful_answer,benign,alpaca
alpaca_train_049205,"['hard_refusal', 'helpful_answer']",2,hard_refusal + helpful_answer,benign,alpaca
alpaca_train_049234,"['hard_refusal', 'helpful_answer']",2,hard_refusal + helpful_answer,benign,alpaca
alpaca_train_049251,"['hard_refusal', 'helpful_answer']",2,hard_refusal + helpful_answer,benign,alpaca
alpaca_train_049263,"['hard_refusal', 'helpful_answer']",2,hard_refusal + helpful_answer,benign,alpaca
alpaca_train_049270,"['hard_refusal', 'helpful_answer']",2,hard_refusal + helpful_answer,benign,alpaca
alpaca_train_049296,"['hard_refusal', 'helpful_answer']",2,hard_refusal + helpful_answer,benign,alpaca
alpaca_train_049305,"['hard_refusal', 'helpful_answer']",2,hard_refusal + helpful_answer,benign,alpaca
alpaca_train_049307,"['hard_refusal', 'helpful_answer']",2,hard_refusal + helpful_answer,benign,alpaca
alpaca_train_049335,"['hard_refusal', 'helpful_answer']",2,hard_refusal + helpful_answer,benign,alpaca
alpaca_train_049353,"['hard_refusal', 'helpful_answer']",2,hard_refusal + helpful_answer,benign,alpaca
alpaca_train_049359,"['hard_refusal', 'helpful_answer']",2,hard_refusal + helpful_answer,benign,alpaca
alpaca_train_049365,"['hard_refusal', 'helpful_answer']",2,hard_refusal + helpful_answer,benign,alpaca
alpaca_train_049399,"['hard_refusal', 'helpful_answer']",2,hard_refusal + helpful_answer,benign,alpaca
alpaca_train_049475,"['hard_refusal', 'helpful_answer']",2,hard_refusal + helpful_answer,benign,alpaca
alpaca_train_049485,"['hard_refusal', 'helpful_answer']",2,hard_refusal + helpful_answer,benign,alpaca
alpaca_train_049490,"['hard_refusal', 'helpful_answer']",2,hard_refusal + helpful_answer,benign,alpaca
alpaca_train_049560,"['hard_refusal', 'helpful_answer']",2,hard_refusal + helpful_answer,benign,alpaca
alpaca_train_049572,"['hard_refusal', 'helpful_answer']",2,hard_refusal + helpful_answer,benign,alpaca
alpaca_train_049680,"['hard_refusal', 'helpful_answer']",2,hard_refusal + helpful_answer,benign,alpaca
alpaca_train_049732,"['hard_refusal', 'helpful_answer']",2,hard_refusal + helpful_answer,benign,alpaca
alpaca_train_049748,"['hard_refusal', 'helpful_answer']",2,hard_refusal + helpful_answer,benign,alpaca
alpaca_train_049801,"['hard_refusal', 'helpful_answer']",2,hard_refusal + helpful_answer,benign,alpaca
alpaca_train_049808,"['hard_refusal', 'helpful_answer']",2,hard_refusal + helpful_answer,benign,alpaca
alpaca_train_049819,"['hard_refusal', 'helpful_answer']",2,hard_refusal + helpful_answer,benign,alpaca
alpaca_train_049861,"['hard_refusal', 'helpful_answer']",2,hard_refusal + helpful_answer,benign,alpaca
alpaca_train_049867,"['hard_refusal', 'helpful_answer']",2,hard_refusal + helpful_answer,benign,alpaca
alpaca_train_049870,"['hard_refusal', 'helpful_answer']",2,hard_refusal + helpful_answer,benign,alpaca
alpaca_train_049893,"['hard_refusal', 'helpful_answer']",2,hard_refusal + helpful_answer,benign,alpaca
alpaca_train_049914,"['hard_refusal', 'helpful_answer']",2,hard_refusal + helpful_answer,benign,alpaca
alpaca_train_049969,"['hard_refusal', 'helpful_answer']",2,hard_refusal + helpful_answer,benign,alpaca
alpaca_train_049971,"['hard_refusal', 'helpful_answer']",2,hard_refusal + helpful_answer,benign,alpaca
alpaca_train_050023,"['hard_refusal', 'helpful_answer']",2,hard_refusal + helpful_answer,benign,alpaca
alpaca_train_050052,"['hard_refusal', 'helpful_answer']",2,hard_refusal + helpful_answer,benign,alpaca
alpaca_train_050089,"['hard_refusal', 'helpful_answer']",2,hard_refusal + helpful_answer,benign,alpaca
alpaca_train_050103,"['hard_refusal', 'helpful_answer']",2,hard_refusal + helpful_answer,benign,alpaca
alpaca_train_050105,"['hard_refusal', 'helpful_answer']",2,hard_refusal + helpful_answer,benign,alpaca
alpaca_train_050137,"['hard_refusal', 'helpful_answer']",2,hard_refusal + helpful_answer,benign,alpaca
alpaca_train_050140,"['hard_refusal', 'helpful_answer']",2,hard_refusal + helpful_answer,benign,alpaca
alpaca_train_050187,"['hard_refusal', 'helpful_answer']",2,hard_refusal + helpful_answer,benign,alpaca
alpaca_train_050276,"['hard_refusal', 'helpful_answer']",2,hard_refusal + helpful_answer,benign,alpaca
alpaca_train_050281,"['hard_refusal', 'helpful_answer']",2,hard_refusal + helpful_answer,benign,alpaca
alpaca_train_050287,"['hard_refusal', 'helpful_answer']",2,hard_refusal + helpful_answer,benign,alpaca
alpaca_train_050330,"['hard_refusal', 'helpful_answer']",2,hard_refusal + helpful_answer,benign,alpaca
alpaca_train_050337,"['hard_refusal', 'helpful_answer']",2,hard_refusal + helpful_answer,benign,alpaca
alpaca_train_050413,"['hard_refusal', 'helpful_answer']",2,hard_refusal + helpful_answer,benign,alpaca
alpaca_train_050433,"['hard_refusal', 'helpful_answer']",2,hard_refusal + helpful_answer,benign,alpaca
alpaca_train_050445,"['hard_refusal', 'helpful_answer']",2,hard_refusal + helpful_answer,benign,alpaca
alpaca_train_050460,"['hard_refusal', 'helpful_answer']",2,hard_refusal + helpful_answer,benign,alpaca
alpaca_train_050510,"['hard_refusal', 'helpful_answer']",2,hard_refusal + helpful_answer,benign,alpaca
alpaca_train_050543,"['hard_refusal', 'helpful_answer']",2,hard_refusal + helpful_answer,benign,alpaca
alpaca_train_050573,"['hard_refusal', 'helpful_answer']",2,hard_refusal + helpful_answer,benign,alpaca
alpaca_train_050600,"['hard_refusal', 'helpful_answer']",2,hard_refusal + helpful_answer,benign,alpaca
alpaca_train_050631,"['hard_refusal', 'helpful_answer']",2,hard_refusal + helpful_answer,benign,alpaca
alpaca_train_050640,"['hard_refusal', 'helpful_answer']",2,hard_refusal + helpful_answer,benign,alpaca
alpaca_train_050653,"['hard_refusal', 'helpful_answer']",2,hard_refusal + helpful_answer,benign,alpaca
alpaca_train_050655,"['hard_refusal', 'helpful_answer']",2,hard_refusal + helpful_answer,benign,alpaca
alpaca_train_050689,"['hard_refusal', 'helpful_answer']",2,hard_refusal + helpful_answer,benign,alpaca
alpaca_train_050728,"['hard_refusal', 'helpful_answer']",2,hard_refusal + helpful_answer,benign,alpaca
alpaca_train_050741,"['hard_refusal', 'helpful_answer']",2,hard_refusal + helpful_answer,benign,alpaca
alpaca_train_050743,"['hard_refusal', 'helpful_answer']",2,hard_refusal + helpful_answer,benign,alpaca
alpaca_train_050748,"['hard_refusal', 'helpful_answer']",2,hard_refusal + helpful_answer,benign,alpaca
alpaca_train_050767,"['hard_refusal', 'helpful_answer']",2,hard_refusal + helpful_answer,benign,alpaca
alpaca_train_050809,"['hard_refusal', 'helpful_answer']",2,hard_refusal + helpful_answer,benign,alpaca
alpaca_train_050834,"['hard_refusal', 'helpful_answer']",2,hard_refusal + helpful_answer,benign,alpaca
alpaca_train_050857,"['hard_refusal', 'helpful_answer']",2,hard_refusal + helpful_answer,benign,alpaca
alpaca_train_050892,"['hard_refusal', 'helpful_answer']",2,hard_refusal + helpful_answer,benign,alpaca
alpaca_train_050894,"['hard_refusal', 'helpful_answer']",2,hard_refusal + helpful_answer,benign,alpaca
alpaca_train_050923,"['hard_refusal', 'helpful_answer']",2,hard_refusal + helpful_answer,benign,alpaca
alpaca_train_051002,"['hard_refusal', 'helpful_answer']",2,hard_refusal + helpful_answer,benign,alpaca
alpaca_train_051012,"['hard_refusal', 'helpful_answer']",2,hard_refusal + helpful_answer,benign,alpaca
alpaca_train_051028,"['hard_refusal', 'helpful_answer']",2,hard_refusal + helpful_answer,benign,alpaca
alpaca_train_051069,"['hard_refusal', 'helpful_answer']",2,hard_refusal + helpful_answer,benign,alpaca
alpaca_train_051146,"['hard_refusal', 'helpful_answer']",2,hard_refusal + helpful_answer,benign,alpaca
alpaca_train_051147,"['hard_refusal', 'helpful_answer']",2,hard_refusal + helpful_answer,benign,alpaca
alpaca_train_051159,"['hard_refusal', 'helpful_answer']",2,hard_refusal + helpful_answer,benign,alpaca
alpaca_train_051167,"['hard_refusal', 'helpful_answer']",2,hard_refusal + helpful_answer,benign,alpaca
alpaca_train_051207,"['hard_refusal', 'helpful_answer']",2,hard_refusal + helpful_answer,benign,alpaca
alpaca_train_051228,"['hard_refusal', 'helpful_answer']",2,hard_refusal + helpful_answer,benign,alpaca
alpaca_train_051236,"['hard_refusal', 'helpful_answer']",2,hard_refusal + helpful_answer,benign,alpaca
alpaca_train_051271,"['hard_refusal', 'helpful_answer']",2,hard_refusal + helpful_answer,benign,alpaca
alpaca_train_051301,"['hard_refusal', 'helpful_answer']",2,hard_refusal + helpful_answer,benign,alpaca
alpaca_train_051358,"['hard_refusal', 'helpful_answer']",2,hard_refusal + helpful_answer,benign,alpaca
alpaca_train_051391,"['hard_refusal', 'helpful_answer']",2,hard_refusal + helpful_answer,benign,alpaca
alpaca_train_051425,"['hard_refusal', 'helpful_answer']",2,hard_refusal + helpful_answer,benign,alpaca
alpaca_train_051487,"['hard_refusal', 'helpful_answer']",2,hard_refusal + helpful_answer,benign,alpaca
alpaca_train_051499,"['hard_refusal', 'helpful_answer']",2,hard_refusal + helpful_answer,benign,alpaca
alpaca_train_051532,"['hard_refusal', 'helpful_answer']",2,hard_refusal + helpful_answer,benign,alpaca
alpaca_train_051551,"['hard_refusal', 'helpful_answer']",2,hard_refusal + helpful_answer,benign,alpaca
alpaca_train_051591,"['hard_refusal', 'helpful_answer']",2,hard_refusal + helpful_answer,benign,alpaca
alpaca_train_051619,"['hard_refusal', 'helpful_answer']",2,hard_refusal + helpful_answer,benign,alpaca
alpaca_train_051632,"['hard_refusal', 'helpful_answer']",2,hard_refusal + helpful_answer,benign,alpaca
alpaca_train_051645,"['hard_refusal', 'helpful_answer']",2,hard_refusal + helpful_answer,benign,alpaca
alpaca_train_051675,"['hard_refusal', 'helpful_answer']",2,hard_refusal + helpful_answer,benign,alpaca
alpaca_train_051764,"['hard_refusal', 'helpful_answer']",2,hard_refusal + helpful_answer,benign,alpaca
alpaca_train_051772,"['hard_refusal', 'helpful_answer']",2,hard_refusal + helpful_answer,benign,alpaca
alpaca_train_051780,"['hard_refusal', 'helpful_answer']",2,hard_refusal + helpful_answer,benign,alpaca
alpaca_train_051817,"['hard_refusal', 'helpful_answer']",2,hard_refusal + helpful_answer,benign,alpaca
alpaca_train_051852,"['hard_refusal', 'helpful_answer']",2,hard_refusal + helpful_answer,benign,alpaca
alpaca_train_051907,"['hard_refusal', 'helpful_answer']",2,hard_refusal + helpful_answer,benign,alpaca
alpaca_train_051909,"['hard_refusal', 'helpful_answer']",2,hard_refusal + helpful_answer,benign,alpaca
alpaca_train_051914,"['hard_refusal', 'helpful_answer']",2,hard_refusal + helpful_answer,benign,alpaca
alpaca_train_051921,"['hard_refusal', 'helpful_answer']",2,hard_refusal + helpful_answer,benign,alpaca
alpaca_train_051932,"['hard_refusal', 'helpful_answer']",2,hard_refusal + helpful_answer,benign,alpaca
alpaca_train_051938,"['hard_refusal', 'helpful_answer']",2,hard_refusal + helpful_answer,benign,alpaca
alpaca_train_051946,"['hard_refusal', 'helpful_answer']",2,hard_refusal + helpful_answer,benign,alpaca
alpaca_train_051962,"['hard_refusal', 'helpful_answer']",2,hard_refusal + helpful_answer,benign,alpaca
bt_30k_train_000001,"['hard_refusal', 'unsafe_compliance']",2,hard_refusal + unsafe_compliance,unsafe,beavertails
bt_30k_train_000003,"['hard_refusal', 'unsafe_compliance']",2,hard_refusal + unsafe_compliance,unsafe,beavertails
bt_30k_train_000016,"['hard_refusal', 'unsafe_compliance']",2,hard_refusal + unsafe_compliance,unsafe,beavertails
bt_30k_train_000023,"['hard_refusal', 'unsafe_compliance']",2,hard_refusal + unsafe_compliance,unsafe,beavertails
bt_30k_train_000025,"['hard_refusal', 'unsafe_compliance']",2,hard_refusal + unsafe_compliance,unsafe,beavertails
bt_30k_train_000026,"['hard_refusal', 'unsafe_compliance']",2,hard_refusal + unsafe_compliance,unsafe,beavertails
bt_30k_train_000038,"['hard_refusal', 'unsafe_compliance']",2,hard_refusal + unsafe_compliance,unsafe,beavertails
bt_30k_train_000043,"['hard_refusal', 'unsafe_compliance']",2,hard_refusal + unsafe_compliance,unsafe,beavertails
bt_30k_train_000065,"['hard_refusal', 'unsafe_compliance']",2,hard_refusal + unsafe_compliance,unsafe,beavertails
bt_30k_train_000071,"['hard_refusal', 'unsafe_compliance']",2,hard_refusal + unsafe_compliance,unsafe,beavertails
bt_30k_train_000073,"['hard_refusal', 'unsafe_compliance']",2,hard_refusal + unsafe_compliance,unsafe,beavertails
bt_30k_train_000075,"['hard_refusal', 'unsafe_compliance']",2,hard_refusal + unsafe_compliance,unsafe,beavertails
bt_30k_train_000085,"['hard_refusal', 'unsafe_compliance']",2,hard_refusal + unsafe_compliance,unsafe,beavertails
bt_30k_train_000086,"['hard_refusal', 'unsafe_compliance']",2,hard_refusal + unsafe_compliance,unsafe,beavertails
bt_30k_train_000087,"['hard_refusal', 'unsafe_compliance']",2,hard_refusal + unsafe_compliance,unsafe,beavertails
bt_30k_train_000093,"['hard_refusal', 'unsafe_compliance']",2,hard_refusal + unsafe_compliance,unsafe,beavertails
bt_30k_train_000096,"['hard_refusal', 'unsafe_compliance']",2,hard_refusal + unsafe_compliance,unsafe,beavertails
bt_30k_train_000097,"['hard_refusal', 'unsafe_compliance']",2,hard_refusal + unsafe_compliance,unsafe,beavertails
bt_30k_train_000106,"['hard_refusal', 'unsafe_compliance']",2,hard_refusal + unsafe_compliance,unsafe,beavertails
bt_30k_train_000113,"['hard_refusal', 'unsafe_compliance']",2,hard_refusal + unsafe_compliance,unsafe,beavertails
bt_30k_train_000129,"['hard_refusal', 'unsafe_compliance']",2,hard_refusal + unsafe_compliance,unsafe,beavertails
bt_30k_train_000130,"['hard_refusal', 'unsafe_compliance']",2,hard_refusal + unsafe_compliance,unsafe,beavertails
bt_30k_train_000146,"['hard_refusal', 'unsafe_compliance']",2,hard_refusal + unsafe_compliance,unsafe,beavertails
bt_30k_train_000151,"['hard_refusal', 'unsafe_compliance']",2,hard_refusal + unsafe_compliance,unsafe,beavertails
bt_30k_train_000154,"['hard_refusal', 'unsafe_compliance']",2,hard_refusal + unsafe_compliance,unsafe,beavertails
bt_30k_train_000156,"['hard_refusal', 'unsafe_compliance']",2,hard_refusal + unsafe_compliance,unsafe,beavertails
bt_30k_train_000164,"['hard_refusal', 'unsafe_compliance']",2,hard_refusal + unsafe_compliance,unsafe,beavertails
bt_30k_train_000171,"['hard_refusal', 'unsafe_compliance']",2,hard_refusal + unsafe_compliance,unsafe,beavertails
bt_30k_train_000172,"['hard_refusal', 'unsafe_compliance']",2,hard_refusal + unsafe_compliance,unsafe,beavertails
bt_30k_train_000183,"['hard_refusal', 'unsafe_compliance']",2,hard_refusal + unsafe_compliance,unsafe,beavertails
bt_30k_train_000187,"['hard_refusal', 'unsafe_compliance']",2,hard_refusal + unsafe_compliance,unsafe,beavertails
bt_30k_train_000197,"['hard_refusal', 'unsafe_compliance']",2,hard_refusal + unsafe_compliance,unsafe,beavertails
bt_30k_train_000202,"['hard_refusal', 'unsafe_compliance']",2,hard_refusal + unsafe_compliance,unsafe,beavertails
bt_30k_train_000204,"['hard_refusal', 'unsafe_compliance']",2,hard_refusal + unsafe_compliance,unsafe,beavertails
bt_30k_train_000207,"['hard_refusal', 'unsafe_compliance']",2,hard_refusal + unsafe_compliance,unsafe,beavertails
bt_30k_train_000215,"['hard_refusal', 'unsafe_compliance']",2,hard_refusal + unsafe_compliance,unsafe,beavertails
bt_30k_train_000229,"['hard_refusal', 'unsafe_compliance']",2,hard_refusal + unsafe_compliance,unsafe,beavertails
bt_30k_train_000230,"['hard_refusal', 'unsafe_compliance']",2,hard_refusal + unsafe_compliance,unsafe,beavertails
bt_30k_train_000236,"['hard_refusal', 'unsafe_compliance']",2,hard_refusal + unsafe_compliance,unsafe,beavertails
bt_30k_train_000240,"['hard_refusal', 'unsafe_compliance']",2,hard_refusal + unsafe_compliance,unsafe,beavertails
bt_30k_train_000247,"['hard_refusal', 'unsafe_compliance']",2,hard_refusal + unsafe_compliance,unsafe,beavertails
bt_30k_train_000269,"['hard_refusal', 'unsafe_compliance']",2,hard_refusal + unsafe_compliance,unsafe,beavertails
bt_30k_train_000283,"['hard_refusal', 'unsafe_compliance']",2,hard_refusal + unsafe_compliance,unsafe,beavertails
bt_30k_train_000284,"['hard_refusal', 'unsafe_compliance']",2,hard_refusal + unsafe_compliance,unsafe,beavertails
bt_30k_train_000295,"['hard_refusal', 'unsafe_compliance']",2,hard_refusal + unsafe_compliance,unsafe,beavertails
bt_30k_train_000298,"['hard_refusal', 'unsafe_compliance']",2,hard_refusal + unsafe_compliance,unsafe,beavertails
bt_30k_train_000299,"['hard_refusal', 'unsafe_compliance']",2,hard_refusal + unsafe_compliance,unsafe,beavertails
bt_30k_train_000300,"['hard_refusal', 'unsafe_compliance']",2,hard_refusal + unsafe_compliance,unsafe,beavertails
bt_30k_train_000305,"['hard_refusal', 'unsafe_compliance']",2,hard_refusal + unsafe_compliance,unsafe,beavertails
bt_30k_train_000316,"['hard_refusal', 'unsafe_compliance']",2,hard_refusal + unsafe_compliance,unsafe,beavertails
bt_30k_train_000324,"['hard_refusal', 'unsafe_compliance']",2,hard_refusal + unsafe_compliance,unsafe,beavertails
bt_30k_train_000327,"['hard_refusal', 'unsafe_compliance']",2,hard_refusal + unsafe_compliance,unsafe,beavertails
bt_30k_train_000328,"['hard_refusal', 'unsafe_compliance']",2,hard_refusal + unsafe_compliance,unsafe,beavertails
bt_30k_train_000329,"['hard_refusal', 'unsafe_compliance']",2,hard_refusal + unsafe_compliance,unsafe,beavertails
bt_30k_train_000336,"['hard_refusal', 'unsafe_compliance']",2,hard_refusal + unsafe_compliance,unsafe,beavertails
bt_30k_train_000343,"['hard_refusal', 'unsafe_compliance']",2,hard_refusal + unsafe_compliance,unsafe,beavertails
bt_30k_train_000349,"['hard_refusal', 'unsafe_compliance']",2,hard_refusal + unsafe_compliance,unsafe,beavertails
bt_30k_train_000351,"['hard_refusal', 'unsafe_compliance']",2,hard_refusal + unsafe_compliance,unsafe,beavertails
bt_30k_train_000353,"['hard_refusal', 'unsafe_compliance']",2,hard_refusal + unsafe_compliance,unsafe,beavertails
bt_30k_train_000356,"['hard_refusal', 'unsafe_compliance']",2,hard_refusal + unsafe_compliance,unsafe,beavertails
bt_30k_train_000359,"['hard_refusal', 'unsafe_compliance']",2,hard_refusal + unsafe_compliance,unsafe,beavertails
bt_30k_train_000386,"['hard_refusal', 'unsafe_compliance']",2,hard_refusal + unsafe_compliance,unsafe,beavertails
bt_30k_train_000390,"['hard_refusal', 'unsafe_compliance']",2,hard_refusal + unsafe_compliance,unsafe,beavertails
bt_30k_train_000405,"['hard_refusal', 'unsafe_compliance']",2,hard_refusal + unsafe_compliance,unsafe,beavertails
bt_30k_train_000417,"['hard_refusal', 'unsafe_compliance']",2,hard_refusal + unsafe_compliance,unsafe,beavertails
bt_30k_train_000424,"['hard_refusal', 'unsafe_compliance']",2,hard_refusal + unsafe_compliance,unsafe,beavertails
bt_30k_train_000429,"['hard_refusal', 'unsafe_compliance']",2,hard_refusal + unsafe_compliance,unsafe,beavertails
bt_30k_train_000443,"['hard_refusal', 'unsafe_compliance']",2,hard_refusal + unsafe_compliance,unsafe,beavertails
bt_30k_train_000447,"['hard_refusal', 'unsafe_compliance']",2,hard_refusal + unsafe_compliance,unsafe,beavertails
bt_30k_train_000455,"['hard_refusal', 'unsafe_compliance']",2,hard_refusal + unsafe_compliance,unsafe,beavertails
bt_30k_train_000464,"['hard_refusal', 'unsafe_compliance']",2,hard_refusal + unsafe_compliance,unsafe,beavertails
bt_30k_train_000465,"['hard_refusal', 'unsafe_compliance']",2,hard_refusal + unsafe_compliance,unsafe,beavertails
bt_30k_train_000470,"['hard_refusal', 'unsafe_compliance']",2,hard_refusal + unsafe_compliance,unsafe,beavertails
bt_30k_train_000471,"['hard_refusal', 'unsafe_compliance']",2,hard_refusal + unsafe_compliance,unsafe,beavertails
bt_30k_train_000474,"['hard_refusal', 'unsafe_compliance']",2,hard_refusal + unsafe_compliance,unsafe,beavertails
bt_30k_train_000484,"['hard_refusal', 'unsafe_compliance']",2,hard_refusal + unsafe_compliance,unsafe,beavertails
bt_30k_train_000486,"['hard_refusal', 'unsafe_compliance']",2,hard_refusal + unsafe_compliance,unsafe,beavertails
bt_30k_train_000488,"['hard_refusal', 'unsafe_compliance']",2,hard_refusal + unsafe_compliance,unsafe,beavertails
bt_30k_train_000492,"['hard_refusal', 'unsafe_compliance']",2,hard_refusal + unsafe_compliance,unsafe,beavertails
bt_30k_train_000498,"['hard_refusal', 'unsafe_compliance']",2,hard_refusal + unsafe_compliance,unsafe,beavertails
bt_30k_train_000499,"['hard_refusal', 'unsafe_compliance']",2,hard_refusal + unsafe_compliance,unsafe,beavertails
bt_30k_train_000507,"['hard_refusal', 'unsafe_compliance']",2,hard_refusal + unsafe_compliance,unsafe,beavertails
bt_30k_train_000508,"['hard_refusal', 'unsafe_compliance']",2,hard_refusal + unsafe_compliance,unsafe,beavertails
bt_30k_train_000509,"['hard_refusal', 'unsafe_compliance']",2,hard_refusal + unsafe_compliance,unsafe,beavertails
bt_30k_train_000516,"['hard_refusal', 'unsafe_compliance']",2,hard_refusal + unsafe_compliance,unsafe,beavertails
bt_30k_train_000517,"['hard_refusal', 'unsafe_compliance']",2,hard_refusal + unsafe_compliance,unsafe,beavertails
bt_30k_train_000520,"['hard_refusal', 'unsafe_compliance']",2,hard_refusal + unsafe_compliance,unsafe,beavertails
bt_30k_train_000528,"['hard_refusal', 'unsafe_compliance']",2,hard_refusal + unsafe_compliance,unsafe,beavertails
bt_30k_train_000532,"['hard_refusal', 'unsafe_compliance']",2,hard_refusal + unsafe_compliance,unsafe,beavertails
bt_30k_train_000538,"['hard_refusal', 'unsafe_compliance']",2,hard_refusal + unsafe_compliance,unsafe,beavertails
bt_30k_train_000552,"['hard_refusal', 'unsafe_compliance']",2,hard_refusal + unsafe_compliance,unsafe,beavertails
bt_30k_train_000555,"['hard_refusal', 'unsafe_compliance']",2,hard_refusal + unsafe_compliance,unsafe,beavertails
bt_30k_train_000562,"['hard_refusal', 'unsafe_compliance']",2,hard_refusal + unsafe_compliance,unsafe,beavertails
bt_30k_train_000574,"['hard_refusal', 'unsafe_compliance']",2,hard_refusal + unsafe_compliance,unsafe,beavertails
bt_30k_train_000581,"['hard_refusal', 'unsafe_compliance']",2,hard_refusal + unsafe_compliance,unsafe,beavertails
bt_30k_train_000583,"['hard_refusal', 'unsafe_compliance']",2,hard_refusal + unsafe_compliance,unsafe,beavertails
bt_30k_train_000598,"['hard_refusal', 'unsafe_compliance']",2,hard_refusal + unsafe_compliance,unsafe,beavertails
bt_30k_train_000603,"['hard_refusal', 'unsafe_compliance']",2,hard_refusal + unsafe_compliance,unsafe,beavertails
bt_30k_train_000613,"['hard_refusal', 'unsafe_compliance']",2,hard_refusal + unsafe_compliance,unsafe,beavertails
bt_30k_train_000620,"['hard_refusal', 'unsafe_compliance']",2,hard_refusal + unsafe_compliance,unsafe,beavertails
bt_30k_train_000640,"['hard_refusal', 'unsafe_compliance']",2,hard_refusal + unsafe_compliance,unsafe,beavertails
bt_30k_train_000641,"['hard_refusal', 'unsafe_compliance']",2,hard_refusal + unsafe_compliance,unsafe,beavertails
bt_30k_train_000647,"['hard_refusal', 'unsafe_compliance']",2,hard_refusal + unsafe_compliance,unsafe,beavertails
bt_30k_train_000662,"['hard_refusal', 'unsafe_compliance']",2,hard_refusal + unsafe_compliance,unsafe,beavertails
bt_30k_train_000663,"['hard_refusal', 'unsafe_compliance']",2,hard_refusal + unsafe_compliance,unsafe,beavertails
bt_30k_train_000664,"['hard_refusal', 'unsafe_compliance']",2,hard_refusal + unsafe_compliance,unsafe,beavertails
bt_30k_train_000669,"['hard_refusal', 'unsafe_compliance']",2,hard_refusal + unsafe_compliance,unsafe,beavertails
bt_30k_train_000679,"['hard_refusal', 'unsafe_compliance']",2,hard_refusal + unsafe_compliance,unsafe,beavertails
bt_30k_train_000680,"['hard_refusal', 'unsafe_compliance']",2,hard_refusal + unsafe_compliance,unsafe,beavertails
bt_30k_train_000688,"['hard_refusal', 'unsafe_compliance']",2,hard_refusal + unsafe_compliance,unsafe,beavertails
bt_30k_train_000697,"['hard_refusal', 'unsafe_compliance']",2,hard_refusal + unsafe_compliance,unsafe,beavertails
bt_30k_train_000703,"['hard_refusal', 'unsafe_compliance']",2,hard_refusal + unsafe_compliance,unsafe,beavertails
bt_30k_train_000707,"['hard_refusal', 'unsafe_compliance']",2,hard_refusal + unsafe_compliance,unsafe,beavertails
bt_30k_train_000713,"['hard_refusal', 'unsafe_compliance']",2,hard_refusal + unsafe_compliance,unsafe,beavertails
bt_30k_train_000717,"['hard_refusal', 'unsafe_compliance']",2,hard_refusal + unsafe_compliance,unsafe,beavertails
bt_30k_train_000721,"['hard_refusal', 'unsafe_compliance']",2,hard_refusal + unsafe_compliance,unsafe,beavertails
bt_30k_train_000729,"['hard_refusal', 'unsafe_compliance']",2,hard_refusal + unsafe_compliance,unsafe,beavertails
bt_30k_train_000731,"['hard_refusal', 'unsafe_compliance']",2,hard_refusal + unsafe_compliance,unsafe,beavertails
bt_30k_train_000742,"['hard_refusal', 'unsafe_compliance']",2,hard_refusal + unsafe_compliance,unsafe,beavertails
bt_30k_train_000749,"['hard_refusal', 'unsafe_compliance']",2,hard_refusal + unsafe_compliance,unsafe,beavertails
bt_30k_train_000771,"['hard_refusal', 'unsafe_compliance']",2,hard_refusal + unsafe_compliance,unsafe,beavertails
bt_30k_train_000772,"['hard_refusal', 'unsafe_compliance']",2,hard_refusal + unsafe_compliance,unsafe,beavertails
bt_30k_train_000773,"['hard_refusal', 'unsafe_compliance']",2,hard_refusal + unsafe_compliance,unsafe,beavertails
bt_30k_train_000786,"['hard_refusal', 'unsafe_compliance']",2,hard_refusal + unsafe_compliance,unsafe,beavertails
bt_30k_train_000789,"['hard_refusal', 'unsafe_compliance']",2,hard_refusal + unsafe_compliance,unsafe,beavertails
bt_30k_train_000793,"['hard_refusal', 'unsafe_compliance']",2,hard_refusal + unsafe_compliance,unsafe,beavertails
bt_30k_train_000798,"['hard_refusal', 'unsafe_compliance']",2,hard_refusal + unsafe_compliance,unsafe,beavertails
bt_30k_train_000803,"['hard_refusal', 'unsafe_compliance']",2,hard_refusal + unsafe_compliance,unsafe,beavertails
bt_30k_train_000809,"['hard_refusal', 'unsafe_compliance']",2,hard_refusal + unsafe_compliance,unsafe,beavertails
bt_30k_train_000815,"['hard_refusal', 'unsafe_compliance']",2,hard_refusal + unsafe_compliance,unsafe,beavertails
bt_30k_train_000818,"['hard_refusal', 'unsafe_compliance']",2,hard_refusal + unsafe_compliance,unsafe,beavertails
bt_30k_train_000822,"['hard_refusal', 'unsafe_compliance']",2,hard_refusal + unsafe_compliance,unsafe,beavertails
bt_30k_train_000826,"['hard_refusal', 'unsafe_compliance']",2,hard_refusal + unsafe_compliance,unsafe,beavertails
bt_30k_train_000834,"['hard_refusal', 'unsafe_compliance']",2,hard_refusal + unsafe_compliance,unsafe,beavertails
bt_30k_train_000836,"['hard_refusal', 'unsafe_compliance']",2,hard_refusal + unsafe_compliance,unsafe,beavertails
bt_30k_train_000837,"['hard_refusal', 'unsafe_compliance']",2,hard_refusal + unsafe_compliance,unsafe,beavertails
bt_30k_train_000845,"['hard_refusal', 'unsafe_compliance']",2,hard_refusal + unsafe_compliance,unsafe,beavertails
bt_30k_train_000846,"['hard_refusal', 'unsafe_compliance']",2,hard_refusal + unsafe_compliance,unsafe,beavertails
bt_30k_train_000851,"['hard_refusal', 'unsafe_compliance']",2,hard_refusal + unsafe_compliance,unsafe,beavertails
bt_30k_train_000853,"['hard_refusal', 'unsafe_compliance']",2,hard_refusal + unsafe_compliance,unsafe,beavertails
bt_30k_train_000856,"['hard_refusal', 'unsafe_compliance']",2,hard_refusal + unsafe_compliance,unsafe,beavertails
bt_30k_train_000858,"['hard_refusal', 'unsafe_compliance']",2,hard_refusal + unsafe_compliance,unsafe,beavertails
bt_30k_train_000862,"['hard_refusal', 'unsafe_compliance']",2,hard_refusal + unsafe_compliance,unsafe,beavertails
bt_30k_train_000864,"['hard_refusal', 'unsafe_compliance']",2,hard_refusal + unsafe_compliance,unsafe,beavertails
bt_30k_train_000870,"['hard_refusal', 'unsafe_compliance']",2,hard_refusal + unsafe_compliance,unsafe,beavertails
bt_30k_train_000873,"['hard_refusal', 'unsafe_compliance']",2,hard_refusal + unsafe_compliance,unsafe,beavertails
bt_30k_train_000890,"['hard_refusal', 'unsafe_compliance']",2,hard_refusal + unsafe_compliance,unsafe,beavertails
bt_30k_train_000893,"['hard_refusal', 'unsafe_compliance']",2,hard_refusal + unsafe_compliance,unsafe,beavertails
bt_30k_train_000895,"['hard_refusal', 'unsafe_compliance']",2,hard_refusal + unsafe_compliance,unsafe,beavertails
bt_30k_train_000896,"['hard_refusal', 'unsafe_compliance']",2,hard_refusal + unsafe_compliance,unsafe,beavertails
bt_30k_train_000898,"['hard_refusal', 'unsafe_compliance']",2,hard_refusal + unsafe_compliance,unsafe,beavertails
bt_30k_train_000899,"['hard_refusal', 'unsafe_compliance']",2,hard_refusal + unsafe_compliance,unsafe,beavertails
bt_30k_train_000903,"['hard_refusal', 'unsafe_compliance']",2,hard_refusal + unsafe_compliance,unsafe,beavertails
bt_30k_train_000906,"['hard_refusal', 'unsafe_compliance']",2,hard_refusal + unsafe_compliance,unsafe,beavertails
bt_30k_train_000912,"['hard_refusal', 'unsafe_compliance']",2,hard_refusal + unsafe_compliance,unsafe,beavertails
bt_30k_train_000916,"['hard_refusal', 'unsafe_compliance']",2,hard_refusal + unsafe_compliance,unsafe,beavertails
bt_30k_train_000922,"['hard_refusal', 'unsafe_compliance']",2,hard_refusal + unsafe_compliance,unsafe,beavertails
bt_30k_train_000923,"['hard_refusal', 'unsafe_compliance']",2,hard_refusal + unsafe_compliance,unsafe,beavertails
bt_30k_train_000925,"['hard_refusal', 'unsafe_compliance']",2,hard_refusal + unsafe_compliance,unsafe,beavertails
bt_30k_train_000947,"['hard_refusal', 'unsafe_compliance']",2,hard_refusal + unsafe_compliance,unsafe,beavertails
bt_30k_train_000959,"['hard_refusal', 'unsafe_compliance']",2,hard_refusal + unsafe_compliance,unsafe,beavertails
bt_30k_train_000966,"['hard_refusal', 'unsafe_compliance']",2,hard_refusal + unsafe_compliance,unsafe,beavertails
bt_30k_train_000967,"['hard_refusal', 'unsafe_compliance']",2,hard_refusal + unsafe_compliance,unsafe,beavertails
bt_30k_train_000970,"['hard_refusal', 'unsafe_compliance']",2,hard_refusal + unsafe_compliance,unsafe,beavertails
bt_30k_train_000971,"['hard_refusal', 'unsafe_compliance']",2,hard_refusal + unsafe_compliance,unsafe,beavertails
bt_30k_train_000973,"['hard_refusal', 'unsafe_compliance']",2,hard_refusal + unsafe_compliance,unsafe,beavertails
bt_30k_train_000975,"['hard_refusal', 'unsafe_compliance']",2,hard_refusal + unsafe_compliance,unsafe,beavertails
bt_30k_train_000977,"['hard_refusal', 'unsafe_compliance']",2,hard_refusal + unsafe_compliance,unsafe,beavertails
bt_30k_train_000979,"['hard_refusal', 'unsafe_compliance']",2,hard_refusal + unsafe_compliance,unsafe,beavertails
bt_30k_train_000983,"['hard_refusal', 'unsafe_compliance']",2,hard_refusal + unsafe_compliance,unsafe,beavertails
bt_30k_train_000985,"['hard_refusal', 'unsafe_compliance']",2,hard_refusal + unsafe_compliance,unsafe,beavertails
bt_30k_train_000986,"['hard_refusal', 'unsafe_compliance']",2,hard_refusal + unsafe_compliance,unsafe,beavertails
bt_30k_train_000995,"['hard_refusal', 'unsafe_compliance']",2,hard_refusal + unsafe_compliance,unsafe,beavertails
bt_30k_train_000996,"['hard_refusal', 'unsafe_compliance']",2,hard_refusal + unsafe_compliance,unsafe,beavertails
bt_30k_train_000997,"['hard_refusal', 'unsafe_compliance']",2,hard_refusal + unsafe_compliance,unsafe,beavertails
bt_30k_train_001001,"['hard_refusal', 'unsafe_compliance']",2,hard_refusal + unsafe_compliance,unsafe,beavertails
bt_30k_train_001006,"['hard_refusal', 'unsafe_compliance']",2,hard_refusal + unsafe_compliance,unsafe,beavertails
bt_30k_train_001007,"['hard_refusal', 'unsafe_compliance']",2,hard_refusal + unsafe_compliance,unsafe,beavertails
bt_30k_train_001009,"['hard_refusal', 'unsafe_compliance']",2,hard_refusal + unsafe_compliance,unsafe,beavertails
bt_30k_train_001018,"['hard_refusal', 'unsafe_compliance']",2,hard_refusal + unsafe_compliance,unsafe,beavertails
bt_30k_train_001028,"['hard_refusal', 'unsafe_compliance']",2,hard_refusal + unsafe_compliance,unsafe,beavertails
bt_30k_train_001032,"['hard_refusal', 'unsafe_compliance']",2,hard_refusal + unsafe_compliance,unsafe,beavertails
bt_30k_train_001055,"['hard_refusal', 'unsafe_compliance']",2,hard_refusal + unsafe_compliance,unsafe,beavertails
bt_30k_train_001056,"['hard_refusal', 'unsafe_compliance']",2,hard_refusal + unsafe_compliance,unsafe,beavertails
bt_30k_train_001059,"['hard_refusal', 'unsafe_compliance']",2,hard_refusal + unsafe_compliance,unsafe,beavertails
bt_30k_train_001067,"['hard_refusal', 'unsafe_compliance']",2,hard_refusal + unsafe_compliance,unsafe,beavertails
bt_30k_train_001068,"['hard_refusal', 'unsafe_compliance']",2,hard_refusal + unsafe_compliance,unsafe,beavertails
bt_30k_train_001081,"['hard_refusal', 'unsafe_compliance']",2,hard_refusal + unsafe_compliance,unsafe,beavertails
bt_30k_train_001098,"['hard_refusal', 'unsafe_compliance']",2,hard_refusal + unsafe_compliance,unsafe,beavertails
bt_30k_train_001100,"['hard_refusal', 'unsafe_compliance']",2,hard_refusal + unsafe_compliance,unsafe,beavertails
bt_30k_train_001118,"['hard_refusal', 'unsafe_compliance']",2,hard_refusal + unsafe_compliance,unsafe,beavertails
bt_30k_train_001124,"['hard_refusal', 'unsafe_compliance']",2,hard_refusal + unsafe_compliance,unsafe,beavertails
bt_30k_train_001129,"['hard_refusal', 'unsafe_compliance']",2,hard_refusal + unsafe_compliance,unsafe,beavertails
bt_30k_train_001131,"['hard_refusal', 'unsafe_compliance']",2,hard_refusal + unsafe_compliance,unsafe,beavertails
bt_30k_train_001136,"['hard_refusal', 'unsafe_compliance']",2,hard_refusal + unsafe_compliance,unsafe,beavertails
bt_30k_train_001137,"['hard_refusal', 'unsafe_compliance']",2,hard_refusal + unsafe_compliance,unsafe,beavertails
bt_30k_train_001148,"['hard_refusal', 'unsafe_compliance']",2,hard_refusal + unsafe_compliance,unsafe,beavertails
bt_30k_train_001157,"['hard_refusal', 'unsafe_compliance']",2,hard_refusal + unsafe_compliance,unsafe,beavertails
bt_30k_train_001160,"['hard_refusal', 'unsafe_compliance']",2,hard_refusal + unsafe_compliance,unsafe,beavertails
bt_30k_train_001161,"['hard_refusal', 'unsafe_compliance']",2,hard_refusal + unsafe_compliance,unsafe,beavertails
bt_30k_train_001173,"['hard_refusal', 'unsafe_compliance']",2,hard_refusal + unsafe_compliance,unsafe,beavertails
bt_30k_train_001177,"['hard_refusal', 'unsafe_compliance']",2,hard_refusal + unsafe_compliance,unsafe,beavertails
bt_30k_train_001178,"['hard_refusal', 'unsafe_compliance']",2,hard_refusal + unsafe_compliance,unsafe,beavertails
bt_30k_train_001192,"['hard_refusal', 'unsafe_compliance']",2,hard_refusal + unsafe_compliance,unsafe,beavertails
bt_30k_train_001196,"['hard_refusal', 'unsafe_compliance']",2,hard_refusal + unsafe_compliance,unsafe,beavertails
bt_30k_train_001202,['hard_refusal'],1,hard_refusal,unsafe,beavertails
bt_30k_train_001212,"['hard_refusal', 'unsafe_compliance']",2,hard_refusal + unsafe_compliance,unsafe,beavertails
bt_30k_train_001215,"['hard_refusal', 'unsafe_compliance']",2,hard_refusal + unsafe_compliance,unsafe,beavertails
bt_30k_train_001219,"['hard_refusal', 'unsafe_compliance']",2,hard_refusal + unsafe_compliance,unsafe,beavertails
bt_30k_train_001224,"['hard_refusal', 'unsafe_compliance']",2,hard_refusal + unsafe_compliance,unsafe,beavertails
bt_30k_train_001229,"['hard_refusal', 'unsafe_compliance']",2,hard_refusal + unsafe_compliance,unsafe,beavertails
bt_30k_train_001232,"['hard_refusal', 'unsafe_compliance']",2,hard_refusal + unsafe_compliance,unsafe,beavertails
bt_30k_train_001237,"['hard_refusal', 'unsafe_compliance']",2,hard_refusal + unsafe_compliance,unsafe,beavertails
bt_30k_train_001241,"['hard_refusal', 'unsafe_compliance']",2,hard_refusal + unsafe_compliance,unsafe,beavertails
bt_30k_train_001242,"['hard_refusal', 'unsafe_compliance']",2,hard_refusal + unsafe_compliance,unsafe,beavertails
bt_30k_train_001244,"['hard_refusal', 'unsafe_compliance']",2,hard_refusal + unsafe_compliance,unsafe,beavertails
bt_30k_train_001251,"['hard_refusal', 'unsafe_compliance']",2,hard_refusal + unsafe_compliance,unsafe,beavertails
bt_30k_train_001260,"['hard_refusal', 'unsafe_compliance']",2,hard_refusal + unsafe_compliance,unsafe,beavertails
bt_30k_train_001267,"['hard_refusal', 'unsafe_compliance']",2,hard_refusal + unsafe_compliance,unsafe,beavertails
bt_30k_train_001269,"['hard_refusal', 'unsafe_compliance']",2,hard_refusal + unsafe_compliance,unsafe,beavertails
bt_30k_train_001276,"['hard_refusal', 'unsafe_compliance']",2,hard_refusal + unsafe_compliance,unsafe,beavertails
bt_30k_train_001278,"['hard_refusal', 'unsafe_compliance']",2,hard_refusal + unsafe_compliance,unsafe,beavertails
bt_30k_train_001280,"['hard_refusal', 'unsafe_compliance']",2,hard_refusal + unsafe_compliance,unsafe,beavertails
bt_30k_train_001288,"['hard_refusal', 'unsafe_compliance']",2,hard_refusal + unsafe_compliance,unsafe,beavertails
bt_30k_train_001290,"['hard_refusal', 'unsafe_compliance']",2,hard_refusal + unsafe_compliance,unsafe,beavertails
bt_30k_train_001298,"['hard_refusal', 'unsafe_compliance']",2,hard_refusal + unsafe_compliance,unsafe,beavertails
bt_30k_train_001302,"['hard_refusal', 'unsafe_compliance']",2,hard_refusal + unsafe_compliance,unsafe,beavertails
bt_30k_train_001316,"['hard_refusal', 'unsafe_compliance']",2,hard_refusal + unsafe_compliance,unsafe,beavertails
bt_30k_train_001327,"['hard_refusal', 'unsafe_compliance']",2,hard_refusal + unsafe_compliance,unsafe,beavertails
bt_30k_train_001337,"['hard_refusal', 'unsafe_compliance']",2,hard_refusal + unsafe_compliance,unsafe,beavertails
bt_30k_train_001347,"['hard_refusal', 'unsafe_compliance']",2,hard_refusal + unsafe_compliance,unsafe,beavertails
bt_30k_train_001357,"['hard_refusal', 'unsafe_compliance']",2,hard_refusal + unsafe_compliance,unsafe,beavertails
bt_30k_train_001364,"['hard_refusal', 'unsafe_compliance']",2,hard_refusal + unsafe_compliance,unsafe,beavertails
bt_30k_train_001371,"['hard_refusal', 'unsafe_compliance']",2,hard_refusal + unsafe_compliance,unsafe,beavertails
bt_30k_train_001372,"['hard_refusal', 'unsafe_compliance']",2,hard_refusal + unsafe_compliance,unsafe,beavertails
bt_30k_train_001379,"['hard_refusal', 'unsafe_compliance']",2,hard_refusal + unsafe_compliance,unsafe,beavertails
bt_30k_train_001389,"['hard_refusal', 'unsafe_compliance']",2,hard_refusal + unsafe_compliance,unsafe,beavertails
bt_30k_train_001395,"['hard_refusal', 'unsafe_compliance']",2,hard_refusal + unsafe_compliance,unsafe,beavertails
bt_30k_train_001403,"['hard_refusal', 'unsafe_compliance']",2,hard_refusal + unsafe_compliance,unsafe,beavertails
bt_30k_train_001424,"['hard_refusal', 'unsafe_compliance']",2,hard_refusal + unsafe_compliance,unsafe,beavertails
bt_30k_train_001425,"['hard_refusal', 'unsafe_compliance']",2,hard_refusal + unsafe_compliance,unsafe,beavertails
bt_30k_train_001426,"['hard_refusal', 'unsafe_compliance']",2,hard_refusal + unsafe_compliance,unsafe,beavertails
bt_30k_train_001444,"['hard_refusal', 'unsafe_compliance']",2,hard_refusal + unsafe_compliance,unsafe,beavertails
bt_30k_train_001448,"['hard_refusal', 'unsafe_compliance']",2,hard_refusal + unsafe_compliance,unsafe,beavertails
bt_30k_train_001454,"['hard_refusal', 'unsafe_compliance']",2,hard_refusal + unsafe_compliance,unsafe,beavertails
bt_30k_train_001456,"['hard_refusal', 'unsafe_compliance']",2,hard_refusal + unsafe_compliance,unsafe,beavertails
bt_30k_train_001458,"['hard_refusal', 'unsafe_compliance']",2,hard_refusal + unsafe_compliance,unsafe,beavertails
bt_30k_train_001465,"['hard_refusal', 'unsafe_compliance']",2,hard_refusal + unsafe_compliance,unsafe,beavertails
bt_30k_train_001480,"['hard_refusal', 'unsafe_compliance']",2,hard_refusal + unsafe_compliance,unsafe,beavertails
bt_30k_train_001482,"['hard_refusal', 'unsafe_compliance']",2,hard_refusal + unsafe_compliance,unsafe,beavertails
bt_30k_train_001489,"['hard_refusal', 'unsafe_compliance']",2,hard_refusal + unsafe_compliance,unsafe,beavertails
bt_30k_train_001491,"['hard_refusal', 'unsafe_compliance']",2,hard_refusal + unsafe_compliance,unsafe,beavertails
bt_30k_train_001494,"['hard_refusal', 'unsafe_compliance']",2,hard_refusal + unsafe_compliance,unsafe,beavertails
bt_30k_train_001502,"['hard_refusal', 'unsafe_compliance']",2,hard_refusal + unsafe_compliance,unsafe,beavertails
bt_30k_train_001503,"['hard_refusal', 'unsafe_compliance']",2,hard_refusal + unsafe_compliance,unsafe,beavertails
bt_30k_train_001506,"['hard_refusal', 'unsafe_compliance']",2,hard_refusal + unsafe_compliance,unsafe,beavertails
bt_30k_train_001509,['hard_refusal'],1,hard_refusal,unsafe,beavertails
bt_30k_train_001516,"['hard_refusal', 'unsafe_compliance']",2,hard_refusal + unsafe_compliance,unsafe,beavertails
bt_30k_train_001518,"['hard_refusal', 'unsafe_compliance']",2,hard_refusal + unsafe_compliance,unsafe,beavertails
bt_30k_train_001522,"['hard_refusal', 'unsafe_compliance']",2,hard_refusal + unsafe_compliance,unsafe,beavertails
bt_30k_train_001526,"['hard_refusal', 'unsafe_compliance']",2,hard_refusal + unsafe_compliance,unsafe,beavertails
bt_30k_train_001544,"['hard_refusal', 'unsafe_compliance']",2,hard_refusal + unsafe_compliance,unsafe,beavertails
bt_30k_train_001546,"['hard_refusal', 'unsafe_compliance']",2,hard_refusal + unsafe_compliance,unsafe,beavertails
bt_30k_train_001547,"['hard_refusal', 'unsafe_compliance']",2,hard_refusal + unsafe_compliance,unsafe,beavertails
bt_30k_train_001552,"['hard_refusal', 'unsafe_compliance']",2,hard_refusal + unsafe_compliance,unsafe,beavertails
bt_30k_train_001557,"['hard_refusal', 'unsafe_compliance']",2,hard_refusal + unsafe_compliance,unsafe,beavertails
bt_30k_train_001570,"['hard_refusal', 'unsafe_compliance']",2,hard_refusal + unsafe_compliance,unsafe,beavertails
bt_30k_train_001571,"['hard_refusal', 'unsafe_compliance']",2,hard_refusal + unsafe_compliance,unsafe,beavertails
bt_30k_train_001573,"['hard_refusal', 'unsafe_compliance']",2,hard_refusal + unsafe_compliance,unsafe,beavertails
bt_30k_train_001596,"['hard_refusal', 'unsafe_compliance']",2,hard_refusal + unsafe_compliance,unsafe,beavertails
bt_30k_train_001599,"['hard_refusal', 'unsafe_compliance']",2,hard_refusal + unsafe_compliance,unsafe,beavertails
bt_30k_train_001608,"['hard_refusal', 'unsafe_compliance']",2,hard_refusal + unsafe_compliance,unsafe,beavertails
bt_30k_train_001614,"['hard_refusal', 'unsafe_compliance']",2,hard_refusal + unsafe_compliance,unsafe,beavertails
bt_30k_train_001615,"['hard_refusal', 'unsafe_compliance']",2,hard_refusal + unsafe_compliance,unsafe,beavertails
bt_30k_train_001663,"['hard_refusal', 'unsafe_compliance']",2,hard_refusal + unsafe_compliance,unsafe,beavertails
bt_30k_train_001667,"['hard_refusal', 'unsafe_compliance']",2,hard_refusal + unsafe_compliance,unsafe,beavertails
bt_30k_train_001695,"['hard_refusal', 'unsafe_compliance']",2,hard_refusal + unsafe_compliance,unsafe,beavertails
bt_30k_train_001702,"['hard_refusal', 'unsafe_compliance']",2,hard_refusal + unsafe_compliance,unsafe,beavertails
bt_30k_train_001711,"['hard_refusal', 'unsafe_compliance']",2,hard_refusal + unsafe_compliance,unsafe,beavertails
bt_30k_train_001720,"['hard_refusal', 'unsafe_compliance']",2,hard_refusal + unsafe_compliance,unsafe,beavertails
bt_30k_train_001728,['hard_refusal'],1,hard_refusal,unsafe,beavertails
bt_30k_train_001730,"['hard_refusal', 'unsafe_compliance']",2,hard_refusal + unsafe_compliance,unsafe,beavertails
bt_30k_train_001733,"['hard_refusal', 'unsafe_compliance']",2,hard_refusal + unsafe_compliance,unsafe,beavertails
bt_30k_train_001736,"['hard_refusal', 'unsafe_compliance']",2,hard_refusal + unsafe_compliance,unsafe,beavertails
bt_30k_train_001753,"['hard_refusal', 'unsafe_compliance']",2,hard_refusal + unsafe_compliance,unsafe,beavertails
bt_30k_train_001756,"['hard_refusal', 'unsafe_compliance']",2,hard_refusal + unsafe_compliance,unsafe,beavertails
bt_30k_train_001759,"['hard_refusal', 'unsafe_compliance']",2,hard_refusal + unsafe_compliance,unsafe,beavertails
bt_30k_train_001761,"['hard_refusal', 'unsafe_compliance']",2,hard_refusal + unsafe_compliance,unsafe,beavertails
bt_30k_train_001763,"['hard_refusal', 'unsafe_compliance']",2,hard_refusal + unsafe_compliance,unsafe,beavertails
bt_30k_train_001780,"['hard_refusal', 'unsafe_compliance']",2,hard_refusal + unsafe_compliance,unsafe,beavertails
bt_30k_train_001783,"['hard_refusal', 'unsafe_compliance']",2,hard_refusal + unsafe_compliance,unsafe,beavertails
bt_30k_train_001788,"['hard_refusal', 'unsafe_compliance']",2,hard_refusal + unsafe_compliance,unsafe,beavertails
bt_30k_train_001794,"['hard_refusal', 'unsafe_compliance']",2,hard_refusal + unsafe_compliance,unsafe,beavertails
bt_30k_train_001797,"['hard_refusal', 'unsafe_compliance']",2,hard_refusal + unsafe_compliance,unsafe,beavertails
bt_30k_train_001800,"['hard_refusal', 'unsafe_compliance']",2,hard_refusal + unsafe_compliance,unsafe,beavertails
bt_30k_train_001801,"['hard_refusal', 'unsafe_compliance']",2,hard_refusal + unsafe_compliance,unsafe,beavertails
bt_30k_train_001811,"['hard_refusal', 'unsafe_compliance']",2,hard_refusal + unsafe_compliance,unsafe,beavertails
bt_30k_train_001819,"['hard_refusal', 'unsafe_compliance']",2,hard_refusal + unsafe_compliance,unsafe,beavertails
bt_30k_train_001841,"['hard_refusal', 'unsafe_compliance']",2,hard_refusal + unsafe_compliance,unsafe,beavertails
bt_30k_train_001847,"['hard_refusal', 'unsafe_compliance']",2,hard_refusal + unsafe_compliance,unsafe,beavertails
bt_30k_train_001850,"['hard_refusal', 'unsafe_compliance']",2,hard_refusal + unsafe_compliance,unsafe,beavertails
bt_30k_train_001855,"['hard_refusal', 'unsafe_compliance']",2,hard_refusal + unsafe_compliance,unsafe,beavertails
bt_30k_train_001867,"['hard_refusal', 'unsafe_compliance']",2,hard_refusal + unsafe_compliance,unsafe,beavertails
bt_30k_train_001874,"['hard_refusal', 'unsafe_compliance']",2,hard_refusal + unsafe_compliance,unsafe,beavertails
bt_30k_train_001878,"['hard_refusal', 'unsafe_compliance']",2,hard_refusal + unsafe_compliance,unsafe,beavertails
bt_30k_train_001884,"['hard_refusal', 'unsafe_compliance']",2,hard_refusal + unsafe_compliance,unsafe,beavertails
bt_30k_train_001887,"['hard_refusal', 'unsafe_compliance']",2,hard_refusal + unsafe_compliance,unsafe,beavertails
bt_30k_train_001892,"['hard_refusal', 'unsafe_compliance']",2,hard_refusal + unsafe_compliance,unsafe,beavertails
bt_30k_train_001895,"['hard_refusal', 'unsafe_compliance']",2,hard_refusal + unsafe_compliance,unsafe,beavertails
bt_30k_train_001901,"['hard_refusal', 'unsafe_compliance']",2,hard_refusal + unsafe_compliance,unsafe,beavertails
bt_30k_train_001905,['hard_refusal'],1,hard_refusal,unsafe,beavertails
bt_30k_train_001906,"['hard_refusal', 'unsafe_compliance']",2,hard_refusal + unsafe_compliance,unsafe,beavertails
bt_30k_train_001908,"['hard_refusal', 'unsafe_compliance']",2,hard_refusal + unsafe_compliance,unsafe,beavertails
bt_30k_train_001915,"['hard_refusal', 'unsafe_compliance']",2,hard_refusal + unsafe_compliance,unsafe,beavertails
bt_30k_train_001918,"['hard_refusal', 'unsafe_compliance']",2,hard_refusal + unsafe_compliance,unsafe,beavertails
bt_30k_train_001921,"['hard_refusal', 'unsafe_compliance']",2,hard_refusal + unsafe_compliance,unsafe,beavertails
bt_30k_train_001930,"['hard_refusal', 'unsafe_compliance']",2,hard_refusal + unsafe_compliance,unsafe,beavertails
bt_30k_train_001931,"['hard_refusal', 'unsafe_compliance']",2,hard_refusal + unsafe_compliance,unsafe,beavertails
bt_30k_train_001935,"['hard_refusal', 'unsafe_compliance']",2,hard_refusal + unsafe_compliance,unsafe,beavertails
bt_30k_train_001940,"['hard_refusal', 'unsafe_compliance']",2,hard_refusal + unsafe_compliance,unsafe,beavertails
bt_30k_train_001946,"['hard_refusal', 'unsafe_compliance']",2,hard_refusal + unsafe_compliance,unsafe,beavertails
bt_30k_train_001953,"['hard_refusal', 'unsafe_compliance']",2,hard_refusal + unsafe_compliance,unsafe,beavertails
bt_30k_train_001955,"['hard_refusal', 'unsafe_compliance']",2,hard_refusal + unsafe_compliance,unsafe,beavertails
bt_30k_train_001968,"['hard_refusal', 'unsafe_compliance']",2,hard_refusal + unsafe_compliance,unsafe,beavertails
bt_30k_train_001974,"['hard_refusal', 'unsafe_compliance']",2,hard_refusal + unsafe_compliance,unsafe,beavertails
bt_30k_train_001983,"['hard_refusal', 'unsafe_compliance']",2,hard_refusal + unsafe_compliance,unsafe,beavertails
bt_30k_train_001994,"['hard_refusal', 'unsafe_compliance']",2,hard_refusal + unsafe_compliance,unsafe,beavertails
bt_30k_train_001996,"['hard_refusal', 'unsafe_compliance']",2,hard_refusal + unsafe_compliance,unsafe,beavertails
bt_30k_train_002012,"['hard_refusal', 'unsafe_compliance']",2,hard_refusal + unsafe_compliance,unsafe,beavertails
bt_30k_train_002014,"['hard_refusal', 'unsafe_compliance']",2,hard_refusal + unsafe_compliance,unsafe,beavertails
bt_30k_train_002018,"['hard_refusal', 'unsafe_compliance']",2,hard_refusal + unsafe_compliance,unsafe,beavertails
bt_30k_train_002028,"['hard_refusal', 'unsafe_compliance']",2,hard_refusal + unsafe_compliance,unsafe,beavertails
bt_30k_train_002045,"['hard_refusal', 'unsafe_compliance']",2,hard_refusal + unsafe_compliance,unsafe,beavertails
bt_30k_train_002064,"['hard_refusal', 'unsafe_compliance']",2,hard_refusal + unsafe_compliance,unsafe,beavertails
bt_30k_train_002076,"['hard_refusal', 'unsafe_compliance']",2,hard_refusal + unsafe_compliance,unsafe,beavertails
bt_30k_train_002083,"['hard_refusal', 'unsafe_compliance']",2,hard_refusal + unsafe_compliance,unsafe,beavertails
bt_30k_train_002101,"['hard_refusal', 'unsafe_compliance']",2,hard_refusal + unsafe_compliance,unsafe,beavertails
bt_30k_train_002104,"['hard_refusal', 'unsafe_compliance']",2,hard_refusal + unsafe_compliance,unsafe,beavertails
bt_30k_train_002107,"['hard_refusal', 'unsafe_compliance']",2,hard_refusal + unsafe_compliance,unsafe,beavertails
bt_30k_train_002115,"['hard_refusal', 'unsafe_compliance']",2,hard_refusal + unsafe_compliance,unsafe,beavertails
bt_30k_train_002118,"['hard_refusal', 'unsafe_compliance']",2,hard_refusal + unsafe_compliance,unsafe,beavertails
bt_30k_train_002134,"['hard_refusal', 'unsafe_compliance']",2,hard_refusal + unsafe_compliance,unsafe,beavertails
bt_30k_train_002148,"['hard_refusal', 'unsafe_compliance']",2,hard_refusal + unsafe_compliance,unsafe,beavertails
bt_30k_train_002154,"['hard_refusal', 'unsafe_compliance']",2,hard_refusal + unsafe_compliance,unsafe,beavertails
bt_30k_train_002162,"['hard_refusal', 'unsafe_compliance']",2,hard_refusal + unsafe_compliance,unsafe,beavertails
bt_30k_train_002172,"['hard_refusal', 'unsafe_compliance']",2,hard_refusal + unsafe_compliance,unsafe,beavertails
bt_30k_train_002178,"['hard_refusal', 'unsafe_compliance']",2,hard_refusal + unsafe_compliance,unsafe,beavertails
bt_30k_train_002180,"['hard_refusal', 'unsafe_compliance']",2,hard_refusal + unsafe_compliance,unsafe,beavertails
bt_30k_train_002187,"['hard_refusal', 'unsafe_compliance']",2,hard_refusal + unsafe_compliance,unsafe,beavertails
bt_30k_train_002190,"['hard_refusal', 'unsafe_compliance']",2,hard_refusal + unsafe_compliance,unsafe,beavertails
bt_30k_train_002196,"['hard_refusal', 'unsafe_compliance']",2,hard_refusal + unsafe_compliance,unsafe,beavertails
bt_30k_train_002197,"['hard_refusal', 'unsafe_compliance']",2,hard_refusal + unsafe_compliance,unsafe,beavertails
bt_30k_train_002235,"['hard_refusal', 'unsafe_compliance']",2,hard_refusal + unsafe_compliance,unsafe,beavertails
bt_30k_train_002237,"['hard_refusal', 'unsafe_compliance']",2,hard_refusal + unsafe_compliance,unsafe,beavertails
bt_30k_train_002239,"['hard_refusal', 'unsafe_compliance']",2,hard_refusal + unsafe_compliance,unsafe,beavertails
bt_30k_train_002242,"['hard_refusal', 'unsafe_compliance']",2,hard_refusal + unsafe_compliance,unsafe,beavertails
bt_30k_train_002247,"['hard_refusal', 'unsafe_compliance']",2,hard_refusal + unsafe_compliance,unsafe,beavertails
bt_30k_train_002251,"['hard_refusal', 'unsafe_compliance']",2,hard_refusal + unsafe_compliance,unsafe,beavertails
bt_30k_train_002259,"['hard_refusal', 'unsafe_compliance']",2,hard_refusal + unsafe_compliance,unsafe,beavertails
bt_30k_train_002271,"['hard_refusal', 'unsafe_compliance']",2,hard_refusal + unsafe_compliance,unsafe,beavertails
bt_30k_train_002275,"['hard_refusal', 'unsafe_compliance']",2,hard_refusal + unsafe_compliance,unsafe,beavertails
bt_30k_train_002276,"['hard_refusal', 'unsafe_compliance']",2,hard_refusal + unsafe_compliance,unsafe,beavertails
bt_30k_train_002281,"['hard_refusal', 'unsafe_compliance']",2,hard_refusal + unsafe_compliance,unsafe,beavertails
bt_30k_train_002292,"['hard_refusal', 'unsafe_compliance']",2,hard_refusal + unsafe_compliance,unsafe,beavertails
bt_30k_train_002294,"['hard_refusal', 'unsafe_compliance']",2,hard_refusal + unsafe_compliance,unsafe,beavertails
bt_30k_train_002303,"['hard_refusal', 'unsafe_compliance']",2,hard_refusal + unsafe_compliance,unsafe,beavertails
bt_30k_train_002306,"['hard_refusal', 'unsafe_compliance']",2,hard_refusal + unsafe_compliance,unsafe,beavertails
bt_30k_train_002308,"['hard_refusal', 'unsafe_compliance']",2,hard_refusal + unsafe_compliance,unsafe,beavertails
bt_30k_train_002323,"['hard_refusal', 'unsafe_compliance']",2,hard_refusal + unsafe_compliance,unsafe,beavertails
bt_30k_train_002328,"['hard_refusal', 'unsafe_compliance']",2,hard_refusal + unsafe_compliance,unsafe,beavertails
bt_30k_train_002332,"['hard_refusal', 'unsafe_compliance']",2,hard_refusal + unsafe_compliance,unsafe,beavertails
bt_30k_train_002335,"['hard_refusal', 'unsafe_compliance']",2,hard_refusal + unsafe_compliance,unsafe,beavertails
bt_30k_train_002337,"['hard_refusal', 'unsafe_compliance']",2,hard_refusal + unsafe_compliance,unsafe,beavertails
bt_30k_train_002342,"['hard_refusal', 'unsafe_compliance']",2,hard_refusal + unsafe_compliance,unsafe,beavertails
bt_30k_train_002354,"['hard_refusal', 'unsafe_compliance']",2,hard_refusal + unsafe_compliance,unsafe,beavertails
bt_30k_train_002362,"['hard_refusal', 'unsafe_compliance']",2,hard_refusal + unsafe_compliance,unsafe,beavertails
bt_30k_train_002367,"['hard_refusal', 'unsafe_compliance']",2,hard_refusal + unsafe_compliance,unsafe,beavertails
bt_30k_train_002368,"['hard_refusal', 'unsafe_compliance']",2,hard_refusal + unsafe_compliance,unsafe,beavertails
bt_30k_train_002375,"['hard_refusal', 'unsafe_compliance']",2,hard_refusal + unsafe_compliance,unsafe,beavertails
bt_30k_train_002376,"['hard_refusal', 'unsafe_compliance']",2,hard_refusal + unsafe_compliance,unsafe,beavertails
bt_30k_train_002391,"['hard_refusal', 'unsafe_compliance']",2,hard_refusal + unsafe_compliance,unsafe,beavertails
bt_30k_train_002392,"['hard_refusal', 'unsafe_compliance']",2,hard_refusal + unsafe_compliance,unsafe,beavertails
bt_30k_train_002395,"['hard_refusal', 'unsafe_compliance']",2,hard_refusal + unsafe_compliance,unsafe,beavertails
bt_30k_train_002401,"['hard_refusal', 'unsafe_compliance']",2,hard_refusal + unsafe_compliance,unsafe,beavertails
bt_30k_train_002411,"['hard_refusal', 'unsafe_compliance']",2,hard_refusal + unsafe_compliance,unsafe,beavertails
bt_30k_train_002414,"['hard_refusal', 'unsafe_compliance']",2,hard_refusal + unsafe_compliance,unsafe,beavertails
bt_30k_train_002426,"['hard_refusal', 'unsafe_compliance']",2,hard_refusal + unsafe_compliance,unsafe,beavertails
bt_30k_train_002429,"['hard_refusal', 'unsafe_compliance']",2,hard_refusal + unsafe_compliance,unsafe,beavertails
bt_30k_train_002432,"['hard_refusal', 'unsafe_compliance']",2,hard_refusal + unsafe_compliance,unsafe,beavertails
bt_30k_train_002443,"['hard_refusal', 'unsafe_compliance']",2,hard_refusal + unsafe_compliance,unsafe,beavertails
bt_30k_train_002448,"['hard_refusal', 'unsafe_compliance']",2,hard_refusal + unsafe_compliance,unsafe,beavertails
bt_30k_train_002449,"['hard_refusal', 'unsafe_compliance']",2,hard_refusal + unsafe_compliance,unsafe,beavertails
bt_30k_train_002450,"['hard_refusal', 'unsafe_compliance']",2,hard_refusal + unsafe_compliance,unsafe,beavertails
bt_30k_train_002452,"['hard_refusal', 'unsafe_compliance']",2,hard_refusal + unsafe_compliance,unsafe,beavertails
bt_30k_train_002471,"['hard_refusal', 'unsafe_compliance']",2,hard_refusal + unsafe_compliance,unsafe,beavertails
bt_30k_train_002472,"['hard_refusal', 'unsafe_compliance']",2,hard_refusal + unsafe_compliance,unsafe,beavertails
bt_30k_train_002518,"['hard_refusal', 'unsafe_compliance']",2,hard_refusal + unsafe_compliance,unsafe,beavertails
bt_30k_train_002522,"['hard_refusal', 'unsafe_compliance']",2,hard_refusal + unsafe_compliance,unsafe,beavertails
bt_30k_train_002529,"['hard_refusal', 'unsafe_compliance']",2,hard_refusal + unsafe_compliance,unsafe,beavertails
bt_30k_train_002531,"['hard_refusal', 'unsafe_compliance']",2,hard_refusal + unsafe_compliance,unsafe,beavertails
bt_30k_train_002533,"['hard_refusal', 'unsafe_compliance']",2,hard_refusal + unsafe_compliance,unsafe,beavertails
bt_30k_train_002541,"['hard_refusal', 'unsafe_compliance']",2,hard_refusal + unsafe_compliance,unsafe,beavertails
bt_30k_train_002545,"['hard_refusal', 'unsafe_compliance']",2,hard_refusal + unsafe_compliance,unsafe,beavertails
bt_30k_train_002572,"['hard_refusal', 'unsafe_compliance']",2,hard_refusal + unsafe_compliance,unsafe,beavertails
bt_30k_train_002576,"['hard_refusal', 'unsafe_compliance']",2,hard_refusal + unsafe_compliance,unsafe,beavertails
bt_30k_train_002589,"['hard_refusal', 'unsafe_compliance']",2,hard_refusal + unsafe_compliance,unsafe,beavertails
bt_30k_train_002613,"['hard_refusal', 'unsafe_compliance']",2,hard_refusal + unsafe_compliance,unsafe,beavertails
bt_30k_train_002623,"['hard_refusal', 'unsafe_compliance']",2,hard_refusal + unsafe_compliance,unsafe,beavertails
bt_30k_train_002624,"['hard_refusal', 'unsafe_compliance']",2,hard_refusal + unsafe_compliance,unsafe,beavertails
bt_30k_train_002630,"['hard_refusal', 'unsafe_compliance']",2,hard_refusal + unsafe_compliance,unsafe,beavertails
bt_30k_train_002637,"['hard_refusal', 'unsafe_compliance']",2,hard_refusal + unsafe_compliance,unsafe,beavertails
bt_30k_train_002639,"['hard_refusal', 'unsafe_compliance']",2,hard_refusal + unsafe_compliance,unsafe,beavertails
bt_30k_train_002659,"['hard_refusal', 'unsafe_compliance']",2,hard_refusal + unsafe_compliance,unsafe,beavertails
bt_30k_train_002660,"['hard_refusal', 'unsafe_compliance']",2,hard_refusal + unsafe_compliance,unsafe,beavertails
bt_30k_train_002666,"['hard_refusal', 'unsafe_compliance']",2,hard_refusal + unsafe_compliance,unsafe,beavertails
bt_30k_train_002668,"['hard_refusal', 'unsafe_compliance']",2,hard_refusal + unsafe_compliance,unsafe,beavertails
bt_30k_train_002676,"['hard_refusal', 'unsafe_compliance']",2,hard_refusal + unsafe_compliance,unsafe,beavertails
bt_30k_train_002680,"['hard_refusal', 'unsafe_compliance']",2,hard_refusal + unsafe_compliance,unsafe,beavertails
bt_30k_train_002690,"['hard_refusal', 'unsafe_compliance']",2,hard_refusal + unsafe_compliance,unsafe,beavertails
bt_30k_train_002698,"['hard_refusal', 'unsafe_compliance']",2,hard_refusal + unsafe_compliance,unsafe,beavertails
bt_30k_train_002703,"['hard_refusal', 'unsafe_compliance']",2,hard_refusal + unsafe_compliance,unsafe,beavertails
bt_30k_train_002719,"['hard_refusal', 'unsafe_compliance']",2,hard_refusal + unsafe_compliance,unsafe,beavertails
bt_30k_train_002722,"['hard_refusal', 'unsafe_compliance']",2,hard_refusal + unsafe_compliance,unsafe,beavertails
bt_30k_train_002732,"['hard_refusal', 'unsafe_compliance']",2,hard_refusal + unsafe_compliance,unsafe,beavertails
bt_30k_train_002741,"['hard_refusal', 'unsafe_compliance']",2,hard_refusal + unsafe_compliance,unsafe,beavertails
bt_30k_train_002746,"['hard_refusal', 'unsafe_compliance']",2,hard_refusal + unsafe_compliance,unsafe,beavertails
bt_30k_train_002751,"['hard_refusal', 'unsafe_compliance']",2,hard_refusal + unsafe_compliance,unsafe,beavertails
bt_30k_train_002757,"['hard_refusal', 'unsafe_compliance']",2,hard_refusal + unsafe_compliance,unsafe,beavertails
bt_30k_train_002771,"['hard_refusal', 'unsafe_compliance']",2,hard_refusal + unsafe_compliance,unsafe,beavertails
bt_30k_train_002776,"['hard_refusal', 'unsafe_compliance']",2,hard_refusal + unsafe_compliance,unsafe,beavertails
bt_30k_train_002785,"['hard_refusal', 'unsafe_compliance']",2,hard_refusal + unsafe_compliance,unsafe,beavertails
bt_30k_train_002788,"['hard_refusal', 'unsafe_compliance']",2,hard_refusal + unsafe_compliance,unsafe,beavertails
bt_30k_train_002790,"['hard_refusal', 'unsafe_compliance']",2,hard_refusal + unsafe_compliance,unsafe,beavertails
bt_30k_train_002792,"['hard_refusal', 'unsafe_compliance']",2,hard_refusal + unsafe_compliance,unsafe,beavertails
bt_30k_train_002797,"['hard_refusal', 'unsafe_compliance']",2,hard_refusal + unsafe_compliance,unsafe,beavertails
bt_30k_train_002798,"['hard_refusal', 'unsafe_compliance']",2,hard_refusal + unsafe_compliance,unsafe,beavertails
bt_30k_train_002803,"['hard_refusal', 'unsafe_compliance']",2,hard_refusal + unsafe_compliance,unsafe,beavertails
bt_30k_train_002810,"['hard_refusal', 'unsafe_compliance']",2,hard_refusal + unsafe_compliance,unsafe,beavertails
bt_30k_train_002811,"['hard_refusal', 'unsafe_compliance']",2,hard_refusal + unsafe_compliance,unsafe,beavertails
bt_30k_train_002814,"['hard_refusal', 'unsafe_compliance']",2,hard_refusal + unsafe_compliance,unsafe,beavertails
bt_30k_train_002815,"['hard_refusal', 'unsafe_compliance']",2,hard_refusal + unsafe_compliance,unsafe,beavertails
bt_30k_train_002837,"['hard_refusal', 'unsafe_compliance']",2,hard_refusal + unsafe_compliance,unsafe,beavertails
bt_30k_train_002845,"['hard_refusal', 'unsafe_compliance']",2,hard_refusal + unsafe_compliance,unsafe,beavertails
bt_30k_train_002846,"['hard_refusal', 'unsafe_compliance']",2,hard_refusal + unsafe_compliance,unsafe,beavertails
bt_30k_train_002873,"['hard_refusal', 'unsafe_compliance']",2,hard_refusal + unsafe_compliance,unsafe,beavertails
bt_30k_train_002875,"['hard_refusal', 'unsafe_compliance']",2,hard_refusal + unsafe_compliance,unsafe,beavertails
bt_30k_train_002908,"['hard_refusal', 'unsafe_compliance']",2,hard_refusal + unsafe_compliance,unsafe,beavertails
bt_30k_train_002915,"['hard_refusal', 'unsafe_compliance']",2,hard_refusal + unsafe_compliance,unsafe,beavertails
bt_30k_train_002919,"['hard_refusal', 'unsafe_compliance']",2,hard_refusal + unsafe_compliance,unsafe,beavertails
bt_30k_train_002929,"['hard_refusal', 'unsafe_compliance']",2,hard_refusal + unsafe_compliance,unsafe,beavertails
bt_30k_train_002936,"['hard_refusal', 'unsafe_compliance']",2,hard_refusal + unsafe_compliance,unsafe,beavertails
bt_30k_train_002941,"['hard_refusal', 'unsafe_compliance']",2,hard_refusal + unsafe_compliance,unsafe,beavertails
bt_30k_train_002947,"['hard_refusal', 'unsafe_compliance']",2,hard_refusal + unsafe_compliance,unsafe,beavertails
bt_30k_train_002955,"['hard_refusal', 'unsafe_compliance']",2,hard_refusal + unsafe_compliance,unsafe,beavertails
bt_30k_train_002957,"['hard_refusal', 'unsafe_compliance']",2,hard_refusal + unsafe_compliance,unsafe,beavertails
bt_30k_train_002966,"['hard_refusal', 'unsafe_compliance']",2,hard_refusal + unsafe_compliance,unsafe,beavertails
bt_30k_train_002967,"['hard_refusal', 'unsafe_compliance']",2,hard_refusal + unsafe_compliance,unsafe,beavertails
bt_30k_train_002971,"['hard_refusal', 'unsafe_compliance']",2,hard_refusal + unsafe_compliance,unsafe,beavertails
bt_30k_train_002975,"['hard_refusal', 'unsafe_compliance']",2,hard_refusal + unsafe_compliance,unsafe,beavertails
bt_30k_train_002989,"['hard_refusal', 'unsafe_compliance']",2,hard_refusal + unsafe_compliance,unsafe,beavertails
bt_30k_train_002999,"['hard_refusal', 'unsafe_compliance']",2,hard_refusal + unsafe_compliance,unsafe,beavertails
bt_30k_train_003021,"['hard_refusal', 'unsafe_compliance']",2,hard_refusal + unsafe_compliance,unsafe,beavertails
bt_30k_train_003022,"['hard_refusal', 'unsafe_compliance']",2,hard_refusal + unsafe_compliance,unsafe,beavertails
bt_30k_train_003041,"['hard_refusal', 'unsafe_compliance']",2,hard_refusal + unsafe_compliance,unsafe,beavertails
bt_30k_train_003046,"['hard_refusal', 'unsafe_compliance']",2,hard_refusal + unsafe_compliance,unsafe,beavertails
bt_30k_train_003051,"['hard_refusal', 'unsafe_compliance']",2,hard_refusal + unsafe_compliance,unsafe,beavertails
bt_30k_train_003073,"['hard_refusal', 'unsafe_compliance']",2,hard_refusal + unsafe_compliance,unsafe,beavertails
bt_30k_train_003076,"['hard_refusal', 'unsafe_compliance']",2,hard_refusal + unsafe_compliance,unsafe,beavertails
bt_30k_train_003081,"['hard_refusal', 'unsafe_compliance']",2,hard_refusal + unsafe_compliance,unsafe,beavertails
bt_30k_train_003089,"['hard_refusal', 'unsafe_compliance']",2,hard_refusal + unsafe_compliance,unsafe,beavertails
bt_30k_train_003091,"['hard_refusal', 'unsafe_compliance']",2,hard_refusal + unsafe_compliance,unsafe,beavertails
bt_30k_train_003106,"['hard_refusal', 'unsafe_compliance']",2,hard_refusal + unsafe_compliance,unsafe,beavertails
bt_30k_train_003116,"['hard_refusal', 'unsafe_compliance']",2,hard_refusal + unsafe_compliance,unsafe,beavertails
bt_30k_train_003126,"['hard_refusal', 'unsafe_compliance']",2,hard_refusal + unsafe_compliance,unsafe,beavertails
bt_30k_train_003143,"['hard_refusal', 'unsafe_compliance']",2,hard_refusal + unsafe_compliance,unsafe,beavertails
bt_30k_train_003147,"['hard_refusal', 'unsafe_compliance']",2,hard_refusal + unsafe_compliance,unsafe,beavertails
bt_30k_train_003150,"['hard_refusal', 'unsafe_compliance']",2,hard_refusal + unsafe_compliance,unsafe,beavertails
bt_30k_train_003153,"['hard_refusal', 'unsafe_compliance']",2,hard_refusal + unsafe_compliance,unsafe,beavertails
bt_30k_train_003159,"['hard_refusal', 'unsafe_compliance']",2,hard_refusal + unsafe_compliance,unsafe,beavertails
bt_30k_train_003161,"['hard_refusal', 'unsafe_compliance']",2,hard_refusal + unsafe_compliance,unsafe,beavertails
bt_30k_train_003180,"['hard_refusal', 'unsafe_compliance']",2,hard_refusal + unsafe_compliance,unsafe,beavertails
bt_30k_train_003188,"['hard_refusal', 'unsafe_compliance']",2,hard_refusal + unsafe_compliance,unsafe,beavertails
bt_30k_train_003194,"['hard_refusal', 'unsafe_compliance']",2,hard_refusal + unsafe_compliance,unsafe,beavertails
bt_30k_train_003195,"['hard_refusal', 'unsafe_compliance']",2,hard_refusal + unsafe_compliance,unsafe,beavertails
bt_30k_train_003197,"['hard_refusal', 'unsafe_compliance']",2,hard_refusal + unsafe_compliance,unsafe,beavertails
bt_30k_train_003210,"['hard_refusal', 'unsafe_compliance']",2,hard_refusal + unsafe_compliance,unsafe,beavertails
bt_30k_train_003216,"['hard_refusal', 'unsafe_compliance']",2,hard_refusal + unsafe_compliance,unsafe,beavertails
bt_30k_train_003229,"['hard_refusal', 'unsafe_compliance']",2,hard_refusal + unsafe_compliance,unsafe,beavertails
bt_30k_train_003241,"['hard_refusal', 'unsafe_compliance']",2,hard_refusal + unsafe_compliance,unsafe,beavertails
bt_30k_train_003244,"['hard_refusal', 'unsafe_compliance']",2,hard_refusal + unsafe_compliance,unsafe,beavertails
bt_30k_train_003250,"['hard_refusal', 'unsafe_compliance']",2,hard_refusal + unsafe_compliance,unsafe,beavertails
bt_30k_train_003251,"['hard_refusal', 'unsafe_compliance']",2,hard_refusal + unsafe_compliance,unsafe,beavertails
bt_30k_train_003262,"['hard_refusal', 'unsafe_compliance']",2,hard_refusal + unsafe_compliance,unsafe,beavertails
bt_30k_train_003269,"['hard_refusal', 'unsafe_compliance']",2,hard_refusal + unsafe_compliance,unsafe,beavertails
bt_30k_train_003277,"['hard_refusal', 'unsafe_compliance']",2,hard_refusal + unsafe_compliance,unsafe,beavertails
bt_30k_train_003287,"['hard_refusal', 'unsafe_compliance']",2,hard_refusal + unsafe_compliance,unsafe,beavertails
bt_30k_train_003299,"['hard_refusal', 'unsafe_compliance']",2,hard_refusal + unsafe_compliance,unsafe,beavertails
bt_30k_train_003323,"['hard_refusal', 'unsafe_compliance']",2,hard_refusal + unsafe_compliance,unsafe,beavertails
bt_30k_train_003328,"['hard_refusal', 'unsafe_compliance']",2,hard_refusal + unsafe_compliance,unsafe,beavertails
bt_30k_train_003329,"['hard_refusal', 'unsafe_compliance']",2,hard_refusal + unsafe_compliance,unsafe,beavertails
bt_30k_train_003335,"['hard_refusal', 'unsafe_compliance']",2,hard_refusal + unsafe_compliance,unsafe,beavertails
bt_30k_train_003354,"['hard_refusal', 'unsafe_compliance']",2,hard_refusal + unsafe_compliance,unsafe,beavertails
bt_30k_train_003365,"['hard_refusal', 'unsafe_compliance']",2,hard_refusal + unsafe_compliance,unsafe,beavertails
bt_30k_train_003377,"['hard_refusal', 'unsafe_compliance']",2,hard_refusal + unsafe_compliance,unsafe,beavertails
bt_30k_train_003380,"['hard_refusal', 'unsafe_compliance']",2,hard_refusal + unsafe_compliance,unsafe,beavertails
bt_30k_train_003382,"['hard_refusal', 'unsafe_compliance']",2,hard_refusal + unsafe_compliance,unsafe,beavertails
bt_30k_train_003386,"['hard_refusal', 'unsafe_compliance']",2,hard_refusal + unsafe_compliance,unsafe,beavertails
bt_30k_train_003387,"['hard_refusal', 'unsafe_compliance']",2,hard_refusal + unsafe_compliance,unsafe,beavertails
bt_30k_train_003392,"['hard_refusal', 'unsafe_compliance']",2,hard_refusal + unsafe_compliance,unsafe,beavertails
bt_30k_train_003395,"['hard_refusal', 'unsafe_compliance']",2,hard_refusal + unsafe_compliance,unsafe,beavertails
bt_30k_train_003404,"['hard_refusal', 'unsafe_compliance']",2,hard_refusal + unsafe_compliance,unsafe,beavertails
bt_30k_train_003420,"['hard_refusal', 'unsafe_compliance']",2,hard_refusal + unsafe_compliance,unsafe,beavertails
bt_30k_train_003425,"['hard_refusal', 'unsafe_compliance']",2,hard_refusal + unsafe_compliance,unsafe,beavertails
bt_30k_train_003426,"['hard_refusal', 'unsafe_compliance']",2,hard_refusal + unsafe_compliance,unsafe,beavertails
bt_30k_train_003454,"['hard_refusal', 'unsafe_compliance']",2,hard_refusal + unsafe_compliance,unsafe,beavertails
bt_30k_train_003455,"['hard_refusal', 'unsafe_compliance']",2,hard_refusal + unsafe_compliance,unsafe,beavertails
bt_30k_train_003468,"['hard_refusal', 'unsafe_compliance']",2,hard_refusal + unsafe_compliance,unsafe,beavertails
bt_30k_train_003469,"['hard_refusal', 'unsafe_compliance']",2,hard_refusal + unsafe_compliance,unsafe,beavertails
bt_30k_train_003474,"['hard_refusal', 'unsafe_compliance']",2,hard_refusal + unsafe_compliance,unsafe,beavertails
bt_30k_train_003486,"['hard_refusal', 'unsafe_compliance']",2,hard_refusal + unsafe_compliance,unsafe,beavertails
bt_30k_train_003506,"['hard_refusal', 'unsafe_compliance']",2,hard_refusal + unsafe_compliance,unsafe,beavertails
bt_30k_train_003520,"['hard_refusal', 'unsafe_compliance']",2,hard_refusal + unsafe_compliance,unsafe,beavertails
bt_30k_train_003522,"['hard_refusal', 'unsafe_compliance']",2,hard_refusal + unsafe_compliance,unsafe,beavertails
bt_30k_train_003546,"['hard_refusal', 'unsafe_compliance']",2,hard_refusal + unsafe_compliance,unsafe,beavertails
bt_30k_train_003549,"['hard_refusal', 'unsafe_compliance']",2,hard_refusal + unsafe_compliance,unsafe,beavertails
bt_30k_train_003554,"['hard_refusal', 'unsafe_compliance']",2,hard_refusal + unsafe_compliance,unsafe,beavertails
bt_30k_train_003557,"['hard_refusal', 'unsafe_compliance']",2,hard_refusal + unsafe_compliance,unsafe,beavertails
bt_30k_train_003560,"['hard_refusal', 'unsafe_compliance']",2,hard_refusal + unsafe_compliance,unsafe,beavertails
bt_30k_train_003573,"['hard_refusal', 'unsafe_compliance']",2,hard_refusal + unsafe_compliance,unsafe,beavertails
bt_30k_train_003596,['hard_refusal'],1,hard_refusal,unsafe,beavertails
bt_30k_train_003597,"['hard_refusal', 'unsafe_compliance']",2,hard_refusal + unsafe_compliance,unsafe,beavertails
bt_30k_train_003598,"['hard_refusal', 'unsafe_compliance']",2,hard_refusal + unsafe_compliance,unsafe,beavertails
bt_30k_train_003607,"['hard_refusal', 'unsafe_compliance']",2,hard_refusal + unsafe_compliance,unsafe,beavertails
bt_30k_train_003619,"['hard_refusal', 'unsafe_compliance']",2,hard_refusal + unsafe_compliance,unsafe,beavertails
bt_30k_train_003621,"['hard_refusal', 'unsafe_compliance']",2,hard_refusal + unsafe_compliance,unsafe,beavertails
bt_30k_train_003627,"['hard_refusal', 'unsafe_compliance']",2,hard_refusal + unsafe_compliance,unsafe,beavertails
bt_30k_train_003634,"['hard_refusal', 'unsafe_compliance']",2,hard_refusal + unsafe_compliance,unsafe,beavertails
bt_30k_train_003638,"['hard_refusal', 'unsafe_compliance']",2,hard_refusal + unsafe_compliance,unsafe,beavertails
bt_30k_train_003640,"['hard_refusal', 'unsafe_compliance']",2,hard_refusal + unsafe_compliance,unsafe,beavertails
bt_30k_train_003645,"['hard_refusal', 'unsafe_compliance']",2,hard_refusal + unsafe_compliance,unsafe,beavertails
bt_30k_train_003653,"['hard_refusal', 'unsafe_compliance']",2,hard_refusal + unsafe_compliance,unsafe,beavertails
bt_30k_train_003657,"['hard_refusal', 'unsafe_compliance']",2,hard_refusal + unsafe_compliance,unsafe,beavertails
bt_30k_train_003661,"['hard_refusal', 'unsafe_compliance']",2,hard_refusal + unsafe_compliance,unsafe,beavertails
bt_30k_train_003664,"['hard_refusal', 'unsafe_compliance']",2,hard_refusal + unsafe_compliance,unsafe,beavertails
bt_30k_train_003683,"['hard_refusal', 'unsafe_compliance']",2,hard_refusal + unsafe_compliance,unsafe,beavertails
bt_30k_train_003684,['hard_refusal'],1,hard_refusal,unsafe,beavertails
bt_30k_train_003699,"['hard_refusal', 'unsafe_compliance']",2,hard_refusal + unsafe_compliance,unsafe,beavertails
bt_30k_train_003702,"['hard_refusal', 'unsafe_compliance']",2,hard_refusal + unsafe_compliance,unsafe,beavertails
bt_30k_train_003707,"['hard_refusal', 'unsafe_compliance']",2,hard_refusal + unsafe_compliance,unsafe,beavertails
bt_30k_train_003720,"['hard_refusal', 'unsafe_compliance']",2,hard_refusal + unsafe_compliance,unsafe,beavertails
bt_30k_train_003722,"['hard_refusal', 'unsafe_compliance']",2,hard_refusal + unsafe_compliance,unsafe,beavertails
bt_30k_train_003727,"['hard_refusal', 'unsafe_compliance']",2,hard_refusal + unsafe_compliance,unsafe,beavertails
bt_30k_train_003732,"['hard_refusal', 'unsafe_compliance']",2,hard_refusal + unsafe_compliance,unsafe,beavertails
bt_30k_train_003753,"['hard_refusal', 'unsafe_compliance']",2,hard_refusal + unsafe_compliance,unsafe,beavertails
bt_30k_train_003755,"['hard_refusal', 'unsafe_compliance']",2,hard_refusal + unsafe_compliance,unsafe,beavertails
bt_30k_train_003770,"['hard_refusal', 'unsafe_compliance']",2,hard_refusal + unsafe_compliance,unsafe,beavertails
bt_30k_train_003773,"['hard_refusal', 'unsafe_compliance']",2,hard_refusal + unsafe_compliance,unsafe,beavertails
bt_30k_train_003781,"['hard_refusal', 'unsafe_compliance']",2,hard_refusal + unsafe_compliance,unsafe,beavertails
bt_30k_train_003782,"['hard_refusal', 'unsafe_compliance']",2,hard_refusal + unsafe_compliance,unsafe,beavertails
bt_30k_train_003788,"['hard_refusal', 'unsafe_compliance']",2,hard_refusal + unsafe_compliance,unsafe,beavertails
bt_30k_train_003791,"['hard_refusal', 'unsafe_compliance']",2,hard_refusal + unsafe_compliance,unsafe,beavertails
bt_30k_train_003794,"['hard_refusal', 'unsafe_compliance']",2,hard_refusal + unsafe_compliance,unsafe,beavertails
bt_30k_train_003799,"['hard_refusal', 'unsafe_compliance']",2,hard_refusal + unsafe_compliance,unsafe,beavertails
bt_30k_train_003802,"['hard_refusal', 'unsafe_compliance']",2,hard_refusal + unsafe_compliance,unsafe,beavertails
bt_30k_train_003805,"['hard_refusal', 'unsafe_compliance']",2,hard_refusal + unsafe_compliance,unsafe,beavertails
bt_30k_train_003823,"['hard_refusal', 'unsafe_compliance']",2,hard_refusal + unsafe_compliance,unsafe,beavertails
bt_30k_train_003834,"['hard_refusal', 'unsafe_compliance']",2,hard_refusal + unsafe_compliance,unsafe,beavertails
bt_30k_train_003844,"['hard_refusal', 'unsafe_compliance']",2,hard_refusal + unsafe_compliance,unsafe,beavertails
bt_30k_train_003849,"['hard_refusal', 'unsafe_compliance']",2,hard_refusal + unsafe_compliance,unsafe,beavertails
bt_30k_train_003865,"['hard_refusal', 'unsafe_compliance']",2,hard_refusal + unsafe_compliance,unsafe,beavertails
bt_30k_train_003876,"['hard_refusal', 'unsafe_compliance']",2,hard_refusal + unsafe_compliance,unsafe,beavertails
bt_30k_train_003877,"['hard_refusal', 'unsafe_compliance']",2,hard_refusal + unsafe_compliance,unsafe,beavertails
bt_30k_train_003880,"['hard_refusal', 'unsafe_compliance']",2,hard_refusal + unsafe_compliance,unsafe,beavertails
bt_30k_train_003883,"['hard_refusal', 'unsafe_compliance']",2,hard_refusal + unsafe_compliance,unsafe,beavertails
bt_30k_train_003886,"['hard_refusal', 'unsafe_compliance']",2,hard_refusal + unsafe_compliance,unsafe,beavertails
bt_30k_train_003889,"['hard_refusal', 'unsafe_compliance']",2,hard_refusal + unsafe_compliance,unsafe,beavertails
bt_30k_train_003892,"['hard_refusal', 'unsafe_compliance']",2,hard_refusal + unsafe_compliance,unsafe,beavertails
bt_30k_train_003896,"['hard_refusal', 'unsafe_compliance']",2,hard_refusal + unsafe_compliance,unsafe,beavertails
bt_30k_train_003903,"['hard_refusal', 'unsafe_compliance']",2,hard_refusal + unsafe_compliance,unsafe,beavertails
bt_30k_train_003905,"['hard_refusal', 'unsafe_compliance']",2,hard_refusal + unsafe_compliance,unsafe,beavertails
bt_30k_train_003908,"['hard_refusal', 'unsafe_compliance']",2,hard_refusal + unsafe_compliance,unsafe,beavertails
bt_30k_train_003911,"['hard_refusal', 'unsafe_compliance']",2,hard_refusal + unsafe_compliance,unsafe,beavertails
bt_30k_train_003917,"['hard_refusal', 'unsafe_compliance']",2,hard_refusal + unsafe_compliance,unsafe,beavertails
bt_30k_train_003921,"['hard_refusal', 'unsafe_compliance']",2,hard_refusal + unsafe_compliance,unsafe,beavertails
bt_30k_train_003947,"['hard_refusal', 'unsafe_compliance']",2,hard_refusal + unsafe_compliance,unsafe,beavertails
bt_30k_train_003951,"['hard_refusal', 'unsafe_compliance']",2,hard_refusal + unsafe_compliance,unsafe,beavertails
bt_30k_train_003955,"['hard_refusal', 'unsafe_compliance']",2,hard_refusal + unsafe_compliance,unsafe,beavertails
bt_30k_train_003958,"['hard_refusal', 'unsafe_compliance']",2,hard_refusal + unsafe_compliance,unsafe,beavertails
bt_30k_train_003986,"['hard_refusal', 'unsafe_compliance']",2,hard_refusal + unsafe_compliance,unsafe,beavertails
bt_30k_train_003989,"['hard_refusal', 'unsafe_compliance']",2,hard_refusal + unsafe_compliance,unsafe,beavertails
bt_30k_train_003996,"['hard_refusal', 'unsafe_compliance']",2,hard_refusal + unsafe_compliance,unsafe,beavertails
bt_30k_train_003997,"['hard_refusal', 'unsafe_compliance']",2,hard_refusal + unsafe_compliance,unsafe,beavertails
bt_30k_train_004008,"['hard_refusal', 'unsafe_compliance']",2,hard_refusal + unsafe_compliance,unsafe,beavertails
bt_30k_train_004022,"['hard_refusal', 'unsafe_compliance']",2,hard_refusal + unsafe_compliance,unsafe,beavertails
bt_30k_train_004038,"['hard_refusal', 'unsafe_compliance']",2,hard_refusal + unsafe_compliance,unsafe,beavertails
bt_30k_train_004040,['hard_refusal'],1,hard_refusal,unsafe,beavertails
bt_30k_train_004043,"['hard_refusal', 'unsafe_compliance']",2,hard_refusal + unsafe_compliance,unsafe,beavertails
bt_30k_train_004051,"['hard_refusal', 'unsafe_compliance']",2,hard_refusal + unsafe_compliance,unsafe,beavertails
bt_30k_train_004058,"['hard_refusal', 'unsafe_compliance']",2,hard_refusal + unsafe_compliance,unsafe,beavertails
bt_30k_train_004062,"['hard_refusal', 'unsafe_compliance']",2,hard_refusal + unsafe_compliance,unsafe,beavertails
bt_30k_train_004067,"['hard_refusal', 'unsafe_compliance']",2,hard_refusal + unsafe_compliance,unsafe,beavertails
bt_30k_train_004083,"['hard_refusal', 'unsafe_compliance']",2,hard_refusal + unsafe_compliance,unsafe,beavertails
bt_30k_train_004103,"['hard_refusal', 'unsafe_compliance']",2,hard_refusal + unsafe_compliance,unsafe,beavertails
bt_30k_train_004115,"['hard_refusal', 'unsafe_compliance']",2,hard_refusal + unsafe_compliance,unsafe,beavertails
bt_30k_train_004138,"['hard_refusal', 'unsafe_compliance']",2,hard_refusal + unsafe_compliance,unsafe,beavertails
bt_30k_train_004146,"['hard_refusal', 'unsafe_compliance']",2,hard_refusal + unsafe_compliance,unsafe,beavertails
bt_30k_train_004147,"['hard_refusal', 'unsafe_compliance']",2,hard_refusal + unsafe_compliance,unsafe,beavertails
bt_30k_train_004159,"['hard_refusal', 'unsafe_compliance']",2,hard_refusal + unsafe_compliance,unsafe,beavertails
bt_30k_train_004160,"['hard_refusal', 'unsafe_compliance']",2,hard_refusal + unsafe_compliance,unsafe,beavertails
bt_30k_train_004162,"['hard_refusal', 'unsafe_compliance']",2,hard_refusal + unsafe_compliance,unsafe,beavertails
bt_30k_train_004168,"['hard_refusal', 'unsafe_compliance']",2,hard_refusal + unsafe_compliance,unsafe,beavertails
bt_30k_train_004170,"['hard_refusal', 'unsafe_compliance']",2,hard_refusal + unsafe_compliance,unsafe,beavertails
bt_30k_train_004171,"['hard_refusal', 'unsafe_compliance']",2,hard_refusal + unsafe_compliance,unsafe,beavertails
bt_30k_train_004172,['hard_refusal'],1,hard_refusal,unsafe,beavertails
bt_30k_train_004176,"['hard_refusal', 'unsafe_compliance']",2,hard_refusal + unsafe_compliance,unsafe,beavertails
bt_30k_train_004178,"['hard_refusal', 'unsafe_compliance']",2,hard_refusal + unsafe_compliance,unsafe,beavertails
bt_30k_train_004183,"['hard_refusal', 'unsafe_compliance']",2,hard_refusal + unsafe_compliance,unsafe,beavertails
bt_30k_train_004186,"['hard_refusal', 'unsafe_compliance']",2,hard_refusal + unsafe_compliance,unsafe,beavertails
bt_30k_train_004187,"['hard_refusal', 'unsafe_compliance']",2,hard_refusal + unsafe_compliance,unsafe,beavertails
bt_30k_train_004202,"['hard_refusal', 'unsafe_compliance']",2,hard_refusal + unsafe_compliance,unsafe,beavertails
bt_30k_train_004203,"['hard_refusal', 'unsafe_compliance']",2,hard_refusal + unsafe_compliance,unsafe,beavertails
bt_30k_train_004205,"['hard_refusal', 'unsafe_compliance']",2,hard_refusal + unsafe_compliance,unsafe,beavertails
bt_30k_train_004214,"['hard_refusal', 'unsafe_compliance']",2,hard_refusal + unsafe_compliance,unsafe,beavertails
bt_30k_train_004217,"['hard_refusal', 'unsafe_compliance']",2,hard_refusal + unsafe_compliance,unsafe,beavertails
bt_30k_train_004225,"['hard_refusal', 'unsafe_compliance']",2,hard_refusal + unsafe_compliance,unsafe,beavertails
bt_30k_train_004234,"['hard_refusal', 'unsafe_compliance']",2,hard_refusal + unsafe_compliance,unsafe,beavertails
bt_30k_train_004240,"['hard_refusal', 'unsafe_compliance']",2,hard_refusal + unsafe_compliance,unsafe,beavertails
bt_30k_train_004243,"['hard_refusal', 'unsafe_compliance']",2,hard_refusal + unsafe_compliance,unsafe,beavertails
bt_30k_train_004245,"['hard_refusal', 'unsafe_compliance']",2,hard_refusal + unsafe_compliance,unsafe,beavertails
bt_30k_train_004249,"['hard_refusal', 'unsafe_compliance']",2,hard_refusal + unsafe_compliance,unsafe,beavertails
bt_30k_train_004257,"['hard_refusal', 'unsafe_compliance']",2,hard_refusal + unsafe_compliance,unsafe,beavertails
bt_30k_train_004265,"['hard_refusal', 'unsafe_compliance']",2,hard_refusal + unsafe_compliance,unsafe,beavertails
bt_30k_train_004290,"['hard_refusal', 'unsafe_compliance']",2,hard_refusal + unsafe_compliance,unsafe,beavertails
bt_30k_train_004311,"['hard_refusal', 'unsafe_compliance']",2,hard_refusal + unsafe_compliance,unsafe,beavertails
bt_30k_train_004319,"['hard_refusal', 'unsafe_compliance']",2,hard_refusal + unsafe_compliance,unsafe,beavertails
bt_30k_train_004322,"['hard_refusal', 'unsafe_compliance']",2,hard_refusal + unsafe_compliance,unsafe,beavertails
bt_30k_train_004323,"['hard_refusal', 'unsafe_compliance']",2,hard_refusal + unsafe_compliance,unsafe,beavertails
bt_30k_train_004328,"['hard_refusal', 'unsafe_compliance']",2,hard_refusal + unsafe_compliance,unsafe,beavertails
bt_30k_train_004330,"['hard_refusal', 'unsafe_compliance']",2,hard_refusal + unsafe_compliance,unsafe,beavertails
bt_30k_train_004331,"['hard_refusal', 'unsafe_compliance']",2,hard_refusal + unsafe_compliance,unsafe,beavertails
bt_30k_train_004357,"['hard_refusal', 'unsafe_compliance']",2,hard_refusal + unsafe_compliance,unsafe,beavertails
bt_30k_train_004358,"['hard_refusal', 'unsafe_compliance']",2,hard_refusal + unsafe_compliance,unsafe,beavertails
bt_30k_train_004372,"['hard_refusal', 'unsafe_compliance']",2,hard_refusal + unsafe_compliance,unsafe,beavertails
bt_30k_train_004375,"['hard_refusal', 'unsafe_compliance']",2,hard_refusal + unsafe_compliance,unsafe,beavertails
bt_30k_train_004380,"['hard_refusal', 'unsafe_compliance']",2,hard_refusal + unsafe_compliance,unsafe,beavertails
bt_30k_train_004385,"['hard_refusal', 'unsafe_compliance']",2,hard_refusal + unsafe_compliance,unsafe,beavertails
bt_30k_train_004396,"['hard_refusal', 'unsafe_compliance']",2,hard_refusal + unsafe_compliance,unsafe,beavertails
bt_30k_train_004407,"['hard_refusal', 'unsafe_compliance']",2,hard_refusal + unsafe_compliance,unsafe,beavertails
bt_30k_train_004413,"['hard_refusal', 'unsafe_compliance']",2,hard_refusal + unsafe_compliance,unsafe,beavertails
bt_30k_train_004417,"['hard_refusal', 'unsafe_compliance']",2,hard_refusal + unsafe_compliance,unsafe,beavertails
bt_30k_train_004430,"['hard_refusal', 'unsafe_compliance']",2,hard_refusal + unsafe_compliance,unsafe,beavertails
bt_30k_train_004441,"['hard_refusal', 'unsafe_compliance']",2,hard_refusal + unsafe_compliance,unsafe,beavertails
bt_30k_train_004456,"['hard_refusal', 'unsafe_compliance']",2,hard_refusal + unsafe_compliance,unsafe,beavertails
bt_30k_train_004470,"['hard_refusal', 'unsafe_compliance']",2,hard_refusal + unsafe_compliance,unsafe,beavertails
bt_30k_train_004481,"['hard_refusal', 'unsafe_compliance']",2,hard_refusal + unsafe_compliance,unsafe,beavertails
bt_30k_train_004487,"['hard_refusal', 'unsafe_compliance']",2,hard_refusal + unsafe_compliance,unsafe,beavertails
bt_30k_train_004490,"['hard_refusal', 'unsafe_compliance']",2,hard_refusal + unsafe_compliance,unsafe,beavertails
bt_30k_train_004500,"['hard_refusal', 'unsafe_compliance']",2,hard_refusal + unsafe_compliance,unsafe,beavertails
bt_30k_train_004534,"['hard_refusal', 'unsafe_compliance']",2,hard_refusal + unsafe_compliance,unsafe,beavertails
bt_30k_train_004537,"['hard_refusal', 'unsafe_compliance']",2,hard_refusal + unsafe_compliance,unsafe,beavertails
bt_30k_train_004545,"['hard_refusal', 'unsafe_compliance']",2,hard_refusal + unsafe_compliance,unsafe,beavertails
bt_30k_train_004571,"['hard_refusal', 'unsafe_compliance']",2,hard_refusal + unsafe_compliance,unsafe,beavertails
bt_30k_train_004578,"['hard_refusal', 'unsafe_compliance']",2,hard_refusal + unsafe_compliance,unsafe,beavertails
bt_30k_train_004584,"['hard_refusal', 'unsafe_compliance']",2,hard_refusal + unsafe_compliance,unsafe,beavertails
bt_30k_train_004590,"['hard_refusal', 'unsafe_compliance']",2,hard_refusal + unsafe_compliance,unsafe,beavertails
bt_30k_train_004614,"['hard_refusal', 'unsafe_compliance']",2,hard_refusal + unsafe_compliance,unsafe,beavertails
bt_30k_train_004621,"['hard_refusal', 'unsafe_compliance']",2,hard_refusal + unsafe_compliance,unsafe,beavertails
bt_30k_train_004633,"['hard_refusal', 'unsafe_compliance']",2,hard_refusal + unsafe_compliance,unsafe,beavertails
bt_30k_train_004640,['hard_refusal'],1,hard_refusal,unsafe,beavertails
bt_30k_train_004641,"['hard_refusal', 'unsafe_compliance']",2,hard_refusal + unsafe_compliance,unsafe,beavertails
bt_30k_train_004644,"['hard_refusal', 'unsafe_compliance']",2,hard_refusal + unsafe_compliance,unsafe,beavertails
bt_30k_train_004665,"['hard_refusal', 'unsafe_compliance']",2,hard_refusal + unsafe_compliance,unsafe,beavertails
bt_30k_train_004669,"['hard_refusal', 'unsafe_compliance']",2,hard_refusal + unsafe_compliance,unsafe,beavertails
bt_30k_train_004670,"['hard_refusal', 'unsafe_compliance']",2,hard_refusal + unsafe_compliance,unsafe,beavertails
bt_30k_train_004672,"['hard_refusal', 'unsafe_compliance']",2,hard_refusal + unsafe_compliance,unsafe,beavertails
bt_30k_train_004683,"['hard_refusal', 'unsafe_compliance']",2,hard_refusal + unsafe_compliance,unsafe,beavertails
bt_30k_train_004691,"['hard_refusal', 'unsafe_compliance']",2,hard_refusal + unsafe_compliance,unsafe,beavertails
bt_30k_train_004694,"['hard_refusal', 'unsafe_compliance']",2,hard_refusal + unsafe_compliance,unsafe,beavertails
bt_30k_train_004705,['hard_refusal'],1,hard_refusal,unsafe,beavertails
bt_30k_train_004707,"['hard_refusal', 'unsafe_compliance']",2,hard_refusal + unsafe_compliance,unsafe,beavertails
bt_30k_train_004714,"['hard_refusal', 'unsafe_compliance']",2,hard_refusal + unsafe_compliance,unsafe,beavertails
bt_30k_train_004717,"['hard_refusal', 'unsafe_compliance']",2,hard_refusal + unsafe_compliance,unsafe,beavertails
bt_30k_train_004720,"['hard_refusal', 'unsafe_compliance']",2,hard_refusal + unsafe_compliance,unsafe,beavertails
bt_30k_train_004728,"['hard_refusal', 'unsafe_compliance']",2,hard_refusal + unsafe_compliance,unsafe,beavertails
bt_30k_train_004733,"['hard_refusal', 'unsafe_compliance']",2,hard_refusal + unsafe_compliance,unsafe,beavertails
bt_30k_train_004740,"['hard_refusal', 'unsafe_compliance']",2,hard_refusal + unsafe_compliance,unsafe,beavertails
bt_30k_train_004742,"['hard_refusal', 'unsafe_compliance']",2,hard_refusal + unsafe_compliance,unsafe,beavertails
bt_30k_train_004745,"['hard_refusal', 'unsafe_compliance']",2,hard_refusal + unsafe_compliance,unsafe,beavertails
bt_30k_train_004750,"['hard_refusal', 'unsafe_compliance']",2,hard_refusal + unsafe_compliance,unsafe,beavertails
bt_30k_train_004753,"['hard_refusal', 'unsafe_compliance']",2,hard_refusal + unsafe_compliance,unsafe,beavertails
bt_30k_train_004763,"['hard_refusal', 'unsafe_compliance']",2,hard_refusal + unsafe_compliance,unsafe,beavertails
bt_30k_train_004765,"['hard_refusal', 'unsafe_compliance']",2,hard_refusal + unsafe_compliance,unsafe,beavertails
bt_30k_train_004778,"['hard_refusal', 'unsafe_compliance']",2,hard_refusal + unsafe_compliance,unsafe,beavertails
bt_30k_train_004780,"['hard_refusal', 'unsafe_compliance']",2,hard_refusal + unsafe_compliance,unsafe,beavertails
bt_30k_train_004785,"['hard_refusal', 'unsafe_compliance']",2,hard_refusal + unsafe_compliance,unsafe,beavertails
bt_30k_train_004786,"['hard_refusal', 'unsafe_compliance']",2,hard_refusal + unsafe_compliance,unsafe,beavertails
bt_30k_train_004796,"['hard_refusal', 'unsafe_compliance']",2,hard_refusal + unsafe_compliance,unsafe,beavertails
bt_30k_train_004813,"['hard_refusal', 'unsafe_compliance']",2,hard_refusal + unsafe_compliance,unsafe,beavertails
bt_30k_train_004822,['hard_refusal'],1,hard_refusal,unsafe,beavertails
bt_30k_train_004828,"['hard_refusal', 'unsafe_compliance']",2,hard_refusal + unsafe_compliance,unsafe,beavertails
bt_30k_train_004833,"['hard_refusal', 'unsafe_compliance']",2,hard_refusal + unsafe_compliance,unsafe,beavertails
bt_30k_train_004834,"['hard_refusal', 'unsafe_compliance']",2,hard_refusal + unsafe_compliance,unsafe,beavertails
bt_30k_train_004843,['hard_refusal'],1,hard_refusal,unsafe,beavertails
bt_30k_train_004846,"['hard_refusal', 'unsafe_compliance']",2,hard_refusal + unsafe_compliance,unsafe,beavertails
bt_30k_train_004847,"['hard_refusal', 'unsafe_compliance']",2,hard_refusal + unsafe_compliance,unsafe,beavertails
bt_30k_train_004860,"['hard_refusal', 'unsafe_compliance']",2,hard_refusal + unsafe_compliance,unsafe,beavertails
bt_30k_train_004861,"['hard_refusal', 'unsafe_compliance']",2,hard_refusal + unsafe_compliance,unsafe,beavertails
bt_30k_train_004866,"['hard_refusal', 'unsafe_compliance']",2,hard_refusal + unsafe_compliance,unsafe,beavertails
bt_30k_train_004867,"['hard_refusal', 'unsafe_compliance']",2,hard_refusal + unsafe_compliance,unsafe,beavertails
bt_30k_train_004873,"['hard_refusal', 'unsafe_compliance']",2,hard_refusal + unsafe_compliance,unsafe,beavertails
bt_30k_train_004880,"['hard_refusal', 'unsafe_compliance']",2,hard_refusal + unsafe_compliance,unsafe,beavertails
bt_30k_train_004885,"['hard_refusal', 'unsafe_compliance']",2,hard_refusal + unsafe_compliance,unsafe,beavertails
bt_30k_train_004898,"['hard_refusal', 'unsafe_compliance']",2,hard_refusal + unsafe_compliance,unsafe,beavertails
bt_30k_train_004903,"['hard_refusal', 'unsafe_compliance']",2,hard_refusal + unsafe_compliance,unsafe,beavertails
bt_30k_train_004924,"['hard_refusal', 'unsafe_compliance']",2,hard_refusal + unsafe_compliance,unsafe,beavertails
bt_30k_train_004930,"['hard_refusal', 'unsafe_compliance']",2,hard_refusal + unsafe_compliance,unsafe,beavertails
bt_30k_train_004938,"['hard_refusal', 'unsafe_compliance']",2,hard_refusal + unsafe_compliance,unsafe,beavertails
bt_30k_train_004961,"['hard_refusal', 'unsafe_compliance']",2,hard_refusal + unsafe_compliance,unsafe,beavertails
bt_30k_train_004964,"['hard_refusal', 'unsafe_compliance']",2,hard_refusal + unsafe_compliance,unsafe,beavertails
bt_30k_train_004979,"['hard_refusal', 'unsafe_compliance']",2,hard_refusal + unsafe_compliance,unsafe,beavertails
bt_30k_train_004989,"['hard_refusal', 'unsafe_compliance']",2,hard_refusal + unsafe_compliance,unsafe,beavertails
bt_30k_train_004993,"['hard_refusal', 'unsafe_compliance']",2,hard_refusal + unsafe_compliance,unsafe,beavertails
bt_30k_train_005001,"['hard_refusal', 'unsafe_compliance']",2,hard_refusal + unsafe_compliance,unsafe,beavertails
bt_30k_train_005006,"['hard_refusal', 'unsafe_compliance']",2,hard_refusal + unsafe_compliance,unsafe,beavertails
bt_30k_train_005008,"['hard_refusal', 'unsafe_compliance']",2,hard_refusal + unsafe_compliance,unsafe,beavertails
bt_30k_train_005013,"['hard_refusal', 'unsafe_compliance']",2,hard_refusal + unsafe_compliance,unsafe,beavertails
bt_30k_train_005022,"['hard_refusal', 'unsafe_compliance']",2,hard_refusal + unsafe_compliance,unsafe,beavertails
bt_30k_train_005023,"['hard_refusal', 'unsafe_compliance']",2,hard_refusal + unsafe_compliance,unsafe,beavertails
bt_30k_train_005032,"['hard_refusal', 'unsafe_compliance']",2,hard_refusal + unsafe_compliance,unsafe,beavertails
bt_30k_train_005045,"['hard_refusal', 'unsafe_compliance']",2,hard_refusal + unsafe_compliance,unsafe,beavertails
bt_30k_train_005055,"['hard_refusal', 'unsafe_compliance']",2,hard_refusal + unsafe_compliance,unsafe,beavertails
bt_30k_train_005068,"['hard_refusal', 'unsafe_compliance']",2,hard_refusal + unsafe_compliance,unsafe,beavertails
bt_30k_train_005069,"['hard_refusal', 'unsafe_compliance']",2,hard_refusal + unsafe_compliance,unsafe,beavertails
bt_30k_train_005073,"['hard_refusal', 'unsafe_compliance']",2,hard_refusal + unsafe_compliance,unsafe,beavertails
bt_30k_train_005075,"['hard_refusal', 'unsafe_compliance']",2,hard_refusal + unsafe_compliance,unsafe,beavertails
bt_30k_train_005076,"['hard_refusal', 'unsafe_compliance']",2,hard_refusal + unsafe_compliance,unsafe,beavertails
bt_30k_train_005082,"['hard_refusal', 'unsafe_compliance']",2,hard_refusal + unsafe_compliance,unsafe,beavertails
bt_30k_train_005083,['hard_refusal'],1,hard_refusal,unsafe,beavertails
bt_30k_train_005088,"['hard_refusal', 'unsafe_compliance']",2,hard_refusal + unsafe_compliance,unsafe,beavertails
bt_30k_train_005106,"['hard_refusal', 'unsafe_compliance']",2,hard_refusal + unsafe_compliance,unsafe,beavertails
bt_30k_train_005108,"['hard_refusal', 'unsafe_compliance']",2,hard_refusal + unsafe_compliance,unsafe,beavertails
bt_30k_train_005113,"['hard_refusal', 'unsafe_compliance']",2,hard_refusal + unsafe_compliance,unsafe,beavertails
bt_30k_train_005123,"['hard_refusal', 'unsafe_compliance']",2,hard_refusal + unsafe_compliance,unsafe,beavertails
bt_30k_train_005134,"['hard_refusal', 'unsafe_compliance']",2,hard_refusal + unsafe_compliance,unsafe,beavertails
bt_30k_train_005137,"['hard_refusal', 'unsafe_compliance']",2,hard_refusal + unsafe_compliance,unsafe,beavertails
bt_30k_train_005138,"['hard_refusal', 'unsafe_compliance']",2,hard_refusal + unsafe_compliance,unsafe,beavertails
bt_30k_train_005139,"['hard_refusal', 'unsafe_compliance']",2,hard_refusal + unsafe_compliance,unsafe,beavertails
bt_30k_train_005140,"['hard_refusal', 'unsafe_compliance']",2,hard_refusal + unsafe_compliance,unsafe,beavertails
bt_30k_train_005155,"['hard_refusal', 'unsafe_compliance']",2,hard_refusal + unsafe_compliance,unsafe,beavertails
bt_30k_train_005172,"['hard_refusal', 'unsafe_compliance']",2,hard_refusal + unsafe_compliance,unsafe,beavertails
bt_30k_train_005179,"['hard_refusal', 'unsafe_compliance']",2,hard_refusal + unsafe_compliance,unsafe,beavertails
bt_30k_train_005183,"['hard_refusal', 'unsafe_compliance']",2,hard_refusal + unsafe_compliance,unsafe,beavertails
bt_30k_train_005205,"['hard_refusal', 'unsafe_compliance']",2,hard_refusal + unsafe_compliance,unsafe,beavertails
bt_30k_train_005216,"['hard_refusal', 'unsafe_compliance']",2,hard_refusal + unsafe_compliance,unsafe,beavertails
bt_30k_train_005225,"['hard_refusal', 'unsafe_compliance']",2,hard_refusal + unsafe_compliance,unsafe,beavertails
bt_30k_train_005230,"['hard_refusal', 'unsafe_compliance']",2,hard_refusal + unsafe_compliance,unsafe,beavertails
bt_30k_train_005240,"['hard_refusal', 'unsafe_compliance']",2,hard_refusal + unsafe_compliance,unsafe,beavertails
bt_30k_train_005241,"['hard_refusal', 'unsafe_compliance']",2,hard_refusal + unsafe_compliance,unsafe,beavertails
bt_30k_train_005244,"['hard_refusal', 'unsafe_compliance']",2,hard_refusal + unsafe_compliance,unsafe,beavertails
bt_30k_train_005249,"['hard_refusal', 'unsafe_compliance']",2,hard_refusal + unsafe_compliance,unsafe,beavertails
bt_30k_train_005273,"['hard_refusal', 'unsafe_compliance']",2,hard_refusal + unsafe_compliance,unsafe,beavertails
bt_30k_train_005277,"['hard_refusal', 'unsafe_compliance']",2,hard_refusal + unsafe_compliance,unsafe,beavertails
bt_30k_train_005286,"['hard_refusal', 'unsafe_compliance']",2,hard_refusal + unsafe_compliance,unsafe,beavertails
bt_30k_train_005299,"['hard_refusal', 'unsafe_compliance']",2,hard_refusal + unsafe_compliance,unsafe,beavertails
bt_30k_train_005303,"['hard_refusal', 'unsafe_compliance']",2,hard_refusal + unsafe_compliance,unsafe,beavertails
bt_30k_train_005307,"['hard_refusal', 'unsafe_compliance']",2,hard_refusal + unsafe_compliance,unsafe,beavertails
bt_30k_train_005310,"['hard_refusal', 'unsafe_compliance']",2,hard_refusal + unsafe_compliance,unsafe,beavertails
bt_30k_train_005311,"['hard_refusal', 'unsafe_compliance']",2,hard_refusal + unsafe_compliance,unsafe,beavertails
bt_30k_train_005321,"['hard_refusal', 'unsafe_compliance']",2,hard_refusal + unsafe_compliance,unsafe,beavertails
bt_30k_train_005322,"['hard_refusal', 'unsafe_compliance']",2,hard_refusal + unsafe_compliance,unsafe,beavertails
bt_30k_train_005324,"['hard_refusal', 'unsafe_compliance']",2,hard_refusal + unsafe_compliance,unsafe,beavertails
bt_30k_train_005331,"['hard_refusal', 'unsafe_compliance']",2,hard_refusal + unsafe_compliance,unsafe,beavertails
bt_30k_train_005340,"['hard_refusal', 'unsafe_compliance']",2,hard_refusal + unsafe_compliance,unsafe,beavertails
bt_30k_train_005364,"['hard_refusal', 'unsafe_compliance']",2,hard_refusal + unsafe_compliance,unsafe,beavertails
bt_30k_train_005365,"['hard_refusal', 'unsafe_compliance']",2,hard_refusal + unsafe_compliance,unsafe,beavertails
bt_30k_train_005372,"['hard_refusal', 'unsafe_compliance']",2,hard_refusal + unsafe_compliance,unsafe,beavertails
bt_30k_train_005382,"['hard_refusal', 'unsafe_compliance']",2,hard_refusal + unsafe_compliance,unsafe,beavertails
bt_30k_train_005386,"['hard_refusal', 'unsafe_compliance']",2,hard_refusal + unsafe_compliance,unsafe,beavertails
bt_30k_train_005402,"['hard_refusal', 'unsafe_compliance']",2,hard_refusal + unsafe_compliance,unsafe,beavertails
bt_30k_train_005410,"['hard_refusal', 'unsafe_compliance']",2,hard_refusal + unsafe_compliance,unsafe,beavertails
bt_30k_train_005411,"['hard_refusal', 'unsafe_compliance']",2,hard_refusal + unsafe_compliance,unsafe,beavertails
bt_30k_train_005441,"['hard_refusal', 'unsafe_compliance']",2,hard_refusal + unsafe_compliance,unsafe,beavertails
bt_30k_train_005460,"['hard_refusal', 'unsafe_compliance']",2,hard_refusal + unsafe_compliance,unsafe,beavertails
bt_30k_train_005490,"['hard_refusal', 'unsafe_compliance']",2,hard_refusal + unsafe_compliance,unsafe,beavertails
bt_30k_train_005495,"['hard_refusal', 'unsafe_compliance']",2,hard_refusal + unsafe_compliance,unsafe,beavertails
bt_30k_train_005510,"['hard_refusal', 'unsafe_compliance']",2,hard_refusal + unsafe_compliance,unsafe,beavertails
bt_30k_train_005512,"['hard_refusal', 'unsafe_compliance']",2,hard_refusal + unsafe_compliance,unsafe,beavertails
bt_30k_train_005518,"['hard_refusal', 'unsafe_compliance']",2,hard_refusal + unsafe_compliance,unsafe,beavertails
bt_30k_train_005523,"['hard_refusal', 'unsafe_compliance']",2,hard_refusal + unsafe_compliance,unsafe,beavertails
bt_30k_train_005528,"['hard_refusal', 'unsafe_compliance']",2,hard_refusal + unsafe_compliance,unsafe,beavertails
bt_30k_train_005544,"['hard_refusal', 'unsafe_compliance']",2,hard_refusal + unsafe_compliance,unsafe,beavertails
bt_30k_train_005560,"['hard_refusal', 'unsafe_compliance']",2,hard_refusal + unsafe_compliance,unsafe,beavertails
bt_30k_train_005569,"['hard_refusal', 'unsafe_compliance']",2,hard_refusal + unsafe_compliance,unsafe,beavertails
bt_30k_train_005576,"['hard_refusal', 'unsafe_compliance']",2,hard_refusal + unsafe_compliance,unsafe,beavertails
bt_30k_train_005595,"['hard_refusal', 'unsafe_compliance']",2,hard_refusal + unsafe_compliance,unsafe,beavertails
bt_30k_train_005607,"['hard_refusal', 'unsafe_compliance']",2,hard_refusal + unsafe_compliance,unsafe,beavertails
bt_30k_train_005609,"['hard_refusal', 'unsafe_compliance']",2,hard_refusal + unsafe_compliance,unsafe,beavertails
bt_30k_train_005611,"['hard_refusal', 'unsafe_compliance']",2,hard_refusal + unsafe_compliance,unsafe,beavertails
bt_30k_train_005615,"['hard_refusal', 'unsafe_compliance']",2,hard_refusal + unsafe_compliance,unsafe,beavertails
bt_30k_train_005635,"['hard_refusal', 'unsafe_compliance']",2,hard_refusal + unsafe_compliance,unsafe,beavertails
bt_30k_train_005647,"['hard_refusal', 'unsafe_compliance']",2,hard_refusal + unsafe_compliance,unsafe,beavertails
bt_30k_train_005655,"['hard_refusal', 'unsafe_compliance']",2,hard_refusal + unsafe_compliance,unsafe,beavertails
bt_30k_train_005658,"['hard_refusal', 'unsafe_compliance']",2,hard_refusal + unsafe_compliance,unsafe,beavertails
bt_30k_train_005659,"['hard_refusal', 'unsafe_compliance']",2,hard_refusal + unsafe_compliance,unsafe,beavertails
bt_30k_train_005711,"['hard_refusal', 'unsafe_compliance']",2,hard_refusal + unsafe_compliance,unsafe,beavertails
bt_30k_train_005717,"['hard_refusal', 'unsafe_compliance']",2,hard_refusal + unsafe_compliance,unsafe,beavertails
bt_30k_train_005718,"['hard_refusal', 'unsafe_compliance']",2,hard_refusal + unsafe_compliance,unsafe,beavertails
bt_30k_train_005743,"['hard_refusal', 'unsafe_compliance']",2,hard_refusal + unsafe_compliance,unsafe,beavertails
bt_30k_train_005744,"['hard_refusal', 'unsafe_compliance']",2,hard_refusal + unsafe_compliance,unsafe,beavertails
bt_30k_train_005801,"['hard_refusal', 'unsafe_compliance']",2,hard_refusal + unsafe_compliance,unsafe,beavertails
bt_30k_train_005812,"['hard_refusal', 'unsafe_compliance']",2,hard_refusal + unsafe_compliance,unsafe,beavertails
bt_30k_train_005816,"['hard_refusal', 'unsafe_compliance']",2,hard_refusal + unsafe_compliance,unsafe,beavertails
bt_30k_train_005825,"['hard_refusal', 'unsafe_compliance']",2,hard_refusal + unsafe_compliance,unsafe,beavertails
bt_30k_train_005827,"['hard_refusal', 'unsafe_compliance']",2,hard_refusal + unsafe_compliance,unsafe,beavertails
bt_30k_train_005833,"['hard_refusal', 'unsafe_compliance']",2,hard_refusal + unsafe_compliance,unsafe,beavertails
bt_30k_train_005836,"['hard_refusal', 'unsafe_compliance']",2,hard_refusal + unsafe_compliance,unsafe,beavertails
bt_30k_train_005839,"['hard_refusal', 'unsafe_compliance']",2,hard_refusal + unsafe_compliance,unsafe,beavertails
bt_30k_train_005865,"['hard_refusal', 'unsafe_compliance']",2,hard_refusal + unsafe_compliance,unsafe,beavertails
bt_30k_train_005872,"['hard_refusal', 'unsafe_compliance']",2,hard_refusal + unsafe_compliance,unsafe,beavertails
bt_30k_train_005873,"['hard_refusal', 'unsafe_compliance']",2,hard_refusal + unsafe_compliance,unsafe,beavertails
bt_30k_train_005880,"['hard_refusal', 'unsafe_compliance']",2,hard_refusal + unsafe_compliance,unsafe,beavertails
bt_30k_train_005885,"['hard_refusal', 'unsafe_compliance']",2,hard_refusal + unsafe_compliance,unsafe,beavertails
bt_30k_train_005890,"['hard_refusal', 'unsafe_compliance']",2,hard_refusal + unsafe_compliance,unsafe,beavertails
bt_30k_train_005896,"['hard_refusal', 'unsafe_compliance']",2,hard_refusal + unsafe_compliance,unsafe,beavertails
bt_30k_train_005904,"['hard_refusal', 'unsafe_compliance']",2,hard_refusal + unsafe_compliance,unsafe,beavertails
bt_30k_train_005907,"['hard_refusal', 'unsafe_compliance']",2,hard_refusal + unsafe_compliance,unsafe,beavertails
bt_30k_train_005931,"['hard_refusal', 'unsafe_compliance']",2,hard_refusal + unsafe_compliance,unsafe,beavertails
bt_30k_train_005939,"['hard_refusal', 'unsafe_compliance']",2,hard_refusal + unsafe_compliance,unsafe,beavertails
bt_30k_train_005943,"['hard_refusal', 'unsafe_compliance']",2,hard_refusal + unsafe_compliance,unsafe,beavertails
bt_30k_train_005948,"['hard_refusal', 'unsafe_compliance']",2,hard_refusal + unsafe_compliance,unsafe,beavertails
bt_30k_train_005949,"['hard_refusal', 'unsafe_compliance']",2,hard_refusal + unsafe_compliance,unsafe,beavertails
bt_30k_train_005971,"['hard_refusal', 'unsafe_compliance']",2,hard_refusal + unsafe_compliance,unsafe,beavertails
bt_30k_train_005975,"['hard_refusal', 'unsafe_compliance']",2,hard_refusal + unsafe_compliance,unsafe,beavertails
bt_30k_train_005985,"['hard_refusal', 'unsafe_compliance']",2,hard_refusal + unsafe_compliance,unsafe,beavertails
bt_30k_train_006003,"['hard_refusal', 'unsafe_compliance']",2,hard_refusal + unsafe_compliance,unsafe,beavertails
bt_30k_train_006004,"['hard_refusal', 'unsafe_compliance']",2,hard_refusal + unsafe_compliance,unsafe,beavertails
bt_30k_train_006016,"['hard_refusal', 'unsafe_compliance']",2,hard_refusal + unsafe_compliance,unsafe,beavertails
bt_30k_train_006021,"['hard_refusal', 'unsafe_compliance']",2,hard_refusal + unsafe_compliance,unsafe,beavertails
bt_30k_train_006027,"['hard_refusal', 'unsafe_compliance']",2,hard_refusal + unsafe_compliance,unsafe,beavertails
bt_30k_train_006035,"['hard_refusal', 'unsafe_compliance']",2,hard_refusal + unsafe_compliance,unsafe,beavertails
bt_30k_train_006049,"['hard_refusal', 'unsafe_compliance']",2,hard_refusal + unsafe_compliance,unsafe,beavertails
bt_30k_train_006055,"['hard_refusal', 'unsafe_compliance']",2,hard_refusal + unsafe_compliance,unsafe,beavertails
bt_30k_train_006056,"['hard_refusal', 'unsafe_compliance']",2,hard_refusal + unsafe_compliance,unsafe,beavertails
bt_30k_train_006070,"['hard_refusal', 'unsafe_compliance']",2,hard_refusal + unsafe_compliance,unsafe,beavertails
bt_30k_train_006082,"['hard_refusal', 'unsafe_compliance']",2,hard_refusal + unsafe_compliance,unsafe,beavertails
bt_30k_train_006083,"['hard_refusal', 'unsafe_compliance']",2,hard_refusal + unsafe_compliance,unsafe,beavertails
bt_30k_train_006101,"['hard_refusal', 'unsafe_compliance']",2,hard_refusal + unsafe_compliance,unsafe,beavertails
bt_30k_train_006106,"['hard_refusal', 'unsafe_compliance']",2,hard_refusal + unsafe_compliance,unsafe,beavertails
bt_30k_train_006156,"['hard_refusal', 'unsafe_compliance']",2,hard_refusal + unsafe_compliance,unsafe,beavertails
bt_30k_train_006165,"['hard_refusal', 'unsafe_compliance']",2,hard_refusal + unsafe_compliance,unsafe,beavertails
bt_30k_train_006173,"['hard_refusal', 'unsafe_compliance']",2,hard_refusal + unsafe_compliance,unsafe,beavertails
bt_30k_train_006177,"['hard_refusal', 'unsafe_compliance']",2,hard_refusal + unsafe_compliance,unsafe,beavertails
bt_30k_train_006180,"['hard_refusal', 'unsafe_compliance']",2,hard_refusal + unsafe_compliance,unsafe,beavertails
bt_30k_train_006205,"['hard_refusal', 'unsafe_compliance']",2,hard_refusal + unsafe_compliance,unsafe,beavertails
bt_30k_train_006208,"['hard_refusal', 'unsafe_compliance']",2,hard_refusal + unsafe_compliance,unsafe,beavertails
bt_30k_train_006210,"['hard_refusal', 'unsafe_compliance']",2,hard_refusal + unsafe_compliance,unsafe,beavertails
bt_30k_train_006211,"['hard_refusal', 'unsafe_compliance']",2,hard_refusal + unsafe_compliance,unsafe,beavertails
bt_30k_train_006212,"['hard_refusal', 'unsafe_compliance']",2,hard_refusal + unsafe_compliance,unsafe,beavertails
bt_30k_train_006224,"['hard_refusal', 'unsafe_compliance']",2,hard_refusal + unsafe_compliance,unsafe,beavertails
bt_30k_train_006229,"['hard_refusal', 'unsafe_compliance']",2,hard_refusal + unsafe_compliance,unsafe,beavertails
bt_30k_train_006234,"['hard_refusal', 'unsafe_compliance']",2,hard_refusal + unsafe_compliance,unsafe,beavertails
bt_30k_train_006238,"['hard_refusal', 'unsafe_compliance']",2,hard_refusal + unsafe_compliance,unsafe,beavertails
bt_30k_train_006251,"['hard_refusal', 'unsafe_compliance']",2,hard_refusal + unsafe_compliance,unsafe,beavertails
bt_30k_train_006261,"['hard_refusal', 'unsafe_compliance']",2,hard_refusal + unsafe_compliance,unsafe,beavertails
bt_30k_train_006268,"['hard_refusal', 'unsafe_compliance']",2,hard_refusal + unsafe_compliance,unsafe,beavertails
bt_30k_train_006280,"['hard_refusal', 'unsafe_compliance']",2,hard_refusal + unsafe_compliance,unsafe,beavertails
bt_30k_train_006320,"['hard_refusal', 'unsafe_compliance']",2,hard_refusal + unsafe_compliance,unsafe,beavertails
bt_30k_train_006333,"['hard_refusal', 'unsafe_compliance']",2,hard_refusal + unsafe_compliance,unsafe,beavertails
bt_30k_train_006337,"['hard_refusal', 'unsafe_compliance']",2,hard_refusal + unsafe_compliance,unsafe,beavertails
bt_30k_train_006341,"['hard_refusal', 'unsafe_compliance']",2,hard_refusal + unsafe_compliance,unsafe,beavertails
bt_30k_train_006346,"['hard_refusal', 'unsafe_compliance']",2,hard_refusal + unsafe_compliance,unsafe,beavertails
bt_30k_train_006360,"['hard_refusal', 'unsafe_compliance']",2,hard_refusal + unsafe_compliance,unsafe,beavertails
bt_30k_train_006378,"['hard_refusal', 'unsafe_compliance']",2,hard_refusal + unsafe_compliance,unsafe,beavertails
bt_30k_train_006382,"['hard_refusal', 'unsafe_compliance']",2,hard_refusal + unsafe_compliance,unsafe,beavertails
bt_30k_train_006394,"['hard_refusal', 'unsafe_compliance']",2,hard_refusal + unsafe_compliance,unsafe,beavertails
bt_30k_train_006404,"['hard_refusal', 'unsafe_compliance']",2,hard_refusal + unsafe_compliance,unsafe,beavertails
bt_30k_train_006406,"['hard_refusal', 'unsafe_compliance']",2,hard_refusal + unsafe_compliance,unsafe,beavertails
bt_30k_train_006426,"['hard_refusal', 'unsafe_compliance']",2,hard_refusal + unsafe_compliance,unsafe,beavertails
bt_30k_train_006440,"['hard_refusal', 'unsafe_compliance']",2,hard_refusal + unsafe_compliance,unsafe,beavertails
bt_30k_train_006449,"['hard_refusal', 'unsafe_compliance']",2,hard_refusal + unsafe_compliance,unsafe,beavertails
bt_30k_train_006457,"['hard_refusal', 'unsafe_compliance']",2,hard_refusal + unsafe_compliance,unsafe,beavertails
bt_30k_train_006484,"['hard_refusal', 'unsafe_compliance']",2,hard_refusal + unsafe_compliance,unsafe,beavertails
bt_30k_train_006486,"['hard_refusal', 'unsafe_compliance']",2,hard_refusal + unsafe_compliance,unsafe,beavertails
bt_30k_train_006490,"['hard_refusal', 'unsafe_compliance']",2,hard_refusal + unsafe_compliance,unsafe,beavertails
bt_30k_train_006493,"['hard_refusal', 'unsafe_compliance']",2,hard_refusal + unsafe_compliance,unsafe,beavertails
bt_30k_train_006494,"['hard_refusal', 'unsafe_compliance']",2,hard_refusal + unsafe_compliance,unsafe,beavertails
bt_30k_train_006501,"['hard_refusal', 'unsafe_compliance']",2,hard_refusal + unsafe_compliance,unsafe,beavertails
bt_30k_train_006505,"['hard_refusal', 'unsafe_compliance']",2,hard_refusal + unsafe_compliance,unsafe,beavertails
bt_30k_train_006518,"['hard_refusal', 'unsafe_compliance']",2,hard_refusal + unsafe_compliance,unsafe,beavertails
bt_30k_train_006541,"['hard_refusal', 'unsafe_compliance']",2,hard_refusal + unsafe_compliance,unsafe,beavertails
bt_30k_train_006542,"['hard_refusal', 'unsafe_compliance']",2,hard_refusal + unsafe_compliance,unsafe,beavertails
bt_30k_train_006543,"['hard_refusal', 'unsafe_compliance']",2,hard_refusal + unsafe_compliance,unsafe,beavertails
bt_30k_train_006549,"['hard_refusal', 'unsafe_compliance']",2,hard_refusal + unsafe_compliance,unsafe,beavertails
bt_30k_train_006557,"['hard_refusal', 'unsafe_compliance']",2,hard_refusal + unsafe_compliance,unsafe,beavertails
bt_30k_train_006568,"['hard_refusal', 'unsafe_compliance']",2,hard_refusal + unsafe_compliance,unsafe,beavertails
bt_30k_train_006571,"['hard_refusal', 'unsafe_compliance']",2,hard_refusal + unsafe_compliance,unsafe,beavertails
bt_30k_train_006587,"['hard_refusal', 'unsafe_compliance']",2,hard_refusal + unsafe_compliance,unsafe,beavertails
bt_30k_train_006623,"['hard_refusal', 'unsafe_compliance']",2,hard_refusal + unsafe_compliance,unsafe,beavertails
bt_30k_train_006662,"['hard_refusal', 'unsafe_compliance']",2,hard_refusal + unsafe_compliance,unsafe,beavertails
bt_30k_train_006666,"['hard_refusal', 'unsafe_compliance']",2,hard_refusal + unsafe_compliance,unsafe,beavertails
bt_30k_train_006674,"['hard_refusal', 'unsafe_compliance']",2,hard_refusal + unsafe_compliance,unsafe,beavertails
bt_30k_train_006702,"['hard_refusal', 'unsafe_compliance']",2,hard_refusal + unsafe_compliance,unsafe,beavertails
bt_30k_train_006703,"['hard_refusal', 'unsafe_compliance']",2,hard_refusal + unsafe_compliance,unsafe,beavertails
bt_30k_train_006715,"['hard_refusal', 'unsafe_compliance']",2,hard_refusal + unsafe_compliance,unsafe,beavertails
bt_30k_train_006733,"['hard_refusal', 'unsafe_compliance']",2,hard_refusal + unsafe_compliance,unsafe,beavertails
bt_30k_train_006742,"['hard_refusal', 'unsafe_compliance']",2,hard_refusal + unsafe_compliance,unsafe,beavertails
bt_30k_train_006751,"['hard_refusal', 'unsafe_compliance']",2,hard_refusal + unsafe_compliance,unsafe,beavertails
bt_30k_train_006791,"['hard_refusal', 'unsafe_compliance']",2,hard_refusal + unsafe_compliance,unsafe,beavertails
bt_30k_train_006797,"['hard_refusal', 'unsafe_compliance']",2,hard_refusal + unsafe_compliance,unsafe,beavertails
bt_30k_train_006805,"['hard_refusal', 'unsafe_compliance']",2,hard_refusal + unsafe_compliance,unsafe,beavertails
bt_30k_train_006822,"['hard_refusal', 'unsafe_compliance']",2,hard_refusal + unsafe_compliance,unsafe,beavertails
bt_30k_train_006848,"['hard_refusal', 'unsafe_compliance']",2,hard_refusal + unsafe_compliance,unsafe,beavertails
bt_30k_train_006849,"['hard_refusal', 'unsafe_compliance']",2,hard_refusal + unsafe_compliance,unsafe,beavertails
bt_30k_train_006868,"['hard_refusal', 'unsafe_compliance']",2,hard_refusal + unsafe_compliance,unsafe,beavertails
bt_30k_train_006885,"['hard_refusal', 'unsafe_compliance']",2,hard_refusal + unsafe_compliance,unsafe,beavertails
bt_30k_train_006887,"['hard_refusal', 'unsafe_compliance']",2,hard_refusal + unsafe_compliance,unsafe,beavertails
bt_30k_train_006893,"['hard_refusal', 'unsafe_compliance']",2,hard_refusal + unsafe_compliance,unsafe,beavertails
bt_30k_train_006914,"['hard_refusal', 'unsafe_compliance']",2,hard_refusal + unsafe_compliance,unsafe,beavertails
bt_30k_train_006918,"['hard_refusal', 'unsafe_compliance']",2,hard_refusal + unsafe_compliance,unsafe,beavertails
bt_30k_train_006931,"['hard_refusal', 'unsafe_compliance']",2,hard_refusal + unsafe_compliance,unsafe,beavertails
bt_30k_train_006984,"['hard_refusal', 'unsafe_compliance']",2,hard_refusal + unsafe_compliance,unsafe,beavertails
bt_30k_train_006989,"['hard_refusal', 'unsafe_compliance']",2,hard_refusal + unsafe_compliance,unsafe,beavertails
bt_30k_train_006996,"['hard_refusal', 'unsafe_compliance']",2,hard_refusal + unsafe_compliance,unsafe,beavertails
bt_30k_train_007007,"['hard_refusal', 'unsafe_compliance']",2,hard_refusal + unsafe_compliance,unsafe,beavertails
bt_30k_train_007020,"['hard_refusal', 'unsafe_compliance']",2,hard_refusal + unsafe_compliance,unsafe,beavertails
bt_30k_train_007047,"['hard_refusal', 'unsafe_compliance']",2,hard_refusal + unsafe_compliance,unsafe,beavertails
bt_30k_train_007088,"['hard_refusal', 'unsafe_compliance']",2,hard_refusal + unsafe_compliance,unsafe,beavertails
bt_30k_train_007091,"['hard_refusal', 'unsafe_compliance']",2,hard_refusal + unsafe_compliance,unsafe,beavertails
bt_30k_train_007094,"['hard_refusal', 'unsafe_compliance']",2,hard_refusal + unsafe_compliance,unsafe,beavertails
bt_30k_train_007097,"['hard_refusal', 'unsafe_compliance']",2,hard_refusal + unsafe_compliance,unsafe,beavertails
bt_30k_train_007106,"['hard_refusal', 'unsafe_compliance']",2,hard_refusal + unsafe_compliance,unsafe,beavertails
bt_30k_train_007125,"['hard_refusal', 'unsafe_compliance']",2,hard_refusal + unsafe_compliance,unsafe,beavertails
bt_30k_train_007132,"['hard_refusal', 'unsafe_compliance']",2,hard_refusal + unsafe_compliance,unsafe,beavertails
bt_30k_train_007140,"['hard_refusal', 'unsafe_compliance']",2,hard_refusal + unsafe_compliance,unsafe,beavertails
bt_30k_train_007149,"['hard_refusal', 'unsafe_compliance']",2,hard_refusal + unsafe_compliance,unsafe,beavertails
bt_30k_train_007165,"['hard_refusal', 'unsafe_compliance']",2,hard_refusal + unsafe_compliance,unsafe,beavertails
bt_30k_train_007168,"['hard_refusal', 'unsafe_compliance']",2,hard_refusal + unsafe_compliance,unsafe,beavertails
bt_30k_train_007178,"['hard_refusal', 'unsafe_compliance']",2,hard_refusal + unsafe_compliance,unsafe,beavertails
bt_30k_train_007180,"['hard_refusal', 'unsafe_compliance']",2,hard_refusal + unsafe_compliance,unsafe,beavertails
bt_30k_train_007183,"['hard_refusal', 'unsafe_compliance']",2,hard_refusal + unsafe_compliance,unsafe,beavertails
bt_30k_train_007184,"['hard_refusal', 'unsafe_compliance']",2,hard_refusal + unsafe_compliance,unsafe,beavertails
bt_30k_train_007195,['hard_refusal'],1,hard_refusal,unsafe,beavertails
bt_30k_train_007196,"['hard_refusal', 'unsafe_compliance']",2,hard_refusal + unsafe_compliance,unsafe,beavertails
bt_30k_train_007197,"['hard_refusal', 'unsafe_compliance']",2,hard_refusal + unsafe_compliance,unsafe,beavertails
bt_30k_train_007199,"['hard_refusal', 'unsafe_compliance']",2,hard_refusal + unsafe_compliance,unsafe,beavertails
bt_30k_train_007200,"['hard_refusal', 'unsafe_compliance']",2,hard_refusal + unsafe_compliance,unsafe,beavertails
bt_30k_train_007212,"['hard_refusal', 'unsafe_compliance']",2,hard_refusal + unsafe_compliance,unsafe,beavertails
bt_30k_train_007213,"['hard_refusal', 'unsafe_compliance']",2,hard_refusal + unsafe_compliance,unsafe,beavertails
bt_30k_train_007222,"['hard_refusal', 'unsafe_compliance']",2,hard_refusal + unsafe_compliance,unsafe,beavertails
bt_30k_train_007224,"['hard_refusal', 'unsafe_compliance']",2,hard_refusal + unsafe_compliance,unsafe,beavertails
bt_30k_train_007236,"['hard_refusal', 'unsafe_compliance']",2,hard_refusal + unsafe_compliance,unsafe,beavertails
bt_30k_train_007252,"['hard_refusal', 'unsafe_compliance']",2,hard_refusal + unsafe_compliance,unsafe,beavertails
bt_30k_train_007255,"['hard_refusal', 'unsafe_compliance']",2,hard_refusal + unsafe_compliance,unsafe,beavertails
bt_30k_train_007256,"['hard_refusal', 'unsafe_compliance']",2,hard_refusal + unsafe_compliance,unsafe,beavertails
bt_30k_train_007257,"['hard_refusal', 'unsafe_compliance']",2,hard_refusal + unsafe_compliance,unsafe,beavertails
bt_30k_train_007287,"['hard_refusal', 'unsafe_compliance']",2,hard_refusal + unsafe_compliance,unsafe,beavertails
bt_30k_train_007299,"['hard_refusal', 'unsafe_compliance']",2,hard_refusal + unsafe_compliance,unsafe,beavertails
bt_30k_train_007305,"['hard_refusal', 'unsafe_compliance']",2,hard_refusal + unsafe_compliance,unsafe,beavertails
bt_30k_train_007306,"['hard_refusal', 'unsafe_compliance']",2,hard_refusal + unsafe_compliance,unsafe,beavertails
bt_30k_train_007307,"['hard_refusal', 'unsafe_compliance']",2,hard_refusal + unsafe_compliance,unsafe,beavertails
bt_30k_train_007318,"['hard_refusal', 'unsafe_compliance']",2,hard_refusal + unsafe_compliance,unsafe,beavertails
bt_30k_train_007325,"['hard_refusal', 'unsafe_compliance']",2,hard_refusal + unsafe_compliance,unsafe,beavertails
bt_30k_train_007336,"['hard_refusal', 'unsafe_compliance']",2,hard_refusal + unsafe_compliance,unsafe,beavertails
bt_30k_train_007337,['hard_refusal'],1,hard_refusal,unsafe,beavertails
bt_30k_train_007340,"['hard_refusal', 'unsafe_compliance']",2,hard_refusal + unsafe_compliance,unsafe,beavertails
bt_30k_train_007341,"['hard_refusal', 'unsafe_compliance']",2,hard_refusal + unsafe_compliance,unsafe,beavertails
bt_30k_train_007343,"['hard_refusal', 'unsafe_compliance']",2,hard_refusal + unsafe_compliance,unsafe,beavertails
bt_30k_train_007359,"['hard_refusal', 'unsafe_compliance']",2,hard_refusal + unsafe_compliance,unsafe,beavertails
bt_30k_train_007361,"['hard_refusal', 'unsafe_compliance']",2,hard_refusal + unsafe_compliance,unsafe,beavertails
bt_30k_train_007373,"['hard_refusal', 'unsafe_compliance']",2,hard_refusal + unsafe_compliance,unsafe,beavertails
bt_30k_train_007377,"['hard_refusal', 'unsafe_compliance']",2,hard_refusal + unsafe_compliance,unsafe,beavertails
bt_30k_train_007380,"['hard_refusal', 'unsafe_compliance']",2,hard_refusal + unsafe_compliance,unsafe,beavertails
bt_30k_train_007384,"['hard_refusal', 'unsafe_compliance']",2,hard_refusal + unsafe_compliance,unsafe,beavertails
bt_30k_train_007389,"['hard_refusal', 'unsafe_compliance']",2,hard_refusal + unsafe_compliance,unsafe,beavertails
bt_30k_train_007418,"['hard_refusal', 'unsafe_compliance']",2,hard_refusal + unsafe_compliance,unsafe,beavertails
bt_30k_train_007425,"['hard_refusal', 'unsafe_compliance']",2,hard_refusal + unsafe_compliance,unsafe,beavertails
bt_30k_train_007427,"['hard_refusal', 'unsafe_compliance']",2,hard_refusal + unsafe_compliance,unsafe,beavertails
bt_30k_train_007432,"['hard_refusal', 'unsafe_compliance']",2,hard_refusal + unsafe_compliance,unsafe,beavertails
bt_30k_train_007433,"['hard_refusal', 'unsafe_compliance']",2,hard_refusal + unsafe_compliance,unsafe,beavertails
bt_30k_train_007445,"['hard_refusal', 'unsafe_compliance']",2,hard_refusal + unsafe_compliance,unsafe,beavertails
bt_30k_train_007473,"['hard_refusal', 'unsafe_compliance']",2,hard_refusal + unsafe_compliance,unsafe,beavertails
bt_30k_train_007481,"['hard_refusal', 'unsafe_compliance']",2,hard_refusal + unsafe_compliance,unsafe,beavertails
bt_30k_train_007491,"['hard_refusal', 'unsafe_compliance']",2,hard_refusal + unsafe_compliance,unsafe,beavertails
bt_30k_train_007501,"['hard_refusal', 'unsafe_compliance']",2,hard_refusal + unsafe_compliance,unsafe,beavertails
bt_30k_train_007511,"['hard_refusal', 'unsafe_compliance']",2,hard_refusal + unsafe_compliance,unsafe,beavertails
bt_30k_train_007516,"['hard_refusal', 'unsafe_compliance']",2,hard_refusal + unsafe_compliance,unsafe,beavertails
bt_30k_train_007534,"['hard_refusal', 'unsafe_compliance']",2,hard_refusal + unsafe_compliance,unsafe,beavertails
bt_30k_train_007545,"['hard_refusal', 'unsafe_compliance']",2,hard_refusal + unsafe_compliance,unsafe,beavertails
bt_30k_train_007571,"['hard_refusal', 'unsafe_compliance']",2,hard_refusal + unsafe_compliance,unsafe,beavertails
bt_30k_train_007572,"['hard_refusal', 'unsafe_compliance']",2,hard_refusal + unsafe_compliance,unsafe,beavertails
bt_30k_train_007576,"['hard_refusal', 'unsafe_compliance']",2,hard_refusal + unsafe_compliance,unsafe,beavertails
bt_30k_train_007582,"['hard_refusal', 'unsafe_compliance']",2,hard_refusal + unsafe_compliance,unsafe,beavertails
bt_30k_train_007590,"['hard_refusal', 'unsafe_compliance']",2,hard_refusal + unsafe_compliance,unsafe,beavertails
bt_30k_train_007602,"['hard_refusal', 'unsafe_compliance']",2,hard_refusal + unsafe_compliance,unsafe,beavertails
bt_30k_train_007614,"['hard_refusal', 'unsafe_compliance']",2,hard_refusal + unsafe_compliance,unsafe,beavertails
bt_30k_train_007627,"['hard_refusal', 'unsafe_compliance']",2,hard_refusal + unsafe_compliance,unsafe,beavertails
bt_30k_train_007636,"['hard_refusal', 'unsafe_compliance']",2,hard_refusal + unsafe_compliance,unsafe,beavertails
bt_30k_train_007639,"['hard_refusal', 'unsafe_compliance']",2,hard_refusal + unsafe_compliance,unsafe,beavertails
bt_30k_train_007649,"['hard_refusal', 'unsafe_compliance']",2,hard_refusal + unsafe_compliance,unsafe,beavertails
bt_30k_train_007684,"['hard_refusal', 'unsafe_compliance']",2,hard_refusal + unsafe_compliance,unsafe,beavertails
bt_30k_train_007686,"['hard_refusal', 'unsafe_compliance']",2,hard_refusal + unsafe_compliance,unsafe,beavertails
bt_30k_train_007694,"['hard_refusal', 'unsafe_compliance']",2,hard_refusal + unsafe_compliance,unsafe,beavertails
bt_30k_train_007702,"['hard_refusal', 'unsafe_compliance']",2,hard_refusal + unsafe_compliance,unsafe,beavertails
bt_30k_train_007712,"['hard_refusal', 'unsafe_compliance']",2,hard_refusal + unsafe_compliance,unsafe,beavertails
bt_30k_train_007721,"['hard_refusal', 'unsafe_compliance']",2,hard_refusal + unsafe_compliance,unsafe,beavertails
bt_30k_train_007725,"['hard_refusal', 'unsafe_compliance']",2,hard_refusal + unsafe_compliance,unsafe,beavertails
bt_30k_train_007742,"['hard_refusal', 'unsafe_compliance']",2,hard_refusal + unsafe_compliance,unsafe,beavertails
bt_30k_train_007747,"['hard_refusal', 'unsafe_compliance']",2,hard_refusal + unsafe_compliance,unsafe,beavertails
bt_30k_train_007770,"['hard_refusal', 'unsafe_compliance']",2,hard_refusal + unsafe_compliance,unsafe,beavertails
bt_30k_train_007782,"['hard_refusal', 'unsafe_compliance']",2,hard_refusal + unsafe_compliance,unsafe,beavertails
bt_30k_train_007796,"['hard_refusal', 'unsafe_compliance']",2,hard_refusal + unsafe_compliance,unsafe,beavertails
bt_30k_train_007797,"['hard_refusal', 'unsafe_compliance']",2,hard_refusal + unsafe_compliance,unsafe,beavertails
bt_30k_train_007800,"['hard_refusal', 'unsafe_compliance']",2,hard_refusal + unsafe_compliance,unsafe,beavertails
bt_30k_train_007806,"['hard_refusal', 'unsafe_compliance']",2,hard_refusal + unsafe_compliance,unsafe,beavertails
bt_30k_train_007807,"['hard_refusal', 'unsafe_compliance']",2,hard_refusal + unsafe_compliance,unsafe,beavertails
bt_30k_train_007833,"['hard_refusal', 'unsafe_compliance']",2,hard_refusal + unsafe_compliance,unsafe,beavertails
bt_30k_train_007844,"['hard_refusal', 'unsafe_compliance']",2,hard_refusal + unsafe_compliance,unsafe,beavertails
bt_30k_train_007866,"['hard_refusal', 'unsafe_compliance']",2,hard_refusal + unsafe_compliance,unsafe,beavertails
bt_30k_train_007900,"['hard_refusal', 'unsafe_compliance']",2,hard_refusal + unsafe_compliance,unsafe,beavertails
bt_30k_train_007905,"['hard_refusal', 'unsafe_compliance']",2,hard_refusal + unsafe_compliance,unsafe,beavertails
bt_30k_train_007975,"['hard_refusal', 'unsafe_compliance']",2,hard_refusal + unsafe_compliance,unsafe,beavertails
bt_30k_train_007979,"['hard_refusal', 'unsafe_compliance']",2,hard_refusal + unsafe_compliance,unsafe,beavertails
bt_30k_train_007980,"['hard_refusal', 'unsafe_compliance']",2,hard_refusal + unsafe_compliance,unsafe,beavertails
bt_30k_train_007984,"['hard_refusal', 'unsafe_compliance']",2,hard_refusal + unsafe_compliance,unsafe,beavertails
bt_30k_train_007987,"['hard_refusal', 'unsafe_compliance']",2,hard_refusal + unsafe_compliance,unsafe,beavertails
bt_30k_train_008008,"['hard_refusal', 'unsafe_compliance']",2,hard_refusal + unsafe_compliance,unsafe,beavertails
bt_30k_train_008015,"['hard_refusal', 'unsafe_compliance']",2,hard_refusal + unsafe_compliance,unsafe,beavertails
bt_30k_train_008019,"['hard_refusal', 'unsafe_compliance']",2,hard_refusal + unsafe_compliance,unsafe,beavertails
bt_30k_train_008028,"['hard_refusal', 'unsafe_compliance']",2,hard_refusal + unsafe_compliance,unsafe,beavertails
bt_30k_train_008038,"['hard_refusal', 'unsafe_compliance']",2,hard_refusal + unsafe_compliance,unsafe,beavertails
bt_30k_train_008064,"['hard_refusal', 'unsafe_compliance']",2,hard_refusal + unsafe_compliance,unsafe,beavertails
bt_30k_train_008070,"['hard_refusal', 'unsafe_compliance']",2,hard_refusal + unsafe_compliance,unsafe,beavertails
bt_30k_train_008086,"['hard_refusal', 'unsafe_compliance']",2,hard_refusal + unsafe_compliance,unsafe,beavertails
bt_30k_train_008101,"['hard_refusal', 'unsafe_compliance']",2,hard_refusal + unsafe_compliance,unsafe,beavertails
bt_30k_train_008129,"['hard_refusal', 'unsafe_compliance']",2,hard_refusal + unsafe_compliance,unsafe,beavertails
bt_30k_train_008141,"['hard_refusal', 'unsafe_compliance']",2,hard_refusal + unsafe_compliance,unsafe,beavertails
bt_30k_train_008166,"['hard_refusal', 'unsafe_compliance']",2,hard_refusal + unsafe_compliance,unsafe,beavertails
bt_30k_train_008195,"['hard_refusal', 'unsafe_compliance']",2,hard_refusal + unsafe_compliance,unsafe,beavertails
bt_30k_train_008198,"['hard_refusal', 'unsafe_compliance']",2,hard_refusal + unsafe_compliance,unsafe,beavertails
bt_30k_train_008206,"['hard_refusal', 'unsafe_compliance']",2,hard_refusal + unsafe_compliance,unsafe,beavertails
bt_30k_train_008223,"['hard_refusal', 'unsafe_compliance']",2,hard_refusal + unsafe_compliance,unsafe,beavertails
bt_30k_train_008237,"['hard_refusal', 'unsafe_compliance']",2,hard_refusal + unsafe_compliance,unsafe,beavertails
bt_30k_train_008243,"['hard_refusal', 'unsafe_compliance']",2,hard_refusal + unsafe_compliance,unsafe,beavertails
bt_30k_train_008251,"['hard_refusal', 'unsafe_compliance']",2,hard_refusal + unsafe_compliance,unsafe,beavertails
bt_30k_train_008259,"['hard_refusal', 'unsafe_compliance']",2,hard_refusal + unsafe_compliance,unsafe,beavertails
bt_30k_train_008262,"['hard_refusal', 'unsafe_compliance']",2,hard_refusal + unsafe_compliance,unsafe,beavertails
bt_30k_train_008267,"['hard_refusal', 'unsafe_compliance']",2,hard_refusal + unsafe_compliance,unsafe,beavertails
bt_30k_train_008275,"['hard_refusal', 'unsafe_compliance']",2,hard_refusal + unsafe_compliance,unsafe,beavertails
bt_30k_train_008283,"['hard_refusal', 'unsafe_compliance']",2,hard_refusal + unsafe_compliance,unsafe,beavertails
bt_30k_train_008291,"['hard_refusal', 'unsafe_compliance']",2,hard_refusal + unsafe_compliance,unsafe,beavertails
bt_30k_train_008314,"['hard_refusal', 'unsafe_compliance']",2,hard_refusal + unsafe_compliance,unsafe,beavertails
bt_30k_train_008321,"['hard_refusal', 'unsafe_compliance']",2,hard_refusal + unsafe_compliance,unsafe,beavertails
bt_30k_train_008322,"['hard_refusal', 'unsafe_compliance']",2,hard_refusal + unsafe_compliance,unsafe,beavertails
bt_30k_train_008328,"['hard_refusal', 'unsafe_compliance']",2,hard_refusal + unsafe_compliance,unsafe,beavertails
bt_30k_train_008338,"['hard_refusal', 'unsafe_compliance']",2,hard_refusal + unsafe_compliance,unsafe,beavertails
bt_30k_train_008357,"['hard_refusal', 'unsafe_compliance']",2,hard_refusal + unsafe_compliance,unsafe,beavertails
bt_30k_train_008369,"['hard_refusal', 'unsafe_compliance']",2,hard_refusal + unsafe_compliance,unsafe,beavertails
bt_30k_train_008372,"['hard_refusal', 'unsafe_compliance']",2,hard_refusal + unsafe_compliance,unsafe,beavertails
bt_30k_train_008378,"['hard_refusal', 'unsafe_compliance']",2,hard_refusal + unsafe_compliance,unsafe,beavertails
bt_30k_train_008380,"['hard_refusal', 'unsafe_compliance']",2,hard_refusal + unsafe_compliance,unsafe,beavertails
bt_30k_train_008395,"['hard_refusal', 'unsafe_compliance']",2,hard_refusal + unsafe_compliance,unsafe,beavertails
bt_30k_train_008406,"['hard_refusal', 'unsafe_compliance']",2,hard_refusal + unsafe_compliance,unsafe,beavertails
bt_30k_train_008419,"['hard_refusal', 'unsafe_compliance']",2,hard_refusal + unsafe_compliance,unsafe,beavertails
bt_30k_train_008425,"['hard_refusal', 'unsafe_compliance']",2,hard_refusal + unsafe_compliance,unsafe,beavertails
bt_30k_train_008445,"['hard_refusal', 'unsafe_compliance']",2,hard_refusal + unsafe_compliance,unsafe,beavertails
bt_30k_train_008469,"['hard_refusal', 'unsafe_compliance']",2,hard_refusal + unsafe_compliance,unsafe,beavertails
bt_30k_train_008481,"['hard_refusal', 'unsafe_compliance']",2,hard_refusal + unsafe_compliance,unsafe,beavertails
bt_30k_train_008500,"['hard_refusal', 'unsafe_compliance']",2,hard_refusal + unsafe_compliance,unsafe,beavertails
bt_30k_train_008510,"['hard_refusal', 'unsafe_compliance']",2,hard_refusal + unsafe_compliance,unsafe,beavertails
bt_30k_train_008513,"['hard_refusal', 'unsafe_compliance']",2,hard_refusal + unsafe_compliance,unsafe,beavertails
bt_30k_train_008515,"['hard_refusal', 'unsafe_compliance']",2,hard_refusal + unsafe_compliance,unsafe,beavertails
bt_30k_train_008521,"['hard_refusal', 'unsafe_compliance']",2,hard_refusal + unsafe_compliance,unsafe,beavertails
bt_30k_train_008530,"['hard_refusal', 'unsafe_compliance']",2,hard_refusal + unsafe_compliance,unsafe,beavertails
bt_30k_train_008542,"['hard_refusal', 'unsafe_compliance']",2,hard_refusal + unsafe_compliance,unsafe,beavertails
bt_30k_train_008574,"['hard_refusal', 'unsafe_compliance']",2,hard_refusal + unsafe_compliance,unsafe,beavertails
bt_30k_train_008580,"['hard_refusal', 'unsafe_compliance']",2,hard_refusal + unsafe_compliance,unsafe,beavertails
bt_30k_train_008585,"['hard_refusal', 'unsafe_compliance']",2,hard_refusal + unsafe_compliance,unsafe,beavertails
bt_30k_train_008591,"['hard_refusal', 'unsafe_compliance']",2,hard_refusal + unsafe_compliance,unsafe,beavertails
bt_30k_train_008594,"['hard_refusal', 'unsafe_compliance']",2,hard_refusal + unsafe_compliance,unsafe,beavertails
bt_30k_train_008596,"['hard_refusal', 'unsafe_compliance']",2,hard_refusal + unsafe_compliance,unsafe,beavertails
bt_30k_train_008607,"['hard_refusal', 'unsafe_compliance']",2,hard_refusal + unsafe_compliance,unsafe,beavertails
bt_30k_train_008652,"['hard_refusal', 'unsafe_compliance']",2,hard_refusal + unsafe_compliance,unsafe,beavertails
bt_30k_train_008678,"['hard_refusal', 'unsafe_compliance']",2,hard_refusal + unsafe_compliance,unsafe,beavertails
bt_30k_train_008690,"['hard_refusal', 'unsafe_compliance']",2,hard_refusal + unsafe_compliance,unsafe,beavertails
bt_30k_train_008707,"['hard_refusal', 'unsafe_compliance']",2,hard_refusal + unsafe_compliance,unsafe,beavertails
bt_30k_train_008749,"['hard_refusal', 'unsafe_compliance']",2,hard_refusal + unsafe_compliance,unsafe,beavertails
bt_30k_train_008768,"['hard_refusal', 'unsafe_compliance']",2,hard_refusal + unsafe_compliance,unsafe,beavertails
bt_30k_train_008769,"['hard_refusal', 'unsafe_compliance']",2,hard_refusal + unsafe_compliance,unsafe,beavertails
bt_30k_train_008809,"['hard_refusal', 'unsafe_compliance']",2,hard_refusal + unsafe_compliance,unsafe,beavertails
bt_30k_train_008810,"['hard_refusal', 'unsafe_compliance']",2,hard_refusal + unsafe_compliance,unsafe,beavertails
bt_30k_train_008822,"['hard_refusal', 'unsafe_compliance']",2,hard_refusal + unsafe_compliance,unsafe,beavertails
bt_30k_train_008823,"['hard_refusal', 'unsafe_compliance']",2,hard_refusal + unsafe_compliance,unsafe,beavertails
bt_30k_train_008835,"['hard_refusal', 'unsafe_compliance']",2,hard_refusal + unsafe_compliance,unsafe,beavertails
bt_30k_train_008840,"['hard_refusal', 'unsafe_compliance']",2,hard_refusal + unsafe_compliance,unsafe,beavertails
bt_30k_train_008862,"['hard_refusal', 'unsafe_compliance']",2,hard_refusal + unsafe_compliance,unsafe,beavertails
bt_30k_train_008864,"['hard_refusal', 'unsafe_compliance']",2,hard_refusal + unsafe_compliance,unsafe,beavertails
bt_30k_train_008868,"['hard_refusal', 'unsafe_compliance']",2,hard_refusal + unsafe_compliance,unsafe,beavertails
bt_30k_train_008889,"['hard_refusal', 'unsafe_compliance']",2,hard_refusal + unsafe_compliance,unsafe,beavertails
bt_30k_train_008890,"['hard_refusal', 'unsafe_compliance']",2,hard_refusal + unsafe_compliance,unsafe,beavertails
bt_30k_train_008892,"['hard_refusal', 'unsafe_compliance']",2,hard_refusal + unsafe_compliance,unsafe,beavertails
bt_30k_train_008905,"['hard_refusal', 'unsafe_compliance']",2,hard_refusal + unsafe_compliance,unsafe,beavertails
bt_30k_train_008921,"['hard_refusal', 'unsafe_compliance']",2,hard_refusal + unsafe_compliance,unsafe,beavertails
bt_30k_train_008925,"['hard_refusal', 'unsafe_compliance']",2,hard_refusal + unsafe_compliance,unsafe,beavertails
bt_30k_train_008960,"['hard_refusal', 'unsafe_compliance']",2,hard_refusal + unsafe_compliance,unsafe,beavertails
bt_30k_train_008978,"['hard_refusal', 'unsafe_compliance']",2,hard_refusal + unsafe_compliance,unsafe,beavertails
bt_30k_train_008983,"['hard_refusal', 'unsafe_compliance']",2,hard_refusal + unsafe_compliance,unsafe,beavertails
bt_30k_train_009005,"['hard_refusal', 'unsafe_compliance']",2,hard_refusal + unsafe_compliance,unsafe,beavertails
bt_30k_train_009009,"['hard_refusal', 'unsafe_compliance']",2,hard_refusal + unsafe_compliance,unsafe,beavertails
bt_30k_train_009020,"['hard_refusal', 'unsafe_compliance']",2,hard_refusal + unsafe_compliance,unsafe,beavertails
bt_30k_train_009030,"['hard_refusal', 'unsafe_compliance']",2,hard_refusal + unsafe_compliance,unsafe,beavertails
bt_30k_train_009059,"['hard_refusal', 'unsafe_compliance']",2,hard_refusal + unsafe_compliance,unsafe,beavertails
bt_30k_train_009067,"['hard_refusal', 'unsafe_compliance']",2,hard_refusal + unsafe_compliance,unsafe,beavertails
bt_30k_train_009069,"['hard_refusal', 'unsafe_compliance']",2,hard_refusal + unsafe_compliance,unsafe,beavertails
bt_30k_train_009113,"['hard_refusal', 'unsafe_compliance']",2,hard_refusal + unsafe_compliance,unsafe,beavertails
bt_30k_train_009125,"['hard_refusal', 'unsafe_compliance']",2,hard_refusal + unsafe_compliance,unsafe,beavertails
bt_30k_train_009138,"['hard_refusal', 'unsafe_compliance']",2,hard_refusal + unsafe_compliance,unsafe,beavertails
bt_30k_train_009152,"['hard_refusal', 'unsafe_compliance']",2,hard_refusal + unsafe_compliance,unsafe,beavertails
bt_30k_train_009168,"['hard_refusal', 'unsafe_compliance']",2,hard_refusal + unsafe_compliance,unsafe,beavertails
bt_30k_train_009177,"['hard_refusal', 'unsafe_compliance']",2,hard_refusal + unsafe_compliance,unsafe,beavertails
bt_30k_train_009236,"['hard_refusal', 'unsafe_compliance']",2,hard_refusal + unsafe_compliance,unsafe,beavertails
bt_30k_train_009239,"['hard_refusal', 'unsafe_compliance']",2,hard_refusal + unsafe_compliance,unsafe,beavertails
bt_30k_train_009246,"['hard_refusal', 'unsafe_compliance']",2,hard_refusal + unsafe_compliance,unsafe,beavertails
bt_30k_train_009247,"['hard_refusal', 'unsafe_compliance']",2,hard_refusal + unsafe_compliance,unsafe,beavertails
bt_30k_train_009248,"['hard_refusal', 'unsafe_compliance']",2,hard_refusal + unsafe_compliance,unsafe,beavertails
bt_30k_train_009251,"['hard_refusal', 'unsafe_compliance']",2,hard_refusal + unsafe_compliance,unsafe,beavertails
bt_30k_train_009253,"['hard_refusal', 'unsafe_compliance']",2,hard_refusal + unsafe_compliance,unsafe,beavertails
bt_30k_train_009257,"['hard_refusal', 'unsafe_compliance']",2,hard_refusal + unsafe_compliance,unsafe,beavertails
bt_30k_train_009271,"['hard_refusal', 'unsafe_compliance']",2,hard_refusal + unsafe_compliance,unsafe,beavertails
bt_30k_train_009284,"['hard_refusal', 'unsafe_compliance']",2,hard_refusal + unsafe_compliance,unsafe,beavertails
bt_30k_train_009292,"['hard_refusal', 'unsafe_compliance']",2,hard_refusal + unsafe_compliance,unsafe,beavertails
bt_30k_train_009322,"['hard_refusal', 'unsafe_compliance']",2,hard_refusal + unsafe_compliance,unsafe,beavertails
bt_30k_train_009323,"['hard_refusal', 'unsafe_compliance']",2,hard_refusal + unsafe_compliance,unsafe,beavertails
bt_30k_train_009325,"['hard_refusal', 'unsafe_compliance']",2,hard_refusal + unsafe_compliance,unsafe,beavertails
bt_30k_train_009328,"['hard_refusal', 'unsafe_compliance']",2,hard_refusal + unsafe_compliance,unsafe,beavertails
bt_30k_train_009338,"['hard_refusal', 'unsafe_compliance']",2,hard_refusal + unsafe_compliance,unsafe,beavertails
bt_30k_train_009368,"['hard_refusal', 'unsafe_compliance']",2,hard_refusal + unsafe_compliance,unsafe,beavertails
bt_30k_train_009393,"['hard_refusal', 'unsafe_compliance']",2,hard_refusal + unsafe_compliance,unsafe,beavertails
bt_30k_train_009396,"['hard_refusal', 'unsafe_compliance']",2,hard_refusal + unsafe_compliance,unsafe,beavertails
bt_30k_train_009406,"['hard_refusal', 'unsafe_compliance']",2,hard_refusal + unsafe_compliance,unsafe,beavertails
bt_30k_train_009411,"['hard_refusal', 'unsafe_compliance']",2,hard_refusal + unsafe_compliance,unsafe,beavertails
bt_30k_train_009415,"['hard_refusal', 'unsafe_compliance']",2,hard_refusal + unsafe_compliance,unsafe,beavertails
bt_30k_train_009426,"['hard_refusal', 'unsafe_compliance']",2,hard_refusal + unsafe_compliance,unsafe,beavertails
bt_30k_train_009427,"['hard_refusal', 'unsafe_compliance']",2,hard_refusal + unsafe_compliance,unsafe,beavertails
bt_30k_train_009473,"['hard_refusal', 'unsafe_compliance']",2,hard_refusal + unsafe_compliance,unsafe,beavertails
bt_30k_train_009502,"['hard_refusal', 'unsafe_compliance']",2,hard_refusal + unsafe_compliance,unsafe,beavertails
bt_30k_train_009512,"['hard_refusal', 'unsafe_compliance']",2,hard_refusal + unsafe_compliance,unsafe,beavertails
bt_30k_train_009523,"['hard_refusal', 'unsafe_compliance']",2,hard_refusal + unsafe_compliance,unsafe,beavertails
bt_30k_train_009534,"['hard_refusal', 'unsafe_compliance']",2,hard_refusal + unsafe_compliance,unsafe,beavertails
bt_30k_train_009569,"['hard_refusal', 'unsafe_compliance']",2,hard_refusal + unsafe_compliance,unsafe,beavertails
bt_30k_train_009573,"['hard_refusal', 'unsafe_compliance']",2,hard_refusal + unsafe_compliance,unsafe,beavertails
bt_30k_train_009583,"['hard_refusal', 'unsafe_compliance']",2,hard_refusal + unsafe_compliance,unsafe,beavertails
bt_30k_train_009619,"['hard_refusal', 'unsafe_compliance']",2,hard_refusal + unsafe_compliance,unsafe,beavertails
bt_30k_train_009630,"['hard_refusal', 'unsafe_compliance']",2,hard_refusal + unsafe_compliance,unsafe,beavertails
bt_30k_train_009644,"['hard_refusal', 'unsafe_compliance']",2,hard_refusal + unsafe_compliance,unsafe,beavertails
bt_30k_train_009654,"['hard_refusal', 'unsafe_compliance']",2,hard_refusal + unsafe_compliance,unsafe,beavertails
bt_30k_train_009657,"['hard_refusal', 'unsafe_compliance']",2,hard_refusal + unsafe_compliance,unsafe,beavertails
bt_30k_train_009670,"['hard_refusal', 'unsafe_compliance']",2,hard_refusal + unsafe_compliance,unsafe,beavertails
bt_30k_train_009676,"['hard_refusal', 'unsafe_compliance']",2,hard_refusal + unsafe_compliance,unsafe,beavertails
bt_30k_train_009693,"['hard_refusal', 'unsafe_compliance']",2,hard_refusal + unsafe_compliance,unsafe,beavertails
bt_30k_train_009696,"['hard_refusal', 'unsafe_compliance']",2,hard_refusal + unsafe_compliance,unsafe,beavertails
bt_30k_train_009700,"['hard_refusal', 'unsafe_compliance']",2,hard_refusal + unsafe_compliance,unsafe,beavertails
bt_30k_train_009702,"['hard_refusal', 'unsafe_compliance']",2,hard_refusal + unsafe_compliance,unsafe,beavertails
bt_30k_train_009724,"['hard_refusal', 'unsafe_compliance']",2,hard_refusal + unsafe_compliance,unsafe,beavertails
bt_30k_train_009726,"['hard_refusal', 'unsafe_compliance']",2,hard_refusal + unsafe_compliance,unsafe,beavertails
bt_30k_train_009733,"['hard_refusal', 'unsafe_compliance']",2,hard_refusal + unsafe_compliance,unsafe,beavertails
bt_30k_train_009740,"['hard_refusal', 'unsafe_compliance']",2,hard_refusal + unsafe_compliance,unsafe,beavertails
bt_30k_train_009743,"['hard_refusal', 'unsafe_compliance']",2,hard_refusal + unsafe_compliance,unsafe,beavertails
bt_30k_train_009766,['hard_refusal'],1,hard_refusal,unsafe,beavertails
bt_30k_train_009801,"['hard_refusal', 'unsafe_compliance']",2,hard_refusal + unsafe_compliance,unsafe,beavertails
bt_30k_train_009820,"['hard_refusal', 'unsafe_compliance']",2,hard_refusal + unsafe_compliance,unsafe,beavertails
bt_30k_train_009825,"['hard_refusal', 'unsafe_compliance']",2,hard_refusal + unsafe_compliance,unsafe,beavertails
bt_30k_train_009827,"['hard_refusal', 'unsafe_compliance']",2,hard_refusal + unsafe_compliance,unsafe,beavertails
bt_30k_train_009828,"['hard_refusal', 'unsafe_compliance']",2,hard_refusal + unsafe_compliance,unsafe,beavertails
bt_30k_train_009831,"['hard_refusal', 'unsafe_compliance']",2,hard_refusal + unsafe_compliance,unsafe,beavertails
bt_30k_train_009882,"['hard_refusal', 'unsafe_compliance']",2,hard_refusal + unsafe_compliance,unsafe,beavertails
bt_30k_train_009885,"['hard_refusal', 'unsafe_compliance']",2,hard_refusal + unsafe_compliance,unsafe,beavertails
bt_30k_train_009889,"['hard_refusal', 'unsafe_compliance']",2,hard_refusal + unsafe_compliance,unsafe,beavertails
bt_30k_train_009941,"['hard_refusal', 'unsafe_compliance']",2,hard_refusal + unsafe_compliance,unsafe,beavertails
bt_30k_train_009969,"['hard_refusal', 'unsafe_compliance']",2,hard_refusal + unsafe_compliance,unsafe,beavertails
bt_30k_train_009984,"['hard_refusal', 'unsafe_compliance']",2,hard_refusal + unsafe_compliance,unsafe,beavertails
bt_30k_train_010000,"['hard_refusal', 'unsafe_compliance']",2,hard_refusal + unsafe_compliance,unsafe,beavertails
bt_30k_train_010011,"['hard_refusal', 'unsafe_compliance']",2,hard_refusal + unsafe_compliance,unsafe,beavertails
bt_30k_train_010031,"['hard_refusal', 'unsafe_compliance']",2,hard_refusal + unsafe_compliance,unsafe,beavertails
bt_30k_train_010055,"['hard_refusal', 'unsafe_compliance']",2,hard_refusal + unsafe_compliance,unsafe,beavertails
bt_30k_train_010056,"['hard_refusal', 'unsafe_compliance']",2,hard_refusal + unsafe_compliance,unsafe,beavertails
bt_30k_train_010090,"['hard_refusal', 'unsafe_compliance']",2,hard_refusal + unsafe_compliance,unsafe,beavertails
bt_30k_train_010104,"['hard_refusal', 'unsafe_compliance']",2,hard_refusal + unsafe_compliance,unsafe,beavertails
bt_30k_train_010115,"['hard_refusal', 'unsafe_compliance']",2,hard_refusal + unsafe_compliance,unsafe,beavertails
bt_30k_train_010118,"['hard_refusal', 'unsafe_compliance']",2,hard_refusal + unsafe_compliance,unsafe,beavertails
bt_30k_train_010129,"['hard_refusal', 'unsafe_compliance']",2,hard_refusal + unsafe_compliance,unsafe,beavertails
bt_30k_train_010157,"['hard_refusal', 'unsafe_compliance']",2,hard_refusal + unsafe_compliance,unsafe,beavertails
bt_30k_train_010169,"['hard_refusal', 'unsafe_compliance']",2,hard_refusal + unsafe_compliance,unsafe,beavertails
bt_30k_train_010181,"['hard_refusal', 'unsafe_compliance']",2,hard_refusal + unsafe_compliance,unsafe,beavertails
bt_30k_train_010185,"['hard_refusal', 'unsafe_compliance']",2,hard_refusal + unsafe_compliance,unsafe,beavertails
bt_30k_train_010237,"['hard_refusal', 'unsafe_compliance']",2,hard_refusal + unsafe_compliance,unsafe,beavertails
bt_30k_train_010244,"['hard_refusal', 'unsafe_compliance']",2,hard_refusal + unsafe_compliance,unsafe,beavertails
bt_30k_train_010247,"['hard_refusal', 'unsafe_compliance']",2,hard_refusal + unsafe_compliance,unsafe,beavertails
bt_30k_train_010256,"['hard_refusal', 'unsafe_compliance']",2,hard_refusal + unsafe_compliance,unsafe,beavertails
bt_30k_train_010290,"['hard_refusal', 'unsafe_compliance']",2,hard_refusal + unsafe_compliance,unsafe,beavertails
bt_30k_train_010292,"['hard_refusal', 'unsafe_compliance']",2,hard_refusal + unsafe_compliance,unsafe,beavertails
bt_30k_train_010303,"['hard_refusal', 'unsafe_compliance']",2,hard_refusal + unsafe_compliance,unsafe,beavertails
bt_30k_train_010315,"['hard_refusal', 'unsafe_compliance']",2,hard_refusal + unsafe_compliance,unsafe,beavertails
bt_30k_train_010326,"['hard_refusal', 'unsafe_compliance']",2,hard_refusal + unsafe_compliance,unsafe,beavertails
bt_30k_train_010344,"['hard_refusal', 'unsafe_compliance']",2,hard_refusal + unsafe_compliance,unsafe,beavertails
bt_30k_train_010425,"['hard_refusal', 'unsafe_compliance']",2,hard_refusal + unsafe_compliance,unsafe,beavertails
bt_30k_train_010429,"['hard_refusal', 'unsafe_compliance']",2,hard_refusal + unsafe_compliance,unsafe,beavertails
bt_30k_train_010436,"['hard_refusal', 'unsafe_compliance']",2,hard_refusal + unsafe_compliance,unsafe,beavertails
bt_30k_train_010454,"['hard_refusal', 'unsafe_compliance']",2,hard_refusal + unsafe_compliance,unsafe,beavertails
bt_30k_train_010481,"['hard_refusal', 'unsafe_compliance']",2,hard_refusal + unsafe_compliance,unsafe,beavertails
bt_30k_train_010490,"['hard_refusal', 'unsafe_compliance']",2,hard_refusal + unsafe_compliance,unsafe,beavertails
bt_30k_train_010500,"['hard_refusal', 'unsafe_compliance']",2,hard_refusal + unsafe_compliance,unsafe,beavertails
bt_30k_train_010530,"['hard_refusal', 'unsafe_compliance']",2,hard_refusal + unsafe_compliance,unsafe,beavertails
bt_30k_train_010547,"['hard_refusal', 'unsafe_compliance']",2,hard_refusal + unsafe_compliance,unsafe,beavertails
bt_30k_train_010553,"['hard_refusal', 'unsafe_compliance']",2,hard_refusal + unsafe_compliance,unsafe,beavertails
bt_30k_train_010569,"['hard_refusal', 'unsafe_compliance']",2,hard_refusal + unsafe_compliance,unsafe,beavertails
bt_30k_train_010596,"['hard_refusal', 'unsafe_compliance']",2,hard_refusal + unsafe_compliance,unsafe,beavertails
bt_30k_train_010617,"['hard_refusal', 'unsafe_compliance']",2,hard_refusal + unsafe_compliance,unsafe,beavertails
bt_30k_train_010633,"['hard_refusal', 'unsafe_compliance']",2,hard_refusal + unsafe_compliance,unsafe,beavertails
bt_30k_train_010641,"['hard_refusal', 'unsafe_compliance']",2,hard_refusal + unsafe_compliance,unsafe,beavertails
bt_30k_train_010653,"['hard_refusal', 'unsafe_compliance']",2,hard_refusal + unsafe_compliance,unsafe,beavertails
bt_30k_train_010661,"['hard_refusal', 'unsafe_compliance']",2,hard_refusal + unsafe_compliance,unsafe,beavertails
bt_30k_train_010704,"['hard_refusal', 'unsafe_compliance']",2,hard_refusal + unsafe_compliance,unsafe,beavertails
bt_30k_train_010719,"['hard_refusal', 'unsafe_compliance']",2,hard_refusal + unsafe_compliance,unsafe,beavertails
bt_30k_train_010730,"['hard_refusal', 'unsafe_compliance']",2,hard_refusal + unsafe_compliance,unsafe,beavertails
bt_30k_train_010741,"['hard_refusal', 'unsafe_compliance']",2,hard_refusal + unsafe_compliance,unsafe,beavertails
bt_30k_train_010751,"['hard_refusal', 'unsafe_compliance']",2,hard_refusal + unsafe_compliance,unsafe,beavertails
bt_30k_train_010800,"['hard_refusal', 'unsafe_compliance']",2,hard_refusal + unsafe_compliance,unsafe,beavertails
bt_30k_train_010818,"['hard_refusal', 'unsafe_compliance']",2,hard_refusal + unsafe_compliance,unsafe,beavertails
bt_30k_train_010819,"['hard_refusal', 'unsafe_compliance']",2,hard_refusal + unsafe_compliance,unsafe,beavertails
bt_30k_train_010850,"['hard_refusal', 'unsafe_compliance']",2,hard_refusal + unsafe_compliance,unsafe,beavertails
bt_30k_train_010851,"['hard_refusal', 'unsafe_compliance']",2,hard_refusal + unsafe_compliance,unsafe,beavertails
bt_30k_train_010861,"['hard_refusal', 'unsafe_compliance']",2,hard_refusal + unsafe_compliance,unsafe,beavertails
bt_30k_train_010900,"['hard_refusal', 'unsafe_compliance']",2,hard_refusal + unsafe_compliance,unsafe,beavertails
bt_30k_train_010914,"['hard_refusal', 'unsafe_compliance']",2,hard_refusal + unsafe_compliance,unsafe,beavertails
bt_30k_train_010943,"['hard_refusal', 'unsafe_compliance']",2,hard_refusal + unsafe_compliance,unsafe,beavertails
bt_30k_train_010946,"['hard_refusal', 'unsafe_compliance']",2,hard_refusal + unsafe_compliance,unsafe,beavertails
bt_30k_train_010995,"['hard_refusal', 'unsafe_compliance']",2,hard_refusal + unsafe_compliance,unsafe,beavertails
bt_30k_train_011023,"['hard_refusal', 'unsafe_compliance']",2,hard_refusal + unsafe_compliance,unsafe,beavertails
bt_30k_train_011036,"['hard_refusal', 'unsafe_compliance']",2,hard_refusal + unsafe_compliance,unsafe,beavertails
bt_30k_train_011047,['hard_refusal'],1,hard_refusal,unsafe,beavertails
bt_30k_train_011082,"['hard_refusal', 'unsafe_compliance']",2,hard_refusal + unsafe_compliance,unsafe,beavertails
bt_30k_train_011088,"['hard_refusal', 'unsafe_compliance']",2,hard_refusal + unsafe_compliance,unsafe,beavertails
bt_30k_train_011101,"['hard_refusal', 'unsafe_compliance']",2,hard_refusal + unsafe_compliance,unsafe,beavertails
bt_30k_train_011115,"['hard_refusal', 'unsafe_compliance']",2,hard_refusal + unsafe_compliance,unsafe,beavertails
bt_30k_train_011126,"['hard_refusal', 'unsafe_compliance']",2,hard_refusal + unsafe_compliance,unsafe,beavertails
bt_30k_train_011144,"['hard_refusal', 'unsafe_compliance']",2,hard_refusal + unsafe_compliance,unsafe,beavertails
bt_30k_train_011189,"['hard_refusal', 'unsafe_compliance']",2,hard_refusal + unsafe_compliance,unsafe,beavertails
bt_30k_train_011205,"['hard_refusal', 'unsafe_compliance']",2,hard_refusal + unsafe_compliance,unsafe,beavertails
bt_30k_train_011208,"['hard_refusal', 'unsafe_compliance']",2,hard_refusal + unsafe_compliance,unsafe,beavertails
bt_30k_train_011220,"['hard_refusal', 'unsafe_compliance']",2,hard_refusal + unsafe_compliance,unsafe,beavertails
bt_30k_train_011223,"['hard_refusal', 'unsafe_compliance']",2,hard_refusal + unsafe_compliance,unsafe,beavertails
bt_30k_train_011234,"['hard_refusal', 'unsafe_compliance']",2,hard_refusal + unsafe_compliance,unsafe,beavertails
bt_30k_train_011267,"['hard_refusal', 'unsafe_compliance']",2,hard_refusal + unsafe_compliance,unsafe,beavertails
bt_30k_train_011273,"['hard_refusal', 'unsafe_compliance']",2,hard_refusal + unsafe_compliance,unsafe,beavertails
bt_30k_train_011304,"['hard_refusal', 'unsafe_compliance']",2,hard_refusal + unsafe_compliance,unsafe,beavertails
bt_30k_train_011332,"['hard_refusal', 'unsafe_compliance']",2,hard_refusal + unsafe_compliance,unsafe,beavertails
bt_30k_train_011333,"['hard_refusal', 'unsafe_compliance']",2,hard_refusal + unsafe_compliance,unsafe,beavertails
bt_30k_train_011361,"['hard_refusal', 'unsafe_compliance']",2,hard_refusal + unsafe_compliance,unsafe,beavertails
bt_30k_train_011368,"['hard_refusal', 'unsafe_compliance']",2,hard_refusal + unsafe_compliance,unsafe,beavertails
bt_30k_train_011388,"['hard_refusal', 'unsafe_compliance']",2,hard_refusal + unsafe_compliance,unsafe,beavertails
bt_30k_train_011390,"['hard_refusal', 'unsafe_compliance']",2,hard_refusal + unsafe_compliance,unsafe,beavertails
bt_30k_train_011393,"['hard_refusal', 'unsafe_compliance']",2,hard_refusal + unsafe_compliance,unsafe,beavertails
bt_30k_train_011405,"['hard_refusal', 'unsafe_compliance']",2,hard_refusal + unsafe_compliance,unsafe,beavertails
bt_30k_train_011424,"['hard_refusal', 'unsafe_compliance']",2,hard_refusal + unsafe_compliance,unsafe,beavertails
bt_30k_train_011430,"['hard_refusal', 'unsafe_compliance']",2,hard_refusal + unsafe_compliance,unsafe,beavertails
bt_30k_train_011432,"['hard_refusal', 'unsafe_compliance']",2,hard_refusal + unsafe_compliance,unsafe,beavertails
bt_30k_train_011464,"['hard_refusal', 'unsafe_compliance']",2,hard_refusal + unsafe_compliance,unsafe,beavertails
bt_30k_train_011465,"['hard_refusal', 'unsafe_compliance']",2,hard_refusal + unsafe_compliance,unsafe,beavertails
bt_30k_train_011466,"['hard_refusal', 'unsafe_compliance']",2,hard_refusal + unsafe_compliance,unsafe,beavertails
bt_30k_train_011473,"['hard_refusal', 'unsafe_compliance']",2,hard_refusal + unsafe_compliance,unsafe,beavertails
bt_30k_train_011478,"['hard_refusal', 'unsafe_compliance']",2,hard_refusal + unsafe_compliance,unsafe,beavertails
bt_30k_train_011483,"['hard_refusal', 'unsafe_compliance']",2,hard_refusal + unsafe_compliance,unsafe,beavertails
bt_30k_train_011485,"['hard_refusal', 'unsafe_compliance']",2,hard_refusal + unsafe_compliance,unsafe,beavertails
bt_30k_train_011508,"['hard_refusal', 'unsafe_compliance']",2,hard_refusal + unsafe_compliance,unsafe,beavertails
bt_30k_train_011510,"['hard_refusal', 'unsafe_compliance']",2,hard_refusal + unsafe_compliance,unsafe,beavertails
bt_30k_train_011527,"['hard_refusal', 'unsafe_compliance']",2,hard_refusal + unsafe_compliance,unsafe,beavertails
bt_30k_train_011533,"['hard_refusal', 'unsafe_compliance']",2,hard_refusal + unsafe_compliance,unsafe,beavertails
bt_30k_train_011545,"['hard_refusal', 'unsafe_compliance']",2,hard_refusal + unsafe_compliance,unsafe,beavertails
bt_30k_train_011551,"['hard_refusal', 'unsafe_compliance']",2,hard_refusal + unsafe_compliance,unsafe,beavertails
bt_30k_train_011565,"['hard_refusal', 'unsafe_compliance']",2,hard_refusal + unsafe_compliance,unsafe,beavertails
bt_30k_train_011569,"['hard_refusal', 'unsafe_compliance']",2,hard_refusal + unsafe_compliance,unsafe,beavertails
bt_30k_train_011570,"['hard_refusal', 'unsafe_compliance']",2,hard_refusal + unsafe_compliance,unsafe,beavertails
bt_30k_train_011584,"['hard_refusal', 'unsafe_compliance']",2,hard_refusal + unsafe_compliance,unsafe,beavertails
bt_30k_train_011587,"['hard_refusal', 'unsafe_compliance']",2,hard_refusal + unsafe_compliance,unsafe,beavertails
bt_30k_train_011601,"['hard_refusal', 'unsafe_compliance']",2,hard_refusal + unsafe_compliance,unsafe,beavertails
bt_30k_train_011611,"['hard_refusal', 'unsafe_compliance']",2,hard_refusal + unsafe_compliance,unsafe,beavertails
bt_30k_train_011617,"['hard_refusal', 'unsafe_compliance']",2,hard_refusal + unsafe_compliance,unsafe,beavertails
bt_30k_train_011626,"['hard_refusal', 'unsafe_compliance']",2,hard_refusal + unsafe_compliance,unsafe,beavertails
bt_30k_train_011628,"['hard_refusal', 'unsafe_compliance']",2,hard_refusal + unsafe_compliance,unsafe,beavertails
bt_30k_train_011632,"['hard_refusal', 'unsafe_compliance']",2,hard_refusal + unsafe_compliance,unsafe,beavertails
bt_30k_train_011642,"['hard_refusal', 'unsafe_compliance']",2,hard_refusal + unsafe_compliance,unsafe,beavertails
bt_30k_train_011645,"['hard_refusal', 'unsafe_compliance']",2,hard_refusal + unsafe_compliance,unsafe,beavertails
bt_30k_train_011652,"['hard_refusal', 'unsafe_compliance']",2,hard_refusal + unsafe_compliance,unsafe,beavertails
bt_30k_train_011671,"['hard_refusal', 'unsafe_compliance']",2,hard_refusal + unsafe_compliance,unsafe,beavertails
bt_30k_train_011699,"['hard_refusal', 'unsafe_compliance']",2,hard_refusal + unsafe_compliance,unsafe,beavertails
bt_30k_train_011710,"['hard_refusal', 'unsafe_compliance']",2,hard_refusal + unsafe_compliance,unsafe,beavertails
bt_30k_train_011725,"['hard_refusal', 'unsafe_compliance']",2,hard_refusal + unsafe_compliance,unsafe,beavertails
bt_30k_train_011729,"['hard_refusal', 'unsafe_compliance']",2,hard_refusal + unsafe_compliance,unsafe,beavertails
bt_30k_train_011731,"['hard_refusal', 'unsafe_compliance']",2,hard_refusal + unsafe_compliance,unsafe,beavertails
bt_30k_train_011735,"['hard_refusal', 'unsafe_compliance']",2,hard_refusal + unsafe_compliance,unsafe,beavertails
bt_30k_train_011753,"['hard_refusal', 'unsafe_compliance']",2,hard_refusal + unsafe_compliance,unsafe,beavertails
bt_30k_train_011771,"['hard_refusal', 'unsafe_compliance']",2,hard_refusal + unsafe_compliance,unsafe,beavertails
bt_30k_train_011780,"['hard_refusal', 'unsafe_compliance']",2,hard_refusal + unsafe_compliance,unsafe,beavertails
bt_30k_train_011790,"['hard_refusal', 'unsafe_compliance']",2,hard_refusal + unsafe_compliance,unsafe,beavertails
bt_30k_train_011797,"['hard_refusal', 'unsafe_compliance']",2,hard_refusal + unsafe_compliance,unsafe,beavertails
bt_30k_train_011798,"['hard_refusal', 'unsafe_compliance']",2,hard_refusal + unsafe_compliance,unsafe,beavertails
bt_30k_train_011817,"['hard_refusal', 'unsafe_compliance']",2,hard_refusal + unsafe_compliance,unsafe,beavertails
bt_30k_train_011845,"['hard_refusal', 'unsafe_compliance']",2,hard_refusal + unsafe_compliance,unsafe,beavertails
bt_30k_train_011878,"['hard_refusal', 'unsafe_compliance']",2,hard_refusal + unsafe_compliance,unsafe,beavertails
bt_30k_train_011916,"['hard_refusal', 'unsafe_compliance']",2,hard_refusal + unsafe_compliance,unsafe,beavertails
bt_30k_train_011926,"['hard_refusal', 'unsafe_compliance']",2,hard_refusal + unsafe_compliance,unsafe,beavertails
bt_30k_train_011962,"['hard_refusal', 'unsafe_compliance']",2,hard_refusal + unsafe_compliance,unsafe,beavertails
bt_30k_train_011965,"['hard_refusal', 'unsafe_compliance']",2,hard_refusal + unsafe_compliance,unsafe,beavertails
bt_30k_train_011982,"['hard_refusal', 'unsafe_compliance']",2,hard_refusal + unsafe_compliance,unsafe,beavertails
bt_30k_train_011984,"['hard_refusal', 'unsafe_compliance']",2,hard_refusal + unsafe_compliance,unsafe,beavertails
bt_30k_train_011989,"['hard_refusal', 'unsafe_compliance']",2,hard_refusal + unsafe_compliance,unsafe,beavertails
bt_30k_train_011990,"['hard_refusal', 'unsafe_compliance']",2,hard_refusal + unsafe_compliance,unsafe,beavertails
bt_30k_train_012011,"['hard_refusal', 'unsafe_compliance']",2,hard_refusal + unsafe_compliance,unsafe,beavertails
bt_30k_train_012017,"['hard_refusal', 'unsafe_compliance']",2,hard_refusal + unsafe_compliance,unsafe,beavertails
bt_30k_train_012019,"['hard_refusal', 'unsafe_compliance']",2,hard_refusal + unsafe_compliance,unsafe,beavertails
bt_30k_train_012055,"['hard_refusal', 'unsafe_compliance']",2,hard_refusal + unsafe_compliance,unsafe,beavertails
bt_30k_train_012081,"['hard_refusal', 'unsafe_compliance']",2,hard_refusal + unsafe_compliance,unsafe,beavertails
bt_30k_train_012090,"['hard_refusal', 'unsafe_compliance']",2,hard_refusal + unsafe_compliance,unsafe,beavertails
bt_30k_train_012112,"['hard_refusal', 'unsafe_compliance']",2,hard_refusal + unsafe_compliance,unsafe,beavertails
bt_30k_train_012135,"['hard_refusal', 'unsafe_compliance']",2,hard_refusal + unsafe_compliance,unsafe,beavertails
bt_30k_train_012141,"['hard_refusal', 'unsafe_compliance']",2,hard_refusal + unsafe_compliance,unsafe,beavertails
bt_30k_train_012154,['hard_refusal'],1,hard_refusal,unsafe,beavertails
bt_30k_train_012176,"['hard_refusal', 'unsafe_compliance']",2,hard_refusal + unsafe_compliance,unsafe,beavertails
bt_30k_train_012181,"['hard_refusal', 'unsafe_compliance']",2,hard_refusal + unsafe_compliance,unsafe,beavertails
bt_30k_train_012195,"['hard_refusal', 'unsafe_compliance']",2,hard_refusal + unsafe_compliance,unsafe,beavertails
bt_30k_train_012198,"['hard_refusal', 'unsafe_compliance']",2,hard_refusal + unsafe_compliance,unsafe,beavertails
bt_30k_train_012217,"['hard_refusal', 'unsafe_compliance']",2,hard_refusal + unsafe_compliance,unsafe,beavertails
bt_30k_train_012228,"['hard_refusal', 'unsafe_compliance']",2,hard_refusal + unsafe_compliance,unsafe,beavertails
bt_30k_train_012239,"['hard_refusal', 'unsafe_compliance']",2,hard_refusal + unsafe_compliance,unsafe,beavertails
bt_30k_train_012240,"['hard_refusal', 'unsafe_compliance']",2,hard_refusal + unsafe_compliance,unsafe,beavertails
bt_30k_train_012266,"['hard_refusal', 'unsafe_compliance']",2,hard_refusal + unsafe_compliance,unsafe,beavertails
bt_30k_train_012281,"['hard_refusal', 'unsafe_compliance']",2,hard_refusal + unsafe_compliance,unsafe,beavertails
bt_30k_train_012285,"['hard_refusal', 'unsafe_compliance']",2,hard_refusal + unsafe_compliance,unsafe,beavertails
bt_30k_train_012287,"['hard_refusal', 'unsafe_compliance']",2,hard_refusal + unsafe_compliance,unsafe,beavertails
bt_30k_train_012299,"['hard_refusal', 'unsafe_compliance']",2,hard_refusal + unsafe_compliance,unsafe,beavertails
bt_30k_train_012308,"['hard_refusal', 'unsafe_compliance']",2,hard_refusal + unsafe_compliance,unsafe,beavertails
bt_30k_train_012314,"['hard_refusal', 'unsafe_compliance']",2,hard_refusal + unsafe_compliance,unsafe,beavertails
bt_30k_train_012315,"['hard_refusal', 'unsafe_compliance']",2,hard_refusal + unsafe_compliance,unsafe,beavertails
bt_30k_train_012318,"['hard_refusal', 'unsafe_compliance']",2,hard_refusal + unsafe_compliance,unsafe,beavertails
bt_30k_train_012323,"['hard_refusal', 'unsafe_compliance']",2,hard_refusal + unsafe_compliance,unsafe,beavertails
bt_30k_train_012344,"['hard_refusal', 'unsafe_compliance']",2,hard_refusal + unsafe_compliance,unsafe,beavertails
bt_30k_train_012367,"['hard_refusal', 'unsafe_compliance']",2,hard_refusal + unsafe_compliance,unsafe,beavertails
bt_30k_train_012369,"['hard_refusal', 'unsafe_compliance']",2,hard_refusal + unsafe_compliance,unsafe,beavertails
bt_30k_train_012379,"['hard_refusal', 'unsafe_compliance']",2,hard_refusal + unsafe_compliance,unsafe,beavertails
bt_30k_train_012427,"['hard_refusal', 'unsafe_compliance']",2,hard_refusal + unsafe_compliance,unsafe,beavertails
bt_30k_train_012430,"['hard_refusal', 'unsafe_compliance']",2,hard_refusal + unsafe_compliance,unsafe,beavertails
bt_30k_train_012444,"['hard_refusal', 'unsafe_compliance']",2,hard_refusal + unsafe_compliance,unsafe,beavertails
bt_30k_train_012446,"['hard_refusal', 'unsafe_compliance']",2,hard_refusal + unsafe_compliance,unsafe,beavertails
bt_30k_train_012474,"['hard_refusal', 'unsafe_compliance']",2,hard_refusal + unsafe_compliance,unsafe,beavertails
bt_30k_train_012479,"['hard_refusal', 'unsafe_compliance']",2,hard_refusal + unsafe_compliance,unsafe,beavertails
bt_30k_train_012486,['hard_refusal'],1,hard_refusal,unsafe,beavertails
bt_30k_train_012496,"['hard_refusal', 'unsafe_compliance']",2,hard_refusal + unsafe_compliance,unsafe,beavertails
bt_30k_train_012497,"['hard_refusal', 'unsafe_compliance']",2,hard_refusal + unsafe_compliance,unsafe,beavertails
bt_30k_train_012500,"['hard_refusal', 'unsafe_compliance']",2,hard_refusal + unsafe_compliance,unsafe,beavertails
bt_30k_train_012506,"['hard_refusal', 'unsafe_compliance']",2,hard_refusal + unsafe_compliance,unsafe,beavertails
bt_30k_train_012523,"['hard_refusal', 'unsafe_compliance']",2,hard_refusal + unsafe_compliance,unsafe,beavertails
bt_30k_train_012525,"['hard_refusal', 'unsafe_compliance']",2,hard_refusal + unsafe_compliance,unsafe,beavertails
bt_30k_train_012547,"['hard_refusal', 'unsafe_compliance']",2,hard_refusal + unsafe_compliance,unsafe,beavertails
bt_30k_train_012579,"['hard_refusal', 'unsafe_compliance']",2,hard_refusal + unsafe_compliance,unsafe,beavertails
bt_30k_train_012588,"['hard_refusal', 'unsafe_compliance']",2,hard_refusal + unsafe_compliance,unsafe,beavertails
bt_30k_train_012594,"['hard_refusal', 'unsafe_compliance']",2,hard_refusal + unsafe_compliance,unsafe,beavertails
bt_30k_train_012602,"['hard_refusal', 'unsafe_compliance']",2,hard_refusal + unsafe_compliance,unsafe,beavertails
bt_30k_train_012616,"['hard_refusal', 'unsafe_compliance']",2,hard_refusal + unsafe_compliance,unsafe,beavertails
bt_30k_train_012636,"['hard_refusal', 'unsafe_compliance']",2,hard_refusal + unsafe_compliance,unsafe,beavertails
bt_30k_train_012659,"['hard_refusal', 'unsafe_compliance']",2,hard_refusal + unsafe_compliance,unsafe,beavertails
bt_30k_train_012681,"['hard_refusal', 'unsafe_compliance']",2,hard_refusal + unsafe_compliance,unsafe,beavertails
bt_30k_train_012699,"['hard_refusal', 'unsafe_compliance']",2,hard_refusal + unsafe_compliance,unsafe,beavertails
bt_30k_train_012700,"['hard_refusal', 'unsafe_compliance']",2,hard_refusal + unsafe_compliance,unsafe,beavertails
bt_30k_train_012734,"['hard_refusal', 'unsafe_compliance']",2,hard_refusal + unsafe_compliance,unsafe,beavertails
bt_30k_train_012742,"['hard_refusal', 'unsafe_compliance']",2,hard_refusal + unsafe_compliance,unsafe,beavertails
bt_30k_train_012759,"['hard_refusal', 'unsafe_compliance']",2,hard_refusal + unsafe_compliance,unsafe,beavertails
bt_30k_train_012790,"['hard_refusal', 'unsafe_compliance']",2,hard_refusal + unsafe_compliance,unsafe,beavertails
bt_30k_train_012848,"['hard_refusal', 'unsafe_compliance']",2,hard_refusal + unsafe_compliance,unsafe,beavertails
bt_30k_train_012858,"['hard_refusal', 'unsafe_compliance']",2,hard_refusal + unsafe_compliance,unsafe,beavertails
bt_30k_train_012864,"['hard_refusal', 'unsafe_compliance']",2,hard_refusal + unsafe_compliance,unsafe,beavertails
bt_30k_train_012874,"['hard_refusal', 'unsafe_compliance']",2,hard_refusal + unsafe_compliance,unsafe,beavertails
bt_30k_train_012883,"['hard_refusal', 'unsafe_compliance']",2,hard_refusal + unsafe_compliance,unsafe,beavertails
bt_30k_train_012896,"['hard_refusal', 'unsafe_compliance']",2,hard_refusal + unsafe_compliance,unsafe,beavertails
bt_30k_train_012905,"['hard_refusal', 'unsafe_compliance']",2,hard_refusal + unsafe_compliance,unsafe,beavertails
bt_30k_train_012954,"['hard_refusal', 'unsafe_compliance']",2,hard_refusal + unsafe_compliance,unsafe,beavertails
bt_30k_train_012974,"['hard_refusal', 'unsafe_compliance']",2,hard_refusal + unsafe_compliance,unsafe,beavertails
bt_30k_train_012993,"['hard_refusal', 'unsafe_compliance']",2,hard_refusal + unsafe_compliance,unsafe,beavertails
bt_30k_train_012996,"['hard_refusal', 'unsafe_compliance']",2,hard_refusal + unsafe_compliance,unsafe,beavertails
bt_30k_train_013000,"['hard_refusal', 'unsafe_compliance']",2,hard_refusal + unsafe_compliance,unsafe,beavertails
bt_30k_train_013042,"['hard_refusal', 'unsafe_compliance']",2,hard_refusal + unsafe_compliance,unsafe,beavertails
bt_30k_train_013051,"['hard_refusal', 'unsafe_compliance']",2,hard_refusal + unsafe_compliance,unsafe,beavertails
bt_30k_train_013086,"['hard_refusal', 'unsafe_compliance']",2,hard_refusal + unsafe_compliance,unsafe,beavertails
bt_30k_train_013095,"['hard_refusal', 'unsafe_compliance']",2,hard_refusal + unsafe_compliance,unsafe,beavertails
bt_30k_train_013109,"['hard_refusal', 'unsafe_compliance']",2,hard_refusal + unsafe_compliance,unsafe,beavertails
bt_30k_train_013186,"['hard_refusal', 'unsafe_compliance']",2,hard_refusal + unsafe_compliance,unsafe,beavertails
bt_30k_train_013190,"['hard_refusal', 'unsafe_compliance']",2,hard_refusal + unsafe_compliance,unsafe,beavertails
bt_30k_train_013194,"['hard_refusal', 'unsafe_compliance']",2,hard_refusal + unsafe_compliance,unsafe,beavertails
bt_30k_train_013211,"['hard_refusal', 'unsafe_compliance']",2,hard_refusal + unsafe_compliance,unsafe,beavertails
bt_30k_train_013219,"['hard_refusal', 'unsafe_compliance']",2,hard_refusal + unsafe_compliance,unsafe,beavertails
bt_30k_train_013232,"['hard_refusal', 'unsafe_compliance']",2,hard_refusal + unsafe_compliance,unsafe,beavertails
bt_30k_train_013251,"['hard_refusal', 'unsafe_compliance']",2,hard_refusal + unsafe_compliance,unsafe,beavertails
bt_30k_train_013317,"['hard_refusal', 'unsafe_compliance']",2,hard_refusal + unsafe_compliance,unsafe,beavertails
bt_30k_train_013334,"['hard_refusal', 'unsafe_compliance']",2,hard_refusal + unsafe_compliance,unsafe,beavertails
bt_30k_train_013338,['hard_refusal'],1,hard_refusal,unsafe,beavertails
bt_30k_train_013340,"['hard_refusal', 'unsafe_compliance']",2,hard_refusal + unsafe_compliance,unsafe,beavertails
bt_30k_train_013352,"['hard_refusal', 'unsafe_compliance']",2,hard_refusal + unsafe_compliance,unsafe,beavertails
bt_30k_train_013398,"['hard_refusal', 'unsafe_compliance']",2,hard_refusal + unsafe_compliance,unsafe,beavertails
bt_30k_train_013405,"['hard_refusal', 'unsafe_compliance']",2,hard_refusal + unsafe_compliance,unsafe,beavertails
bt_30k_train_013418,"['hard_refusal', 'unsafe_compliance']",2,hard_refusal + unsafe_compliance,unsafe,beavertails
bt_30k_train_013437,"['hard_refusal', 'unsafe_compliance']",2,hard_refusal + unsafe_compliance,unsafe,beavertails
bt_30k_train_013450,"['hard_refusal', 'unsafe_compliance']",2,hard_refusal + unsafe_compliance,unsafe,beavertails
bt_30k_train_013451,"['hard_refusal', 'unsafe_compliance']",2,hard_refusal + unsafe_compliance,unsafe,beavertails
bt_30k_train_013460,"['hard_refusal', 'unsafe_compliance']",2,hard_refusal + unsafe_compliance,unsafe,beavertails
bt_30k_train_013483,"['hard_refusal', 'unsafe_compliance']",2,hard_refusal + unsafe_compliance,unsafe,beavertails
bt_30k_train_013484,"['hard_refusal', 'unsafe_compliance']",2,hard_refusal + unsafe_compliance,unsafe,beavertails
bt_30k_train_013557,"['hard_refusal', 'unsafe_compliance']",2,hard_refusal + unsafe_compliance,unsafe,beavertails
bt_30k_train_013569,"['hard_refusal', 'unsafe_compliance']",2,hard_refusal + unsafe_compliance,unsafe,beavertails
bt_30k_train_013587,"['hard_refusal', 'unsafe_compliance']",2,hard_refusal + unsafe_compliance,unsafe,beavertails
bt_30k_train_013608,"['hard_refusal', 'unsafe_compliance']",2,hard_refusal + unsafe_compliance,unsafe,beavertails
bt_30k_train_013649,"['hard_refusal', 'unsafe_compliance']",2,hard_refusal + unsafe_compliance,unsafe,beavertails
bt_30k_train_013679,"['hard_refusal', 'unsafe_compliance']",2,hard_refusal + unsafe_compliance,unsafe,beavertails
bt_30k_train_013700,"['hard_refusal', 'unsafe_compliance']",2,hard_refusal + unsafe_compliance,unsafe,beavertails
bt_30k_train_013714,"['hard_refusal', 'unsafe_compliance']",2,hard_refusal + unsafe_compliance,unsafe,beavertails
bt_30k_train_013716,"['hard_refusal', 'unsafe_compliance']",2,hard_refusal + unsafe_compliance,unsafe,beavertails
bt_30k_train_013732,"['hard_refusal', 'unsafe_compliance']",2,hard_refusal + unsafe_compliance,unsafe,beavertails
bt_30k_train_013760,"['hard_refusal', 'unsafe_compliance']",2,hard_refusal + unsafe_compliance,unsafe,beavertails
bt_30k_train_013762,"['hard_refusal', 'unsafe_compliance']",2,hard_refusal + unsafe_compliance,unsafe,beavertails
bt_30k_train_013765,"['hard_refusal', 'unsafe_compliance']",2,hard_refusal + unsafe_compliance,unsafe,beavertails
bt_30k_train_013766,"['hard_refusal', 'unsafe_compliance']",2,hard_refusal + unsafe_compliance,unsafe,beavertails
bt_30k_train_013772,"['hard_refusal', 'unsafe_compliance']",2,hard_refusal + unsafe_compliance,unsafe,beavertails
bt_30k_train_013775,"['hard_refusal', 'unsafe_compliance']",2,hard_refusal + unsafe_compliance,unsafe,beavertails
bt_30k_train_013783,"['hard_refusal', 'unsafe_compliance']",2,hard_refusal + unsafe_compliance,unsafe,beavertails
bt_30k_train_013794,"['hard_refusal', 'unsafe_compliance']",2,hard_refusal + unsafe_compliance,unsafe,beavertails
bt_30k_train_013813,['hard_refusal'],1,hard_refusal,unsafe,beavertails
bt_30k_train_013850,"['hard_refusal', 'unsafe_compliance']",2,hard_refusal + unsafe_compliance,unsafe,beavertails
bt_30k_train_013864,"['hard_refusal', 'unsafe_compliance']",2,hard_refusal + unsafe_compliance,unsafe,beavertails
bt_30k_train_013888,"['hard_refusal', 'unsafe_compliance']",2,hard_refusal + unsafe_compliance,unsafe,beavertails
bt_30k_train_013894,"['hard_refusal', 'unsafe_compliance']",2,hard_refusal + unsafe_compliance,unsafe,beavertails
bt_30k_train_013937,"['hard_refusal', 'unsafe_compliance']",2,hard_refusal + unsafe_compliance,unsafe,beavertails
bt_30k_train_013942,"['hard_refusal', 'unsafe_compliance']",2,hard_refusal + unsafe_compliance,unsafe,beavertails
bt_30k_train_013964,"['hard_refusal', 'unsafe_compliance']",2,hard_refusal + unsafe_compliance,unsafe,beavertails
bt_30k_train_013978,"['hard_refusal', 'unsafe_compliance']",2,hard_refusal + unsafe_compliance,unsafe,beavertails
bt_30k_train_013984,"['hard_refusal', 'unsafe_compliance']",2,hard_refusal + unsafe_compliance,unsafe,beavertails
bt_30k_train_014051,"['hard_refusal', 'unsafe_compliance']",2,hard_refusal + unsafe_compliance,unsafe,beavertails
bt_30k_train_014071,"['hard_refusal', 'unsafe_compliance']",2,hard_refusal + unsafe_compliance,unsafe,beavertails
bt_30k_train_014090,"['hard_refusal', 'unsafe_compliance']",2,hard_refusal + unsafe_compliance,unsafe,beavertails
bt_30k_train_014092,"['hard_refusal', 'unsafe_compliance']",2,hard_refusal + unsafe_compliance,unsafe,beavertails
bt_30k_train_014106,"['hard_refusal', 'unsafe_compliance']",2,hard_refusal + unsafe_compliance,unsafe,beavertails
bt_30k_train_014114,"['hard_refusal', 'unsafe_compliance']",2,hard_refusal + unsafe_compliance,unsafe,beavertails
bt_30k_train_014148,"['hard_refusal', 'unsafe_compliance']",2,hard_refusal + unsafe_compliance,unsafe,beavertails
bt_30k_train_014159,"['hard_refusal', 'unsafe_compliance']",2,hard_refusal + unsafe_compliance,unsafe,beavertails
bt_30k_train_014170,"['hard_refusal', 'unsafe_compliance']",2,hard_refusal + unsafe_compliance,unsafe,beavertails
bt_30k_train_014174,"['hard_refusal', 'unsafe_compliance']",2,hard_refusal + unsafe_compliance,unsafe,beavertails
bt_30k_train_014177,"['hard_refusal', 'unsafe_compliance']",2,hard_refusal + unsafe_compliance,unsafe,beavertails
bt_30k_train_014190,"['hard_refusal', 'unsafe_compliance']",2,hard_refusal + unsafe_compliance,unsafe,beavertails
bt_30k_train_014200,"['hard_refusal', 'unsafe_compliance']",2,hard_refusal + unsafe_compliance,unsafe,beavertails
bt_30k_train_014206,"['hard_refusal', 'unsafe_compliance']",2,hard_refusal + unsafe_compliance,unsafe,beavertails
bt_30k_train_014224,"['hard_refusal', 'unsafe_compliance']",2,hard_refusal + unsafe_compliance,unsafe,beavertails
bt_30k_train_014255,"['hard_refusal', 'unsafe_compliance']",2,hard_refusal + unsafe_compliance,unsafe,beavertails
bt_30k_train_014294,"['hard_refusal', 'unsafe_compliance']",2,hard_refusal + unsafe_compliance,unsafe,beavertails
bt_30k_train_014309,"['hard_refusal', 'unsafe_compliance']",2,hard_refusal + unsafe_compliance,unsafe,beavertails
bt_30k_train_014373,"['hard_refusal', 'unsafe_compliance']",2,hard_refusal + unsafe_compliance,unsafe,beavertails
bt_30k_train_014393,"['hard_refusal', 'unsafe_compliance']",2,hard_refusal + unsafe_compliance,unsafe,beavertails
bt_30k_train_014439,"['hard_refusal', 'unsafe_compliance']",2,hard_refusal + unsafe_compliance,unsafe,beavertails
bt_30k_train_014459,"['hard_refusal', 'unsafe_compliance']",2,hard_refusal + unsafe_compliance,unsafe,beavertails
bt_30k_train_014465,"['hard_refusal', 'unsafe_compliance']",2,hard_refusal + unsafe_compliance,unsafe,beavertails
bt_30k_train_014475,"['hard_refusal', 'unsafe_compliance']",2,hard_refusal + unsafe_compliance,unsafe,beavertails
bt_30k_train_014488,"['hard_refusal', 'unsafe_compliance']",2,hard_refusal + unsafe_compliance,unsafe,beavertails
bt_30k_train_014497,"['hard_refusal', 'unsafe_compliance']",2,hard_refusal + unsafe_compliance,unsafe,beavertails
bt_30k_train_014504,"['hard_refusal', 'unsafe_compliance']",2,hard_refusal + unsafe_compliance,unsafe,beavertails
bt_30k_train_014511,"['hard_refusal', 'unsafe_compliance']",2,hard_refusal + unsafe_compliance,unsafe,beavertails
bt_30k_train_014520,"['hard_refusal', 'unsafe_compliance']",2,hard_refusal + unsafe_compliance,unsafe,beavertails
bt_30k_train_014538,"['hard_refusal', 'unsafe_compliance']",2,hard_refusal + unsafe_compliance,unsafe,beavertails
bt_30k_train_014563,"['hard_refusal', 'unsafe_compliance']",2,hard_refusal + unsafe_compliance,unsafe,beavertails
bt_30k_train_014572,"['hard_refusal', 'unsafe_compliance']",2,hard_refusal + unsafe_compliance,unsafe,beavertails
bt_30k_train_014581,"['hard_refusal', 'unsafe_compliance']",2,hard_refusal + unsafe_compliance,unsafe,beavertails
bt_30k_train_014588,"['hard_refusal', 'unsafe_compliance']",2,hard_refusal + unsafe_compliance,unsafe,beavertails
bt_30k_train_014593,"['hard_refusal', 'unsafe_compliance']",2,hard_refusal + unsafe_compliance,unsafe,beavertails
bt_30k_train_014612,"['hard_refusal', 'unsafe_compliance']",2,hard_refusal + unsafe_compliance,unsafe,beavertails
bt_30k_train_014685,"['hard_refusal', 'unsafe_compliance']",2,hard_refusal + unsafe_compliance,unsafe,beavertails
bt_30k_train_014729,"['hard_refusal', 'unsafe_compliance']",2,hard_refusal + unsafe_compliance,unsafe,beavertails
bt_30k_train_014803,"['hard_refusal', 'unsafe_compliance']",2,hard_refusal + unsafe_compliance,unsafe,beavertails
bt_30k_train_014819,"['hard_refusal', 'unsafe_compliance']",2,hard_refusal + unsafe_compliance,unsafe,beavertails
bt_30k_train_014829,"['hard_refusal', 'unsafe_compliance']",2,hard_refusal + unsafe_compliance,unsafe,beavertails
bt_30k_train_014842,"['hard_refusal', 'unsafe_compliance']",2,hard_refusal + unsafe_compliance,unsafe,beavertails
bt_30k_train_014931,"['hard_refusal', 'unsafe_compliance']",2,hard_refusal + unsafe_compliance,unsafe,beavertails
bt_30k_train_014953,"['hard_refusal', 'unsafe_compliance']",2,hard_refusal + unsafe_compliance,unsafe,beavertails
bt_30k_train_015019,"['hard_refusal', 'unsafe_compliance']",2,hard_refusal + unsafe_compliance,unsafe,beavertails
bt_30k_train_015038,"['hard_refusal', 'unsafe_compliance']",2,hard_refusal + unsafe_compliance,unsafe,beavertails
bt_30k_train_015048,"['hard_refusal', 'unsafe_compliance']",2,hard_refusal + unsafe_compliance,unsafe,beavertails
bt_30k_train_015052,"['hard_refusal', 'unsafe_compliance']",2,hard_refusal + unsafe_compliance,unsafe,beavertails
bt_30k_train_015058,"['hard_refusal', 'unsafe_compliance']",2,hard_refusal + unsafe_compliance,unsafe,beavertails
bt_30k_train_015076,"['hard_refusal', 'unsafe_compliance']",2,hard_refusal + unsafe_compliance,unsafe,beavertails
bt_30k_train_015096,"['hard_refusal', 'unsafe_compliance']",2,hard_refusal + unsafe_compliance,unsafe,beavertails
bt_30k_train_015101,"['hard_refusal', 'unsafe_compliance']",2,hard_refusal + unsafe_compliance,unsafe,beavertails
bt_30k_train_015110,"['hard_refusal', 'unsafe_compliance']",2,hard_refusal + unsafe_compliance,unsafe,beavertails
bt_30k_train_015119,"['hard_refusal', 'unsafe_compliance']",2,hard_refusal + unsafe_compliance,unsafe,beavertails
bt_30k_train_015131,"['hard_refusal', 'unsafe_compliance']",2,hard_refusal + unsafe_compliance,unsafe,beavertails
bt_30k_train_015143,"['hard_refusal', 'unsafe_compliance']",2,hard_refusal + unsafe_compliance,unsafe,beavertails
bt_30k_train_015153,"['hard_refusal', 'unsafe_compliance']",2,hard_refusal + unsafe_compliance,unsafe,beavertails
bt_30k_train_015182,"['hard_refusal', 'unsafe_compliance']",2,hard_refusal + unsafe_compliance,unsafe,beavertails
bt_30k_train_015259,"['hard_refusal', 'unsafe_compliance']",2,hard_refusal + unsafe_compliance,unsafe,beavertails
bt_30k_train_015286,"['hard_refusal', 'unsafe_compliance']",2,hard_refusal + unsafe_compliance,unsafe,beavertails
bt_30k_train_015293,"['hard_refusal', 'unsafe_compliance']",2,hard_refusal + unsafe_compliance,unsafe,beavertails
bt_30k_train_015304,"['hard_refusal', 'unsafe_compliance']",2,hard_refusal + unsafe_compliance,unsafe,beavertails
bt_30k_train_015332,"['hard_refusal', 'unsafe_compliance']",2,hard_refusal + unsafe_compliance,unsafe,beavertails
bt_30k_train_015340,"['hard_refusal', 'unsafe_compliance']",2,hard_refusal + unsafe_compliance,unsafe,beavertails
bt_30k_train_015355,"['hard_refusal', 'unsafe_compliance']",2,hard_refusal + unsafe_compliance,unsafe,beavertails
bt_30k_train_015376,"['hard_refusal', 'unsafe_compliance']",2,hard_refusal + unsafe_compliance,unsafe,beavertails
bt_30k_train_015409,"['hard_refusal', 'unsafe_compliance']",2,hard_refusal + unsafe_compliance,unsafe,beavertails
bt_30k_train_015410,"['hard_refusal', 'unsafe_compliance']",2,hard_refusal + unsafe_compliance,unsafe,beavertails
bt_30k_train_015423,"['hard_refusal', 'unsafe_compliance']",2,hard_refusal + unsafe_compliance,unsafe,beavertails
bt_30k_train_015473,"['hard_refusal', 'unsafe_compliance']",2,hard_refusal + unsafe_compliance,unsafe,beavertails
bt_30k_train_015491,"['hard_refusal', 'unsafe_compliance']",2,hard_refusal + unsafe_compliance,unsafe,beavertails
bt_30k_train_015493,"['hard_refusal', 'unsafe_compliance']",2,hard_refusal + unsafe_compliance,unsafe,beavertails
bt_30k_train_015495,"['hard_refusal', 'unsafe_compliance']",2,hard_refusal + unsafe_compliance,unsafe,beavertails
bt_30k_train_015628,"['hard_refusal', 'unsafe_compliance']",2,hard_refusal + unsafe_compliance,unsafe,beavertails
bt_30k_train_015681,"['hard_refusal', 'unsafe_compliance']",2,hard_refusal + unsafe_compliance,unsafe,beavertails
bt_30k_train_015711,"['hard_refusal', 'unsafe_compliance']",2,hard_refusal + unsafe_compliance,unsafe,beavertails
bt_30k_train_015716,"['hard_refusal', 'unsafe_compliance']",2,hard_refusal + unsafe_compliance,unsafe,beavertails
bt_30k_train_015722,"['hard_refusal', 'unsafe_compliance']",2,hard_refusal + unsafe_compliance,unsafe,beavertails
bt_30k_train_015727,"['hard_refusal', 'unsafe_compliance']",2,hard_refusal + unsafe_compliance,unsafe,beavertails
bt_30k_train_015750,"['hard_refusal', 'unsafe_compliance']",2,hard_refusal + unsafe_compliance,unsafe,beavertails
bt_30k_train_015800,"['hard_refusal', 'unsafe_compliance']",2,hard_refusal + unsafe_compliance,unsafe,beavertails
bt_30k_train_015822,"['hard_refusal', 'unsafe_compliance']",2,hard_refusal + unsafe_compliance,unsafe,beavertails
bt_30k_train_015828,"['hard_refusal', 'unsafe_compliance']",2,hard_refusal + unsafe_compliance,unsafe,beavertails
bt_30k_train_015831,"['hard_refusal', 'unsafe_compliance']",2,hard_refusal + unsafe_compliance,unsafe,beavertails
bt_30k_train_015854,"['hard_refusal', 'unsafe_compliance']",2,hard_refusal + unsafe_compliance,unsafe,beavertails
bt_30k_train_015862,['hard_refusal'],1,hard_refusal,unsafe,beavertails
bt_30k_train_015883,"['hard_refusal', 'unsafe_compliance']",2,hard_refusal + unsafe_compliance,unsafe,beavertails
bt_30k_train_015889,"['hard_refusal', 'unsafe_compliance']",2,hard_refusal + unsafe_compliance,unsafe,beavertails
bt_30k_train_015895,"['hard_refusal', 'unsafe_compliance']",2,hard_refusal + unsafe_compliance,unsafe,beavertails
bt_30k_train_015955,"['hard_refusal', 'unsafe_compliance']",2,hard_refusal + unsafe_compliance,unsafe,beavertails
bt_30k_train_015974,"['hard_refusal', 'unsafe_compliance']",2,hard_refusal + unsafe_compliance,unsafe,beavertails
bt_30k_train_015983,"['hard_refusal', 'unsafe_compliance']",2,hard_refusal + unsafe_compliance,unsafe,beavertails
bt_30k_train_015997,"['hard_refusal', 'unsafe_compliance']",2,hard_refusal + unsafe_compliance,unsafe,beavertails
bt_30k_train_016005,"['hard_refusal', 'unsafe_compliance']",2,hard_refusal + unsafe_compliance,unsafe,beavertails
bt_30k_train_016029,"['hard_refusal', 'unsafe_compliance']",2,hard_refusal + unsafe_compliance,unsafe,beavertails
bt_30k_train_016076,"['hard_refusal', 'unsafe_compliance']",2,hard_refusal + unsafe_compliance,unsafe,beavertails
bt_30k_train_016095,"['hard_refusal', 'unsafe_compliance']",2,hard_refusal + unsafe_compliance,unsafe,beavertails
bt_30k_train_016096,"['hard_refusal', 'unsafe_compliance']",2,hard_refusal + unsafe_compliance,unsafe,beavertails
bt_30k_train_016124,"['hard_refusal', 'unsafe_compliance']",2,hard_refusal + unsafe_compliance,unsafe,beavertails
bt_30k_train_016165,"['hard_refusal', 'unsafe_compliance']",2,hard_refusal + unsafe_compliance,unsafe,beavertails
bt_30k_train_016170,"['hard_refusal', 'unsafe_compliance']",2,hard_refusal + unsafe_compliance,unsafe,beavertails
bt_30k_train_016212,"['hard_refusal', 'unsafe_compliance']",2,hard_refusal + unsafe_compliance,unsafe,beavertails
bt_30k_train_016235,"['hard_refusal', 'unsafe_compliance']",2,hard_refusal + unsafe_compliance,unsafe,beavertails
bt_30k_train_016237,"['hard_refusal', 'unsafe_compliance']",2,hard_refusal + unsafe_compliance,unsafe,beavertails
bt_30k_train_016256,"['hard_refusal', 'unsafe_compliance']",2,hard_refusal + unsafe_compliance,unsafe,beavertails
bt_30k_train_016269,"['hard_refusal', 'unsafe_compliance']",2,hard_refusal + unsafe_compliance,unsafe,beavertails
bt_30k_train_016294,"['hard_refusal', 'unsafe_compliance']",2,hard_refusal + unsafe_compliance,unsafe,beavertails
bt_30k_train_016329,"['hard_refusal', 'unsafe_compliance']",2,hard_refusal + unsafe_compliance,unsafe,beavertails
bt_30k_train_016338,"['hard_refusal', 'unsafe_compliance']",2,hard_refusal + unsafe_compliance,unsafe,beavertails
bt_30k_train_016339,"['hard_refusal', 'unsafe_compliance']",2,hard_refusal + unsafe_compliance,unsafe,beavertails
bt_30k_train_016397,"['hard_refusal', 'unsafe_compliance']",2,hard_refusal + unsafe_compliance,unsafe,beavertails
bt_30k_train_016404,"['hard_refusal', 'unsafe_compliance']",2,hard_refusal + unsafe_compliance,unsafe,beavertails
bt_30k_train_016406,"['hard_refusal', 'unsafe_compliance']",2,hard_refusal + unsafe_compliance,unsafe,beavertails
bt_30k_train_016418,"['hard_refusal', 'unsafe_compliance']",2,hard_refusal + unsafe_compliance,unsafe,beavertails
bt_30k_train_016449,"['hard_refusal', 'unsafe_compliance']",2,hard_refusal + unsafe_compliance,unsafe,beavertails
bt_30k_train_016465,"['hard_refusal', 'unsafe_compliance']",2,hard_refusal + unsafe_compliance,unsafe,beavertails
bt_30k_train_016495,"['hard_refusal', 'unsafe_compliance']",2,hard_refusal + unsafe_compliance,unsafe,beavertails
bt_30k_train_016512,"['hard_refusal', 'unsafe_compliance']",2,hard_refusal + unsafe_compliance,unsafe,beavertails
bt_30k_train_016527,"['hard_refusal', 'unsafe_compliance']",2,hard_refusal + unsafe_compliance,unsafe,beavertails
bt_30k_train_016534,"['hard_refusal', 'unsafe_compliance']",2,hard_refusal + unsafe_compliance,unsafe,beavertails
bt_30k_train_016538,"['hard_refusal', 'unsafe_compliance']",2,hard_refusal + unsafe_compliance,unsafe,beavertails
bt_30k_train_016547,"['hard_refusal', 'unsafe_compliance']",2,hard_refusal + unsafe_compliance,unsafe,beavertails
bt_30k_train_016559,"['hard_refusal', 'unsafe_compliance']",2,hard_refusal + unsafe_compliance,unsafe,beavertails
bt_30k_train_016580,"['hard_refusal', 'unsafe_compliance']",2,hard_refusal + unsafe_compliance,unsafe,beavertails
bt_30k_train_016592,"['hard_refusal', 'unsafe_compliance']",2,hard_refusal + unsafe_compliance,unsafe,beavertails
bt_30k_train_016604,"['hard_refusal', 'unsafe_compliance']",2,hard_refusal + unsafe_compliance,unsafe,beavertails
bt_30k_train_016618,['hard_refusal'],1,hard_refusal,unsafe,beavertails
bt_30k_train_016625,"['hard_refusal', 'unsafe_compliance']",2,hard_refusal + unsafe_compliance,unsafe,beavertails
bt_30k_train_016638,"['hard_refusal', 'unsafe_compliance']",2,hard_refusal + unsafe_compliance,unsafe,beavertails
bt_30k_train_016657,"['hard_refusal', 'unsafe_compliance']",2,hard_refusal + unsafe_compliance,unsafe,beavertails
bt_30k_train_016669,"['hard_refusal', 'unsafe_compliance']",2,hard_refusal + unsafe_compliance,unsafe,beavertails
bt_30k_train_016689,"['hard_refusal', 'unsafe_compliance']",2,hard_refusal + unsafe_compliance,unsafe,beavertails
bt_30k_train_016756,"['hard_refusal', 'unsafe_compliance']",2,hard_refusal + unsafe_compliance,unsafe,beavertails
bt_30k_train_016853,"['hard_refusal', 'unsafe_compliance']",2,hard_refusal + unsafe_compliance,unsafe,beavertails
bt_30k_train_016870,"['hard_refusal', 'unsafe_compliance']",2,hard_refusal + unsafe_compliance,unsafe,beavertails
bt_30k_train_016890,"['hard_refusal', 'unsafe_compliance']",2,hard_refusal + unsafe_compliance,unsafe,beavertails
bt_30k_train_016903,"['hard_refusal', 'unsafe_compliance']",2,hard_refusal + unsafe_compliance,unsafe,beavertails
bt_30k_train_016949,"['hard_refusal', 'unsafe_compliance']",2,hard_refusal + unsafe_compliance,unsafe,beavertails
bt_30k_train_017012,"['hard_refusal', 'unsafe_compliance']",2,hard_refusal + unsafe_compliance,unsafe,beavertails
bt_30k_train_017026,"['hard_refusal', 'unsafe_compliance']",2,hard_refusal + unsafe_compliance,unsafe,beavertails
bt_30k_train_017029,"['hard_refusal', 'unsafe_compliance']",2,hard_refusal + unsafe_compliance,unsafe,beavertails
bt_30k_train_017064,"['hard_refusal', 'unsafe_compliance']",2,hard_refusal + unsafe_compliance,unsafe,beavertails
bt_30k_train_017125,"['hard_refusal', 'unsafe_compliance']",2,hard_refusal + unsafe_compliance,unsafe,beavertails
bt_30k_train_017126,"['hard_refusal', 'unsafe_compliance']",2,hard_refusal + unsafe_compliance,unsafe,beavertails
bt_30k_train_017143,"['hard_refusal', 'unsafe_compliance']",2,hard_refusal + unsafe_compliance,unsafe,beavertails
bt_30k_train_017155,"['hard_refusal', 'unsafe_compliance']",2,hard_refusal + unsafe_compliance,unsafe,beavertails
bt_30k_train_017173,"['hard_refusal', 'unsafe_compliance']",2,hard_refusal + unsafe_compliance,unsafe,beavertails
bt_30k_train_017178,"['hard_refusal', 'unsafe_compliance']",2,hard_refusal + unsafe_compliance,unsafe,beavertails
bt_30k_train_017192,"['hard_refusal', 'unsafe_compliance']",2,hard_refusal + unsafe_compliance,unsafe,beavertails
bt_30k_train_017228,"['hard_refusal', 'unsafe_compliance']",2,hard_refusal + unsafe_compliance,unsafe,beavertails
bt_30k_train_017294,"['hard_refusal', 'unsafe_compliance']",2,hard_refusal + unsafe_compliance,unsafe,beavertails
bt_30k_train_017460,"['hard_refusal', 'unsafe_compliance']",2,hard_refusal + unsafe_compliance,unsafe,beavertails
bt_30k_train_017472,"['hard_refusal', 'unsafe_compliance']",2,hard_refusal + unsafe_compliance,unsafe,beavertails
bt_30k_train_017491,"['hard_refusal', 'unsafe_compliance']",2,hard_refusal + unsafe_compliance,unsafe,beavertails
bt_30k_train_017501,"['hard_refusal', 'unsafe_compliance']",2,hard_refusal + unsafe_compliance,unsafe,beavertails
bt_30k_train_017503,"['hard_refusal', 'unsafe_compliance']",2,hard_refusal + unsafe_compliance,unsafe,beavertails
bt_30k_train_017510,"['hard_refusal', 'unsafe_compliance']",2,hard_refusal + unsafe_compliance,unsafe,beavertails
bt_30k_train_017511,"['hard_refusal', 'unsafe_compliance']",2,hard_refusal + unsafe_compliance,unsafe,beavertails
bt_30k_train_017524,"['hard_refusal', 'unsafe_compliance']",2,hard_refusal + unsafe_compliance,unsafe,beavertails
bt_30k_train_017541,"['hard_refusal', 'unsafe_compliance']",2,hard_refusal + unsafe_compliance,unsafe,beavertails
bt_30k_train_017554,"['hard_refusal', 'unsafe_compliance']",2,hard_refusal + unsafe_compliance,unsafe,beavertails
bt_30k_train_017642,"['hard_refusal', 'unsafe_compliance']",2,hard_refusal + unsafe_compliance,unsafe,beavertails
bt_30k_train_017677,"['hard_refusal', 'unsafe_compliance']",2,hard_refusal + unsafe_compliance,unsafe,beavertails
bt_30k_train_017697,"['hard_refusal', 'unsafe_compliance']",2,hard_refusal + unsafe_compliance,unsafe,beavertails
bt_30k_train_017715,"['hard_refusal', 'unsafe_compliance']",2,hard_refusal + unsafe_compliance,unsafe,beavertails
bt_30k_train_017750,"['hard_refusal', 'unsafe_compliance']",2,hard_refusal + unsafe_compliance,unsafe,beavertails
bt_30k_train_017800,"['hard_refusal', 'unsafe_compliance']",2,hard_refusal + unsafe_compliance,unsafe,beavertails
bt_30k_train_017821,"['hard_refusal', 'unsafe_compliance']",2,hard_refusal + unsafe_compliance,unsafe,beavertails
bt_30k_train_017869,"['hard_refusal', 'unsafe_compliance']",2,hard_refusal + unsafe_compliance,unsafe,beavertails
bt_30k_train_017912,"['hard_refusal', 'unsafe_compliance']",2,hard_refusal + unsafe_compliance,unsafe,beavertails
bt_30k_train_017917,"['hard_refusal', 'unsafe_compliance']",2,hard_refusal + unsafe_compliance,unsafe,beavertails
bt_30k_train_017982,"['hard_refusal', 'unsafe_compliance']",2,hard_refusal + unsafe_compliance,unsafe,beavertails
bt_30k_train_018049,"['hard_refusal', 'unsafe_compliance']",2,hard_refusal + unsafe_compliance,unsafe,beavertails
bt_30k_train_018064,"['hard_refusal', 'unsafe_compliance']",2,hard_refusal + unsafe_compliance,unsafe,beavertails
bt_30k_train_018065,"['hard_refusal', 'unsafe_compliance']",2,hard_refusal + unsafe_compliance,unsafe,beavertails
bt_30k_train_018144,"['hard_refusal', 'unsafe_compliance']",2,hard_refusal + unsafe_compliance,unsafe,beavertails
bt_30k_train_018145,"['hard_refusal', 'unsafe_compliance']",2,hard_refusal + unsafe_compliance,unsafe,beavertails
bt_30k_train_018183,"['hard_refusal', 'unsafe_compliance']",2,hard_refusal + unsafe_compliance,unsafe,beavertails
bt_30k_train_018228,"['hard_refusal', 'unsafe_compliance']",2,hard_refusal + unsafe_compliance,unsafe,beavertails
bt_30k_train_018230,"['hard_refusal', 'unsafe_compliance']",2,hard_refusal + unsafe_compliance,unsafe,beavertails
bt_30k_train_018264,['hard_refusal'],1,hard_refusal,unsafe,beavertails
bt_30k_train_018325,"['hard_refusal', 'unsafe_compliance']",2,hard_refusal + unsafe_compliance,unsafe,beavertails
bt_30k_train_018340,"['hard_refusal', 'unsafe_compliance']",2,hard_refusal + unsafe_compliance,unsafe,beavertails
bt_30k_train_018351,"['hard_refusal', 'unsafe_compliance']",2,hard_refusal + unsafe_compliance,unsafe,beavertails
bt_30k_train_018425,"['hard_refusal', 'unsafe_compliance']",2,hard_refusal + unsafe_compliance,unsafe,beavertails
bt_30k_train_018435,"['hard_refusal', 'unsafe_compliance']",2,hard_refusal + unsafe_compliance,unsafe,beavertails
bt_30k_train_018499,"['hard_refusal', 'unsafe_compliance']",2,hard_refusal + unsafe_compliance,unsafe,beavertails
bt_30k_train_018538,"['hard_refusal', 'unsafe_compliance']",2,hard_refusal + unsafe_compliance,unsafe,beavertails
bt_30k_train_018556,"['hard_refusal', 'unsafe_compliance']",2,hard_refusal + unsafe_compliance,unsafe,beavertails
bt_30k_train_018580,"['hard_refusal', 'unsafe_compliance']",2,hard_refusal + unsafe_compliance,unsafe,beavertails
bt_30k_train_018588,"['hard_refusal', 'unsafe_compliance']",2,hard_refusal + unsafe_compliance,unsafe,beavertails
bt_30k_train_018591,"['hard_refusal', 'unsafe_compliance']",2,hard_refusal + unsafe_compliance,unsafe,beavertails
bt_30k_train_018604,"['hard_refusal', 'unsafe_compliance']",2,hard_refusal + unsafe_compliance,unsafe,beavertails
bt_30k_train_018613,"['hard_refusal', 'unsafe_compliance']",2,hard_refusal + unsafe_compliance,unsafe,beavertails
bt_30k_train_018713,"['hard_refusal', 'unsafe_compliance']",2,hard_refusal + unsafe_compliance,unsafe,beavertails
bt_30k_train_018714,"['hard_refusal', 'unsafe_compliance']",2,hard_refusal + unsafe_compliance,unsafe,beavertails
bt_30k_train_018739,"['hard_refusal', 'unsafe_compliance']",2,hard_refusal + unsafe_compliance,unsafe,beavertails
bt_30k_train_018777,"['hard_refusal', 'unsafe_compliance']",2,hard_refusal + unsafe_compliance,unsafe,beavertails
bt_30k_train_018823,"['hard_refusal', 'unsafe_compliance']",2,hard_refusal + unsafe_compliance,unsafe,beavertails
bt_30k_train_018834,"['hard_refusal', 'unsafe_compliance']",2,hard_refusal + unsafe_compliance,unsafe,beavertails
bt_30k_train_018858,"['hard_refusal', 'unsafe_compliance']",2,hard_refusal + unsafe_compliance,unsafe,beavertails
bt_30k_train_018897,"['hard_refusal', 'unsafe_compliance']",2,hard_refusal + unsafe_compliance,unsafe,beavertails
bt_30k_train_018940,"['hard_refusal', 'unsafe_compliance']",2,hard_refusal + unsafe_compliance,unsafe,beavertails
bt_30k_train_019006,"['hard_refusal', 'unsafe_compliance']",2,hard_refusal + unsafe_compliance,unsafe,beavertails
bt_30k_train_019170,"['hard_refusal', 'unsafe_compliance']",2,hard_refusal + unsafe_compliance,unsafe,beavertails
bt_30k_train_019186,"['hard_refusal', 'unsafe_compliance']",2,hard_refusal + unsafe_compliance,unsafe,beavertails
bt_30k_train_019204,"['hard_refusal', 'unsafe_compliance']",2,hard_refusal + unsafe_compliance,unsafe,beavertails
bt_30k_train_019207,['hard_refusal'],1,hard_refusal,unsafe,beavertails
bt_30k_train_019250,"['hard_refusal', 'unsafe_compliance']",2,hard_refusal + unsafe_compliance,unsafe,beavertails
bt_30k_train_019274,"['hard_refusal', 'unsafe_compliance']",2,hard_refusal + unsafe_compliance,unsafe,beavertails
bt_30k_train_019292,"['hard_refusal', 'unsafe_compliance']",2,hard_refusal + unsafe_compliance,unsafe,beavertails
bt_30k_train_019313,"['hard_refusal', 'unsafe_compliance']",2,hard_refusal + unsafe_compliance,unsafe,beavertails
bt_30k_train_019355,"['hard_refusal', 'unsafe_compliance']",2,hard_refusal + unsafe_compliance,unsafe,beavertails
bt_30k_train_019365,"['hard_refusal', 'unsafe_compliance']",2,hard_refusal + unsafe_compliance,unsafe,beavertails
bt_30k_train_019410,"['hard_refusal', 'unsafe_compliance']",2,hard_refusal + unsafe_compliance,unsafe,beavertails
bt_30k_train_019426,"['hard_refusal', 'unsafe_compliance']",2,hard_refusal + unsafe_compliance,unsafe,beavertails
bt_30k_train_019476,"['hard_refusal', 'unsafe_compliance']",2,hard_refusal + unsafe_compliance,unsafe,beavertails
bt_30k_train_019506,"['hard_refusal', 'unsafe_compliance']",2,hard_refusal + unsafe_compliance,unsafe,beavertails
bt_30k_train_019546,"['hard_refusal', 'unsafe_compliance']",2,hard_refusal + unsafe_compliance,unsafe,beavertails
bt_30k_train_019552,"['hard_refusal', 'unsafe_compliance']",2,hard_refusal + unsafe_compliance,unsafe,beavertails
bt_30k_train_019561,"['hard_refusal', 'unsafe_compliance']",2,hard_refusal + unsafe_compliance,unsafe,beavertails
bt_30k_train_019565,['hard_refusal'],1,hard_refusal,unsafe,beavertails
bt_30k_train_019573,"['hard_refusal', 'unsafe_compliance']",2,hard_refusal + unsafe_compliance,unsafe,beavertails
bt_30k_train_019587,"['hard_refusal', 'unsafe_compliance']",2,hard_refusal + unsafe_compliance,unsafe,beavertails
bt_30k_train_019592,"['hard_refusal', 'unsafe_compliance']",2,hard_refusal + unsafe_compliance,unsafe,beavertails
bt_30k_train_019693,"['hard_refusal', 'unsafe_compliance']",2,hard_refusal + unsafe_compliance,unsafe,beavertails
bt_30k_train_019703,"['hard_refusal', 'unsafe_compliance']",2,hard_refusal + unsafe_compliance,unsafe,beavertails
bt_30k_train_019750,"['hard_refusal', 'unsafe_compliance']",2,hard_refusal + unsafe_compliance,unsafe,beavertails
bt_30k_train_019754,"['hard_refusal', 'unsafe_compliance']",2,hard_refusal + unsafe_compliance,unsafe,beavertails
bt_30k_train_019755,"['hard_refusal', 'unsafe_compliance']",2,hard_refusal + unsafe_compliance,unsafe,beavertails
bt_30k_train_019897,"['hard_refusal', 'unsafe_compliance']",2,hard_refusal + unsafe_compliance,unsafe,beavertails
bt_30k_train_019943,"['hard_refusal', 'unsafe_compliance']",2,hard_refusal + unsafe_compliance,unsafe,beavertails
bt_30k_train_019976,"['hard_refusal', 'unsafe_compliance']",2,hard_refusal + unsafe_compliance,unsafe,beavertails
bt_30k_train_020125,"['hard_refusal', 'unsafe_compliance']",2,hard_refusal + unsafe_compliance,unsafe,beavertails
bt_30k_train_020139,"['hard_refusal', 'unsafe_compliance']",2,hard_refusal + unsafe_compliance,unsafe,beavertails
bt_30k_train_020241,"['hard_refusal', 'unsafe_compliance']",2,hard_refusal + unsafe_compliance,unsafe,beavertails
bt_30k_train_020242,"['hard_refusal', 'unsafe_compliance']",2,hard_refusal + unsafe_compliance,unsafe,beavertails
bt_30k_train_020289,"['hard_refusal', 'unsafe_compliance']",2,hard_refusal + unsafe_compliance,unsafe,beavertails
bt_30k_train_020305,"['hard_refusal', 'unsafe_compliance']",2,hard_refusal + unsafe_compliance,unsafe,beavertails
bt_30k_train_020315,"['hard_refusal', 'unsafe_compliance']",2,hard_refusal + unsafe_compliance,unsafe,beavertails
bt_30k_train_020348,"['hard_refusal', 'unsafe_compliance']",2,hard_refusal + unsafe_compliance,unsafe,beavertails
bt_30k_train_020391,"['hard_refusal', 'unsafe_compliance']",2,hard_refusal + unsafe_compliance,unsafe,beavertails
bt_30k_train_020401,"['hard_refusal', 'unsafe_compliance']",2,hard_refusal + unsafe_compliance,unsafe,beavertails
bt_30k_train_020402,"['hard_refusal', 'unsafe_compliance']",2,hard_refusal + unsafe_compliance,unsafe,beavertails
bt_30k_train_020453,"['hard_refusal', 'unsafe_compliance']",2,hard_refusal + unsafe_compliance,unsafe,beavertails
bt_30k_train_020474,"['hard_refusal', 'unsafe_compliance']",2,hard_refusal + unsafe_compliance,unsafe,beavertails
bt_30k_train_020481,"['hard_refusal', 'unsafe_compliance']",2,hard_refusal + unsafe_compliance,unsafe,beavertails
bt_30k_train_020559,"['hard_refusal', 'unsafe_compliance']",2,hard_refusal + unsafe_compliance,unsafe,beavertails
bt_30k_train_020652,"['hard_refusal', 'unsafe_compliance']",2,hard_refusal + unsafe_compliance,unsafe,beavertails
bt_30k_train_020692,"['hard_refusal', 'unsafe_compliance']",2,hard_refusal + unsafe_compliance,unsafe,beavertails
bt_30k_train_020770,"['hard_refusal', 'unsafe_compliance']",2,hard_refusal + unsafe_compliance,unsafe,beavertails
bt_30k_train_020772,"['hard_refusal', 'unsafe_compliance']",2,hard_refusal + unsafe_compliance,unsafe,beavertails
bt_30k_train_020904,"['hard_refusal', 'unsafe_compliance']",2,hard_refusal + unsafe_compliance,unsafe,beavertails
bt_30k_train_020913,"['hard_refusal', 'unsafe_compliance']",2,hard_refusal + unsafe_compliance,unsafe,beavertails
bt_30k_train_020919,"['hard_refusal', 'unsafe_compliance']",2,hard_refusal + unsafe_compliance,unsafe,beavertails
bt_30k_train_021009,"['hard_refusal', 'unsafe_compliance']",2,hard_refusal + unsafe_compliance,unsafe,beavertails
bt_30k_train_021074,"['hard_refusal', 'unsafe_compliance']",2,hard_refusal + unsafe_compliance,unsafe,beavertails
bt_30k_train_021112,"['hard_refusal', 'unsafe_compliance']",2,hard_refusal + unsafe_compliance,unsafe,beavertails
bt_30k_train_021140,"['hard_refusal', 'unsafe_compliance']",2,hard_refusal + unsafe_compliance,unsafe,beavertails
bt_30k_train_021175,"['hard_refusal', 'unsafe_compliance']",2,hard_refusal + unsafe_compliance,unsafe,beavertails
bt_30k_train_021191,"['hard_refusal', 'unsafe_compliance']",2,hard_refusal + unsafe_compliance,unsafe,beavertails
bt_30k_train_021265,"['hard_refusal', 'unsafe_compliance']",2,hard_refusal + unsafe_compliance,unsafe,beavertails
bt_30k_train_021280,"['hard_refusal', 'unsafe_compliance']",2,hard_refusal + unsafe_compliance,unsafe,beavertails
bt_30k_train_021303,"['hard_refusal', 'unsafe_compliance']",2,hard_refusal + unsafe_compliance,unsafe,beavertails
bt_30k_train_021304,"['hard_refusal', 'unsafe_compliance']",2,hard_refusal + unsafe_compliance,unsafe,beavertails
bt_30k_train_021462,"['hard_refusal', 'unsafe_compliance']",2,hard_refusal + unsafe_compliance,unsafe,beavertails
bt_30k_train_021467,"['hard_refusal', 'unsafe_compliance']",2,hard_refusal + unsafe_compliance,unsafe,beavertails
bt_30k_train_021529,"['hard_refusal', 'unsafe_compliance']",2,hard_refusal + unsafe_compliance,unsafe,beavertails
bt_30k_train_021532,"['hard_refusal', 'unsafe_compliance']",2,hard_refusal + unsafe_compliance,unsafe,beavertails
bt_30k_train_021637,['hard_refusal'],1,hard_refusal,unsafe,beavertails
bt_30k_train_021660,"['hard_refusal', 'unsafe_compliance']",2,hard_refusal + unsafe_compliance,unsafe,beavertails
bt_30k_train_021775,"['hard_refusal', 'unsafe_compliance']",2,hard_refusal + unsafe_compliance,unsafe,beavertails
bt_30k_train_021835,"['hard_refusal', 'unsafe_compliance']",2,hard_refusal + unsafe_compliance,unsafe,beavertails
bt_30k_train_021845,"['hard_refusal', 'unsafe_compliance']",2,hard_refusal + unsafe_compliance,unsafe,beavertails
bt_30k_train_021877,"['hard_refusal', 'unsafe_compliance']",2,hard_refusal + unsafe_compliance,unsafe,beavertails
bt_30k_train_021926,"['hard_refusal', 'unsafe_compliance']",2,hard_refusal + unsafe_compliance,unsafe,beavertails
bt_30k_train_021942,"['hard_refusal', 'unsafe_compliance']",2,hard_refusal + unsafe_compliance,unsafe,beavertails
bt_30k_train_021971,"['hard_refusal', 'unsafe_compliance']",2,hard_refusal + unsafe_compliance,unsafe,beavertails
bt_30k_train_022069,"['hard_refusal', 'unsafe_compliance']",2,hard_refusal + unsafe_compliance,unsafe,beavertails
bt_30k_train_022088,"['hard_refusal', 'unsafe_compliance']",2,hard_refusal + unsafe_compliance,unsafe,beavertails
bt_30k_train_022195,"['hard_refusal', 'unsafe_compliance']",2,hard_refusal + unsafe_compliance,unsafe,beavertails
bt_30k_train_022299,"['hard_refusal', 'unsafe_compliance']",2,hard_refusal + unsafe_compliance,unsafe,beavertails
bt_30k_train_022340,"['hard_refusal', 'unsafe_compliance']",2,hard_refusal + unsafe_compliance,unsafe,beavertails
bt_30k_train_022343,"['hard_refusal', 'unsafe_compliance']",2,hard_refusal + unsafe_compliance,unsafe,beavertails
bt_30k_train_022453,"['hard_refusal', 'unsafe_compliance']",2,hard_refusal + unsafe_compliance,unsafe,beavertails
bt_30k_train_022505,"['hard_refusal', 'unsafe_compliance']",2,hard_refusal + unsafe_compliance,unsafe,beavertails
bt_30k_train_022546,"['hard_refusal', 'unsafe_compliance']",2,hard_refusal + unsafe_compliance,unsafe,beavertails
bt_30k_train_022569,"['hard_refusal', 'unsafe_compliance']",2,hard_refusal + unsafe_compliance,unsafe,beavertails
bt_30k_train_022612,"['hard_refusal', 'unsafe_compliance']",2,hard_refusal + unsafe_compliance,unsafe,beavertails
bt_30k_train_022657,"['hard_refusal', 'unsafe_compliance']",2,hard_refusal + unsafe_compliance,unsafe,beavertails
bt_30k_train_022705,"['hard_refusal', 'unsafe_compliance']",2,hard_refusal + unsafe_compliance,unsafe,beavertails
bt_30k_train_022735,"['hard_refusal', 'unsafe_compliance']",2,hard_refusal + unsafe_compliance,unsafe,beavertails
bt_30k_train_022798,"['hard_refusal', 'unsafe_compliance']",2,hard_refusal + unsafe_compliance,unsafe,beavertails
bt_30k_train_022998,"['hard_refusal', 'unsafe_compliance']",2,hard_refusal + unsafe_compliance,unsafe,beavertails
bt_30k_train_023033,"['hard_refusal', 'unsafe_compliance']",2,hard_refusal + unsafe_compliance,unsafe,beavertails
bt_30k_train_023036,"['hard_refusal', 'unsafe_compliance']",2,hard_refusal + unsafe_compliance,unsafe,beavertails
bt_30k_train_023039,"['hard_refusal', 'unsafe_compliance']",2,hard_refusal + unsafe_compliance,unsafe,beavertails
bt_30k_train_023060,"['hard_refusal', 'unsafe_compliance']",2,hard_refusal + unsafe_compliance,unsafe,beavertails
bt_30k_train_023092,"['hard_refusal', 'unsafe_compliance']",2,hard_refusal + unsafe_compliance,unsafe,beavertails
bt_30k_train_023112,"['hard_refusal', 'unsafe_compliance']",2,hard_refusal + unsafe_compliance,unsafe,beavertails
bt_30k_train_023209,"['hard_refusal', 'unsafe_compliance']",2,hard_refusal + unsafe_compliance,unsafe,beavertails
bt_30k_train_023226,"['hard_refusal', 'unsafe_compliance']",2,hard_refusal + unsafe_compliance,unsafe,beavertails
bt_30k_train_023230,"['hard_refusal', 'unsafe_compliance']",2,hard_refusal + unsafe_compliance,unsafe,beavertails
bt_30k_train_023252,"['hard_refusal', 'unsafe_compliance']",2,hard_refusal + unsafe_compliance,unsafe,beavertails
bt_30k_train_023270,"['hard_refusal', 'unsafe_compliance']",2,hard_refusal + unsafe_compliance,unsafe,beavertails
bt_30k_train_023278,"['hard_refusal', 'unsafe_compliance']",2,hard_refusal + unsafe_compliance,unsafe,beavertails
bt_30k_train_023458,"['hard_refusal', 'unsafe_compliance']",2,hard_refusal + unsafe_compliance,unsafe,beavertails
bt_30k_train_023474,"['hard_refusal', 'unsafe_compliance']",2,hard_refusal + unsafe_compliance,unsafe,beavertails
bt_30k_train_023602,"['hard_refusal', 'unsafe_compliance']",2,hard_refusal + unsafe_compliance,unsafe,beavertails
bt_30k_train_023704,"['hard_refusal', 'unsafe_compliance']",2,hard_refusal + unsafe_compliance,unsafe,beavertails
bt_30k_train_023746,"['hard_refusal', 'unsafe_compliance']",2,hard_refusal + unsafe_compliance,unsafe,beavertails
bt_30k_train_023770,"['hard_refusal', 'unsafe_compliance']",2,hard_refusal + unsafe_compliance,unsafe,beavertails
bt_30k_train_023873,"['hard_refusal', 'unsafe_compliance']",2,hard_refusal + unsafe_compliance,unsafe,beavertails
bt_30k_train_023917,"['hard_refusal', 'unsafe_compliance']",2,hard_refusal + unsafe_compliance,unsafe,beavertails
bt_30k_train_023931,"['hard_refusal', 'unsafe_compliance']",2,hard_refusal + unsafe_compliance,unsafe,beavertails
bt_30k_train_023972,"['hard_refusal', 'unsafe_compliance']",2,hard_refusal + unsafe_compliance,unsafe,beavertails
bt_30k_train_023983,"['hard_refusal', 'unsafe_compliance']",2,hard_refusal + unsafe_compliance,unsafe,beavertails
bt_30k_train_023988,"['hard_refusal', 'unsafe_compliance']",2,hard_refusal + unsafe_compliance,unsafe,beavertails
bt_30k_train_024022,"['hard_refusal', 'unsafe_compliance']",2,hard_refusal + unsafe_compliance,unsafe,beavertails
bt_30k_train_024036,"['hard_refusal', 'unsafe_compliance']",2,hard_refusal + unsafe_compliance,unsafe,beavertails
bt_30k_train_024115,"['hard_refusal', 'unsafe_compliance']",2,hard_refusal + unsafe_compliance,unsafe,beavertails
bt_30k_train_024205,"['hard_refusal', 'unsafe_compliance']",2,hard_refusal + unsafe_compliance,unsafe,beavertails
bt_30k_train_024495,"['hard_refusal', 'unsafe_compliance']",2,hard_refusal + unsafe_compliance,unsafe,beavertails
bt_30k_train_024635,"['hard_refusal', 'unsafe_compliance']",2,hard_refusal + unsafe_compliance,unsafe,beavertails
bt_30k_train_024738,"['hard_refusal', 'unsafe_compliance']",2,hard_refusal + unsafe_compliance,unsafe,beavertails
bt_30k_train_024889,"['hard_refusal', 'unsafe_compliance']",2,hard_refusal + unsafe_compliance,unsafe,beavertails
bt_30k_train_024916,"['hard_refusal', 'unsafe_compliance']",2,hard_refusal + unsafe_compliance,unsafe,beavertails
bt_30k_train_024917,"['hard_refusal', 'unsafe_compliance']",2,hard_refusal + unsafe_compliance,unsafe,beavertails
bt_30k_train_025010,"['hard_refusal', 'unsafe_compliance']",2,hard_refusal + unsafe_compliance,unsafe,beavertails
bt_30k_train_025035,"['hard_refusal', 'unsafe_compliance']",2,hard_refusal + unsafe_compliance,unsafe,beavertails
bt_30k_train_025134,"['hard_refusal', 'unsafe_compliance']",2,hard_refusal + unsafe_compliance,unsafe,beavertails
bt_30k_train_025231,"['hard_refusal', 'unsafe_compliance']",2,hard_refusal + unsafe_compliance,unsafe,beavertails
bt_30k_train_025341,"['hard_refusal', 'unsafe_compliance']",2,hard_refusal + unsafe_compliance,unsafe,beavertails
bt_30k_train_025737,"['hard_refusal', 'unsafe_compliance']",2,hard_refusal + unsafe_compliance,unsafe,beavertails
bt_30k_train_025764,"['hard_refusal', 'unsafe_compliance']",2,hard_refusal + unsafe_compliance,unsafe,beavertails
bt_30k_train_025886,"['hard_refusal', 'unsafe_compliance']",2,hard_refusal + unsafe_compliance,unsafe,beavertails
bt_30k_train_025946,"['hard_refusal', 'unsafe_compliance']",2,hard_refusal + unsafe_compliance,unsafe,beavertails
bt_30k_train_026070,"['hard_refusal', 'unsafe_compliance']",2,hard_refusal + unsafe_compliance,unsafe,beavertails
bt_30k_train_026127,"['hard_refusal', 'unsafe_compliance']",2,hard_refusal + unsafe_compliance,unsafe,beavertails
bt_30k_train_026174,"['hard_refusal', 'unsafe_compliance']",2,hard_refusal + unsafe_compliance,unsafe,beavertails
bt_30k_train_026185,"['hard_refusal', 'unsafe_compliance']",2,hard_refusal + unsafe_compliance,unsafe,beavertails
bt_30k_train_026195,"['hard_refusal', 'unsafe_compliance']",2,hard_refusal + unsafe_compliance,unsafe,beavertails
bt_30k_train_026207,"['hard_refusal', 'unsafe_compliance']",2,hard_refusal + unsafe_compliance,unsafe,beavertails
bt_30k_train_026227,"['hard_refusal', 'unsafe_compliance']",2,hard_refusal + unsafe_compliance,unsafe,beavertails
bt_30k_train_026251,"['hard_refusal', 'unsafe_compliance']",2,hard_refusal + unsafe_compliance,unsafe,beavertails
bt_30k_train_026309,"['hard_refusal', 'unsafe_compliance']",2,hard_refusal + unsafe_compliance,unsafe,beavertails
bt_30k_train_026323,"['hard_refusal', 'unsafe_compliance']",2,hard_refusal + unsafe_compliance,unsafe,beavertails
bt_30k_train_026342,"['hard_refusal', 'unsafe_compliance']",2,hard_refusal + unsafe_compliance,unsafe,beavertails
bt_30k_train_026491,"['hard_refusal', 'unsafe_compliance']",2,hard_refusal + unsafe_compliance,unsafe,beavertails
bt_30k_train_026693,"['hard_refusal', 'unsafe_compliance']",2,hard_refusal + unsafe_compliance,unsafe,beavertails
bt_30k_train_026751,"['hard_refusal', 'unsafe_compliance']",2,hard_refusal + unsafe_compliance,unsafe,beavertails
bt_30k_train_026770,"['hard_refusal', 'unsafe_compliance']",2,hard_refusal + unsafe_compliance,unsafe,beavertails
bt_30k_train_026894,"['hard_refusal', 'unsafe_compliance']",2,hard_refusal + unsafe_compliance,unsafe,beavertails
bt_30k_train_026923,"['hard_refusal', 'unsafe_compliance']",2,hard_refusal + unsafe_compliance,unsafe,beavertails
bt_30k_train_027071,"['hard_refusal', 'unsafe_compliance']",2,hard_refusal + unsafe_compliance,unsafe,beavertails
bt_30k_train_027144,"['hard_refusal', 'unsafe_compliance']",2,hard_refusal + unsafe_compliance,unsafe,beavertails
bt_30k_train_027178,"['hard_refusal', 'unsafe_compliance']",2,hard_refusal + unsafe_compliance,unsafe,beavertails
du_A_offsec_0001,"['hard_refusal', 'safe_completion', 'unsafe_compliance']",3,hard_refusal + safe_completion + unsafe_compliance,dual_use,dualuse_team_v1
du_A_offsec_0002,"['hard_refusal', 'safe_completion', 'unsafe_compliance']",3,hard_refusal + safe_completion + unsafe_compliance,dual_use,dualuse_team_v1
du_A_offsec_0003,"['hard_refusal', 'safe_completion', 'unsafe_compliance']",3,hard_refusal + safe_completion + unsafe_compliance,dual_use,dualuse_team_v1
du_A_offsec_0004,"['hard_refusal', 'safe_completion', 'unsafe_compliance']",3,hard_refusal + safe_completion + unsafe_compliance,dual_use,dualuse_team_v1
du_A_offsec_0005,"['hard_refusal', 'safe_completion', 'unsafe_compliance']",3,hard_refusal + safe_completion + unsafe_compliance,dual_use,dualuse_team_v1
du_A_offsec_0006,"['hard_refusal', 'safe_completion', 'unsafe_compliance']",3,hard_refusal + safe_completion + unsafe_compliance,dual_use,dualuse_team_v1
du_A_offsec_0007,"['hard_refusal', 'safe_completion', 'unsafe_compliance']",3,hard_refusal + safe_completion + unsafe_compliance,dual_use,dualuse_team_v1
du_A_offsec_0008,"['hard_refusal', 'safe_completion', 'unsafe_compliance']",3,hard_refusal + safe_completion + unsafe_compliance,dual_use,dualuse_team_v1
du_A_offsec_0009,"['hard_refusal', 'safe_completion', 'unsafe_compliance']",3,hard_refusal + safe_completion + unsafe_compliance,dual_use,dualuse_team_v1
du_A_offsec_0010,"['hard_refusal', 'safe_completion', 'unsafe_compliance']",3,hard_refusal + safe_completion + unsafe_compliance,dual_use,dualuse_team_v1
du_A_offsec_0011,"['hard_refusal', 'safe_completion', 'unsafe_compliance']",3,hard_refusal + safe_completion + unsafe_compliance,dual_use,dualuse_team_v1
du_A_offsec_0012,"['hard_refusal', 'safe_completion', 'unsafe_compliance']",3,hard_refusal + safe_completion + unsafe_compliance,dual_use,dualuse_team_v1
du_A_offsec_0013,"['hard_refusal', 'safe_completion', 'unsafe_compliance']",3,hard_refusal + safe_completion + unsafe_compliance,dual_use,dualuse_team_v1
du_A_offsec_0014,"['hard_refusal', 'safe_completion', 'unsafe_compliance']",3,hard_refusal + safe_completion + unsafe_compliance,dual_use,dualuse_team_v1
du_A_offsec_0015,"['hard_refusal', 'safe_completion', 'unsafe_compliance']",3,hard_refusal + safe_completion + unsafe_compliance,dual_use,dualuse_team_v1
du_A_offsec_0016,"['hard_refusal', 'safe_completion', 'unsafe_compliance']",3,hard_refusal + safe_completion + unsafe_compliance,dual_use,dualuse_team_v1
du_A_offsec_0017,"['hard_refusal', 'safe_completion', 'unsafe_compliance']",3,hard_refusal + safe_completion + unsafe_compliance,dual_use,dualuse_team_v1
du_A_offsec_0018,"['hard_refusal', 'safe_completion', 'unsafe_compliance']",3,hard_refusal + safe_completion + unsafe_compliance,dual_use,dualuse_team_v1
du_A_offsec_0019,"['hard_refusal', 'safe_completion', 'unsafe_compliance']",3,hard_refusal + safe_completion + unsafe_compliance,dual_use,dualuse_team_v1
du_A_offsec_0020,"['hard_refusal', 'safe_completion', 'unsafe_compliance']",3,hard_refusal + safe_completion + unsafe_compliance,dual_use,dualuse_team_v1
du_A_offsec_0021,"['hard_refusal', 'safe_completion', 'unsafe_compliance']",3,hard_refusal + safe_completion + unsafe_compliance,dual_use,dualuse_team_v1
du_A_offsec_0022,"['hard_refusal', 'safe_completion', 'unsafe_compliance']",3,hard_refusal + safe_completion + unsafe_compliance,dual_use,dualuse_team_v1
du_A_offsec_0023,"['hard_refusal', 'safe_completion', 'unsafe_compliance']",3,hard_refusal + safe_completion + unsafe_compliance,dual_use,dualuse_team_v1
du_A_offsec_0024,"['hard_refusal', 'safe_completion', 'unsafe_compliance']",3,hard_refusal + safe_completion + unsafe_compliance,dual_use,dualuse_team_v1
du_A_offsec_0025,"['hard_refusal', 'safe_completion', 'unsafe_compliance']",3,hard_refusal + safe_completion + unsafe_compliance,dual_use,dualuse_team_v1
du_A_offsec_0026,"['hard_refusal', 'safe_completion', 'unsafe_compliance']",3,hard_refusal + safe_completion + unsafe_compliance,dual_use,dualuse_team_v1
du_A_offsec_0027,"['hard_refusal', 'safe_completion', 'unsafe_compliance']",3,hard_refusal + safe_completion + unsafe_compliance,dual_use,dualuse_team_v1
du_A_offsec_0028,"['hard_refusal', 'safe_completion', 'unsafe_compliance']",3,hard_refusal + safe_completion + unsafe_compliance,dual_use,dualuse_team_v1
du_A_offsec_0029,"['hard_refusal', 'safe_completion', 'unsafe_compliance']",3,hard_refusal + safe_completion + unsafe_compliance,dual_use,dualuse_team_v1
du_A_offsec_0030,"['hard_refusal', 'safe_completion', 'unsafe_compliance']",3,hard_refusal + safe_completion + unsafe_compliance,dual_use,dualuse_team_v1
du_A_offsec_0031,"['hard_refusal', 'safe_completion', 'unsafe_compliance']",3,hard_refusal + safe_completion + unsafe_compliance,dual_use,dualuse_team_v1
du_A_offsec_0032,"['hard_refusal', 'safe_completion', 'unsafe_compliance']",3,hard_refusal + safe_completion + unsafe_compliance,dual_use,dualuse_team_v1
du_A_offsec_0033,"['hard_refusal', 'safe_completion', 'unsafe_compliance']",3,hard_refusal + safe_completion + unsafe_compliance,dual_use,dualuse_team_v1
du_A_offsec_0034,"['hard_refusal', 'safe_completion', 'unsafe_compliance']",3,hard_refusal + safe_completion + unsafe_compliance,dual_use,dualuse_team_v1
du_A_offsec_0035,"['hard_refusal', 'safe_completion', 'unsafe_compliance']",3,hard_refusal + safe_completion + unsafe_compliance,dual_use,dualuse_team_v1
du_A_offsec_0036,"['hard_refusal', 'safe_completion', 'unsafe_compliance']",3,hard_refusal + safe_completion + unsafe_compliance,dual_use,dualuse_team_v1
du_A_offsec_0037,"['hard_refusal', 'safe_completion', 'unsafe_compliance']",3,hard_refusal + safe_completion + unsafe_compliance,dual_use,dualuse_team_v1
du_A_offsec_0038,"['hard_refusal', 'safe_completion', 'unsafe_compliance']",3,hard_refusal + safe_completion + unsafe_compliance,dual_use,dualuse_team_v1
du_A_offsec_0039,"['hard_refusal', 'safe_completion', 'unsafe_compliance']",3,hard_refusal + safe_completion + unsafe_compliance,dual_use,dualuse_team_v1
du_A_offsec_0040,"['hard_refusal', 'safe_completion', 'unsafe_compliance']",3,hard_refusal + safe_completion + unsafe_compliance,dual_use,dualuse_team_v1
du_A_offsec_0041,"['hard_refusal', 'safe_completion', 'unsafe_compliance']",3,hard_refusal + safe_completion + unsafe_compliance,dual_use,dualuse_team_v1
du_A_offsec_0042,"['hard_refusal', 'safe_completion', 'unsafe_compliance']",3,hard_refusal + safe_completion + unsafe_compliance,dual_use,dualuse_team_v1
du_A_offsec_0043,"['hard_refusal', 'safe_completion', 'unsafe_compliance']",3,hard_refusal + safe_completion + unsafe_compliance,dual_use,dualuse_team_v1
du_A_offsec_0044,"['hard_refusal', 'safe_completion', 'unsafe_compliance']",3,hard_refusal + safe_completion + unsafe_compliance,dual_use,dualuse_team_v1
du_A_offsec_0045,"['hard_refusal', 'safe_completion', 'unsafe_compliance']",3,hard_refusal + safe_completion + unsafe_compliance,dual_use,dualuse_team_v1
du_A_offsec_0046,"['hard_refusal', 'safe_completion', 'unsafe_compliance']",3,hard_refusal + safe_completion + unsafe_compliance,dual_use,dualuse_team_v1
du_A_offsec_0047,"['hard_refusal', 'safe_completion', 'unsafe_compliance']",3,hard_refusal + safe_completion + unsafe_compliance,dual_use,dualuse_team_v1
du_A_offsec_0048,"['hard_refusal', 'safe_completion', 'unsafe_compliance']",3,hard_refusal + safe_completion + unsafe_compliance,dual_use,dualuse_team_v1
du_A_offsec_0049,"['hard_refusal', 'safe_completion', 'unsafe_compliance']",3,hard_refusal + safe_completion + unsafe_compliance,dual_use,dualuse_team_v1
du_A_offsec_0050,"['hard_refusal', 'safe_completion', 'unsafe_compliance']",3,hard_refusal + safe_completion + unsafe_compliance,dual_use,dualuse_team_v1
du_A_offsec_0051,"['hard_refusal', 'safe_completion', 'unsafe_compliance']",3,hard_refusal + safe_completion + unsafe_compliance,dual_use,dualuse_team_v1
du_A_offsec_0052,"['hard_refusal', 'safe_completion', 'unsafe_compliance']",3,hard_refusal + safe_completion + unsafe_compliance,dual_use,dualuse_team_v1
du_A_offsec_0053,"['hard_refusal', 'safe_completion', 'unsafe_compliance']",3,hard_refusal + safe_completion + unsafe_compliance,dual_use,dualuse_team_v1
du_A_offsec_0054,"['hard_refusal', 'safe_completion', 'unsafe_compliance']",3,hard_refusal + safe_completion + unsafe_compliance,dual_use,dualuse_team_v1
du_A_offsec_0055,"['hard_refusal', 'safe_completion', 'unsafe_compliance']",3,hard_refusal + safe_completion + unsafe_compliance,dual_use,dualuse_team_v1
du_A_offsec_0056,"['hard_refusal', 'safe_completion', 'unsafe_compliance']",3,hard_refusal + safe_completion + unsafe_compliance,dual_use,dualuse_team_v1
du_A_offsec_0057,"['hard_refusal', 'safe_completion', 'unsafe_compliance']",3,hard_refusal + safe_completion + unsafe_compliance,dual_use,dualuse_team_v1
du_A_offsec_0058,"['hard_refusal', 'safe_completion', 'unsafe_compliance']",3,hard_refusal + safe_completion + unsafe_compliance,dual_use,dualuse_team_v1
du_A_offsec_0059,"['hard_refusal', 'safe_completion', 'unsafe_compliance']",3,hard_refusal + safe_completion + unsafe_compliance,dual_use,dualuse_team_v1
du_A_offsec_0060,"['hard_refusal', 'safe_completion', 'unsafe_compliance']",3,hard_refusal + safe_completion + unsafe_compliance,dual_use,dualuse_team_v1
du_A_offsec_0061,"['hard_refusal', 'safe_completion', 'unsafe_compliance']",3,hard_refusal + safe_completion + unsafe_compliance,dual_use,dualuse_team_v1
du_A_offsec_0062,"['hard_refusal', 'safe_completion', 'unsafe_compliance']",3,hard_refusal + safe_completion + unsafe_compliance,dual_use,dualuse_team_v1
du_A_offsec_0063,"['hard_refusal', 'safe_completion', 'unsafe_compliance']",3,hard_refusal + safe_completion + unsafe_compliance,dual_use,dualuse_team_v1
du_A_offsec_0064,"['hard_refusal', 'safe_completion', 'unsafe_compliance']",3,hard_refusal + safe_completion + unsafe_compliance,dual_use,dualuse_team_v1
du_A_offsec_0065,"['hard_refusal', 'safe_completion', 'unsafe_compliance']",3,hard_refusal + safe_completion + unsafe_compliance,dual_use,dualuse_team_v1
du_A_offsec_0066,"['hard_refusal', 'safe_completion', 'unsafe_compliance']",3,hard_refusal + safe_completion + unsafe_compliance,dual_use,dualuse_team_v1
du_A_offsec_0067,"['hard_refusal', 'safe_completion', 'unsafe_compliance']",3,hard_refusal + safe_completion + unsafe_compliance,dual_use,dualuse_team_v1
du_A_offsec_0068,"['hard_refusal', 'safe_completion', 'unsafe_compliance']",3,hard_refusal + safe_completion + unsafe_compliance,dual_use,dualuse_team_v1
du_A_offsec_0069,"['hard_refusal', 'safe_completion', 'unsafe_compliance']",3,hard_refusal + safe_completion + unsafe_compliance,dual_use,dualuse_team_v1
du_A_offsec_0070,"['hard_refusal', 'safe_completion', 'unsafe_compliance']",3,hard_refusal + safe_completion + unsafe_compliance,dual_use,dualuse_team_v1
du_A_offsec_0071,"['hard_refusal', 'safe_completion', 'unsafe_compliance']",3,hard_refusal + safe_completion + unsafe_compliance,dual_use,dualuse_team_v1
du_A_offsec_0072,"['hard_refusal', 'safe_completion', 'unsafe_compliance']",3,hard_refusal + safe_completion + unsafe_compliance,dual_use,dualuse_team_v1
du_A_offsec_0073,"['hard_refusal', 'safe_completion', 'unsafe_compliance']",3,hard_refusal + safe_completion + unsafe_compliance,dual_use,dualuse_team_v1
du_A_offsec_0074,"['hard_refusal', 'safe_completion', 'unsafe_compliance']",3,hard_refusal + safe_completion + unsafe_compliance,dual_use,dualuse_team_v1
du_A_offsec_0075,"['hard_refusal', 'safe_completion', 'unsafe_compliance']",3,hard_refusal + safe_completion + unsafe_compliance,dual_use,dualuse_team_v1
du_A_offsec_0076,"['hard_refusal', 'safe_completion', 'unsafe_compliance']",3,hard_refusal + safe_completion + unsafe_compliance,dual_use,dualuse_team_v1
du_A_offsec_0077,"['hard_refusal', 'safe_completion', 'unsafe_compliance']",3,hard_refusal + safe_completion + unsafe_compliance,dual_use,dualuse_team_v1
du_A_offsec_0078,"['hard_refusal', 'safe_completion', 'unsafe_compliance']",3,hard_refusal + safe_completion + unsafe_compliance,dual_use,dualuse_team_v1
du_A_offsec_0079,"['hard_refusal', 'safe_completion', 'unsafe_compliance']",3,hard_refusal + safe_completion + unsafe_compliance,dual_use,dualuse_team_v1
du_A_offsec_0080,"['hard_refusal', 'safe_completion', 'unsafe_compliance']",3,hard_refusal + safe_completion + unsafe_compliance,dual_use,dualuse_team_v1
du_A_offsec_0081,"['hard_refusal', 'safe_completion', 'unsafe_compliance']",3,hard_refusal + safe_completion + unsafe_compliance,dual_use,dualuse_team_v1
du_A_offsec_0082,"['hard_refusal', 'safe_completion', 'unsafe_compliance']",3,hard_refusal + safe_completion + unsafe_compliance,dual_use,dualuse_team_v1
du_A_offsec_0083,"['hard_refusal', 'safe_completion', 'unsafe_compliance']",3,hard_refusal + safe_completion + unsafe_compliance,dual_use,dualuse_team_v1
du_A_offsec_0084,"['hard_refusal', 'safe_completion', 'unsafe_compliance']",3,hard_refusal + safe_completion + unsafe_compliance,dual_use,dualuse_team_v1
du_A_offsec_0085,"['hard_refusal', 'safe_completion', 'unsafe_compliance']",3,hard_refusal + safe_completion + unsafe_compliance,dual_use,dualuse_team_v1
du_A_offsec_0086,"['hard_refusal', 'safe_completion', 'unsafe_compliance']",3,hard_refusal + safe_completion + unsafe_compliance,dual_use,dualuse_team_v1
du_A_offsec_0087,"['hard_refusal', 'safe_completion', 'unsafe_compliance']",3,hard_refusal + safe_completion + unsafe_compliance,dual_use,dualuse_team_v1
du_A_offsec_0088,"['hard_refusal', 'safe_completion', 'unsafe_compliance']",3,hard_refusal + safe_completion + unsafe_compliance,dual_use,dualuse_team_v1
du_A_offsec_0089,"['hard_refusal', 'safe_completion', 'unsafe_compliance']",3,hard_refusal + safe_completion + unsafe_compliance,dual_use,dualuse_team_v1
du_A_offsec_0090,"['hard_refusal', 'safe_completion', 'unsafe_compliance']",3,hard_refusal + safe_completion + unsafe_compliance,dual_use,dualuse_team_v1
du_A_offsec_0091,"['hard_refusal', 'safe_completion', 'unsafe_compliance']",3,hard_refusal + safe_completion + unsafe_compliance,dual_use,dualuse_team_v1
du_A_offsec_0092,"['hard_refusal', 'safe_completion', 'unsafe_compliance']",3,hard_refusal + safe_completion + unsafe_compliance,dual_use,dualuse_team_v1
du_A_offsec_0093,"['hard_refusal', 'safe_completion', 'unsafe_compliance']",3,hard_refusal + safe_completion + unsafe_compliance,dual_use,dualuse_team_v1
du_A_offsec_0094,"['hard_refusal', 'safe_completion', 'unsafe_compliance']",3,hard_refusal + safe_completion + unsafe_compliance,dual_use,dualuse_team_v1
du_A_offsec_0095,"['hard_refusal', 'safe_completion', 'unsafe_compliance']",3,hard_refusal + safe_completion + unsafe_compliance,dual_use,dualuse_team_v1
du_A_offsec_0096,"['hard_refusal', 'safe_completion', 'unsafe_compliance']",3,hard_refusal + safe_completion + unsafe_compliance,dual_use,dualuse_team_v1
du_A_offsec_0097,"['hard_refusal', 'safe_completion', 'unsafe_compliance']",3,hard_refusal + safe_completion + unsafe_compliance,dual_use,dualuse_team_v1
du_A_offsec_0098,"['hard_refusal', 'safe_completion', 'unsafe_compliance']",3,hard_refusal + safe_completion + unsafe_compliance,dual_use,dualuse_team_v1
du_A_offsec_0099,"['hard_refusal', 'safe_completion', 'unsafe_compliance']",3,hard_refusal + safe_completion + unsafe_compliance,dual_use,dualuse_team_v1
du_A_offsec_0100,"['hard_refusal', 'safe_completion', 'unsafe_compliance']",3,hard_refusal + safe_completion + unsafe_compliance,dual_use,dualuse_team_v1
du_A_offsec_0101,"['hard_refusal', 'safe_completion', 'unsafe_compliance']",3,hard_refusal + safe_completion + unsafe_compliance,dual_use,dualuse_team_v1
du_A_offsec_0102,"['hard_refusal', 'safe_completion', 'unsafe_compliance']",3,hard_refusal + safe_completion + unsafe_compliance,dual_use,dualuse_team_v1
du_A_offsec_0103,"['hard_refusal', 'safe_completion', 'unsafe_compliance']",3,hard_refusal + safe_completion + unsafe_compliance,dual_use,dualuse_team_v1
du_A_offsec_0104,"['hard_refusal', 'safe_completion', 'unsafe_compliance']",3,hard_refusal + safe_completion + unsafe_compliance,dual_use,dualuse_team_v1
du_A_offsec_0105,"['hard_refusal', 'safe_completion', 'unsafe_compliance']",3,hard_refusal + safe_completion + unsafe_compliance,dual_use,dualuse_team_v1
du_A_offsec_0106,"['hard_refusal', 'safe_completion', 'unsafe_compliance']",3,hard_refusal + safe_completion + unsafe_compliance,dual_use,dualuse_team_v1
du_A_offsec_0107,"['hard_refusal', 'safe_completion', 'unsafe_compliance']",3,hard_refusal + safe_completion + unsafe_compliance,dual_use,dualuse_team_v1
du_A_offsec_0108,"['hard_refusal', 'safe_completion', 'unsafe_compliance']",3,hard_refusal + safe_completion + unsafe_compliance,dual_use,dualuse_team_v1
du_A_offsec_0109,"['hard_refusal', 'safe_completion', 'unsafe_compliance']",3,hard_refusal + safe_completion + unsafe_compliance,dual_use,dualuse_team_v1
du_A_offsec_0110,"['hard_refusal', 'safe_completion', 'unsafe_compliance']",3,hard_refusal + safe_completion + unsafe_compliance,dual_use,dualuse_team_v1
du_A_offsec_0111,"['hard_refusal', 'safe_completion', 'unsafe_compliance']",3,hard_refusal + safe_completion + unsafe_compliance,dual_use,dualuse_team_v1
du_A_offsec_0112,"['hard_refusal', 'safe_completion', 'unsafe_compliance']",3,hard_refusal + safe_completion + unsafe_compliance,dual_use,dualuse_team_v1
du_A_offsec_0113,"['hard_refusal', 'safe_completion', 'unsafe_compliance']",3,hard_refusal + safe_completion + unsafe_compliance,dual_use,dualuse_team_v1
du_A_offsec_0114,"['hard_refusal', 'safe_completion', 'unsafe_compliance']",3,hard_refusal + safe_completion + unsafe_compliance,dual_use,dualuse_team_v1
du_A_offsec_0115,"['hard_refusal', 'safe_completion', 'unsafe_compliance']",3,hard_refusal + safe_completion + unsafe_compliance,dual_use,dualuse_team_v1
du_A_offsec_0116,"['hard_refusal', 'safe_completion', 'unsafe_compliance']",3,hard_refusal + safe_completion + unsafe_compliance,dual_use,dualuse_team_v1
du_A_offsec_0117,"['hard_refusal', 'safe_completion', 'unsafe_compliance']",3,hard_refusal + safe_completion + unsafe_compliance,dual_use,dualuse_team_v1
du_A_offsec_0118,"['hard_refusal', 'safe_completion', 'unsafe_compliance']",3,hard_refusal + safe_completion + unsafe_compliance,dual_use,dualuse_team_v1
du_A_offsec_0119,"['hard_refusal', 'safe_completion', 'unsafe_compliance']",3,hard_refusal + safe_completion + unsafe_compliance,dual_use,dualuse_team_v1
du_A_offsec_0120,"['hard_refusal', 'safe_completion', 'unsafe_compliance']",3,hard_refusal + safe_completion + unsafe_compliance,dual_use,dualuse_team_v1
du_A_offsec_0121,"['hard_refusal', 'safe_completion', 'unsafe_compliance']",3,hard_refusal + safe_completion + unsafe_compliance,dual_use,dualuse_team_v1
du_A_offsec_0122,"['hard_refusal', 'safe_completion', 'unsafe_compliance']",3,hard_refusal + safe_completion + unsafe_compliance,dual_use,dualuse_team_v1
du_A_offsec_0123,"['hard_refusal', 'safe_completion', 'unsafe_compliance']",3,hard_refusal + safe_completion + unsafe_compliance,dual_use,dualuse_team_v1
du_A_offsec_0124,"['hard_refusal', 'safe_completion', 'unsafe_compliance']",3,hard_refusal + safe_completion + unsafe_compliance,dual_use,dualuse_team_v1
du_A_offsec_0125,"['hard_refusal', 'safe_completion', 'unsafe_compliance']",3,hard_refusal + safe_completion + unsafe_compliance,dual_use,dualuse_team_v1
du_A_offsec_0126,"['hard_refusal', 'safe_completion', 'unsafe_compliance']",3,hard_refusal + safe_completion + unsafe_compliance,dual_use,dualuse_team_v1
du_A_offsec_0127,"['hard_refusal', 'safe_completion', 'unsafe_compliance']",3,hard_refusal + safe_completion + unsafe_compliance,dual_use,dualuse_team_v1
du_A_offsec_0128,"['hard_refusal', 'safe_completion', 'unsafe_compliance']",3,hard_refusal + safe_completion + unsafe_compliance,dual_use,dualuse_team_v1
du_A_offsec_0129,"['hard_refusal', 'safe_completion', 'unsafe_compliance']",3,hard_refusal + safe_completion + unsafe_compliance,dual_use,dualuse_team_v1
du_A_offsec_0130,"['hard_refusal', 'safe_completion', 'unsafe_compliance']",3,hard_refusal + safe_completion + unsafe_compliance,dual_use,dualuse_team_v1
du_A_offsec_0131,"['hard_refusal', 'safe_completion', 'unsafe_compliance']",3,hard_refusal + safe_completion + unsafe_compliance,dual_use,dualuse_team_v1
du_A_offsec_0132,"['hard_refusal', 'safe_completion', 'unsafe_compliance']",3,hard_refusal + safe_completion + unsafe_compliance,dual_use,dualuse_team_v1
du_A_offsec_0133,"['hard_refusal', 'safe_completion', 'unsafe_compliance']",3,hard_refusal + safe_completion + unsafe_compliance,dual_use,dualuse_team_v1
du_A_offsec_0134,"['hard_refusal', 'safe_completion', 'unsafe_compliance']",3,hard_refusal + safe_completion + unsafe_compliance,dual_use,dualuse_team_v1
du_A_offsec_0135,"['hard_refusal', 'safe_completion', 'unsafe_compliance']",3,hard_refusal + safe_completion + unsafe_compliance,dual_use,dualuse_team_v1
du_A_offsec_0136,"['hard_refusal', 'safe_completion', 'unsafe_compliance']",3,hard_refusal + safe_completion + unsafe_compliance,dual_use,dualuse_team_v1
du_A_offsec_0137,"['hard_refusal', 'safe_completion', 'unsafe_compliance']",3,hard_refusal + safe_completion + unsafe_compliance,dual_use,dualuse_team_v1
du_A_offsec_0138,"['hard_refusal', 'safe_completion', 'unsafe_compliance']",3,hard_refusal + safe_completion + unsafe_compliance,dual_use,dualuse_team_v1
du_A_offsec_0139,"['hard_refusal', 'safe_completion', 'unsafe_compliance']",3,hard_refusal + safe_completion + unsafe_compliance,dual_use,dualuse_team_v1
du_A_offsec_0140,"['hard_refusal', 'safe_completion', 'unsafe_compliance']",3,hard_refusal + safe_completion + unsafe_compliance,dual_use,dualuse_team_v1
du_A_offsec_0141,"['hard_refusal', 'safe_completion', 'unsafe_compliance']",3,hard_refusal + safe_completion + unsafe_compliance,dual_use,dualuse_team_v1
du_A_offsec_0142,"['hard_refusal', 'safe_completion', 'unsafe_compliance']",3,hard_refusal + safe_completion + unsafe_compliance,dual_use,dualuse_team_v1
du_A_offsec_0143,"['hard_refusal', 'safe_completion', 'unsafe_compliance']",3,hard_refusal + safe_completion + unsafe_compliance,dual_use,dualuse_team_v1
du_A_offsec_0144,"['hard_refusal', 'safe_completion', 'unsafe_compliance']",3,hard_refusal + safe_completion + unsafe_compliance,dual_use,dualuse_team_v1
du_A_offsec_0145,"['hard_refusal', 'safe_completion', 'unsafe_compliance']",3,hard_refusal + safe_completion + unsafe_compliance,dual_use,dualuse_team_v1
du_A_offsec_0146,"['hard_refusal', 'safe_completion', 'unsafe_compliance']",3,hard_refusal + safe_completion + unsafe_compliance,dual_use,dualuse_team_v1
du_A_offsec_0147,"['hard_refusal', 'safe_completion', 'unsafe_compliance']",3,hard_refusal + safe_completion + unsafe_compliance,dual_use,dualuse_team_v1
du_A_offsec_0148,"['hard_refusal', 'safe_completion', 'unsafe_compliance']",3,hard_refusal + safe_completion + unsafe_compliance,dual_use,dualuse_team_v1
du_A_offsec_0149,"['hard_refusal', 'safe_completion', 'unsafe_compliance']",3,hard_refusal + safe_completion + unsafe_compliance,dual_use,dualuse_team_v1
du_A_offsec_0150,"['hard_refusal', 'safe_completion', 'unsafe_compliance']",3,hard_refusal + safe_completion + unsafe_compliance,dual_use,dualuse_team_v1
du_A_offsec_0151,"['hard_refusal', 'safe_completion', 'unsafe_compliance']",3,hard_refusal + safe_completion + unsafe_compliance,dual_use,dualuse_team_v1
du_A_offsec_0152,"['hard_refusal', 'safe_completion', 'unsafe_compliance']",3,hard_refusal + safe_completion + unsafe_compliance,dual_use,dualuse_team_v1
du_A_offsec_0153,"['hard_refusal', 'safe_completion', 'unsafe_compliance']",3,hard_refusal + safe_completion + unsafe_compliance,dual_use,dualuse_team_v1
du_A_offsec_0154,"['hard_refusal', 'safe_completion', 'unsafe_compliance']",3,hard_refusal + safe_completion + unsafe_compliance,dual_use,dualuse_team_v1
du_A_offsec_0155,"['hard_refusal', 'safe_completion', 'unsafe_compliance']",3,hard_refusal + safe_completion + unsafe_compliance,dual_use,dualuse_team_v1
du_A_offsec_0156,"['hard_refusal', 'safe_completion', 'unsafe_compliance']",3,hard_refusal + safe_completion + unsafe_compliance,dual_use,dualuse_team_v1
du_A_offsec_0157,"['hard_refusal', 'safe_completion', 'unsafe_compliance']",3,hard_refusal + safe_completion + unsafe_compliance,dual_use,dualuse_team_v1
du_A_offsec_0158,"['hard_refusal', 'safe_completion', 'unsafe_compliance']",3,hard_refusal + safe_completion + unsafe_compliance,dual_use,dualuse_team_v1
du_A_offsec_0159,"['hard_refusal', 'safe_completion', 'unsafe_compliance']",3,hard_refusal + safe_completion + unsafe_compliance,dual_use,dualuse_team_v1
du_A_offsec_0160,"['hard_refusal', 'safe_completion', 'unsafe_compliance']",3,hard_refusal + safe_completion + unsafe_compliance,dual_use,dualuse_team_v1
du_A_offsec_0161,"['hard_refusal', 'safe_completion', 'unsafe_compliance']",3,hard_refusal + safe_completion + unsafe_compliance,dual_use,dualuse_team_v1
du_A_offsec_0162,"['hard_refusal', 'safe_completion', 'unsafe_compliance']",3,hard_refusal + safe_completion + unsafe_compliance,dual_use,dualuse_team_v1
du_A_offsec_0163,"['hard_refusal', 'safe_completion', 'unsafe_compliance']",3,hard_refusal + safe_completion + unsafe_compliance,dual_use,dualuse_team_v1
du_A_offsec_0164,"['hard_refusal', 'safe_completion', 'unsafe_compliance']",3,hard_refusal + safe_completion + unsafe_compliance,dual_use,dualuse_team_v1
du_A_offsec_0165,"['hard_refusal', 'safe_completion', 'unsafe_compliance']",3,hard_refusal + safe_completion + unsafe_compliance,dual_use,dualuse_team_v1
du_A_offsec_0166,"['hard_refusal', 'safe_completion', 'unsafe_compliance']",3,hard_refusal + safe_completion + unsafe_compliance,dual_use,dualuse_team_v1
du_A_offsec_0167,"['hard_refusal', 'safe_completion', 'unsafe_compliance']",3,hard_refusal + safe_completion + unsafe_compliance,dual_use,dualuse_team_v1
du_A_offsec_0168,"['hard_refusal', 'safe_completion', 'unsafe_compliance']",3,hard_refusal + safe_completion + unsafe_compliance,dual_use,dualuse_team_v1
du_A_offsec_0169,"['hard_refusal', 'safe_completion', 'unsafe_compliance']",3,hard_refusal + safe_completion + unsafe_compliance,dual_use,dualuse_team_v1
du_A_offsec_0170,"['hard_refusal', 'safe_completion', 'unsafe_compliance']",3,hard_refusal + safe_completion + unsafe_compliance,dual_use,dualuse_team_v1
du_A_offsec_0171,"['hard_refusal', 'safe_completion', 'unsafe_compliance']",3,hard_refusal + safe_completion + unsafe_compliance,dual_use,dualuse_team_v1
du_A_offsec_0172,"['hard_refusal', 'safe_completion', 'unsafe_compliance']",3,hard_refusal + safe_completion + unsafe_compliance,dual_use,dualuse_team_v1
du_A_offsec_0173,"['hard_refusal', 'safe_completion', 'unsafe_compliance']",3,hard_refusal + safe_completion + unsafe_compliance,dual_use,dualuse_team_v1
du_A_offsec_0174,"['hard_refusal', 'safe_completion', 'unsafe_compliance']",3,hard_refusal + safe_completion + unsafe_compliance,dual_use,dualuse_team_v1
du_A_offsec_0175,"['hard_refusal', 'safe_completion', 'unsafe_compliance']",3,hard_refusal + safe_completion + unsafe_compliance,dual_use,dualuse_team_v1
du_A_offsec_0176,"['hard_refusal', 'safe_completion', 'unsafe_compliance']",3,hard_refusal + safe_completion + unsafe_compliance,dual_use,dualuse_team_v1
du_A_offsec_0177,"['hard_refusal', 'safe_completion', 'unsafe_compliance']",3,hard_refusal + safe_completion + unsafe_compliance,dual_use,dualuse_team_v1
du_A_offsec_0178,"['hard_refusal', 'safe_completion', 'unsafe_compliance']",3,hard_refusal + safe_completion + unsafe_compliance,dual_use,dualuse_team_v1
du_A_offsec_0179,"['hard_refusal', 'safe_completion', 'unsafe_compliance']",3,hard_refusal + safe_completion + unsafe_compliance,dual_use,dualuse_team_v1
du_A_offsec_0180,"['hard_refusal', 'safe_completion', 'unsafe_compliance']",3,hard_refusal + safe_completion + unsafe_compliance,dual_use,dualuse_team_v1
du_A_offsec_0181,"['hard_refusal', 'safe_completion', 'unsafe_compliance']",3,hard_refusal + safe_completion + unsafe_compliance,dual_use,dualuse_team_v1
du_A_offsec_0182,"['hard_refusal', 'safe_completion', 'unsafe_compliance']",3,hard_refusal + safe_completion + unsafe_compliance,dual_use,dualuse_team_v1
du_A_offsec_0183,"['hard_refusal', 'safe_completion', 'unsafe_compliance']",3,hard_refusal + safe_completion + unsafe_compliance,dual_use,dualuse_team_v1
du_A_offsec_0184,"['hard_refusal', 'safe_completion', 'unsafe_compliance']",3,hard_refusal + safe_completion + unsafe_compliance,dual_use,dualuse_team_v1
du_A_offsec_0185,"['hard_refusal', 'safe_completion', 'unsafe_compliance']",3,hard_refusal + safe_completion + unsafe_compliance,dual_use,dualuse_team_v1
du_A_offsec_0186,"['hard_refusal', 'safe_completion', 'unsafe_compliance']",3,hard_refusal + safe_completion + unsafe_compliance,dual_use,dualuse_team_v1
du_A_offsec_0187,"['hard_refusal', 'safe_completion', 'unsafe_compliance']",3,hard_refusal + safe_completion + unsafe_compliance,dual_use,dualuse_team_v1
du_A_offsec_0188,"['hard_refusal', 'safe_completion', 'unsafe_compliance']",3,hard_refusal + safe_completion + unsafe_compliance,dual_use,dualuse_team_v1
du_A_offsec_0189,"['hard_refusal', 'safe_completion', 'unsafe_compliance']",3,hard_refusal + safe_completion + unsafe_compliance,dual_use,dualuse_team_v1
du_A_offsec_0190,"['hard_refusal', 'safe_completion', 'unsafe_compliance']",3,hard_refusal + safe_completion + unsafe_compliance,dual_use,dualuse_team_v1
du_A_offsec_0191,"['hard_refusal', 'safe_completion', 'unsafe_compliance']",3,hard_refusal + safe_completion + unsafe_compliance,dual_use,dualuse_team_v1
du_A_offsec_0192,"['hard_refusal', 'safe_completion', 'unsafe_compliance']",3,hard_refusal + safe_completion + unsafe_compliance,dual_use,dualuse_team_v1
du_A_offsec_0193,"['hard_refusal', 'safe_completion', 'unsafe_compliance']",3,hard_refusal + safe_completion + unsafe_compliance,dual_use,dualuse_team_v1
du_A_offsec_0194,"['hard_refusal', 'safe_completion', 'unsafe_compliance']",3,hard_refusal + safe_completion + unsafe_compliance,dual_use,dualuse_team_v1
du_A_offsec_0195,"['hard_refusal', 'safe_completion', 'unsafe_compliance']",3,hard_refusal + safe_completion + unsafe_compliance,dual_use,dualuse_team_v1
du_A_offsec_0196,"['hard_refusal', 'safe_completion', 'unsafe_compliance']",3,hard_refusal + safe_completion + unsafe_compliance,dual_use,dualuse_team_v1
du_A_offsec_0197,"['hard_refusal', 'safe_completion', 'unsafe_compliance']",3,hard_refusal + safe_completion + unsafe_compliance,dual_use,dualuse_team_v1
du_A_offsec_0198,"['hard_refusal', 'safe_completion', 'unsafe_compliance']",3,hard_refusal + safe_completion + unsafe_compliance,dual_use,dualuse_team_v1
du_A_offsec_0199,"['hard_refusal', 'safe_completion', 'unsafe_compliance']",3,hard_refusal + safe_completion + unsafe_compliance,dual_use,dualuse_team_v1
du_A_offsec_0200,"['hard_refusal', 'safe_completion', 'unsafe_compliance']",3,hard_refusal + safe_completion + unsafe_compliance,dual_use,dualuse_team_v1
du_A_offsec_0201,"['hard_refusal', 'safe_completion', 'unsafe_compliance']",3,hard_refusal + safe_completion + unsafe_compliance,dual_use,dualuse_team_v1
du_A_offsec_0202,"['hard_refusal', 'safe_completion', 'unsafe_compliance']",3,hard_refusal + safe_completion + unsafe_compliance,dual_use,dualuse_team_v1
du_A_offsec_0203,"['hard_refusal', 'safe_completion', 'unsafe_compliance']",3,hard_refusal + safe_completion + unsafe_compliance,dual_use,dualuse_team_v1
du_A_offsec_0204,"['hard_refusal', 'safe_completion', 'unsafe_compliance']",3,hard_refusal + safe_completion + unsafe_compliance,dual_use,dualuse_team_v1
du_A_offsec_0205,"['hard_refusal', 'safe_completion', 'unsafe_compliance']",3,hard_refusal + safe_completion + unsafe_compliance,dual_use,dualuse_team_v1
du_A_offsec_0206,"['hard_refusal', 'safe_completion', 'unsafe_compliance']",3,hard_refusal + safe_completion + unsafe_compliance,dual_use,dualuse_team_v1
du_A_offsec_0207,"['hard_refusal', 'safe_completion', 'unsafe_compliance']",3,hard_refusal + safe_completion + unsafe_compliance,dual_use,dualuse_team_v1
du_A_offsec_0208,"['hard_refusal', 'safe_completion', 'unsafe_compliance']",3,hard_refusal + safe_completion + unsafe_compliance,dual_use,dualuse_team_v1
du_A_offsec_0209,"['hard_refusal', 'safe_completion', 'unsafe_compliance']",3,hard_refusal + safe_completion + unsafe_compliance,dual_use,dualuse_team_v1
du_A_offsec_0210,"['hard_refusal', 'safe_completion', 'unsafe_compliance']",3,hard_refusal + safe_completion + unsafe_compliance,dual_use,dualuse_team_v1
du_A_offsec_0211,"['hard_refusal', 'safe_completion', 'unsafe_compliance']",3,hard_refusal + safe_completion + unsafe_compliance,dual_use,dualuse_team_v1
du_A_offsec_0212,"['hard_refusal', 'safe_completion', 'unsafe_compliance']",3,hard_refusal + safe_completion + unsafe_compliance,dual_use,dualuse_team_v1
du_A_offsec_0213,"['hard_refusal', 'safe_completion', 'unsafe_compliance']",3,hard_refusal + safe_completion + unsafe_compliance,dual_use,dualuse_team_v1
du_A_offsec_0214,"['hard_refusal', 'safe_completion', 'unsafe_compliance']",3,hard_refusal + safe_completion + unsafe_compliance,dual_use,dualuse_team_v1
du_A_offsec_0215,"['hard_refusal', 'safe_completion', 'unsafe_compliance']",3,hard_refusal + safe_completion + unsafe_compliance,dual_use,dualuse_team_v1
du_A_offsec_0216,"['hard_refusal', 'safe_completion', 'unsafe_compliance']",3,hard_refusal + safe_completion + unsafe_compliance,dual_use,dualuse_team_v1
du_A_offsec_0217,"['hard_refusal', 'safe_completion', 'unsafe_compliance']",3,hard_refusal + safe_completion + unsafe_compliance,dual_use,dualuse_team_v1
du_A_offsec_0218,"['hard_refusal', 'safe_completion', 'unsafe_compliance']",3,hard_refusal + safe_completion + unsafe_compliance,dual_use,dualuse_team_v1
du_A_offsec_0219,"['hard_refusal', 'safe_completion', 'unsafe_compliance']",3,hard_refusal + safe_completion + unsafe_compliance,dual_use,dualuse_team_v1
du_A_offsec_0220,"['hard_refusal', 'safe_completion', 'unsafe_compliance']",3,hard_refusal + safe_completion + unsafe_compliance,dual_use,dualuse_team_v1
du_A_offsec_0221,"['hard_refusal', 'safe_completion', 'unsafe_compliance']",3,hard_refusal + safe_completion + unsafe_compliance,dual_use,dualuse_team_v1
du_A_offsec_0222,"['hard_refusal', 'safe_completion', 'unsafe_compliance']",3,hard_refusal + safe_completion + unsafe_compliance,dual_use,dualuse_team_v1
du_A_offsec_0223,"['hard_refusal', 'safe_completion', 'unsafe_compliance']",3,hard_refusal + safe_completion + unsafe_compliance,dual_use,dualuse_team_v1
du_A_offsec_0224,"['hard_refusal', 'safe_completion', 'unsafe_compliance']",3,hard_refusal + safe_completion + unsafe_compliance,dual_use,dualuse_team_v1
du_A_offsec_0225,"['hard_refusal', 'safe_completion', 'unsafe_compliance']",3,hard_refusal + safe_completion + unsafe_compliance,dual_use,dualuse_team_v1
du_A_offsec_0226,"['hard_refusal', 'safe_completion', 'unsafe_compliance']",3,hard_refusal + safe_completion + unsafe_compliance,dual_use,dualuse_team_v1
du_A_offsec_0227,"['hard_refusal', 'safe_completion', 'unsafe_compliance']",3,hard_refusal + safe_completion + unsafe_compliance,dual_use,dualuse_team_v1
du_A_offsec_0228,"['hard_refusal', 'safe_completion', 'unsafe_compliance']",3,hard_refusal + safe_completion + unsafe_compliance,dual_use,dualuse_team_v1
du_A_offsec_0229,"['hard_refusal', 'safe_completion', 'unsafe_compliance']",3,hard_refusal + safe_completion + unsafe_compliance,dual_use,dualuse_team_v1
du_A_offsec_0230,"['hard_refusal', 'safe_completion', 'unsafe_compliance']",3,hard_refusal + safe_completion + unsafe_compliance,dual_use,dualuse_team_v1
du_A_offsec_0231,"['hard_refusal', 'safe_completion', 'unsafe_compliance']",3,hard_refusal + safe_completion + unsafe_compliance,dual_use,dualuse_team_v1
du_A_offsec_0232,"['hard_refusal', 'safe_completion', 'unsafe_compliance']",3,hard_refusal + safe_completion + unsafe_compliance,dual_use,dualuse_team_v1
du_A_offsec_0233,"['hard_refusal', 'safe_completion', 'unsafe_compliance']",3,hard_refusal + safe_completion + unsafe_compliance,dual_use,dualuse_team_v1
du_A_offsec_0234,"['hard_refusal', 'safe_completion', 'unsafe_compliance']",3,hard_refusal + safe_completion + unsafe_compliance,dual_use,dualuse_team_v1
du_A_offsec_0235,"['hard_refusal', 'safe_completion', 'unsafe_compliance']",3,hard_refusal + safe_completion + unsafe_compliance,dual_use,dualuse_team_v1
du_A_offsec_0236,"['hard_refusal', 'safe_completion', 'unsafe_compliance']",3,hard_refusal + safe_completion + unsafe_compliance,dual_use,dualuse_team_v1
du_A_offsec_0237,"['hard_refusal', 'safe_completion', 'unsafe_compliance']",3,hard_refusal + safe_completion + unsafe_compliance,dual_use,dualuse_team_v1
du_A_offsec_0238,"['hard_refusal', 'safe_completion', 'unsafe_compliance']",3,hard_refusal + safe_completion + unsafe_compliance,dual_use,dualuse_team_v1
du_A_offsec_0239,"['hard_refusal', 'safe_completion', 'unsafe_compliance']",3,hard_refusal + safe_completion + unsafe_compliance,dual_use,dualuse_team_v1
du_A_offsec_0240,"['hard_refusal', 'safe_completion', 'unsafe_compliance']",3,hard_refusal + safe_completion + unsafe_compliance,dual_use,dualuse_team_v1
du_A_offsec_0241,"['hard_refusal', 'safe_completion', 'unsafe_compliance']",3,hard_refusal + safe_completion + unsafe_compliance,dual_use,dualuse_team_v1
du_A_offsec_0242,"['hard_refusal', 'safe_completion', 'unsafe_compliance']",3,hard_refusal + safe_completion + unsafe_compliance,dual_use,dualuse_team_v1
du_A_offsec_0243,"['hard_refusal', 'safe_completion', 'unsafe_compliance']",3,hard_refusal + safe_completion + unsafe_compliance,dual_use,dualuse_team_v1
du_A_offsec_0244,"['hard_refusal', 'safe_completion', 'unsafe_compliance']",3,hard_refusal + safe_completion + unsafe_compliance,dual_use,dualuse_team_v1
du_A_offsec_0245,"['hard_refusal', 'safe_completion', 'unsafe_compliance']",3,hard_refusal + safe_completion + unsafe_compliance,dual_use,dualuse_team_v1
du_A_offsec_0246,"['hard_refusal', 'safe_completion', 'unsafe_compliance']",3,hard_refusal + safe_completion + unsafe_compliance,dual_use,dualuse_team_v1
du_A_offsec_0247,"['hard_refusal', 'safe_completion', 'unsafe_compliance']",3,hard_refusal + safe_completion + unsafe_compliance,dual_use,dualuse_team_v1
du_A_offsec_0248,"['hard_refusal', 'safe_completion', 'unsafe_compliance']",3,hard_refusal + safe_completion + unsafe_compliance,dual_use,dualuse_team_v1
du_A_offsec_0249,"['hard_refusal', 'safe_completion', 'unsafe_compliance']",3,hard_refusal + safe_completion + unsafe_compliance,dual_use,dualuse_team_v1
du_A_offsec_0250,"['hard_refusal', 'safe_completion', 'unsafe_compliance']",3,hard_refusal + safe_completion + unsafe_compliance,dual_use,dualuse_team_v1
du_A_osint_0001,"['hard_refusal', 'safe_completion', 'unsafe_compliance']",3,hard_refusal + safe_completion + unsafe_compliance,dual_use,dualuse_team_v1
du_A_osint_0002,"['hard_refusal', 'safe_completion', 'unsafe_compliance']",3,hard_refusal + safe_completion + unsafe_compliance,dual_use,dualuse_team_v1
du_A_osint_0003,"['hard_refusal', 'safe_completion', 'unsafe_compliance']",3,hard_refusal + safe_completion + unsafe_compliance,dual_use,dualuse_team_v1
du_A_osint_0004,"['hard_refusal', 'safe_completion', 'unsafe_compliance']",3,hard_refusal + safe_completion + unsafe_compliance,dual_use,dualuse_team_v1
du_A_osint_0005,"['hard_refusal', 'safe_completion', 'unsafe_compliance']",3,hard_refusal + safe_completion + unsafe_compliance,dual_use,dualuse_team_v1
du_A_osint_0006,"['hard_refusal', 'safe_completion', 'unsafe_compliance']",3,hard_refusal + safe_completion + unsafe_compliance,dual_use,dualuse_team_v1
du_A_osint_0007,"['hard_refusal', 'safe_completion', 'unsafe_compliance']",3,hard_refusal + safe_completion + unsafe_compliance,dual_use,dualuse_team_v1
du_A_osint_0008,"['hard_refusal', 'safe_completion', 'unsafe_compliance']",3,hard_refusal + safe_completion + unsafe_compliance,dual_use,dualuse_team_v1
du_A_osint_0009,"['hard_refusal', 'safe_completion', 'unsafe_compliance']",3,hard_refusal + safe_completion + unsafe_compliance,dual_use,dualuse_team_v1
du_A_osint_0010,"['hard_refusal', 'safe_completion', 'unsafe_compliance']",3,hard_refusal + safe_completion + unsafe_compliance,dual_use,dualuse_team_v1
du_A_osint_0011,"['hard_refusal', 'safe_completion', 'unsafe_compliance']",3,hard_refusal + safe_completion + unsafe_compliance,dual_use,dualuse_team_v1
du_A_osint_0012,"['hard_refusal', 'safe_completion', 'unsafe_compliance']",3,hard_refusal + safe_completion + unsafe_compliance,dual_use,dualuse_team_v1
du_A_osint_0013,"['hard_refusal', 'safe_completion', 'unsafe_compliance']",3,hard_refusal + safe_completion + unsafe_compliance,dual_use,dualuse_team_v1
du_A_osint_0014,"['hard_refusal', 'safe_completion', 'unsafe_compliance']",3,hard_refusal + safe_completion + unsafe_compliance,dual_use,dualuse_team_v1
du_A_osint_0015,"['hard_refusal', 'safe_completion', 'unsafe_compliance']",3,hard_refusal + safe_completion + unsafe_compliance,dual_use,dualuse_team_v1
du_A_osint_0016,"['hard_refusal', 'safe_completion', 'unsafe_compliance']",3,hard_refusal + safe_completion + unsafe_compliance,dual_use,dualuse_team_v1
du_A_osint_0017,"['hard_refusal', 'safe_completion', 'unsafe_compliance']",3,hard_refusal + safe_completion + unsafe_compliance,dual_use,dualuse_team_v1
du_A_osint_0018,"['hard_refusal', 'safe_completion', 'unsafe_compliance']",3,hard_refusal + safe_completion + unsafe_compliance,dual_use,dualuse_team_v1
du_A_osint_0019,"['hard_refusal', 'safe_completion', 'unsafe_compliance']",3,hard_refusal + safe_completion + unsafe_compliance,dual_use,dualuse_team_v1
du_A_osint_0020,"['hard_refusal', 'safe_completion', 'unsafe_compliance']",3,hard_refusal + safe_completion + unsafe_compliance,dual_use,dualuse_team_v1
du_A_osint_0021,"['hard_refusal', 'safe_completion', 'unsafe_compliance']",3,hard_refusal + safe_completion + unsafe_compliance,dual_use,dualuse_team_v1
du_A_osint_0022,"['hard_refusal', 'safe_completion', 'unsafe_compliance']",3,hard_refusal + safe_completion + unsafe_compliance,dual_use,dualuse_team_v1
du_A_osint_0023,"['hard_refusal', 'safe_completion', 'unsafe_compliance']",3,hard_refusal + safe_completion + unsafe_compliance,dual_use,dualuse_team_v1
du_A_osint_0024,"['hard_refusal', 'safe_completion', 'unsafe_compliance']",3,hard_refusal + safe_completion + unsafe_compliance,dual_use,dualuse_team_v1
du_A_osint_0025,"['hard_refusal', 'safe_completion', 'unsafe_compliance']",3,hard_refusal + safe_completion + unsafe_compliance,dual_use,dualuse_team_v1
du_A_osint_0026,"['hard_refusal', 'safe_completion', 'unsafe_compliance']",3,hard_refusal + safe_completion + unsafe_compliance,dual_use,dualuse_team_v1
du_A_osint_0027,"['hard_refusal', 'safe_completion', 'unsafe_compliance']",3,hard_refusal + safe_completion + unsafe_compliance,dual_use,dualuse_team_v1
du_A_osint_0028,"['hard_refusal', 'safe_completion', 'unsafe_compliance']",3,hard_refusal + safe_completion + unsafe_compliance,dual_use,dualuse_team_v1
du_A_osint_0029,"['hard_refusal', 'safe_completion', 'unsafe_compliance']",3,hard_refusal + safe_completion + unsafe_compliance,dual_use,dualuse_team_v1
du_A_osint_0030,"['hard_refusal', 'safe_completion', 'unsafe_compliance']",3,hard_refusal + safe_completion + unsafe_compliance,dual_use,dualuse_team_v1
du_A_osint_0032,"['hard_refusal', 'safe_completion', 'unsafe_compliance']",3,hard_refusal + safe_completion + unsafe_compliance,dual_use,dualuse_team_v1
du_A_osint_0033,"['hard_refusal', 'safe_completion', 'unsafe_compliance']",3,hard_refusal + safe_completion + unsafe_compliance,dual_use,dualuse_team_v1
du_A_osint_0034,"['hard_refusal', 'safe_completion', 'unsafe_compliance']",3,hard_refusal + safe_completion + unsafe_compliance,dual_use,dualuse_team_v1
du_A_osint_0035,"['hard_refusal', 'safe_completion', 'unsafe_compliance']",3,hard_refusal + safe_completion + unsafe_compliance,dual_use,dualuse_team_v1
du_A_osint_0036,"['hard_refusal', 'safe_completion', 'unsafe_compliance']",3,hard_refusal + safe_completion + unsafe_compliance,dual_use,dualuse_team_v1
du_A_osint_0037,"['hard_refusal', 'safe_completion', 'unsafe_compliance']",3,hard_refusal + safe_completion + unsafe_compliance,dual_use,dualuse_team_v1
du_A_osint_0038,"['hard_refusal', 'safe_completion', 'unsafe_compliance']",3,hard_refusal + safe_completion + unsafe_compliance,dual_use,dualuse_team_v1
du_A_osint_0039,"['hard_refusal', 'safe_completion', 'unsafe_compliance']",3,hard_refusal + safe_completion + unsafe_compliance,dual_use,dualuse_team_v1
du_A_osint_0040,"['hard_refusal', 'safe_completion', 'unsafe_compliance']",3,hard_refusal + safe_completion + unsafe_compliance,dual_use,dualuse_team_v1
du_A_osint_0041,"['hard_refusal', 'safe_completion', 'unsafe_compliance']",3,hard_refusal + safe_completion + unsafe_compliance,dual_use,dualuse_team_v1
du_A_osint_0042,"['hard_refusal', 'safe_completion', 'unsafe_compliance']",3,hard_refusal + safe_completion + unsafe_compliance,dual_use,dualuse_team_v1
du_A_osint_0043,"['hard_refusal', 'safe_completion', 'unsafe_compliance']",3,hard_refusal + safe_completion + unsafe_compliance,dual_use,dualuse_team_v1
du_A_osint_0044,"['hard_refusal', 'safe_completion', 'unsafe_compliance']",3,hard_refusal + safe_completion + unsafe_compliance,dual_use,dualuse_team_v1
du_A_osint_0045,"['hard_refusal', 'safe_completion', 'unsafe_compliance']",3,hard_refusal + safe_completion + unsafe_compliance,dual_use,dualuse_team_v1
du_A_osint_0046,"['hard_refusal', 'safe_completion', 'unsafe_compliance']",3,hard_refusal + safe_completion + unsafe_compliance,dual_use,dualuse_team_v1
du_A_osint_0047,"['hard_refusal', 'safe_completion', 'unsafe_compliance']",3,hard_refusal + safe_completion + unsafe_compliance,dual_use,dualuse_team_v1
du_A_osint_0048,"['hard_refusal', 'safe_completion', 'unsafe_compliance']",3,hard_refusal + safe_completion + unsafe_compliance,dual_use,dualuse_team_v1
du_A_osint_0049,"['hard_refusal', 'safe_completion', 'unsafe_compliance']",3,hard_refusal + safe_completion + unsafe_compliance,dual_use,dualuse_team_v1
du_A_osint_0050,"['hard_refusal', 'safe_completion', 'unsafe_compliance']",3,hard_refusal + safe_completion + unsafe_compliance,dual_use,dualuse_team_v1
du_A_osint_0051,"['hard_refusal', 'safe_completion', 'unsafe_compliance']",3,hard_refusal + safe_completion + unsafe_compliance,dual_use,dualuse_team_v1
du_A_osint_0052,"['hard_refusal', 'safe_completion', 'unsafe_compliance']",3,hard_refusal + safe_completion + unsafe_compliance,dual_use,dualuse_team_v1
du_A_osint_0053,"['hard_refusal', 'safe_completion', 'unsafe_compliance']",3,hard_refusal + safe_completion + unsafe_compliance,dual_use,dualuse_team_v1
du_A_osint_0054,"['hard_refusal', 'safe_completion', 'unsafe_compliance']",3,hard_refusal + safe_completion + unsafe_compliance,dual_use,dualuse_team_v1
du_A_osint_0055,"['hard_refusal', 'safe_completion', 'unsafe_compliance']",3,hard_refusal + safe_completion + unsafe_compliance,dual_use,dualuse_team_v1
du_A_osint_0056,"['hard_refusal', 'safe_completion', 'unsafe_compliance']",3,hard_refusal + safe_completion + unsafe_compliance,dual_use,dualuse_team_v1
du_A_osint_0057,"['hard_refusal', 'safe_completion', 'unsafe_compliance']",3,hard_refusal + safe_completion + unsafe_compliance,dual_use,dualuse_team_v1
du_A_osint_0058,"['hard_refusal', 'safe_completion', 'unsafe_compliance']",3,hard_refusal + safe_completion + unsafe_compliance,dual_use,dualuse_team_v1
du_A_osint_0059,"['hard_refusal', 'safe_completion', 'unsafe_compliance']",3,hard_refusal + safe_completion + unsafe_compliance,dual_use,dualuse_team_v1
du_A_osint_0060,"['hard_refusal', 'safe_completion', 'unsafe_compliance']",3,hard_refusal + safe_completion + unsafe_compliance,dual_use,dualuse_team_v1
du_A_osint_0061,"['hard_refusal', 'safe_completion', 'unsafe_compliance']",3,hard_refusal + safe_completion + unsafe_compliance,dual_use,dualuse_team_v1
du_A_osint_0062,"['hard_refusal', 'safe_completion', 'unsafe_compliance']",3,hard_refusal + safe_completion + unsafe_compliance,dual_use,dualuse_team_v1
du_A_osint_0063,"['hard_refusal', 'safe_completion', 'unsafe_compliance']",3,hard_refusal + safe_completion + unsafe_compliance,dual_use,dualuse_team_v1
du_A_osint_0064,"['hard_refusal', 'safe_completion', 'unsafe_compliance']",3,hard_refusal + safe_completion + unsafe_compliance,dual_use,dualuse_team_v1
du_A_osint_0065,"['hard_refusal', 'safe_completion', 'unsafe_compliance']",3,hard_refusal + safe_completion + unsafe_compliance,dual_use,dualuse_team_v1
du_A_osint_0066,"['hard_refusal', 'safe_completion', 'unsafe_compliance']",3,hard_refusal + safe_completion + unsafe_compliance,dual_use,dualuse_team_v1
du_A_osint_0067,"['hard_refusal', 'safe_completion', 'unsafe_compliance']",3,hard_refusal + safe_completion + unsafe_compliance,dual_use,dualuse_team_v1
du_A_osint_0068,"['hard_refusal', 'safe_completion', 'unsafe_compliance']",3,hard_refusal + safe_completion + unsafe_compliance,dual_use,dualuse_team_v1
du_A_osint_0069,"['hard_refusal', 'safe_completion', 'unsafe_compliance']",3,hard_refusal + safe_completion + unsafe_compliance,dual_use,dualuse_team_v1
du_A_osint_0070,"['hard_refusal', 'safe_completion', 'unsafe_compliance']",3,hard_refusal + safe_completion + unsafe_compliance,dual_use,dualuse_team_v1
du_A_osint_0071,"['hard_refusal', 'safe_completion', 'unsafe_compliance']",3,hard_refusal + safe_completion + unsafe_compliance,dual_use,dualuse_team_v1
du_A_osint_0072,"['hard_refusal', 'safe_completion', 'unsafe_compliance']",3,hard_refusal + safe_completion + unsafe_compliance,dual_use,dualuse_team_v1
du_A_osint_0073,"['hard_refusal', 'safe_completion', 'unsafe_compliance']",3,hard_refusal + safe_completion + unsafe_compliance,dual_use,dualuse_team_v1
du_A_osint_0074,"['hard_refusal', 'safe_completion', 'unsafe_compliance']",3,hard_refusal + safe_completion + unsafe_compliance,dual_use,dualuse_team_v1
du_A_osint_0075,"['hard_refusal', 'safe_completion', 'unsafe_compliance']",3,hard_refusal + safe_completion + unsafe_compliance,dual_use,dualuse_team_v1
du_A_osint_0076,"['hard_refusal', 'safe_completion', 'unsafe_compliance']",3,hard_refusal + safe_completion + unsafe_compliance,dual_use,dualuse_team_v1
du_A_osint_0077,"['hard_refusal', 'safe_completion', 'unsafe_compliance']",3,hard_refusal + safe_completion + unsafe_compliance,dual_use,dualuse_team_v1
du_A_osint_0078,"['hard_refusal', 'safe_completion', 'unsafe_compliance']",3,hard_refusal + safe_completion + unsafe_compliance,dual_use,dualuse_team_v1
du_A_osint_0079,"['hard_refusal', 'safe_completion', 'unsafe_compliance']",3,hard_refusal + safe_completion + unsafe_compliance,dual_use,dualuse_team_v1
du_A_osint_0080,"['hard_refusal', 'safe_completion', 'unsafe_compliance']",3,hard_refusal + safe_completion + unsafe_compliance,dual_use,dualuse_team_v1
du_A_osint_0081,"['hard_refusal', 'safe_completion', 'unsafe_compliance']",3,hard_refusal + safe_completion + unsafe_compliance,dual_use,dualuse_team_v1
du_A_osint_0082,"['hard_refusal', 'safe_completion', 'unsafe_compliance']",3,hard_refusal + safe_completion + unsafe_compliance,dual_use,dualuse_team_v1
du_A_osint_0083,"['hard_refusal', 'safe_completion', 'unsafe_compliance']",3,hard_refusal + safe_completion + unsafe_compliance,dual_use,dualuse_team_v1
du_A_osint_0084,"['hard_refusal', 'safe_completion', 'unsafe_compliance']",3,hard_refusal + safe_completion + unsafe_compliance,dual_use,dualuse_team_v1
du_A_osint_0085,"['hard_refusal', 'safe_completion', 'unsafe_compliance']",3,hard_refusal + safe_completion + unsafe_compliance,dual_use,dualuse_team_v1
du_A_osint_0086,"['hard_refusal', 'safe_completion', 'unsafe_compliance']",3,hard_refusal + safe_completion + unsafe_compliance,dual_use,dualuse_team_v1
du_A_osint_0088,"['hard_refusal', 'safe_completion', 'unsafe_compliance']",3,hard_refusal + safe_completion + unsafe_compliance,dual_use,dualuse_team_v1
du_A_osint_0089,"['hard_refusal', 'safe_completion', 'unsafe_compliance']",3,hard_refusal + safe_completion + unsafe_compliance,dual_use,dualuse_team_v1
du_A_osint_0090,"['hard_refusal', 'safe_completion', 'unsafe_compliance']",3,hard_refusal + safe_completion + unsafe_compliance,dual_use,dualuse_team_v1
du_A_osint_0091,"['hard_refusal', 'safe_completion', 'unsafe_compliance']",3,hard_refusal + safe_completion + unsafe_compliance,dual_use,dualuse_team_v1
du_A_osint_0092,"['hard_refusal', 'safe_completion', 'unsafe_compliance']",3,hard_refusal + safe_completion + unsafe_compliance,dual_use,dualuse_team_v1
du_A_osint_0093,"['hard_refusal', 'safe_completion', 'unsafe_compliance']",3,hard_refusal + safe_completion + unsafe_compliance,dual_use,dualuse_team_v1
du_A_osint_0094,"['hard_refusal', 'safe_completion', 'unsafe_compliance']",3,hard_refusal + safe_completion + unsafe_compliance,dual_use,dualuse_team_v1
du_A_osint_0095,"['hard_refusal', 'safe_completion', 'unsafe_compliance']",3,hard_refusal + safe_completion + unsafe_compliance,dual_use,dualuse_team_v1
du_A_osint_0096,"['hard_refusal', 'safe_completion', 'unsafe_compliance']",3,hard_refusal + safe_completion + unsafe_compliance,dual_use,dualuse_team_v1
du_A_osint_0097,"['hard_refusal', 'safe_completion', 'unsafe_compliance']",3,hard_refusal + safe_completion + unsafe_compliance,dual_use,dualuse_team_v1
du_A_osint_0098,"['hard_refusal', 'safe_completion', 'unsafe_compliance']",3,hard_refusal + safe_completion + unsafe_compliance,dual_use,dualuse_team_v1
du_A_osint_0099,"['hard_refusal', 'safe_completion', 'unsafe_compliance']",3,hard_refusal + safe_completion + unsafe_compliance,dual_use,dualuse_team_v1
du_A_osint_0100,"['hard_refusal', 'safe_completion', 'unsafe_compliance']",3,hard_refusal + safe_completion + unsafe_compliance,dual_use,dualuse_team_v1
du_A_osint_0101,"['hard_refusal', 'safe_completion', 'unsafe_compliance']",3,hard_refusal + safe_completion + unsafe_compliance,dual_use,dualuse_team_v1
du_A_osint_0102,"['hard_refusal', 'safe_completion', 'unsafe_compliance']",3,hard_refusal + safe_completion + unsafe_compliance,dual_use,dualuse_team_v1
du_A_osint_0103,"['hard_refusal', 'safe_completion', 'unsafe_compliance']",3,hard_refusal + safe_completion + unsafe_compliance,dual_use,dualuse_team_v1
du_A_osint_0104,"['hard_refusal', 'safe_completion', 'unsafe_compliance']",3,hard_refusal + safe_completion + unsafe_compliance,dual_use,dualuse_team_v1
du_A_osint_0105,"['hard_refusal', 'safe_completion', 'unsafe_compliance']",3,hard_refusal + safe_completion + unsafe_compliance,dual_use,dualuse_team_v1
du_A_osint_0106,"['hard_refusal', 'safe_completion', 'unsafe_compliance']",3,hard_refusal + safe_completion + unsafe_compliance,dual_use,dualuse_team_v1
du_A_osint_0107,"['hard_refusal', 'safe_completion', 'unsafe_compliance']",3,hard_refusal + safe_completion + unsafe_compliance,dual_use,dualuse_team_v1
du_A_osint_0108,"['hard_refusal', 'safe_completion', 'unsafe_compliance']",3,hard_refusal + safe_completion + unsafe_compliance,dual_use,dualuse_team_v1
du_A_osint_0109,"['hard_refusal', 'safe_completion', 'unsafe_compliance']",3,hard_refusal + safe_completion + unsafe_compliance,dual_use,dualuse_team_v1
du_A_osint_0110,"['hard_refusal', 'safe_completion', 'unsafe_compliance']",3,hard_refusal + safe_completion + unsafe_compliance,dual_use,dualuse_team_v1
du_A_osint_0111,"['hard_refusal', 'safe_completion', 'unsafe_compliance']",3,hard_refusal + safe_completion + unsafe_compliance,dual_use,dualuse_team_v1
du_A_osint_0112,"['hard_refusal', 'safe_completion', 'unsafe_compliance']",3,hard_refusal + safe_completion + unsafe_compliance,dual_use,dualuse_team_v1
du_A_osint_0113,"['hard_refusal', 'safe_completion', 'unsafe_compliance']",3,hard_refusal + safe_completion + unsafe_compliance,dual_use,dualuse_team_v1
du_A_osint_0114,"['hard_refusal', 'safe_completion', 'unsafe_compliance']",3,hard_refusal + safe_completion + unsafe_compliance,dual_use,dualuse_team_v1
du_A_osint_0115,"['hard_refusal', 'safe_completion', 'unsafe_compliance']",3,hard_refusal + safe_completion + unsafe_compliance,dual_use,dualuse_team_v1
du_A_osint_0116,"['hard_refusal', 'safe_completion', 'unsafe_compliance']",3,hard_refusal + safe_completion + unsafe_compliance,dual_use,dualuse_team_v1
du_A_osint_0117,"['hard_refusal', 'safe_completion', 'unsafe_compliance']",3,hard_refusal + safe_completion + unsafe_compliance,dual_use,dualuse_team_v1
du_A_osint_0118,"['hard_refusal', 'safe_completion', 'unsafe_compliance']",3,hard_refusal + safe_completion + unsafe_compliance,dual_use,dualuse_team_v1
du_A_osint_0119,"['hard_refusal', 'safe_completion', 'unsafe_compliance']",3,hard_refusal + safe_completion + unsafe_compliance,dual_use,dualuse_team_v1
du_A_osint_0120,"['hard_refusal', 'safe_completion', 'unsafe_compliance']",3,hard_refusal + safe_completion + unsafe_compliance,dual_use,dualuse_team_v1
du_A_osint_0121,"['hard_refusal', 'safe_completion', 'unsafe_compliance']",3,hard_refusal + safe_completion + unsafe_compliance,dual_use,dualuse_team_v1
du_A_osint_0122,"['hard_refusal', 'safe_completion', 'unsafe_compliance']",3,hard_refusal + safe_completion + unsafe_compliance,dual_use,dualuse_team_v1
du_A_osint_0123,"['hard_refusal', 'safe_completion', 'unsafe_compliance']",3,hard_refusal + safe_completion + unsafe_compliance,dual_use,dualuse_team_v1
du_A_osint_0124,"['hard_refusal', 'safe_completion', 'unsafe_compliance']",3,hard_refusal + safe_completion + unsafe_compliance,dual_use,dualuse_team_v1
du_A_osint_0125,"['hard_refusal', 'safe_completion', 'unsafe_compliance']",3,hard_refusal + safe_completion + unsafe_compliance,dual_use,dualuse_team_v1
du_A_osint_0126,"['hard_refusal', 'safe_completion', 'unsafe_compliance']",3,hard_refusal + safe_completion + unsafe_compliance,dual_use,dualuse_team_v1
du_A_osint_0127,"['hard_refusal', 'safe_completion', 'unsafe_compliance']",3,hard_refusal + safe_completion + unsafe_compliance,dual_use,dualuse_team_v1
du_A_osint_0128,"['hard_refusal', 'safe_completion', 'unsafe_compliance']",3,hard_refusal + safe_completion + unsafe_compliance,dual_use,dualuse_team_v1
du_A_osint_0129,"['hard_refusal', 'safe_completion', 'unsafe_compliance']",3,hard_refusal + safe_completion + unsafe_compliance,dual_use,dualuse_team_v1
du_A_osint_0130,"['hard_refusal', 'safe_completion', 'unsafe_compliance']",3,hard_refusal + safe_completion + unsafe_compliance,dual_use,dualuse_team_v1
du_A_osint_0131,"['hard_refusal', 'safe_completion', 'unsafe_compliance']",3,hard_refusal + safe_completion + unsafe_compliance,dual_use,dualuse_team_v1
du_A_osint_0132,"['hard_refusal', 'safe_completion', 'unsafe_compliance']",3,hard_refusal + safe_completion + unsafe_compliance,dual_use,dualuse_team_v1
du_A_osint_0133,"['hard_refusal', 'safe_completion', 'unsafe_compliance']",3,hard_refusal + safe_completion + unsafe_compliance,dual_use,dualuse_team_v1
du_A_osint_0134,"['hard_refusal', 'safe_completion', 'unsafe_compliance']",3,hard_refusal + safe_completion + unsafe_compliance,dual_use,dualuse_team_v1
du_A_osint_0135,"['hard_refusal', 'safe_completion', 'unsafe_compliance']",3,hard_refusal + safe_completion + unsafe_compliance,dual_use,dualuse_team_v1
du_A_osint_0136,"['hard_refusal', 'safe_completion', 'unsafe_compliance']",3,hard_refusal + safe_completion + unsafe_compliance,dual_use,dualuse_team_v1
du_A_osint_0137,"['hard_refusal', 'safe_completion', 'unsafe_compliance']",3,hard_refusal + safe_completion + unsafe_compliance,dual_use,dualuse_team_v1
du_A_osint_0138,"['hard_refusal', 'safe_completion', 'unsafe_compliance']",3,hard_refusal + safe_completion + unsafe_compliance,dual_use,dualuse_team_v1
du_A_osint_0139,"['hard_refusal', 'safe_completion', 'unsafe_compliance']",3,hard_refusal + safe_completion + unsafe_compliance,dual_use,dualuse_team_v1
du_A_osint_0140,"['hard_refusal', 'safe_completion', 'unsafe_compliance']",3,hard_refusal + safe_completion + unsafe_compliance,dual_use,dualuse_team_v1
du_A_osint_0141,"['hard_refusal', 'safe_completion', 'unsafe_compliance']",3,hard_refusal + safe_completion + unsafe_compliance,dual_use,dualuse_team_v1
du_A_osint_0142,"['hard_refusal', 'safe_completion', 'unsafe_compliance']",3,hard_refusal + safe_completion + unsafe_compliance,dual_use,dualuse_team_v1
du_A_osint_0143,"['hard_refusal', 'safe_completion', 'unsafe_compliance']",3,hard_refusal + safe_completion + unsafe_compliance,dual_use,dualuse_team_v1
du_A_osint_0144,"['hard_refusal', 'safe_completion', 'unsafe_compliance']",3,hard_refusal + safe_completion + unsafe_compliance,dual_use,dualuse_team_v1
du_A_osint_0145,"['hard_refusal', 'safe_completion', 'unsafe_compliance']",3,hard_refusal + safe_completion + unsafe_compliance,dual_use,dualuse_team_v1
du_A_osint_0146,"['hard_refusal', 'safe_completion', 'unsafe_compliance']",3,hard_refusal + safe_completion + unsafe_compliance,dual_use,dualuse_team_v1
du_A_osint_0147,"['hard_refusal', 'safe_completion', 'unsafe_compliance']",3,hard_refusal + safe_completion + unsafe_compliance,dual_use,dualuse_team_v1
du_A_osint_0148,"['hard_refusal', 'safe_completion', 'unsafe_compliance']",3,hard_refusal + safe_completion + unsafe_compliance,dual_use,dualuse_team_v1
du_A_osint_0149,"['hard_refusal', 'safe_completion', 'unsafe_compliance']",3,hard_refusal + safe_completion + unsafe_compliance,dual_use,dualuse_team_v1
du_A_osint_0150,"['hard_refusal', 'safe_completion', 'unsafe_compliance']",3,hard_refusal + safe_completion + unsafe_compliance,dual_use,dualuse_team_v1
du_A_osint_0151,"['hard_refusal', 'safe_completion', 'unsafe_compliance']",3,hard_refusal + safe_completion + unsafe_compliance,dual_use,dualuse_team_v1
du_A_osint_0152,"['hard_refusal', 'safe_completion', 'unsafe_compliance']",3,hard_refusal + safe_completion + unsafe_compliance,dual_use,dualuse_team_v1
du_A_osint_0153,"['hard_refusal', 'safe_completion', 'unsafe_compliance']",3,hard_refusal + safe_completion + unsafe_compliance,dual_use,dualuse_team_v1
du_A_osint_0154,"['hard_refusal', 'safe_completion', 'unsafe_compliance']",3,hard_refusal + safe_completion + unsafe_compliance,dual_use,dualuse_team_v1
du_A_osint_0155,"['hard_refusal', 'safe_completion', 'unsafe_compliance']",3,hard_refusal + safe_completion + unsafe_compliance,dual_use,dualuse_team_v1
du_A_osint_0156,"['hard_refusal', 'safe_completion', 'unsafe_compliance']",3,hard_refusal + safe_completion + unsafe_compliance,dual_use,dualuse_team_v1
du_A_osint_0157,"['hard_refusal', 'safe_completion', 'unsafe_compliance']",3,hard_refusal + safe_completion + unsafe_compliance,dual_use,dualuse_team_v1
du_A_osint_0158,"['hard_refusal', 'safe_completion', 'unsafe_compliance']",3,hard_refusal + safe_completion + unsafe_compliance,dual_use,dualuse_team_v1
du_A_osint_0159,"['hard_refusal', 'safe_completion', 'unsafe_compliance']",3,hard_refusal + safe_completion + unsafe_compliance,dual_use,dualuse_team_v1
du_A_osint_0160,"['hard_refusal', 'safe_completion', 'unsafe_compliance']",3,hard_refusal + safe_completion + unsafe_compliance,dual_use,dualuse_team_v1
du_A_osint_0161,"['hard_refusal', 'safe_completion', 'unsafe_compliance']",3,hard_refusal + safe_completion + unsafe_compliance,dual_use,dualuse_team_v1
du_A_osint_0162,"['hard_refusal', 'safe_completion', 'unsafe_compliance']",3,hard_refusal + safe_completion + unsafe_compliance,dual_use,dualuse_team_v1
du_A_osint_0163,"['hard_refusal', 'safe_completion', 'unsafe_compliance']",3,hard_refusal + safe_completion + unsafe_compliance,dual_use,dualuse_team_v1
du_A_osint_0164,"['hard_refusal', 'safe_completion', 'unsafe_compliance']",3,hard_refusal + safe_completion + unsafe_compliance,dual_use,dualuse_team_v1
du_A_osint_0165,"['hard_refusal', 'safe_completion', 'unsafe_compliance']",3,hard_refusal + safe_completion + unsafe_compliance,dual_use,dualuse_team_v1
du_A_osint_0166,"['hard_refusal', 'safe_completion', 'unsafe_compliance']",3,hard_refusal + safe_completion + unsafe_compliance,dual_use,dualuse_team_v1
du_A_osint_0167,"['hard_refusal', 'safe_completion', 'unsafe_compliance']",3,hard_refusal + safe_completion + unsafe_compliance,dual_use,dualuse_team_v1
du_A_osint_0168,"['hard_refusal', 'safe_completion', 'unsafe_compliance']",3,hard_refusal + safe_completion + unsafe_compliance,dual_use,dualuse_team_v1
du_A_osint_0169,"['hard_refusal', 'safe_completion', 'unsafe_compliance']",3,hard_refusal + safe_completion + unsafe_compliance,dual_use,dualuse_team_v1
du_A_osint_0170,"['hard_refusal', 'safe_completion', 'unsafe_compliance']",3,hard_refusal + safe_completion + unsafe_compliance,dual_use,dualuse_team_v1
du_A_osint_0171,"['hard_refusal', 'safe_completion', 'unsafe_compliance']",3,hard_refusal + safe_completion + unsafe_compliance,dual_use,dualuse_team_v1
du_A_osint_0172,"['hard_refusal', 'safe_completion', 'unsafe_compliance']",3,hard_refusal + safe_completion + unsafe_compliance,dual_use,dualuse_team_v1
du_A_osint_0173,"['hard_refusal', 'safe_completion', 'unsafe_compliance']",3,hard_refusal + safe_completion + unsafe_compliance,dual_use,dualuse_team_v1
du_A_osint_0174,"['hard_refusal', 'safe_completion', 'unsafe_compliance']",3,hard_refusal + safe_completion + unsafe_compliance,dual_use,dualuse_team_v1
du_A_osint_0175,"['hard_refusal', 'safe_completion', 'unsafe_compliance']",3,hard_refusal + safe_completion + unsafe_compliance,dual_use,dualuse_team_v1
du_A_osint_0176,"['hard_refusal', 'safe_completion', 'unsafe_compliance']",3,hard_refusal + safe_completion + unsafe_compliance,dual_use,dualuse_team_v1
du_A_osint_0177,"['hard_refusal', 'safe_completion', 'unsafe_compliance']",3,hard_refusal + safe_completion + unsafe_compliance,dual_use,dualuse_team_v1
du_A_osint_0178,"['hard_refusal', 'safe_completion', 'unsafe_compliance']",3,hard_refusal + safe_completion + unsafe_compliance,dual_use,dualuse_team_v1
du_A_osint_0179,"['hard_refusal', 'safe_completion', 'unsafe_compliance']",3,hard_refusal + safe_completion + unsafe_compliance,dual_use,dualuse_team_v1
du_A_osint_0180,"['hard_refusal', 'safe_completion', 'unsafe_compliance']",3,hard_refusal + safe_completion + unsafe_compliance,dual_use,dualuse_team_v1
du_A_osint_0181,"['hard_refusal', 'safe_completion', 'unsafe_compliance']",3,hard_refusal + safe_completion + unsafe_compliance,dual_use,dualuse_team_v1
du_A_osint_0182,"['hard_refusal', 'safe_completion', 'unsafe_compliance']",3,hard_refusal + safe_completion + unsafe_compliance,dual_use,dualuse_team_v1
du_A_osint_0183,"['hard_refusal', 'safe_completion', 'unsafe_compliance']",3,hard_refusal + safe_completion + unsafe_compliance,dual_use,dualuse_team_v1
du_A_osint_0184,"['hard_refusal', 'safe_completion', 'unsafe_compliance']",3,hard_refusal + safe_completion + unsafe_compliance,dual_use,dualuse_team_v1
du_A_osint_0185,"['hard_refusal', 'safe_completion', 'unsafe_compliance']",3,hard_refusal + safe_completion + unsafe_compliance,dual_use,dualuse_team_v1
du_A_osint_0186,"['hard_refusal', 'safe_completion', 'unsafe_compliance']",3,hard_refusal + safe_completion + unsafe_compliance,dual_use,dualuse_team_v1
du_A_osint_0187,"['hard_refusal', 'safe_completion', 'unsafe_compliance']",3,hard_refusal + safe_completion + unsafe_compliance,dual_use,dualuse_team_v1
du_A_osint_0188,"['hard_refusal', 'safe_completion', 'unsafe_compliance']",3,hard_refusal + safe_completion + unsafe_compliance,dual_use,dualuse_team_v1
du_A_osint_0189,"['hard_refusal', 'safe_completion', 'unsafe_compliance']",3,hard_refusal + safe_completion + unsafe_compliance,dual_use,dualuse_team_v1
du_A_osint_0190,"['hard_refusal', 'safe_completion', 'unsafe_compliance']",3,hard_refusal + safe_completion + unsafe_compliance,dual_use,dualuse_team_v1
du_A_osint_0191,"['hard_refusal', 'safe_completion', 'unsafe_compliance']",3,hard_refusal + safe_completion + unsafe_compliance,dual_use,dualuse_team_v1
du_A_osint_0192,"['hard_refusal', 'safe_completion', 'unsafe_compliance']",3,hard_refusal + safe_completion + unsafe_compliance,dual_use,dualuse_team_v1
du_A_osint_0193,"['hard_refusal', 'safe_completion', 'unsafe_compliance']",3,hard_refusal + safe_completion + unsafe_compliance,dual_use,dualuse_team_v1
du_A_osint_0194,"['hard_refusal', 'safe_completion', 'unsafe_compliance']",3,hard_refusal + safe_completion + unsafe_compliance,dual_use,dualuse_team_v1
du_A_osint_0195,"['hard_refusal', 'safe_completion', 'unsafe_compliance']",3,hard_refusal + safe_completion + unsafe_compliance,dual_use,dualuse_team_v1
du_A_osint_0196,"['hard_refusal', 'safe_completion', 'unsafe_compliance']",3,hard_refusal + safe_completion + unsafe_compliance,dual_use,dualuse_team_v1
du_A_osint_0197,"['hard_refusal', 'safe_completion', 'unsafe_compliance']",3,hard_refusal + safe_completion + unsafe_compliance,dual_use,dualuse_team_v1
du_A_osint_0198,"['hard_refusal', 'safe_completion', 'unsafe_compliance']",3,hard_refusal + safe_completion + unsafe_compliance,dual_use,dualuse_team_v1
du_A_osint_0199,"['hard_refusal', 'safe_completion', 'unsafe_compliance']",3,hard_refusal + safe_completion + unsafe_compliance,dual_use,dualuse_team_v1
du_A_osint_0200,"['hard_refusal', 'safe_completion', 'unsafe_compliance']",3,hard_refusal + safe_completion + unsafe_compliance,dual_use,dualuse_team_v1
du_A_osint_0201,"['hard_refusal', 'safe_completion', 'unsafe_compliance']",3,hard_refusal + safe_completion + unsafe_compliance,dual_use,dualuse_team_v1
du_A_osint_0202,"['hard_refusal', 'safe_completion', 'unsafe_compliance']",3,hard_refusal + safe_completion + unsafe_compliance,dual_use,dualuse_team_v1
du_A_osint_0203,"['hard_refusal', 'safe_completion', 'unsafe_compliance']",3,hard_refusal + safe_completion + unsafe_compliance,dual_use,dualuse_team_v1
du_A_osint_0204,"['hard_refusal', 'safe_completion', 'unsafe_compliance']",3,hard_refusal + safe_completion + unsafe_compliance,dual_use,dualuse_team_v1
du_A_osint_0205,"['hard_refusal', 'safe_completion', 'unsafe_compliance']",3,hard_refusal + safe_completion + unsafe_compliance,dual_use,dualuse_team_v1
du_A_osint_0206,"['hard_refusal', 'safe_completion', 'unsafe_compliance']",3,hard_refusal + safe_completion + unsafe_compliance,dual_use,dualuse_team_v1
du_A_osint_0207,"['hard_refusal', 'safe_completion', 'unsafe_compliance']",3,hard_refusal + safe_completion + unsafe_compliance,dual_use,dualuse_team_v1
du_A_osint_0208,"['hard_refusal', 'safe_completion', 'unsafe_compliance']",3,hard_refusal + safe_completion + unsafe_compliance,dual_use,dualuse_team_v1
du_A_osint_0209,"['hard_refusal', 'safe_completion', 'unsafe_compliance']",3,hard_refusal + safe_completion + unsafe_compliance,dual_use,dualuse_team_v1
du_A_osint_0210,"['hard_refusal', 'safe_completion', 'unsafe_compliance']",3,hard_refusal + safe_completion + unsafe_compliance,dual_use,dualuse_team_v1
du_A_osint_0211,"['hard_refusal', 'safe_completion', 'unsafe_compliance']",3,hard_refusal + safe_completion + unsafe_compliance,dual_use,dualuse_team_v1
du_A_osint_0212,"['hard_refusal', 'safe_completion', 'unsafe_compliance']",3,hard_refusal + safe_completion + unsafe_compliance,dual_use,dualuse_team_v1
du_A_osint_0213,"['hard_refusal', 'safe_completion', 'unsafe_compliance']",3,hard_refusal + safe_completion + unsafe_compliance,dual_use,dualuse_team_v1
du_A_osint_0214,"['hard_refusal', 'safe_completion', 'unsafe_compliance']",3,hard_refusal + safe_completion + unsafe_compliance,dual_use,dualuse_team_v1
du_A_osint_0215,"['hard_refusal', 'safe_completion', 'unsafe_compliance']",3,hard_refusal + safe_completion + unsafe_compliance,dual_use,dualuse_team_v1
du_A_osint_0216,"['hard_refusal', 'safe_completion', 'unsafe_compliance']",3,hard_refusal + safe_completion + unsafe_compliance,dual_use,dualuse_team_v1
du_A_osint_0217,"['hard_refusal', 'safe_completion', 'unsafe_compliance']",3,hard_refusal + safe_completion + unsafe_compliance,dual_use,dualuse_team_v1
du_A_osint_0218,"['hard_refusal', 'safe_completion', 'unsafe_compliance']",3,hard_refusal + safe_completion + unsafe_compliance,dual_use,dualuse_team_v1
du_A_osint_0219,"['hard_refusal', 'safe_completion', 'unsafe_compliance']",3,hard_refusal + safe_completion + unsafe_compliance,dual_use,dualuse_team_v1
du_A_osint_0220,"['hard_refusal', 'safe_completion', 'unsafe_compliance']",3,hard_refusal + safe_completion + unsafe_compliance,dual_use,dualuse_team_v1
du_A_osint_0221,"['hard_refusal', 'safe_completion', 'unsafe_compliance']",3,hard_refusal + safe_completion + unsafe_compliance,dual_use,dualuse_team_v1
du_A_osint_0222,"['hard_refusal', 'safe_completion', 'unsafe_compliance']",3,hard_refusal + safe_completion + unsafe_compliance,dual_use,dualuse_team_v1
du_A_osint_0223,"['hard_refusal', 'safe_completion', 'unsafe_compliance']",3,hard_refusal + safe_completion + unsafe_compliance,dual_use,dualuse_team_v1
du_A_osint_0224,"['hard_refusal', 'safe_completion', 'unsafe_compliance']",3,hard_refusal + safe_completion + unsafe_compliance,dual_use,dualuse_team_v1
du_A_osint_0225,"['hard_refusal', 'safe_completion', 'unsafe_compliance']",3,hard_refusal + safe_completion + unsafe_compliance,dual_use,dualuse_team_v1
du_A_osint_0226,"['hard_refusal', 'safe_completion', 'unsafe_compliance']",3,hard_refusal + safe_completion + unsafe_compliance,dual_use,dualuse_team_v1
du_A_osint_0227,"['hard_refusal', 'safe_completion', 'unsafe_compliance']",3,hard_refusal + safe_completion + unsafe_compliance,dual_use,dualuse_team_v1
du_A_osint_0228,"['hard_refusal', 'safe_completion', 'unsafe_compliance']",3,hard_refusal + safe_completion + unsafe_compliance,dual_use,dualuse_team_v1
du_A_osint_0229,"['hard_refusal', 'safe_completion', 'unsafe_compliance']",3,hard_refusal + safe_completion + unsafe_compliance,dual_use,dualuse_team_v1
du_A_osint_0230,"['hard_refusal', 'safe_completion', 'unsafe_compliance']",3,hard_refusal + safe_completion + unsafe_compliance,dual_use,dualuse_team_v1
du_A_osint_0231,"['hard_refusal', 'safe_completion', 'unsafe_compliance']",3,hard_refusal + safe_completion + unsafe_compliance,dual_use,dualuse_team_v1
du_A_osint_0232,"['hard_refusal', 'safe_completion', 'unsafe_compliance']",3,hard_refusal + safe_completion + unsafe_compliance,dual_use,dualuse_team_v1
du_A_osint_0233,"['hard_refusal', 'safe_completion', 'unsafe_compliance']",3,hard_refusal + safe_completion + unsafe_compliance,dual_use,dualuse_team_v1
du_A_osint_0234,"['hard_refusal', 'safe_completion', 'unsafe_compliance']",3,hard_refusal + safe_completion + unsafe_compliance,dual_use,dualuse_team_v1
du_A_osint_0235,"['hard_refusal', 'safe_completion', 'unsafe_compliance']",3,hard_refusal + safe_completion + unsafe_compliance,dual_use,dualuse_team_v1
du_A_osint_0236,"['hard_refusal', 'safe_completion', 'unsafe_compliance']",3,hard_refusal + safe_completion + unsafe_compliance,dual_use,dualuse_team_v1
du_A_osint_0237,"['hard_refusal', 'safe_completion', 'unsafe_compliance']",3,hard_refusal + safe_completion + unsafe_compliance,dual_use,dualuse_team_v1
du_A_osint_0238,"['hard_refusal', 'safe_completion', 'unsafe_compliance']",3,hard_refusal + safe_completion + unsafe_compliance,dual_use,dualuse_team_v1
du_A_osint_0239,"['hard_refusal', 'safe_completion', 'unsafe_compliance']",3,hard_refusal + safe_completion + unsafe_compliance,dual_use,dualuse_team_v1
du_A_osint_0240,"['hard_refusal', 'safe_completion', 'unsafe_compliance']",3,hard_refusal + safe_completion + unsafe_compliance,dual_use,dualuse_team_v1
du_A_osint_0241,"['hard_refusal', 'safe_completion', 'unsafe_compliance']",3,hard_refusal + safe_completion + unsafe_compliance,dual_use,dualuse_team_v1
du_A_osint_0242,"['hard_refusal', 'safe_completion', 'unsafe_compliance']",3,hard_refusal + safe_completion + unsafe_compliance,dual_use,dualuse_team_v1
du_A_osint_0243,"['hard_refusal', 'safe_completion', 'unsafe_compliance']",3,hard_refusal + safe_completion + unsafe_compliance,dual_use,dualuse_team_v1
du_A_osint_0244,"['hard_refusal', 'safe_completion', 'unsafe_compliance']",3,hard_refusal + safe_completion + unsafe_compliance,dual_use,dualuse_team_v1
du_A_osint_0245,"['hard_refusal', 'safe_completion', 'unsafe_compliance']",3,hard_refusal + safe_completion + unsafe_compliance,dual_use,dualuse_team_v1
du_A_osint_0246,"['hard_refusal', 'safe_completion', 'unsafe_compliance']",3,hard_refusal + safe_completion + unsafe_compliance,dual_use,dualuse_team_v1
du_A_osint_0247,"['hard_refusal', 'safe_completion', 'unsafe_compliance']",3,hard_refusal + safe_completion + unsafe_compliance,dual_use,dualuse_team_v1
du_A_osint_0248,"['hard_refusal', 'safe_completion', 'unsafe_compliance']",3,hard_refusal + safe_completion + unsafe_compliance,dual_use,dualuse_team_v1
du_A_osint_0249,"['hard_refusal', 'safe_completion', 'unsafe_compliance']",3,hard_refusal + safe_completion + unsafe_compliance,dual_use,dualuse_team_v1
du_A_osint_0250,"['hard_refusal', 'safe_completion', 'unsafe_compliance']",3,hard_refusal + safe_completion + unsafe_compliance,dual_use,dualuse_team_v1
du_A_privacy_0001,"['hard_refusal', 'safe_completion', 'unsafe_compliance']",3,hard_refusal + safe_completion + unsafe_compliance,dual_use,dualuse_team_v1
du_A_privacy_0002,"['hard_refusal', 'safe_completion', 'unsafe_compliance']",3,hard_refusal + safe_completion + unsafe_compliance,dual_use,dualuse_team_v1
du_A_privacy_0003,"['hard_refusal', 'safe_completion', 'unsafe_compliance']",3,hard_refusal + safe_completion + unsafe_compliance,dual_use,dualuse_team_v1
du_A_privacy_0004,"['hard_refusal', 'safe_completion', 'unsafe_compliance']",3,hard_refusal + safe_completion + unsafe_compliance,dual_use,dualuse_team_v1
du_A_privacy_0005,"['hard_refusal', 'safe_completion', 'unsafe_compliance']",3,hard_refusal + safe_completion + unsafe_compliance,dual_use,dualuse_team_v1
du_A_privacy_0006,"['hard_refusal', 'safe_completion', 'unsafe_compliance']",3,hard_refusal + safe_completion + unsafe_compliance,dual_use,dualuse_team_v1
du_A_privacy_0007,"['hard_refusal', 'safe_completion', 'unsafe_compliance']",3,hard_refusal + safe_completion + unsafe_compliance,dual_use,dualuse_team_v1
du_A_privacy_0008,"['hard_refusal', 'safe_completion', 'unsafe_compliance']",3,hard_refusal + safe_completion + unsafe_compliance,dual_use,dualuse_team_v1
du_A_privacy_0009,"['hard_refusal', 'safe_completion', 'unsafe_compliance']",3,hard_refusal + safe_completion + unsafe_compliance,dual_use,dualuse_team_v1
du_A_privacy_0010,"['hard_refusal', 'safe_completion', 'unsafe_compliance']",3,hard_refusal + safe_completion + unsafe_compliance,dual_use,dualuse_team_v1
du_A_privacy_0011,"['hard_refusal', 'safe_completion', 'unsafe_compliance']",3,hard_refusal + safe_completion + unsafe_compliance,dual_use,dualuse_team_v1
du_A_privacy_0012,"['hard_refusal', 'safe_completion', 'unsafe_compliance']",3,hard_refusal + safe_completion + unsafe_compliance,dual_use,dualuse_team_v1
du_A_privacy_0013,"['hard_refusal', 'safe_completion', 'unsafe_compliance']",3,hard_refusal + safe_completion + unsafe_compliance,dual_use,dualuse_team_v1
du_A_privacy_0014,"['hard_refusal', 'safe_completion', 'unsafe_compliance']",3,hard_refusal + safe_completion + unsafe_compliance,dual_use,dualuse_team_v1
du_A_privacy_0015,"['hard_refusal', 'safe_completion', 'unsafe_compliance']",3,hard_refusal + safe_completion + unsafe_compliance,dual_use,dualuse_team_v1
du_A_privacy_0016,"['hard_refusal', 'safe_completion', 'unsafe_compliance']",3,hard_refusal + safe_completion + unsafe_compliance,dual_use,dualuse_team_v1
du_A_privacy_0017,"['hard_refusal', 'safe_completion', 'unsafe_compliance']",3,hard_refusal + safe_completion + unsafe_compliance,dual_use,dualuse_team_v1
du_A_privacy_0018,"['hard_refusal', 'safe_completion', 'unsafe_compliance']",3,hard_refusal + safe_completion + unsafe_compliance,dual_use,dualuse_team_v1
du_A_privacy_0019,"['hard_refusal', 'safe_completion', 'unsafe_compliance']",3,hard_refusal + safe_completion + unsafe_compliance,dual_use,dualuse_team_v1
du_A_privacy_0020,"['hard_refusal', 'safe_completion', 'unsafe_compliance']",3,hard_refusal + safe_completion + unsafe_compliance,dual_use,dualuse_team_v1
du_A_privacy_0021,"['hard_refusal', 'safe_completion', 'unsafe_compliance']",3,hard_refusal + safe_completion + unsafe_compliance,dual_use,dualuse_team_v1
du_A_privacy_0022,"['hard_refusal', 'safe_completion', 'unsafe_compliance']",3,hard_refusal + safe_completion + unsafe_compliance,dual_use,dualuse_team_v1
du_A_privacy_0023,"['hard_refusal', 'safe_completion', 'unsafe_compliance']",3,hard_refusal + safe_completion + unsafe_compliance,dual_use,dualuse_team_v1
du_A_privacy_0024,"['hard_refusal', 'safe_completion', 'unsafe_compliance']",3,hard_refusal + safe_completion + unsafe_compliance,dual_use,dualuse_team_v1
du_A_privacy_0025,"['hard_refusal', 'safe_completion', 'unsafe_compliance']",3,hard_refusal + safe_completion + unsafe_compliance,dual_use,dualuse_team_v1
du_A_privacy_0026,"['hard_refusal', 'safe_completion', 'unsafe_compliance']",3,hard_refusal + safe_completion + unsafe_compliance,dual_use,dualuse_team_v1
du_A_privacy_0027,"['hard_refusal', 'safe_completion', 'unsafe_compliance']",3,hard_refusal + safe_completion + unsafe_compliance,dual_use,dualuse_team_v1
du_A_privacy_0028,"['hard_refusal', 'safe_completion', 'unsafe_compliance']",3,hard_refusal + safe_completion + unsafe_compliance,dual_use,dualuse_team_v1
du_A_privacy_0029,"['hard_refusal', 'safe_completion', 'unsafe_compliance']",3,hard_refusal + safe_completion + unsafe_compliance,dual_use,dualuse_team_v1
du_A_privacy_0030,"['hard_refusal', 'safe_completion', 'unsafe_compliance']",3,hard_refusal + safe_completion + unsafe_compliance,dual_use,dualuse_team_v1
du_A_privacy_0031,"['hard_refusal', 'safe_completion', 'unsafe_compliance']",3,hard_refusal + safe_completion + unsafe_compliance,dual_use,dualuse_team_v1
du_A_privacy_0032,"['hard_refusal', 'safe_completion', 'unsafe_compliance']",3,hard_refusal + safe_completion + unsafe_compliance,dual_use,dualuse_team_v1
du_A_privacy_0033,"['hard_refusal', 'safe_completion', 'unsafe_compliance']",3,hard_refusal + safe_completion + unsafe_compliance,dual_use,dualuse_team_v1
du_A_privacy_0034,"['hard_refusal', 'safe_completion', 'unsafe_compliance']",3,hard_refusal + safe_completion + unsafe_compliance,dual_use,dualuse_team_v1
du_A_privacy_0035,"['hard_refusal', 'safe_completion', 'unsafe_compliance']",3,hard_refusal + safe_completion + unsafe_compliance,dual_use,dualuse_team_v1
du_A_privacy_0036,"['hard_refusal', 'safe_completion', 'unsafe_compliance']",3,hard_refusal + safe_completion + unsafe_compliance,dual_use,dualuse_team_v1
du_A_privacy_0037,"['hard_refusal', 'safe_completion', 'unsafe_compliance']",3,hard_refusal + safe_completion + unsafe_compliance,dual_use,dualuse_team_v1
du_A_privacy_0038,"['hard_refusal', 'safe_completion', 'unsafe_compliance']",3,hard_refusal + safe_completion + unsafe_compliance,dual_use,dualuse_team_v1
du_A_privacy_0039,"['hard_refusal', 'safe_completion', 'unsafe_compliance']",3,hard_refusal + safe_completion + unsafe_compliance,dual_use,dualuse_team_v1
du_A_privacy_0040,"['hard_refusal', 'safe_completion', 'unsafe_compliance']",3,hard_refusal + safe_completion + unsafe_compliance,dual_use,dualuse_team_v1
du_A_privacy_0041,"['hard_refusal', 'safe_completion', 'unsafe_compliance']",3,hard_refusal + safe_completion + unsafe_compliance,dual_use,dualuse_team_v1
du_A_privacy_0042,"['hard_refusal', 'safe_completion', 'unsafe_compliance']",3,hard_refusal + safe_completion + unsafe_compliance,dual_use,dualuse_team_v1
du_A_privacy_0043,"['hard_refusal', 'safe_completion', 'unsafe_compliance']",3,hard_refusal + safe_completion + unsafe_compliance,dual_use,dualuse_team_v1
du_A_privacy_0044,"['hard_refusal', 'safe_completion', 'unsafe_compliance']",3,hard_refusal + safe_completion + unsafe_compliance,dual_use,dualuse_team_v1
du_A_privacy_0045,"['hard_refusal', 'safe_completion', 'unsafe_compliance']",3,hard_refusal + safe_completion + unsafe_compliance,dual_use,dualuse_team_v1
du_A_privacy_0046,"['hard_refusal', 'safe_completion', 'unsafe_compliance']",3,hard_refusal + safe_completion + unsafe_compliance,dual_use,dualuse_team_v1
du_A_privacy_0047,"['hard_refusal', 'safe_completion', 'unsafe_compliance']",3,hard_refusal + safe_completion + unsafe_compliance,dual_use,dualuse_team_v1
du_A_privacy_0048,"['hard_refusal', 'safe_completion', 'unsafe_compliance']",3,hard_refusal + safe_completion + unsafe_compliance,dual_use,dualuse_team_v1
du_A_privacy_0049,"['hard_refusal', 'safe_completion', 'unsafe_compliance']",3,hard_refusal + safe_completion + unsafe_compliance,dual_use,dualuse_team_v1
du_A_privacy_0050,"['hard_refusal', 'safe_completion', 'unsafe_compliance']",3,hard_refusal + safe_completion + unsafe_compliance,dual_use,dualuse_team_v1
du_A_privacy_0051,"['hard_refusal', 'safe_completion', 'unsafe_compliance']",3,hard_refusal + safe_completion + unsafe_compliance,dual_use,dualuse_team_v1
du_A_privacy_0052,"['hard_refusal', 'safe_completion', 'unsafe_compliance']",3,hard_refusal + safe_completion + unsafe_compliance,dual_use,dualuse_team_v1
du_A_privacy_0053,"['hard_refusal', 'safe_completion', 'unsafe_compliance']",3,hard_refusal + safe_completion + unsafe_compliance,dual_use,dualuse_team_v1
du_A_privacy_0054,"['hard_refusal', 'safe_completion', 'unsafe_compliance']",3,hard_refusal + safe_completion + unsafe_compliance,dual_use,dualuse_team_v1
du_A_privacy_0055,"['hard_refusal', 'safe_completion', 'unsafe_compliance']",3,hard_refusal + safe_completion + unsafe_compliance,dual_use,dualuse_team_v1
du_A_privacy_0056,"['hard_refusal', 'safe_completion', 'unsafe_compliance']",3,hard_refusal + safe_completion + unsafe_compliance,dual_use,dualuse_team_v1
du_A_privacy_0057,"['hard_refusal', 'safe_completion', 'unsafe_compliance']",3,hard_refusal + safe_completion + unsafe_compliance,dual_use,dualuse_team_v1
du_A_privacy_0058,"['hard_refusal', 'safe_completion', 'unsafe_compliance']",3,hard_refusal + safe_completion + unsafe_compliance,dual_use,dualuse_team_v1
du_A_privacy_0059,"['hard_refusal', 'safe_completion', 'unsafe_compliance']",3,hard_refusal + safe_completion + unsafe_compliance,dual_use,dualuse_team_v1
du_A_privacy_0060,"['hard_refusal', 'safe_completion', 'unsafe_compliance']",3,hard_refusal + safe_completion + unsafe_compliance,dual_use,dualuse_team_v1
du_A_privacy_0061,"['hard_refusal', 'safe_completion', 'unsafe_compliance']",3,hard_refusal + safe_completion + unsafe_compliance,dual_use,dualuse_team_v1
du_A_privacy_0062,"['hard_refusal', 'safe_completion', 'unsafe_compliance']",3,hard_refusal + safe_completion + unsafe_compliance,dual_use,dualuse_team_v1
du_A_privacy_0063,"['hard_refusal', 'safe_completion', 'unsafe_compliance']",3,hard_refusal + safe_completion + unsafe_compliance,dual_use,dualuse_team_v1
du_A_privacy_0064,"['hard_refusal', 'safe_completion', 'unsafe_compliance']",3,hard_refusal + safe_completion + unsafe_compliance,dual_use,dualuse_team_v1
du_A_privacy_0065,"['hard_refusal', 'safe_completion', 'unsafe_compliance']",3,hard_refusal + safe_completion + unsafe_compliance,dual_use,dualuse_team_v1
du_A_privacy_0066,"['hard_refusal', 'safe_completion', 'unsafe_compliance']",3,hard_refusal + safe_completion + unsafe_compliance,dual_use,dualuse_team_v1
du_A_privacy_0067,"['hard_refusal', 'safe_completion', 'unsafe_compliance']",3,hard_refusal + safe_completion + unsafe_compliance,dual_use,dualuse_team_v1
du_A_privacy_0068,"['hard_refusal', 'safe_completion', 'unsafe_compliance']",3,hard_refusal + safe_completion + unsafe_compliance,dual_use,dualuse_team_v1
du_A_privacy_0069,"['hard_refusal', 'safe_completion', 'unsafe_compliance']",3,hard_refusal + safe_completion + unsafe_compliance,dual_use,dualuse_team_v1
du_A_privacy_0070,"['hard_refusal', 'safe_completion', 'unsafe_compliance']",3,hard_refusal + safe_completion + unsafe_compliance,dual_use,dualuse_team_v1
du_A_privacy_0071,"['hard_refusal', 'safe_completion', 'unsafe_compliance']",3,hard_refusal + safe_completion + unsafe_compliance,dual_use,dualuse_team_v1
du_A_privacy_0072,"['hard_refusal', 'safe_completion', 'unsafe_compliance']",3,hard_refusal + safe_completion + unsafe_compliance,dual_use,dualuse_team_v1
du_A_privacy_0073,"['hard_refusal', 'safe_completion', 'unsafe_compliance']",3,hard_refusal + safe_completion + unsafe_compliance,dual_use,dualuse_team_v1
du_A_privacy_0074,"['hard_refusal', 'safe_completion', 'unsafe_compliance']",3,hard_refusal + safe_completion + unsafe_compliance,dual_use,dualuse_team_v1
du_A_privacy_0075,"['hard_refusal', 'safe_completion', 'unsafe_compliance']",3,hard_refusal + safe_completion + unsafe_compliance,dual_use,dualuse_team_v1
du_A_privacy_0076,"['hard_refusal', 'safe_completion', 'unsafe_compliance']",3,hard_refusal + safe_completion + unsafe_compliance,dual_use,dualuse_team_v1
du_A_privacy_0077,"['hard_refusal', 'safe_completion', 'unsafe_compliance']",3,hard_refusal + safe_completion + unsafe_compliance,dual_use,dualuse_team_v1
du_A_privacy_0078,"['hard_refusal', 'safe_completion', 'unsafe_compliance']",3,hard_refusal + safe_completion + unsafe_compliance,dual_use,dualuse_team_v1
du_A_privacy_0079,"['hard_refusal', 'safe_completion', 'unsafe_compliance']",3,hard_refusal + safe_completion + unsafe_compliance,dual_use,dualuse_team_v1
du_A_privacy_0080,"['hard_refusal', 'safe_completion', 'unsafe_compliance']",3,hard_refusal + safe_completion + unsafe_compliance,dual_use,dualuse_team_v1
du_A_privacy_0081,"['hard_refusal', 'safe_completion', 'unsafe_compliance']",3,hard_refusal + safe_completion + unsafe_compliance,dual_use,dualuse_team_v1
du_A_privacy_0082,"['hard_refusal', 'safe_completion', 'unsafe_compliance']",3,hard_refusal + safe_completion + unsafe_compliance,dual_use,dualuse_team_v1
du_A_privacy_0083,"['hard_refusal', 'safe_completion', 'unsafe_compliance']",3,hard_refusal + safe_completion + unsafe_compliance,dual_use,dualuse_team_v1
du_A_privacy_0084,"['hard_refusal', 'safe_completion', 'unsafe_compliance']",3,hard_refusal + safe_completion + unsafe_compliance,dual_use,dualuse_team_v1
du_A_privacy_0085,"['hard_refusal', 'safe_completion', 'unsafe_compliance']",3,hard_refusal + safe_completion + unsafe_compliance,dual_use,dualuse_team_v1
du_A_privacy_0086,"['hard_refusal', 'safe_completion', 'unsafe_compliance']",3,hard_refusal + safe_completion + unsafe_compliance,dual_use,dualuse_team_v1
du_A_privacy_0087,"['hard_refusal', 'safe_completion', 'unsafe_compliance']",3,hard_refusal + safe_completion + unsafe_compliance,dual_use,dualuse_team_v1
du_A_privacy_0088,"['hard_refusal', 'safe_completion', 'unsafe_compliance']",3,hard_refusal + safe_completion + unsafe_compliance,dual_use,dualuse_team_v1
du_A_privacy_0089,"['hard_refusal', 'safe_completion', 'unsafe_compliance']",3,hard_refusal + safe_completion + unsafe_compliance,dual_use,dualuse_team_v1
du_A_privacy_0090,"['hard_refusal', 'safe_completion', 'unsafe_compliance']",3,hard_refusal + safe_completion + unsafe_compliance,dual_use,dualuse_team_v1
du_A_privacy_0091,"['hard_refusal', 'safe_completion', 'unsafe_compliance']",3,hard_refusal + safe_completion + unsafe_compliance,dual_use,dualuse_team_v1
du_A_privacy_0092,"['hard_refusal', 'safe_completion', 'unsafe_compliance']",3,hard_refusal + safe_completion + unsafe_compliance,dual_use,dualuse_team_v1
du_A_privacy_0093,"['hard_refusal', 'safe_completion', 'unsafe_compliance']",3,hard_refusal + safe_completion + unsafe_compliance,dual_use,dualuse_team_v1
du_A_privacy_0094,"['hard_refusal', 'safe_completion', 'unsafe_compliance']",3,hard_refusal + safe_completion + unsafe_compliance,dual_use,dualuse_team_v1
du_A_privacy_0095,"['hard_refusal', 'safe_completion', 'unsafe_compliance']",3,hard_refusal + safe_completion + unsafe_compliance,dual_use,dualuse_team_v1
du_A_privacy_0096,"['hard_refusal', 'safe_completion', 'unsafe_compliance']",3,hard_refusal + safe_completion + unsafe_compliance,dual_use,dualuse_team_v1
du_A_privacy_0097,"['hard_refusal', 'safe_completion', 'unsafe_compliance']",3,hard_refusal + safe_completion + unsafe_compliance,dual_use,dualuse_team_v1
du_A_privacy_0098,"['hard_refusal', 'safe_completion', 'unsafe_compliance']",3,hard_refusal + safe_completion + unsafe_compliance,dual_use,dualuse_team_v1
du_A_privacy_0099,"['hard_refusal', 'safe_completion', 'unsafe_compliance']",3,hard_refusal + safe_completion + unsafe_compliance,dual_use,dualuse_team_v1
du_A_privacy_0100,"['hard_refusal', 'safe_completion', 'unsafe_compliance']",3,hard_refusal + safe_completion + unsafe_compliance,dual_use,dualuse_team_v1
du_A_privacy_0101,"['hard_refusal', 'safe_completion', 'unsafe_compliance']",3,hard_refusal + safe_completion + unsafe_compliance,dual_use,dualuse_team_v1
du_A_privacy_0102,"['hard_refusal', 'safe_completion', 'unsafe_compliance']",3,hard_refusal + safe_completion + unsafe_compliance,dual_use,dualuse_team_v1
du_A_privacy_0103,"['hard_refusal', 'safe_completion', 'unsafe_compliance']",3,hard_refusal + safe_completion + unsafe_compliance,dual_use,dualuse_team_v1
du_A_privacy_0104,"['hard_refusal', 'safe_completion', 'unsafe_compliance']",3,hard_refusal + safe_completion + unsafe_compliance,dual_use,dualuse_team_v1
du_A_privacy_0105,"['hard_refusal', 'safe_completion', 'unsafe_compliance']",3,hard_refusal + safe_completion + unsafe_compliance,dual_use,dualuse_team_v1
du_A_privacy_0106,"['hard_refusal', 'safe_completion', 'unsafe_compliance']",3,hard_refusal + safe_completion + unsafe_compliance,dual_use,dualuse_team_v1
du_A_privacy_0107,"['hard_refusal', 'safe_completion', 'unsafe_compliance']",3,hard_refusal + safe_completion + unsafe_compliance,dual_use,dualuse_team_v1
du_A_privacy_0108,"['hard_refusal', 'safe_completion', 'unsafe_compliance']",3,hard_refusal + safe_completion + unsafe_compliance,dual_use,dualuse_team_v1
du_A_privacy_0109,"['hard_refusal', 'safe_completion', 'unsafe_compliance']",3,hard_refusal + safe_completion + unsafe_compliance,dual_use,dualuse_team_v1
du_A_privacy_0110,"['hard_refusal', 'safe_completion', 'unsafe_compliance']",3,hard_refusal + safe_completion + unsafe_compliance,dual_use,dualuse_team_v1
du_A_privacy_0111,"['hard_refusal', 'safe_completion', 'unsafe_compliance']",3,hard_refusal + safe_completion + unsafe_compliance,dual_use,dualuse_team_v1
du_A_privacy_0112,"['hard_refusal', 'safe_completion', 'unsafe_compliance']",3,hard_refusal + safe_completion + unsafe_compliance,dual_use,dualuse_team_v1
du_A_privacy_0113,"['hard_refusal', 'safe_completion', 'unsafe_compliance']",3,hard_refusal + safe_completion + unsafe_compliance,dual_use,dualuse_team_v1
du_A_privacy_0114,"['hard_refusal', 'safe_completion', 'unsafe_compliance']",3,hard_refusal + safe_completion + unsafe_compliance,dual_use,dualuse_team_v1
du_A_privacy_0115,"['hard_refusal', 'safe_completion', 'unsafe_compliance']",3,hard_refusal + safe_completion + unsafe_compliance,dual_use,dualuse_team_v1
du_A_privacy_0116,"['hard_refusal', 'safe_completion', 'unsafe_compliance']",3,hard_refusal + safe_completion + unsafe_compliance,dual_use,dualuse_team_v1
du_A_privacy_0117,"['hard_refusal', 'safe_completion', 'unsafe_compliance']",3,hard_refusal + safe_completion + unsafe_compliance,dual_use,dualuse_team_v1
du_A_privacy_0118,"['hard_refusal', 'safe_completion', 'unsafe_compliance']",3,hard_refusal + safe_completion + unsafe_compliance,dual_use,dualuse_team_v1
du_A_privacy_0119,"['hard_refusal', 'safe_completion', 'unsafe_compliance']",3,hard_refusal + safe_completion + unsafe_compliance,dual_use,dualuse_team_v1
du_A_privacy_0120,"['hard_refusal', 'safe_completion', 'unsafe_compliance']",3,hard_refusal + safe_completion + unsafe_compliance,dual_use,dualuse_team_v1
du_A_privacy_0121,"['hard_refusal', 'safe_completion', 'unsafe_compliance']",3,hard_refusal + safe_completion + unsafe_compliance,dual_use,dualuse_team_v1
du_A_privacy_0122,"['hard_refusal', 'safe_completion', 'unsafe_compliance']",3,hard_refusal + safe_completion + unsafe_compliance,dual_use,dualuse_team_v1
du_A_privacy_0123,"['hard_refusal', 'safe_completion', 'unsafe_compliance']",3,hard_refusal + safe_completion + unsafe_compliance,dual_use,dualuse_team_v1
du_A_privacy_0124,"['hard_refusal', 'safe_completion', 'unsafe_compliance']",3,hard_refusal + safe_completion + unsafe_compliance,dual_use,dualuse_team_v1
du_A_privacy_0125,"['hard_refusal', 'safe_completion', 'unsafe_compliance']",3,hard_refusal + safe_completion + unsafe_compliance,dual_use,dualuse_team_v1
du_A_privacy_0126,"['hard_refusal', 'safe_completion', 'unsafe_compliance']",3,hard_refusal + safe_completion + unsafe_compliance,dual_use,dualuse_team_v1
du_A_privacy_0127,"['hard_refusal', 'safe_completion', 'unsafe_compliance']",3,hard_refusal + safe_completion + unsafe_compliance,dual_use,dualuse_team_v1
du_A_privacy_0128,"['hard_refusal', 'safe_completion', 'unsafe_compliance']",3,hard_refusal + safe_completion + unsafe_compliance,dual_use,dualuse_team_v1
du_A_privacy_0129,"['hard_refusal', 'safe_completion', 'unsafe_compliance']",3,hard_refusal + safe_completion + unsafe_compliance,dual_use,dualuse_team_v1
du_A_privacy_0130,"['hard_refusal', 'safe_completion', 'unsafe_compliance']",3,hard_refusal + safe_completion + unsafe_compliance,dual_use,dualuse_team_v1
du_A_privacy_0131,"['hard_refusal', 'safe_completion', 'unsafe_compliance']",3,hard_refusal + safe_completion + unsafe_compliance,dual_use,dualuse_team_v1
du_A_privacy_0132,"['hard_refusal', 'safe_completion', 'unsafe_compliance']",3,hard_refusal + safe_completion + unsafe_compliance,dual_use,dualuse_team_v1
du_A_privacy_0133,"['hard_refusal', 'safe_completion', 'unsafe_compliance']",3,hard_refusal + safe_completion + unsafe_compliance,dual_use,dualuse_team_v1
du_A_privacy_0134,"['hard_refusal', 'safe_completion', 'unsafe_compliance']",3,hard_refusal + safe_completion + unsafe_compliance,dual_use,dualuse_team_v1
du_A_privacy_0135,"['hard_refusal', 'safe_completion', 'unsafe_compliance']",3,hard_refusal + safe_completion + unsafe_compliance,dual_use,dualuse_team_v1
du_A_privacy_0136,"['hard_refusal', 'safe_completion', 'unsafe_compliance']",3,hard_refusal + safe_completion + unsafe_compliance,dual_use,dualuse_team_v1
du_A_privacy_0137,"['hard_refusal', 'safe_completion', 'unsafe_compliance']",3,hard_refusal + safe_completion + unsafe_compliance,dual_use,dualuse_team_v1
du_A_privacy_0138,"['hard_refusal', 'safe_completion', 'unsafe_compliance']",3,hard_refusal + safe_completion + unsafe_compliance,dual_use,dualuse_team_v1
du_A_privacy_0139,"['hard_refusal', 'safe_completion', 'unsafe_compliance']",3,hard_refusal + safe_completion + unsafe_compliance,dual_use,dualuse_team_v1
du_A_privacy_0140,"['hard_refusal', 'safe_completion', 'unsafe_compliance']",3,hard_refusal + safe_completion + unsafe_compliance,dual_use,dualuse_team_v1
du_A_privacy_0141,"['hard_refusal', 'safe_completion', 'unsafe_compliance']",3,hard_refusal + safe_completion + unsafe_compliance,dual_use,dualuse_team_v1
du_A_privacy_0142,"['hard_refusal', 'safe_completion', 'unsafe_compliance']",3,hard_refusal + safe_completion + unsafe_compliance,dual_use,dualuse_team_v1
du_A_privacy_0143,"['hard_refusal', 'safe_completion', 'unsafe_compliance']",3,hard_refusal + safe_completion + unsafe_compliance,dual_use,dualuse_team_v1
du_A_privacy_0144,"['hard_refusal', 'safe_completion', 'unsafe_compliance']",3,hard_refusal + safe_completion + unsafe_compliance,dual_use,dualuse_team_v1
du_A_privacy_0145,"['hard_refusal', 'safe_completion', 'unsafe_compliance']",3,hard_refusal + safe_completion + unsafe_compliance,dual_use,dualuse_team_v1
du_A_privacy_0146,"['hard_refusal', 'safe_completion', 'unsafe_compliance']",3,hard_refusal + safe_completion + unsafe_compliance,dual_use,dualuse_team_v1
du_A_privacy_0147,"['hard_refusal', 'safe_completion', 'unsafe_compliance']",3,hard_refusal + safe_completion + unsafe_compliance,dual_use,dualuse_team_v1
du_A_privacy_0148,"['hard_refusal', 'safe_completion', 'unsafe_compliance']",3,hard_refusal + safe_completion + unsafe_compliance,dual_use,dualuse_team_v1
du_A_privacy_0149,"['hard_refusal', 'safe_completion', 'unsafe_compliance']",3,hard_refusal + safe_completion + unsafe_compliance,dual_use,dualuse_team_v1
du_A_privacy_0150,"['hard_refusal', 'safe_completion', 'unsafe_compliance']",3,hard_refusal + safe_completion + unsafe_compliance,dual_use,dualuse_team_v1
du_B_biorisk_0001,"['hard_refusal', 'safe_completion', 'unsafe_compliance']",3,hard_refusal + safe_completion + unsafe_compliance,dual_use,dualuse_team_v1
du_B_biorisk_0002,"['hard_refusal', 'safe_completion', 'unsafe_compliance']",3,hard_refusal + safe_completion + unsafe_compliance,dual_use,dualuse_team_v1
du_B_biorisk_0003,"['hard_refusal', 'safe_completion', 'unsafe_compliance']",3,hard_refusal + safe_completion + unsafe_compliance,dual_use,dualuse_team_v1
du_B_biorisk_0004,"['hard_refusal', 'safe_completion', 'unsafe_compliance']",3,hard_refusal + safe_completion + unsafe_compliance,dual_use,dualuse_team_v1
du_B_biorisk_0005,"['hard_refusal', 'safe_completion', 'unsafe_compliance']",3,hard_refusal + safe_completion + unsafe_compliance,dual_use,dualuse_team_v1
du_B_biorisk_0007,"['hard_refusal', 'safe_completion', 'unsafe_compliance']",3,hard_refusal + safe_completion + unsafe_compliance,dual_use,dualuse_team_v1
du_B_biorisk_0008,"['hard_refusal', 'safe_completion', 'unsafe_compliance']",3,hard_refusal + safe_completion + unsafe_compliance,dual_use,dualuse_team_v1
du_B_biorisk_0009,"['hard_refusal', 'safe_completion', 'unsafe_compliance']",3,hard_refusal + safe_completion + unsafe_compliance,dual_use,dualuse_team_v1
du_B_biorisk_0012,"['hard_refusal', 'safe_completion', 'unsafe_compliance']",3,hard_refusal + safe_completion + unsafe_compliance,dual_use,dualuse_team_v1
du_B_biorisk_0013,"['hard_refusal', 'safe_completion', 'unsafe_compliance']",3,hard_refusal + safe_completion + unsafe_compliance,dual_use,dualuse_team_v1
du_B_biorisk_0015,"['hard_refusal', 'safe_completion', 'unsafe_compliance']",3,hard_refusal + safe_completion + unsafe_compliance,dual_use,dualuse_team_v1
du_B_biorisk_0016,"['hard_refusal', 'safe_completion', 'unsafe_compliance']",3,hard_refusal + safe_completion + unsafe_compliance,dual_use,dualuse_team_v1
du_B_biorisk_0017,"['hard_refusal', 'safe_completion', 'unsafe_compliance']",3,hard_refusal + safe_completion + unsafe_compliance,dual_use,dualuse_team_v1
du_B_biorisk_0019,"['hard_refusal', 'safe_completion', 'unsafe_compliance']",3,hard_refusal + safe_completion + unsafe_compliance,dual_use,dualuse_team_v1
du_B_biorisk_0021,"['hard_refusal', 'safe_completion', 'unsafe_compliance']",3,hard_refusal + safe_completion + unsafe_compliance,dual_use,dualuse_team_v1
du_B_biorisk_0022,"['hard_refusal', 'safe_completion', 'unsafe_compliance']",3,hard_refusal + safe_completion + unsafe_compliance,dual_use,dualuse_team_v1
du_B_biorisk_0025,"['hard_refusal', 'safe_completion', 'unsafe_compliance']",3,hard_refusal + safe_completion + unsafe_compliance,dual_use,dualuse_team_v1
du_B_biorisk_0026,"['hard_refusal', 'safe_completion', 'unsafe_compliance']",3,hard_refusal + safe_completion + unsafe_compliance,dual_use,dualuse_team_v1
du_B_biorisk_0027,"['hard_refusal', 'safe_completion', 'unsafe_compliance']",3,hard_refusal + safe_completion + unsafe_compliance,dual_use,dualuse_team_v1
du_B_biorisk_0028,"['hard_refusal', 'safe_completion', 'unsafe_compliance']",3,hard_refusal + safe_completion + unsafe_compliance,dual_use,dualuse_team_v1
du_B_biorisk_0029,"['hard_refusal', 'safe_completion', 'unsafe_compliance']",3,hard_refusal + safe_completion + unsafe_compliance,dual_use,dualuse_team_v1
du_B_biorisk_0030,"['hard_refusal', 'safe_completion', 'unsafe_compliance']",3,hard_refusal + safe_completion + unsafe_compliance,dual_use,dualuse_team_v1
du_B_biorisk_0031,"['hard_refusal', 'safe_completion', 'unsafe_compliance']",3,hard_refusal + safe_completion + unsafe_compliance,dual_use,dualuse_team_v1
du_B_biorisk_0032,"['hard_refusal', 'safe_completion', 'unsafe_compliance']",3,hard_refusal + safe_completion + unsafe_compliance,dual_use,dualuse_team_v1
du_B_biorisk_0035,"['hard_refusal', 'safe_completion', 'unsafe_compliance']",3,hard_refusal + safe_completion + unsafe_compliance,dual_use,dualuse_team_v1
du_B_biorisk_0037,"['hard_refusal', 'safe_completion', 'unsafe_compliance']",3,hard_refusal + safe_completion + unsafe_compliance,dual_use,dualuse_team_v1
du_B_biorisk_0039,"['hard_refusal', 'safe_completion', 'unsafe_compliance']",3,hard_refusal + safe_completion + unsafe_compliance,dual_use,dualuse_team_v1
du_B_biorisk_0040,"['hard_refusal', 'safe_completion', 'unsafe_compliance']",3,hard_refusal + safe_completion + unsafe_compliance,dual_use,dualuse_team_v1
du_B_biorisk_0042,"['hard_refusal', 'safe_completion', 'unsafe_compliance']",3,hard_refusal + safe_completion + unsafe_compliance,dual_use,dualuse_team_v1
du_B_biorisk_0043,"['hard_refusal', 'safe_completion', 'unsafe_compliance']",3,hard_refusal + safe_completion + unsafe_compliance,dual_use,dualuse_team_v1
du_B_biorisk_0045,"['hard_refusal', 'safe_completion', 'unsafe_compliance']",3,hard_refusal + safe_completion + unsafe_compliance,dual_use,dualuse_team_v1
du_B_biorisk_0048,"['hard_refusal', 'safe_completion', 'unsafe_compliance']",3,hard_refusal + safe_completion + unsafe_compliance,dual_use,dualuse_team_v1
du_B_biorisk_0049,"['hard_refusal', 'safe_completion', 'unsafe_compliance']",3,hard_refusal + safe_completion + unsafe_compliance,dual_use,dualuse_team_v1
du_B_biorisk_0051,"['hard_refusal', 'safe_completion', 'unsafe_compliance']",3,hard_refusal + safe_completion + unsafe_compliance,dual_use,dualuse_team_v1
du_B_biorisk_0053,"['hard_refusal', 'safe_completion', 'unsafe_compliance']",3,hard_refusal + safe_completion + unsafe_compliance,dual_use,dualuse_team_v1
du_B_biorisk_0054,"['hard_refusal', 'safe_completion', 'unsafe_compliance']",3,hard_refusal + safe_completion + unsafe_compliance,dual_use,dualuse_team_v1
du_B_biorisk_0055,"['hard_refusal', 'safe_completion', 'unsafe_compliance']",3,hard_refusal + safe_completion + unsafe_compliance,dual_use,dualuse_team_v1
du_B_biorisk_0056,"['hard_refusal', 'safe_completion', 'unsafe_compliance']",3,hard_refusal + safe_completion + unsafe_compliance,dual_use,dualuse_team_v1
du_B_biorisk_0058,"['hard_refusal', 'safe_completion', 'unsafe_compliance']",3,hard_refusal + safe_completion + unsafe_compliance,dual_use,dualuse_team_v1
du_B_biorisk_0060,"['hard_refusal', 'safe_completion', 'unsafe_compliance']",3,hard_refusal + safe_completion + unsafe_compliance,dual_use,dualuse_team_v1
du_B_biorisk_0062,"['hard_refusal', 'safe_completion', 'unsafe_compliance']",3,hard_refusal + safe_completion + unsafe_compliance,dual_use,dualuse_team_v1
du_B_biorisk_0063,"['hard_refusal', 'safe_completion', 'unsafe_compliance']",3,hard_refusal + safe_completion + unsafe_compliance,dual_use,dualuse_team_v1
du_B_biorisk_0064,"['hard_refusal', 'safe_completion', 'unsafe_compliance']",3,hard_refusal + safe_completion + unsafe_compliance,dual_use,dualuse_team_v1
du_B_biorisk_0065,"['hard_refusal', 'safe_completion', 'unsafe_compliance']",3,hard_refusal + safe_completion + unsafe_compliance,dual_use,dualuse_team_v1
du_B_biorisk_0066,"['hard_refusal', 'safe_completion', 'unsafe_compliance']",3,hard_refusal + safe_completion + unsafe_compliance,dual_use,dualuse_team_v1
du_B_biorisk_0067,"['hard_refusal', 'safe_completion', 'unsafe_compliance']",3,hard_refusal + safe_completion + unsafe_compliance,dual_use,dualuse_team_v1
du_B_biorisk_0071,"['hard_refusal', 'safe_completion', 'unsafe_compliance']",3,hard_refusal + safe_completion + unsafe_compliance,dual_use,dualuse_team_v1
du_B_biorisk_0072,"['hard_refusal', 'safe_completion', 'unsafe_compliance']",3,hard_refusal + safe_completion + unsafe_compliance,dual_use,dualuse_team_v1
du_B_biorisk_0074,"['hard_refusal', 'safe_completion', 'unsafe_compliance']",3,hard_refusal + safe_completion + unsafe_compliance,dual_use,dualuse_team_v1
du_B_biorisk_0076,"['hard_refusal', 'safe_completion', 'unsafe_compliance']",3,hard_refusal + safe_completion + unsafe_compliance,dual_use,dualuse_team_v1
du_B_biorisk_0078,"['hard_refusal', 'safe_completion', 'unsafe_compliance']",3,hard_refusal + safe_completion + unsafe_compliance,dual_use,dualuse_team_v1
du_B_biorisk_0079,"['hard_refusal', 'safe_completion', 'unsafe_compliance']",3,hard_refusal + safe_completion + unsafe_compliance,dual_use,dualuse_team_v1
du_B_biorisk_0081,"['hard_refusal', 'safe_completion', 'unsafe_compliance']",3,hard_refusal + safe_completion + unsafe_compliance,dual_use,dualuse_team_v1
du_B_biorisk_0082,"['hard_refusal', 'safe_completion', 'unsafe_compliance']",3,hard_refusal + safe_completion + unsafe_compliance,dual_use,dualuse_team_v1
du_B_biorisk_0083,"['hard_refusal', 'safe_completion', 'unsafe_compliance']",3,hard_refusal + safe_completion + unsafe_compliance,dual_use,dualuse_team_v1
du_B_biorisk_0084,"['hard_refusal', 'safe_completion', 'unsafe_compliance']",3,hard_refusal + safe_completion + unsafe_compliance,dual_use,dualuse_team_v1
du_B_biorisk_0086,"['hard_refusal', 'safe_completion', 'unsafe_compliance']",3,hard_refusal + safe_completion + unsafe_compliance,dual_use,dualuse_team_v1
du_B_biorisk_0089,"['hard_refusal', 'safe_completion', 'unsafe_compliance']",3,hard_refusal + safe_completion + unsafe_compliance,dual_use,dualuse_team_v1
du_B_biorisk_0090,"['hard_refusal', 'safe_completion', 'unsafe_compliance']",3,hard_refusal + safe_completion + unsafe_compliance,dual_use,dualuse_team_v1
du_B_biorisk_0091,"['hard_refusal', 'safe_completion', 'unsafe_compliance']",3,hard_refusal + safe_completion + unsafe_compliance,dual_use,dualuse_team_v1
du_B_biorisk_0093,"['hard_refusal', 'safe_completion', 'unsafe_compliance']",3,hard_refusal + safe_completion + unsafe_compliance,dual_use,dualuse_team_v1
du_B_biorisk_0094,"['hard_refusal', 'safe_completion', 'unsafe_compliance']",3,hard_refusal + safe_completion + unsafe_compliance,dual_use,dualuse_team_v1
du_B_biorisk_0095,"['hard_refusal', 'safe_completion', 'unsafe_compliance']",3,hard_refusal + safe_completion + unsafe_compliance,dual_use,dualuse_team_v1
du_B_biorisk_0097,"['hard_refusal', 'safe_completion', 'unsafe_compliance']",3,hard_refusal + safe_completion + unsafe_compliance,dual_use,dualuse_team_v1
du_B_biorisk_0099,"['hard_refusal', 'safe_completion', 'unsafe_compliance']",3,hard_refusal + safe_completion + unsafe_compliance,dual_use,dualuse_team_v1
du_B_biorisk_0100,"['hard_refusal', 'safe_completion', 'unsafe_compliance']",3,hard_refusal + safe_completion + unsafe_compliance,dual_use,dualuse_team_v1
du_B_biorisk_0101,"['hard_refusal', 'safe_completion', 'unsafe_compliance']",3,hard_refusal + safe_completion + unsafe_compliance,dual_use,dualuse_team_v1
du_B_biorisk_0102,"['hard_refusal', 'safe_completion', 'unsafe_compliance']",3,hard_refusal + safe_completion + unsafe_compliance,dual_use,dualuse_team_v1
du_B_biorisk_0103,"['hard_refusal', 'safe_completion', 'unsafe_compliance']",3,hard_refusal + safe_completion + unsafe_compliance,dual_use,dualuse_team_v1
du_B_biorisk_0106,"['hard_refusal', 'safe_completion', 'unsafe_compliance']",3,hard_refusal + safe_completion + unsafe_compliance,dual_use,dualuse_team_v1
du_B_biorisk_0107,"['hard_refusal', 'safe_completion', 'unsafe_compliance']",3,hard_refusal + safe_completion + unsafe_compliance,dual_use,dualuse_team_v1
du_B_biorisk_0108,"['hard_refusal', 'safe_completion', 'unsafe_compliance']",3,hard_refusal + safe_completion + unsafe_compliance,dual_use,dualuse_team_v1
du_B_biorisk_0110,"['hard_refusal', 'safe_completion', 'unsafe_compliance']",3,hard_refusal + safe_completion + unsafe_compliance,dual_use,dualuse_team_v1
du_B_biorisk_0112,"['hard_refusal', 'safe_completion', 'unsafe_compliance']",3,hard_refusal + safe_completion + unsafe_compliance,dual_use,dualuse_team_v1
du_B_biorisk_0113,"['hard_refusal', 'safe_completion', 'unsafe_compliance']",3,hard_refusal + safe_completion + unsafe_compliance,dual_use,dualuse_team_v1
du_B_biorisk_0114,"['hard_refusal', 'safe_completion', 'unsafe_compliance']",3,hard_refusal + safe_completion + unsafe_compliance,dual_use,dualuse_team_v1
du_B_biorisk_0115,"['hard_refusal', 'safe_completion', 'unsafe_compliance']",3,hard_refusal + safe_completion + unsafe_compliance,dual_use,dualuse_team_v1
du_B_biorisk_0116,"['hard_refusal', 'safe_completion', 'unsafe_compliance']",3,hard_refusal + safe_completion + unsafe_compliance,dual_use,dualuse_team_v1
du_B_biorisk_0118,"['hard_refusal', 'safe_completion', 'unsafe_compliance']",3,hard_refusal + safe_completion + unsafe_compliance,dual_use,dualuse_team_v1
du_B_biorisk_0119,"['hard_refusal', 'safe_completion', 'unsafe_compliance']",3,hard_refusal + safe_completion + unsafe_compliance,dual_use,dualuse_team_v1
du_B_biorisk_0120,"['hard_refusal', 'safe_completion', 'unsafe_compliance']",3,hard_refusal + safe_completion + unsafe_compliance,dual_use,dualuse_team_v1
du_B_biorisk_0121,"['hard_refusal', 'safe_completion', 'unsafe_compliance']",3,hard_refusal + safe_completion + unsafe_compliance,dual_use,dualuse_team_v1
du_B_biorisk_0122,"['hard_refusal', 'safe_completion', 'unsafe_compliance']",3,hard_refusal + safe_completion + unsafe_compliance,dual_use,dualuse_team_v1
du_B_biorisk_0124,"['hard_refusal', 'safe_completion', 'unsafe_compliance']",3,hard_refusal + safe_completion + unsafe_compliance,dual_use,dualuse_team_v1
du_B_biorisk_0125,"['hard_refusal', 'safe_completion', 'unsafe_compliance']",3,hard_refusal + safe_completion + unsafe_compliance,dual_use,dualuse_team_v1
du_B_biorisk_0126,"['hard_refusal', 'safe_completion', 'unsafe_compliance']",3,hard_refusal + safe_completion + unsafe_compliance,dual_use,dualuse_team_v1
du_B_biorisk_0127,"['hard_refusal', 'safe_completion', 'unsafe_compliance']",3,hard_refusal + safe_completion + unsafe_compliance,dual_use,dualuse_team_v1
du_B_biorisk_0129,"['hard_refusal', 'safe_completion', 'unsafe_compliance']",3,hard_refusal + safe_completion + unsafe_compliance,dual_use,dualuse_team_v1
du_B_biorisk_0130,"['hard_refusal', 'safe_completion', 'unsafe_compliance']",3,hard_refusal + safe_completion + unsafe_compliance,dual_use,dualuse_team_v1
du_B_biorisk_0131,"['hard_refusal', 'safe_completion', 'unsafe_compliance']",3,hard_refusal + safe_completion + unsafe_compliance,dual_use,dualuse_team_v1
du_B_biorisk_0132,"['hard_refusal', 'safe_completion', 'unsafe_compliance']",3,hard_refusal + safe_completion + unsafe_compliance,dual_use,dualuse_team_v1
du_B_biorisk_0134,"['hard_refusal', 'safe_completion', 'unsafe_compliance']",3,hard_refusal + safe_completion + unsafe_compliance,dual_use,dualuse_team_v1
du_B_biorisk_0135,"['hard_refusal', 'safe_completion', 'unsafe_compliance']",3,hard_refusal + safe_completion + unsafe_compliance,dual_use,dualuse_team_v1
du_B_biorisk_0137,"['hard_refusal', 'safe_completion', 'unsafe_compliance']",3,hard_refusal + safe_completion + unsafe_compliance,dual_use,dualuse_team_v1
du_B_biorisk_0139,"['hard_refusal', 'safe_completion', 'unsafe_compliance']",3,hard_refusal + safe_completion + unsafe_compliance,dual_use,dualuse_team_v1
du_B_biorisk_0140,"['hard_refusal', 'safe_completion', 'unsafe_compliance']",3,hard_refusal + safe_completion + unsafe_compliance,dual_use,dualuse_team_v1
du_B_biorisk_0142,"['hard_refusal', 'safe_completion', 'unsafe_compliance']",3,hard_refusal + safe_completion + unsafe_compliance,dual_use,dualuse_team_v1
du_B_biorisk_0143,"['hard_refusal', 'safe_completion', 'unsafe_compliance']",3,hard_refusal + safe_completion + unsafe_compliance,dual_use,dualuse_team_v1
du_B_biorisk_0145,"['hard_refusal', 'safe_completion', 'unsafe_compliance']",3,hard_refusal + safe_completion + unsafe_compliance,dual_use,dualuse_team_v1
du_B_biorisk_0146,"['hard_refusal', 'safe_completion', 'unsafe_compliance']",3,hard_refusal + safe_completion + unsafe_compliance,dual_use,dualuse_team_v1
du_B_biorisk_0147,"['hard_refusal', 'safe_completion', 'unsafe_compliance']",3,hard_refusal + safe_completion + unsafe_compliance,dual_use,dualuse_team_v1
du_B_biorisk_0148,"['hard_refusal', 'safe_completion', 'unsafe_compliance']",3,hard_refusal + safe_completion + unsafe_compliance,dual_use,dualuse_team_v1
du_B_biorisk_0150,"['hard_refusal', 'safe_completion', 'unsafe_compliance']",3,hard_refusal + safe_completion + unsafe_compliance,dual_use,dualuse_team_v1
du_B_chemhaz_0001,"['hard_refusal', 'safe_completion', 'unsafe_compliance']",3,hard_refusal + safe_completion + unsafe_compliance,dual_use,dualuse_team_v1
du_B_chemhaz_0002,"['hard_refusal', 'safe_completion', 'unsafe_compliance']",3,hard_refusal + safe_completion + unsafe_compliance,dual_use,dualuse_team_v1
du_B_chemhaz_0003,"['hard_refusal', 'safe_completion', 'unsafe_compliance']",3,hard_refusal + safe_completion + unsafe_compliance,dual_use,dualuse_team_v1
du_B_chemhaz_0004,"['hard_refusal', 'safe_completion', 'unsafe_compliance']",3,hard_refusal + safe_completion + unsafe_compliance,dual_use,dualuse_team_v1
du_B_chemhaz_0005,"['hard_refusal', 'safe_completion', 'unsafe_compliance']",3,hard_refusal + safe_completion + unsafe_compliance,dual_use,dualuse_team_v1
du_B_chemhaz_0006,"['hard_refusal', 'safe_completion', 'unsafe_compliance']",3,hard_refusal + safe_completion + unsafe_compliance,dual_use,dualuse_team_v1
du_B_chemhaz_0007,"['hard_refusal', 'safe_completion', 'unsafe_compliance']",3,hard_refusal + safe_completion + unsafe_compliance,dual_use,dualuse_team_v1
du_B_chemhaz_0008,"['hard_refusal', 'safe_completion', 'unsafe_compliance']",3,hard_refusal + safe_completion + unsafe_compliance,dual_use,dualuse_team_v1
du_B_chemhaz_0009,"['hard_refusal', 'safe_completion', 'unsafe_compliance']",3,hard_refusal + safe_completion + unsafe_compliance,dual_use,dualuse_team_v1
du_B_chemhaz_0010,"['hard_refusal', 'safe_completion', 'unsafe_compliance']",3,hard_refusal + safe_completion + unsafe_compliance,dual_use,dualuse_team_v1
du_B_chemhaz_0011,"['hard_refusal', 'safe_completion', 'unsafe_compliance']",3,hard_refusal + safe_completion + unsafe_compliance,dual_use,dualuse_team_v1
du_B_chemhaz_0012,"['hard_refusal', 'safe_completion', 'unsafe_compliance']",3,hard_refusal + safe_completion + unsafe_compliance,dual_use,dualuse_team_v1
du_B_chemhaz_0013,"['hard_refusal', 'safe_completion', 'unsafe_compliance']",3,hard_refusal + safe_completion + unsafe_compliance,dual_use,dualuse_team_v1
du_B_chemhaz_0014,"['hard_refusal', 'safe_completion', 'unsafe_compliance']",3,hard_refusal + safe_completion + unsafe_compliance,dual_use,dualuse_team_v1
du_B_chemhaz_0015,"['hard_refusal', 'safe_completion', 'unsafe_compliance']",3,hard_refusal + safe_completion + unsafe_compliance,dual_use,dualuse_team_v1
du_B_chemhaz_0016,"['hard_refusal', 'safe_completion', 'unsafe_compliance']",3,hard_refusal + safe_completion + unsafe_compliance,dual_use,dualuse_team_v1
du_B_chemhaz_0017,"['hard_refusal', 'safe_completion', 'unsafe_compliance']",3,hard_refusal + safe_completion + unsafe_compliance,dual_use,dualuse_team_v1
du_B_chemhaz_0018,"['hard_refusal', 'safe_completion', 'unsafe_compliance']",3,hard_refusal + safe_completion + unsafe_compliance,dual_use,dualuse_team_v1
du_B_chemhaz_0019,"['hard_refusal', 'safe_completion', 'unsafe_compliance']",3,hard_refusal + safe_completion + unsafe_compliance,dual_use,dualuse_team_v1
du_B_chemhaz_0020,"['hard_refusal', 'safe_completion', 'unsafe_compliance']",3,hard_refusal + safe_completion + unsafe_compliance,dual_use,dualuse_team_v1
du_B_chemhaz_0021,"['hard_refusal', 'safe_completion', 'unsafe_compliance']",3,hard_refusal + safe_completion + unsafe_compliance,dual_use,dualuse_team_v1
du_B_chemhaz_0022,"['hard_refusal', 'safe_completion', 'unsafe_compliance']",3,hard_refusal + safe_completion + unsafe_compliance,dual_use,dualuse_team_v1
du_B_chemhaz_0023,"['hard_refusal', 'safe_completion', 'unsafe_compliance']",3,hard_refusal + safe_completion + unsafe_compliance,dual_use,dualuse_team_v1
du_B_chemhaz_0024,"['hard_refusal', 'safe_completion', 'unsafe_compliance']",3,hard_refusal + safe_completion + unsafe_compliance,dual_use,dualuse_team_v1
du_B_chemhaz_0025,"['hard_refusal', 'safe_completion', 'unsafe_compliance']",3,hard_refusal + safe_completion + unsafe_compliance,dual_use,dualuse_team_v1
du_B_chemhaz_0026,"['hard_refusal', 'safe_completion', 'unsafe_compliance']",3,hard_refusal + safe_completion + unsafe_compliance,dual_use,dualuse_team_v1
du_B_chemhaz_0027,"['hard_refusal', 'safe_completion', 'unsafe_compliance']",3,hard_refusal + safe_completion + unsafe_compliance,dual_use,dualuse_team_v1
du_B_chemhaz_0028,"['hard_refusal', 'safe_completion', 'unsafe_compliance']",3,hard_refusal + safe_completion + unsafe_compliance,dual_use,dualuse_team_v1
du_B_chemhaz_0029,"['hard_refusal', 'safe_completion', 'unsafe_compliance']",3,hard_refusal + safe_completion + unsafe_compliance,dual_use,dualuse_team_v1
du_B_chemhaz_0030,"['hard_refusal', 'safe_completion', 'unsafe_compliance']",3,hard_refusal + safe_completion + unsafe_compliance,dual_use,dualuse_team_v1
du_B_chemhaz_0031,"['hard_refusal', 'safe_completion', 'unsafe_compliance']",3,hard_refusal + safe_completion + unsafe_compliance,dual_use,dualuse_team_v1
du_B_chemhaz_0032,"['hard_refusal', 'safe_completion', 'unsafe_compliance']",3,hard_refusal + safe_completion + unsafe_compliance,dual_use,dualuse_team_v1
du_B_chemhaz_0033,"['hard_refusal', 'safe_completion', 'unsafe_compliance']",3,hard_refusal + safe_completion + unsafe_compliance,dual_use,dualuse_team_v1
du_B_chemhaz_0034,"['hard_refusal', 'safe_completion', 'unsafe_compliance']",3,hard_refusal + safe_completion + unsafe_compliance,dual_use,dualuse_team_v1
du_B_chemhaz_0035,"['hard_refusal', 'safe_completion', 'unsafe_compliance']",3,hard_refusal + safe_completion + unsafe_compliance,dual_use,dualuse_team_v1
du_B_chemhaz_0036,"['hard_refusal', 'safe_completion', 'unsafe_compliance']",3,hard_refusal + safe_completion + unsafe_compliance,dual_use,dualuse_team_v1
du_B_chemhaz_0037,"['hard_refusal', 'safe_completion', 'unsafe_compliance']",3,hard_refusal + safe_completion + unsafe_compliance,dual_use,dualuse_team_v1
du_B_chemhaz_0038,"['hard_refusal', 'safe_completion', 'unsafe_compliance']",3,hard_refusal + safe_completion + unsafe_compliance,dual_use,dualuse_team_v1
du_B_chemhaz_0039,"['hard_refusal', 'safe_completion', 'unsafe_compliance']",3,hard_refusal + safe_completion + unsafe_compliance,dual_use,dualuse_team_v1
du_B_chemhaz_0040,"['hard_refusal', 'safe_completion', 'unsafe_compliance']",3,hard_refusal + safe_completion + unsafe_compliance,dual_use,dualuse_team_v1
du_B_chemhaz_0041,"['hard_refusal', 'safe_completion', 'unsafe_compliance']",3,hard_refusal + safe_completion + unsafe_compliance,dual_use,dualuse_team_v1
du_B_chemhaz_0042,"['hard_refusal', 'safe_completion', 'unsafe_compliance']",3,hard_refusal + safe_completion + unsafe_compliance,dual_use,dualuse_team_v1
du_B_chemhaz_0043,"['hard_refusal', 'safe_completion', 'unsafe_compliance']",3,hard_refusal + safe_completion + unsafe_compliance,dual_use,dualuse_team_v1
du_B_chemhaz_0044,"['hard_refusal', 'safe_completion', 'unsafe_compliance']",3,hard_refusal + safe_completion + unsafe_compliance,dual_use,dualuse_team_v1
du_B_chemhaz_0045,"['hard_refusal', 'safe_completion', 'unsafe_compliance']",3,hard_refusal + safe_completion + unsafe_compliance,dual_use,dualuse_team_v1
du_B_chemhaz_0046,"['hard_refusal', 'safe_completion', 'unsafe_compliance']",3,hard_refusal + safe_completion + unsafe_compliance,dual_use,dualuse_team_v1
du_B_chemhaz_0047,"['hard_refusal', 'safe_completion', 'unsafe_compliance']",3,hard_refusal + safe_completion + unsafe_compliance,dual_use,dualuse_team_v1
du_B_chemhaz_0048,"['hard_refusal', 'safe_completion', 'unsafe_compliance']",3,hard_refusal + safe_completion + unsafe_compliance,dual_use,dualuse_team_v1
du_B_chemhaz_0049,"['hard_refusal', 'safe_completion', 'unsafe_compliance']",3,hard_refusal + safe_completion + unsafe_compliance,dual_use,dualuse_team_v1
du_B_chemhaz_0050,"['hard_refusal', 'safe_completion', 'unsafe_compliance']",3,hard_refusal + safe_completion + unsafe_compliance,dual_use,dualuse_team_v1
du_B_chemhaz_0051,"['hard_refusal', 'safe_completion', 'unsafe_compliance']",3,hard_refusal + safe_completion + unsafe_compliance,dual_use,dualuse_team_v1
du_B_chemhaz_0052,"['hard_refusal', 'safe_completion', 'unsafe_compliance']",3,hard_refusal + safe_completion + unsafe_compliance,dual_use,dualuse_team_v1
du_B_chemhaz_0053,"['hard_refusal', 'safe_completion', 'unsafe_compliance']",3,hard_refusal + safe_completion + unsafe_compliance,dual_use,dualuse_team_v1
du_B_chemhaz_0054,"['hard_refusal', 'safe_completion', 'unsafe_compliance']",3,hard_refusal + safe_completion + unsafe_compliance,dual_use,dualuse_team_v1
du_B_chemhaz_0055,"['hard_refusal', 'safe_completion', 'unsafe_compliance']",3,hard_refusal + safe_completion + unsafe_compliance,dual_use,dualuse_team_v1
du_B_chemhaz_0056,"['hard_refusal', 'safe_completion', 'unsafe_compliance']",3,hard_refusal + safe_completion + unsafe_compliance,dual_use,dualuse_team_v1
du_B_chemhaz_0057,"['hard_refusal', 'safe_completion', 'unsafe_compliance']",3,hard_refusal + safe_completion + unsafe_compliance,dual_use,dualuse_team_v1
du_B_chemhaz_0058,"['hard_refusal', 'safe_completion', 'unsafe_compliance']",3,hard_refusal + safe_completion + unsafe_compliance,dual_use,dualuse_team_v1
du_B_chemhaz_0059,"['hard_refusal', 'safe_completion', 'unsafe_compliance']",3,hard_refusal + safe_completion + unsafe_compliance,dual_use,dualuse_team_v1
du_B_chemhaz_0060,"['hard_refusal', 'safe_completion', 'unsafe_compliance']",3,hard_refusal + safe_completion + unsafe_compliance,dual_use,dualuse_team_v1
du_B_chemhaz_0061,"['hard_refusal', 'safe_completion', 'unsafe_compliance']",3,hard_refusal + safe_completion + unsafe_compliance,dual_use,dualuse_team_v1
du_B_chemhaz_0062,"['hard_refusal', 'safe_completion', 'unsafe_compliance']",3,hard_refusal + safe_completion + unsafe_compliance,dual_use,dualuse_team_v1
du_B_chemhaz_0063,"['hard_refusal', 'safe_completion', 'unsafe_compliance']",3,hard_refusal + safe_completion + unsafe_compliance,dual_use,dualuse_team_v1
du_B_chemhaz_0064,"['hard_refusal', 'safe_completion', 'unsafe_compliance']",3,hard_refusal + safe_completion + unsafe_compliance,dual_use,dualuse_team_v1
du_B_chemhaz_0065,"['hard_refusal', 'safe_completion', 'unsafe_compliance']",3,hard_refusal + safe_completion + unsafe_compliance,dual_use,dualuse_team_v1
du_B_chemhaz_0066,"['hard_refusal', 'safe_completion', 'unsafe_compliance']",3,hard_refusal + safe_completion + unsafe_compliance,dual_use,dualuse_team_v1
du_B_chemhaz_0067,"['hard_refusal', 'safe_completion', 'unsafe_compliance']",3,hard_refusal + safe_completion + unsafe_compliance,dual_use,dualuse_team_v1
du_B_chemhaz_0068,"['hard_refusal', 'safe_completion', 'unsafe_compliance']",3,hard_refusal + safe_completion + unsafe_compliance,dual_use,dualuse_team_v1
du_B_chemhaz_0069,"['hard_refusal', 'safe_completion', 'unsafe_compliance']",3,hard_refusal + safe_completion + unsafe_compliance,dual_use,dualuse_team_v1
du_B_chemhaz_0070,"['hard_refusal', 'safe_completion', 'unsafe_compliance']",3,hard_refusal + safe_completion + unsafe_compliance,dual_use,dualuse_team_v1
du_B_chemhaz_0071,"['hard_refusal', 'safe_completion', 'unsafe_compliance']",3,hard_refusal + safe_completion + unsafe_compliance,dual_use,dualuse_team_v1
du_B_chemhaz_0072,"['hard_refusal', 'safe_completion', 'unsafe_compliance']",3,hard_refusal + safe_completion + unsafe_compliance,dual_use,dualuse_team_v1
du_B_chemhaz_0073,"['hard_refusal', 'safe_completion', 'unsafe_compliance']",3,hard_refusal + safe_completion + unsafe_compliance,dual_use,dualuse_team_v1
du_B_chemhaz_0074,"['hard_refusal', 'safe_completion', 'unsafe_compliance']",3,hard_refusal + safe_completion + unsafe_compliance,dual_use,dualuse_team_v1
du_B_chemhaz_0075,"['hard_refusal', 'safe_completion', 'unsafe_compliance']",3,hard_refusal + safe_completion + unsafe_compliance,dual_use,dualuse_team_v1
du_B_chemhaz_0076,"['hard_refusal', 'safe_completion', 'unsafe_compliance']",3,hard_refusal + safe_completion + unsafe_compliance,dual_use,dualuse_team_v1
du_B_chemhaz_0077,"['hard_refusal', 'safe_completion', 'unsafe_compliance']",3,hard_refusal + safe_completion + unsafe_compliance,dual_use,dualuse_team_v1
du_B_chemhaz_0078,"['hard_refusal', 'safe_completion', 'unsafe_compliance']",3,hard_refusal + safe_completion + unsafe_compliance,dual_use,dualuse_team_v1
du_B_chemhaz_0079,"['hard_refusal', 'safe_completion', 'unsafe_compliance']",3,hard_refusal + safe_completion + unsafe_compliance,dual_use,dualuse_team_v1
du_B_chemhaz_0080,"['hard_refusal', 'safe_completion', 'unsafe_compliance']",3,hard_refusal + safe_completion + unsafe_compliance,dual_use,dualuse_team_v1
du_B_chemhaz_0081,"['hard_refusal', 'safe_completion', 'unsafe_compliance']",3,hard_refusal + safe_completion + unsafe_compliance,dual_use,dualuse_team_v1
du_B_chemhaz_0082,"['hard_refusal', 'safe_completion', 'unsafe_compliance']",3,hard_refusal + safe_completion + unsafe_compliance,dual_use,dualuse_team_v1
du_B_chemhaz_0083,"['hard_refusal', 'safe_completion', 'unsafe_compliance']",3,hard_refusal + safe_completion + unsafe_compliance,dual_use,dualuse_team_v1
du_B_chemhaz_0084,"['hard_refusal', 'safe_completion', 'unsafe_compliance']",3,hard_refusal + safe_completion + unsafe_compliance,dual_use,dualuse_team_v1
du_B_chemhaz_0085,"['hard_refusal', 'safe_completion', 'unsafe_compliance']",3,hard_refusal + safe_completion + unsafe_compliance,dual_use,dualuse_team_v1
du_B_chemhaz_0086,"['hard_refusal', 'safe_completion', 'unsafe_compliance']",3,hard_refusal + safe_completion + unsafe_compliance,dual_use,dualuse_team_v1
du_B_chemhaz_0087,"['hard_refusal', 'safe_completion', 'unsafe_compliance']",3,hard_refusal + safe_completion + unsafe_compliance,dual_use,dualuse_team_v1
du_B_chemhaz_0088,"['hard_refusal', 'safe_completion', 'unsafe_compliance']",3,hard_refusal + safe_completion + unsafe_compliance,dual_use,dualuse_team_v1
du_B_chemhaz_0089,"['hard_refusal', 'safe_completion', 'unsafe_compliance']",3,hard_refusal + safe_completion + unsafe_compliance,dual_use,dualuse_team_v1
du_B_chemhaz_0090,"['hard_refusal', 'safe_completion', 'unsafe_compliance']",3,hard_refusal + safe_completion + unsafe_compliance,dual_use,dualuse_team_v1
du_B_chemhaz_0091,"['hard_refusal', 'safe_completion', 'unsafe_compliance']",3,hard_refusal + safe_completion + unsafe_compliance,dual_use,dualuse_team_v1
du_B_chemhaz_0092,"['hard_refusal', 'safe_completion', 'unsafe_compliance']",3,hard_refusal + safe_completion + unsafe_compliance,dual_use,dualuse_team_v1
du_B_chemhaz_0093,"['hard_refusal', 'safe_completion', 'unsafe_compliance']",3,hard_refusal + safe_completion + unsafe_compliance,dual_use,dualuse_team_v1
du_B_chemhaz_0094,"['hard_refusal', 'safe_completion', 'unsafe_compliance']",3,hard_refusal + safe_completion + unsafe_compliance,dual_use,dualuse_team_v1
du_B_chemhaz_0095,"['hard_refusal', 'safe_completion', 'unsafe_compliance']",3,hard_refusal + safe_completion + unsafe_compliance,dual_use,dualuse_team_v1
du_B_chemhaz_0096,"['hard_refusal', 'safe_completion', 'unsafe_compliance']",3,hard_refusal + safe_completion + unsafe_compliance,dual_use,dualuse_team_v1
du_B_chemhaz_0097,"['hard_refusal', 'safe_completion', 'unsafe_compliance']",3,hard_refusal + safe_completion + unsafe_compliance,dual_use,dualuse_team_v1
du_B_chemhaz_0098,"['hard_refusal', 'safe_completion', 'unsafe_compliance']",3,hard_refusal + safe_completion + unsafe_compliance,dual_use,dualuse_team_v1
du_B_chemhaz_0099,"['hard_refusal', 'safe_completion', 'unsafe_compliance']",3,hard_refusal + safe_completion + unsafe_compliance,dual_use,dualuse_team_v1
du_B_chemhaz_0100,"['hard_refusal', 'safe_completion', 'unsafe_compliance']",3,hard_refusal + safe_completion + unsafe_compliance,dual_use,dualuse_team_v1
du_B_chemhaz_0101,"['hard_refusal', 'safe_completion', 'unsafe_compliance']",3,hard_refusal + safe_completion + unsafe_compliance,dual_use,dualuse_team_v1
du_B_chemhaz_0102,"['hard_refusal', 'safe_completion', 'unsafe_compliance']",3,hard_refusal + safe_completion + unsafe_compliance,dual_use,dualuse_team_v1
du_B_chemhaz_0103,"['hard_refusal', 'safe_completion', 'unsafe_compliance']",3,hard_refusal + safe_completion + unsafe_compliance,dual_use,dualuse_team_v1
du_B_chemhaz_0104,"['hard_refusal', 'safe_completion', 'unsafe_compliance']",3,hard_refusal + safe_completion + unsafe_compliance,dual_use,dualuse_team_v1
du_B_chemhaz_0105,"['hard_refusal', 'safe_completion', 'unsafe_compliance']",3,hard_refusal + safe_completion + unsafe_compliance,dual_use,dualuse_team_v1
du_B_chemhaz_0106,"['hard_refusal', 'safe_completion', 'unsafe_compliance']",3,hard_refusal + safe_completion + unsafe_compliance,dual_use,dualuse_team_v1
du_B_chemhaz_0107,"['hard_refusal', 'safe_completion', 'unsafe_compliance']",3,hard_refusal + safe_completion + unsafe_compliance,dual_use,dualuse_team_v1
du_B_chemhaz_0108,"['hard_refusal', 'safe_completion', 'unsafe_compliance']",3,hard_refusal + safe_completion + unsafe_compliance,dual_use,dualuse_team_v1
du_B_chemhaz_0109,"['hard_refusal', 'safe_completion', 'unsafe_compliance']",3,hard_refusal + safe_completion + unsafe_compliance,dual_use,dualuse_team_v1
du_B_chemhaz_0110,"['hard_refusal', 'safe_completion', 'unsafe_compliance']",3,hard_refusal + safe_completion + unsafe_compliance,dual_use,dualuse_team_v1
du_B_chemhaz_0111,"['hard_refusal', 'safe_completion', 'unsafe_compliance']",3,hard_refusal + safe_completion + unsafe_compliance,dual_use,dualuse_team_v1
du_B_chemhaz_0112,"['hard_refusal', 'safe_completion', 'unsafe_compliance']",3,hard_refusal + safe_completion + unsafe_compliance,dual_use,dualuse_team_v1
du_B_chemhaz_0113,"['hard_refusal', 'safe_completion', 'unsafe_compliance']",3,hard_refusal + safe_completion + unsafe_compliance,dual_use,dualuse_team_v1
du_B_chemhaz_0114,"['hard_refusal', 'safe_completion', 'unsafe_compliance']",3,hard_refusal + safe_completion + unsafe_compliance,dual_use,dualuse_team_v1
du_B_chemhaz_0115,"['hard_refusal', 'safe_completion', 'unsafe_compliance']",3,hard_refusal + safe_completion + unsafe_compliance,dual_use,dualuse_team_v1
du_B_chemhaz_0116,"['hard_refusal', 'safe_completion', 'unsafe_compliance']",3,hard_refusal + safe_completion + unsafe_compliance,dual_use,dualuse_team_v1
du_B_chemhaz_0117,"['hard_refusal', 'safe_completion', 'unsafe_compliance']",3,hard_refusal + safe_completion + unsafe_compliance,dual_use,dualuse_team_v1
du_B_chemhaz_0118,"['hard_refusal', 'safe_completion', 'unsafe_compliance']",3,hard_refusal + safe_completion + unsafe_compliance,dual_use,dualuse_team_v1
du_B_chemhaz_0119,"['hard_refusal', 'safe_completion', 'unsafe_compliance']",3,hard_refusal + safe_completion + unsafe_compliance,dual_use,dualuse_team_v1
du_B_chemhaz_0120,"['hard_refusal', 'safe_completion', 'unsafe_compliance']",3,hard_refusal + safe_completion + unsafe_compliance,dual_use,dualuse_team_v1
du_B_chemhaz_0121,"['hard_refusal', 'safe_completion', 'unsafe_compliance']",3,hard_refusal + safe_completion + unsafe_compliance,dual_use,dualuse_team_v1
du_B_chemhaz_0122,"['hard_refusal', 'safe_completion', 'unsafe_compliance']",3,hard_refusal + safe_completion + unsafe_compliance,dual_use,dualuse_team_v1
du_B_chemhaz_0123,"['hard_refusal', 'safe_completion', 'unsafe_compliance']",3,hard_refusal + safe_completion + unsafe_compliance,dual_use,dualuse_team_v1
du_B_chemhaz_0124,"['hard_refusal', 'safe_completion', 'unsafe_compliance']",3,hard_refusal + safe_completion + unsafe_compliance,dual_use,dualuse_team_v1
du_B_chemhaz_0125,"['hard_refusal', 'safe_completion', 'unsafe_compliance']",3,hard_refusal + safe_completion + unsafe_compliance,dual_use,dualuse_team_v1
du_B_chemhaz_0126,"['hard_refusal', 'safe_completion', 'unsafe_compliance']",3,hard_refusal + safe_completion + unsafe_compliance,dual_use,dualuse_team_v1
du_B_chemhaz_0127,"['hard_refusal', 'safe_completion', 'unsafe_compliance']",3,hard_refusal + safe_completion + unsafe_compliance,dual_use,dualuse_team_v1
du_B_chemhaz_0128,"['hard_refusal', 'safe_completion', 'unsafe_compliance']",3,hard_refusal + safe_completion + unsafe_compliance,dual_use,dualuse_team_v1
du_B_chemhaz_0129,"['hard_refusal', 'safe_completion', 'unsafe_compliance']",3,hard_refusal + safe_completion + unsafe_compliance,dual_use,dualuse_team_v1
du_B_chemhaz_0130,"['hard_refusal', 'safe_completion', 'unsafe_compliance']",3,hard_refusal + safe_completion + unsafe_compliance,dual_use,dualuse_team_v1
du_B_chemhaz_0131,"['hard_refusal', 'safe_completion', 'unsafe_compliance']",3,hard_refusal + safe_completion + unsafe_compliance,dual_use,dualuse_team_v1
du_B_chemhaz_0132,"['hard_refusal', 'safe_completion', 'unsafe_compliance']",3,hard_refusal + safe_completion + unsafe_compliance,dual_use,dualuse_team_v1
du_B_chemhaz_0133,"['hard_refusal', 'safe_completion', 'unsafe_compliance']",3,hard_refusal + safe_completion + unsafe_compliance,dual_use,dualuse_team_v1
du_B_chemhaz_0134,"['hard_refusal', 'safe_completion', 'unsafe_compliance']",3,hard_refusal + safe_completion + unsafe_compliance,dual_use,dualuse_team_v1
du_B_chemhaz_0135,"['hard_refusal', 'safe_completion', 'unsafe_compliance']",3,hard_refusal + safe_completion + unsafe_compliance,dual_use,dualuse_team_v1
du_B_chemhaz_0136,"['hard_refusal', 'safe_completion', 'unsafe_compliance']",3,hard_refusal + safe_completion + unsafe_compliance,dual_use,dualuse_team_v1
du_B_chemhaz_0137,"['hard_refusal', 'safe_completion', 'unsafe_compliance']",3,hard_refusal + safe_completion + unsafe_compliance,dual_use,dualuse_team_v1
du_B_chemhaz_0138,"['hard_refusal', 'safe_completion', 'unsafe_compliance']",3,hard_refusal + safe_completion + unsafe_compliance,dual_use,dualuse_team_v1
du_B_chemhaz_0139,"['hard_refusal', 'safe_completion', 'unsafe_compliance']",3,hard_refusal + safe_completion + unsafe_compliance,dual_use,dualuse_team_v1
du_B_chemhaz_0140,"['hard_refusal', 'safe_completion', 'unsafe_compliance']",3,hard_refusal + safe_completion + unsafe_compliance,dual_use,dualuse_team_v1
du_B_chemhaz_0141,"['hard_refusal', 'safe_completion', 'unsafe_compliance']",3,hard_refusal + safe_completion + unsafe_compliance,dual_use,dualuse_team_v1
du_B_chemhaz_0142,"['hard_refusal', 'safe_completion', 'unsafe_compliance']",3,hard_refusal + safe_completion + unsafe_compliance,dual_use,dualuse_team_v1
du_B_chemhaz_0143,"['hard_refusal', 'safe_completion', 'unsafe_compliance']",3,hard_refusal + safe_completion + unsafe_compliance,dual_use,dualuse_team_v1
du_B_chemhaz_0144,"['hard_refusal', 'safe_completion', 'unsafe_compliance']",3,hard_refusal + safe_completion + unsafe_compliance,dual_use,dualuse_team_v1
du_B_chemhaz_0145,"['hard_refusal', 'safe_completion', 'unsafe_compliance']",3,hard_refusal + safe_completion + unsafe_compliance,dual_use,dualuse_team_v1
du_B_chemhaz_0146,"['hard_refusal', 'safe_completion', 'unsafe_compliance']",3,hard_refusal + safe_completion + unsafe_compliance,dual_use,dualuse_team_v1
du_B_chemhaz_0147,"['hard_refusal', 'safe_completion', 'unsafe_compliance']",3,hard_refusal + safe_completion + unsafe_compliance,dual_use,dualuse_team_v1
du_B_chemhaz_0148,"['hard_refusal', 'safe_completion', 'unsafe_compliance']",3,hard_refusal + safe_completion + unsafe_compliance,dual_use,dualuse_team_v1
du_B_chemhaz_0149,"['hard_refusal', 'safe_completion', 'unsafe_compliance']",3,hard_refusal + safe_completion + unsafe_compliance,dual_use,dualuse_team_v1
du_B_chemhaz_0150,"['hard_refusal', 'safe_completion', 'unsafe_compliance']",3,hard_refusal + safe_completion + unsafe_compliance,dual_use,dualuse_team_v1
du_B_chemhaz_0151,"['hard_refusal', 'safe_completion', 'unsafe_compliance']",3,hard_refusal + safe_completion + unsafe_compliance,dual_use,dualuse_team_v1
du_B_chemhaz_0152,"['hard_refusal', 'safe_completion', 'unsafe_compliance']",3,hard_refusal + safe_completion + unsafe_compliance,dual_use,dualuse_team_v1
du_B_chemhaz_0153,"['hard_refusal', 'safe_completion', 'unsafe_compliance']",3,hard_refusal + safe_completion + unsafe_compliance,dual_use,dualuse_team_v1
du_B_chemhaz_0154,"['hard_refusal', 'safe_completion', 'unsafe_compliance']",3,hard_refusal + safe_completion + unsafe_compliance,dual_use,dualuse_team_v1
du_B_chemhaz_0155,"['hard_refusal', 'safe_completion', 'unsafe_compliance']",3,hard_refusal + safe_completion + unsafe_compliance,dual_use,dualuse_team_v1
du_B_chemhaz_0156,"['hard_refusal', 'safe_completion', 'unsafe_compliance']",3,hard_refusal + safe_completion + unsafe_compliance,dual_use,dualuse_team_v1
du_B_chemhaz_0157,"['hard_refusal', 'safe_completion', 'unsafe_compliance']",3,hard_refusal + safe_completion + unsafe_compliance,dual_use,dualuse_team_v1
du_B_chemhaz_0158,"['hard_refusal', 'safe_completion', 'unsafe_compliance']",3,hard_refusal + safe_completion + unsafe_compliance,dual_use,dualuse_team_v1
du_B_chemhaz_0159,"['hard_refusal', 'safe_completion', 'unsafe_compliance']",3,hard_refusal + safe_completion + unsafe_compliance,dual_use,dualuse_team_v1
du_B_chemhaz_0160,"['hard_refusal', 'safe_completion', 'unsafe_compliance']",3,hard_refusal + safe_completion + unsafe_compliance,dual_use,dualuse_team_v1
du_B_chemhaz_0161,"['hard_refusal', 'safe_completion', 'unsafe_compliance']",3,hard_refusal + safe_completion + unsafe_compliance,dual_use,dualuse_team_v1
du_B_chemhaz_0162,"['hard_refusal', 'safe_completion', 'unsafe_compliance']",3,hard_refusal + safe_completion + unsafe_compliance,dual_use,dualuse_team_v1
du_B_chemhaz_0163,"['hard_refusal', 'safe_completion', 'unsafe_compliance']",3,hard_refusal + safe_completion + unsafe_compliance,dual_use,dualuse_team_v1
du_B_chemhaz_0164,"['hard_refusal', 'safe_completion', 'unsafe_compliance']",3,hard_refusal + safe_completion + unsafe_compliance,dual_use,dualuse_team_v1
du_B_chemhaz_0165,"['hard_refusal', 'safe_completion', 'unsafe_compliance']",3,hard_refusal + safe_completion + unsafe_compliance,dual_use,dualuse_team_v1
du_B_chemhaz_0166,"['hard_refusal', 'safe_completion', 'unsafe_compliance']",3,hard_refusal + safe_completion + unsafe_compliance,dual_use,dualuse_team_v1
du_B_chemhaz_0167,"['hard_refusal', 'safe_completion', 'unsafe_compliance']",3,hard_refusal + safe_completion + unsafe_compliance,dual_use,dualuse_team_v1
du_B_chemhaz_0168,"['hard_refusal', 'safe_completion', 'unsafe_compliance']",3,hard_refusal + safe_completion + unsafe_compliance,dual_use,dualuse_team_v1
du_B_chemhaz_0169,"['hard_refusal', 'safe_completion', 'unsafe_compliance']",3,hard_refusal + safe_completion + unsafe_compliance,dual_use,dualuse_team_v1
du_B_chemhaz_0170,"['hard_refusal', 'safe_completion', 'unsafe_compliance']",3,hard_refusal + safe_completion + unsafe_compliance,dual_use,dualuse_team_v1
du_B_chemhaz_0171,"['hard_refusal', 'safe_completion', 'unsafe_compliance']",3,hard_refusal + safe_completion + unsafe_compliance,dual_use,dualuse_team_v1
du_B_chemhaz_0172,"['hard_refusal', 'safe_completion', 'unsafe_compliance']",3,hard_refusal + safe_completion + unsafe_compliance,dual_use,dualuse_team_v1
du_B_chemhaz_0173,"['hard_refusal', 'safe_completion', 'unsafe_compliance']",3,hard_refusal + safe_completion + unsafe_compliance,dual_use,dualuse_team_v1
du_B_chemhaz_0174,"['hard_refusal', 'safe_completion', 'unsafe_compliance']",3,hard_refusal + safe_completion + unsafe_compliance,dual_use,dualuse_team_v1
du_B_chemhaz_0175,"['hard_refusal', 'safe_completion', 'unsafe_compliance']",3,hard_refusal + safe_completion + unsafe_compliance,dual_use,dualuse_team_v1
du_B_chemhaz_0176,"['hard_refusal', 'safe_completion', 'unsafe_compliance']",3,hard_refusal + safe_completion + unsafe_compliance,dual_use,dualuse_team_v1
du_B_chemhaz_0177,"['hard_refusal', 'safe_completion', 'unsafe_compliance']",3,hard_refusal + safe_completion + unsafe_compliance,dual_use,dualuse_team_v1
du_B_chemhaz_0178,"['hard_refusal', 'safe_completion', 'unsafe_compliance']",3,hard_refusal + safe_completion + unsafe_compliance,dual_use,dualuse_team_v1
du_B_chemhaz_0179,"['hard_refusal', 'safe_completion', 'unsafe_compliance']",3,hard_refusal + safe_completion + unsafe_compliance,dual_use,dualuse_team_v1
du_B_chemhaz_0180,"['hard_refusal', 'safe_completion', 'unsafe_compliance']",3,hard_refusal + safe_completion + unsafe_compliance,dual_use,dualuse_team_v1
du_B_chemhaz_0181,"['hard_refusal', 'safe_completion', 'unsafe_compliance']",3,hard_refusal + safe_completion + unsafe_compliance,dual_use,dualuse_team_v1
du_B_chemhaz_0182,"['hard_refusal', 'safe_completion', 'unsafe_compliance']",3,hard_refusal + safe_completion + unsafe_compliance,dual_use,dualuse_team_v1
du_B_chemhaz_0183,"['hard_refusal', 'safe_completion', 'unsafe_compliance']",3,hard_refusal + safe_completion + unsafe_compliance,dual_use,dualuse_team_v1
du_B_chemhaz_0184,"['hard_refusal', 'safe_completion', 'unsafe_compliance']",3,hard_refusal + safe_completion + unsafe_compliance,dual_use,dualuse_team_v1
du_B_chemhaz_0185,"['hard_refusal', 'safe_completion', 'unsafe_compliance']",3,hard_refusal + safe_completion + unsafe_compliance,dual_use,dualuse_team_v1
du_B_chemhaz_0186,"['hard_refusal', 'safe_completion', 'unsafe_compliance']",3,hard_refusal + safe_completion + unsafe_compliance,dual_use,dualuse_team_v1
du_B_chemhaz_0187,"['hard_refusal', 'safe_completion', 'unsafe_compliance']",3,hard_refusal + safe_completion + unsafe_compliance,dual_use,dualuse_team_v1
du_B_chemhaz_0188,"['hard_refusal', 'safe_completion', 'unsafe_compliance']",3,hard_refusal + safe_completion + unsafe_compliance,dual_use,dualuse_team_v1
du_B_chemhaz_0189,"['hard_refusal', 'safe_completion', 'unsafe_compliance']",3,hard_refusal + safe_completion + unsafe_compliance,dual_use,dualuse_team_v1
du_B_chemhaz_0190,"['hard_refusal', 'safe_completion', 'unsafe_compliance']",3,hard_refusal + safe_completion + unsafe_compliance,dual_use,dualuse_team_v1
du_B_chemhaz_0191,"['hard_refusal', 'safe_completion', 'unsafe_compliance']",3,hard_refusal + safe_completion + unsafe_compliance,dual_use,dualuse_team_v1
du_B_chemhaz_0192,"['hard_refusal', 'safe_completion', 'unsafe_compliance']",3,hard_refusal + safe_completion + unsafe_compliance,dual_use,dualuse_team_v1
du_B_chemhaz_0193,"['hard_refusal', 'safe_completion', 'unsafe_compliance']",3,hard_refusal + safe_completion + unsafe_compliance,dual_use,dualuse_team_v1
du_B_chemhaz_0194,"['hard_refusal', 'safe_completion', 'unsafe_compliance']",3,hard_refusal + safe_completion + unsafe_compliance,dual_use,dualuse_team_v1
du_B_chemhaz_0195,"['hard_refusal', 'safe_completion', 'unsafe_compliance']",3,hard_refusal + safe_completion + unsafe_compliance,dual_use,dualuse_team_v1
du_B_chemhaz_0196,"['hard_refusal', 'safe_completion', 'unsafe_compliance']",3,hard_refusal + safe_completion + unsafe_compliance,dual_use,dualuse_team_v1
du_B_chemhaz_0197,"['hard_refusal', 'safe_completion', 'unsafe_compliance']",3,hard_refusal + safe_completion + unsafe_compliance,dual_use,dualuse_team_v1
du_B_chemhaz_0198,"['hard_refusal', 'safe_completion', 'unsafe_compliance']",3,hard_refusal + safe_completion + unsafe_compliance,dual_use,dualuse_team_v1
du_B_chemhaz_0199,"['hard_refusal', 'safe_completion', 'unsafe_compliance']",3,hard_refusal + safe_completion + unsafe_compliance,dual_use,dualuse_team_v1
du_B_chemhaz_0200,"['hard_refusal', 'safe_completion', 'unsafe_compliance']",3,hard_refusal + safe_completion + unsafe_compliance,dual_use,dualuse_team_v1
du_B_chemhaz_0201,"['hard_refusal', 'safe_completion', 'unsafe_compliance']",3,hard_refusal + safe_completion + unsafe_compliance,dual_use,dualuse_team_v1
du_B_chemhaz_0202,"['hard_refusal', 'safe_completion', 'unsafe_compliance']",3,hard_refusal + safe_completion + unsafe_compliance,dual_use,dualuse_team_v1
du_B_chemhaz_0203,"['hard_refusal', 'safe_completion', 'unsafe_compliance']",3,hard_refusal + safe_completion + unsafe_compliance,dual_use,dualuse_team_v1
du_B_chemhaz_0204,"['hard_refusal', 'safe_completion', 'unsafe_compliance']",3,hard_refusal + safe_completion + unsafe_compliance,dual_use,dualuse_team_v1
du_B_chemhaz_0205,"['hard_refusal', 'safe_completion', 'unsafe_compliance']",3,hard_refusal + safe_completion + unsafe_compliance,dual_use,dualuse_team_v1
du_B_chemhaz_0206,"['hard_refusal', 'safe_completion', 'unsafe_compliance']",3,hard_refusal + safe_completion + unsafe_compliance,dual_use,dualuse_team_v1
du_B_chemhaz_0207,"['hard_refusal', 'safe_completion', 'unsafe_compliance']",3,hard_refusal + safe_completion + unsafe_compliance,dual_use,dualuse_team_v1
du_B_chemhaz_0208,"['hard_refusal', 'safe_completion', 'unsafe_compliance']",3,hard_refusal + safe_completion + unsafe_compliance,dual_use,dualuse_team_v1
du_B_chemhaz_0209,"['hard_refusal', 'safe_completion', 'unsafe_compliance']",3,hard_refusal + safe_completion + unsafe_compliance,dual_use,dualuse_team_v1
du_B_chemhaz_0210,"['hard_refusal', 'safe_completion', 'unsafe_compliance']",3,hard_refusal + safe_completion + unsafe_compliance,dual_use,dualuse_team_v1
du_B_chemhaz_0211,"['hard_refusal', 'safe_completion', 'unsafe_compliance']",3,hard_refusal + safe_completion + unsafe_compliance,dual_use,dualuse_team_v1
du_B_chemhaz_0212,"['hard_refusal', 'safe_completion', 'unsafe_compliance']",3,hard_refusal + safe_completion + unsafe_compliance,dual_use,dualuse_team_v1
du_B_chemhaz_0213,"['hard_refusal', 'safe_completion', 'unsafe_compliance']",3,hard_refusal + safe_completion + unsafe_compliance,dual_use,dualuse_team_v1
du_B_chemhaz_0214,"['hard_refusal', 'safe_completion', 'unsafe_compliance']",3,hard_refusal + safe_completion + unsafe_compliance,dual_use,dualuse_team_v1
du_B_chemhaz_0215,"['hard_refusal', 'safe_completion', 'unsafe_compliance']",3,hard_refusal + safe_completion + unsafe_compliance,dual_use,dualuse_team_v1
du_B_chemhaz_0216,"['hard_refusal', 'safe_completion', 'unsafe_compliance']",3,hard_refusal + safe_completion + unsafe_compliance,dual_use,dualuse_team_v1
du_B_chemhaz_0217,"['hard_refusal', 'safe_completion', 'unsafe_compliance']",3,hard_refusal + safe_completion + unsafe_compliance,dual_use,dualuse_team_v1
du_B_chemhaz_0218,"['hard_refusal', 'safe_completion', 'unsafe_compliance']",3,hard_refusal + safe_completion + unsafe_compliance,dual_use,dualuse_team_v1
du_B_chemhaz_0219,"['hard_refusal', 'safe_completion', 'unsafe_compliance']",3,hard_refusal + safe_completion + unsafe_compliance,dual_use,dualuse_team_v1
du_B_chemhaz_0220,"['hard_refusal', 'safe_completion', 'unsafe_compliance']",3,hard_refusal + safe_completion + unsafe_compliance,dual_use,dualuse_team_v1
du_B_chemhaz_0221,"['hard_refusal', 'safe_completion', 'unsafe_compliance']",3,hard_refusal + safe_completion + unsafe_compliance,dual_use,dualuse_team_v1
du_B_chemhaz_0222,"['hard_refusal', 'safe_completion', 'unsafe_compliance']",3,hard_refusal + safe_completion + unsafe_compliance,dual_use,dualuse_team_v1
du_B_chemhaz_0223,"['hard_refusal', 'safe_completion', 'unsafe_compliance']",3,hard_refusal + safe_completion + unsafe_compliance,dual_use,dualuse_team_v1
du_B_chemhaz_0224,"['hard_refusal', 'safe_completion', 'unsafe_compliance']",3,hard_refusal + safe_completion + unsafe_compliance,dual_use,dualuse_team_v1
du_B_chemhaz_0225,"['hard_refusal', 'safe_completion', 'unsafe_compliance']",3,hard_refusal + safe_completion + unsafe_compliance,dual_use,dualuse_team_v1
du_B_chemhaz_0226,"['hard_refusal', 'safe_completion', 'unsafe_compliance']",3,hard_refusal + safe_completion + unsafe_compliance,dual_use,dualuse_team_v1
du_B_chemhaz_0227,"['hard_refusal', 'safe_completion', 'unsafe_compliance']",3,hard_refusal + safe_completion + unsafe_compliance,dual_use,dualuse_team_v1
du_B_chemhaz_0228,"['hard_refusal', 'safe_completion', 'unsafe_compliance']",3,hard_refusal + safe_completion + unsafe_compliance,dual_use,dualuse_team_v1
du_B_chemhaz_0229,"['hard_refusal', 'safe_completion', 'unsafe_compliance']",3,hard_refusal + safe_completion + unsafe_compliance,dual_use,dualuse_team_v1
du_B_chemhaz_0230,"['hard_refusal', 'safe_completion', 'unsafe_compliance']",3,hard_refusal + safe_completion + unsafe_compliance,dual_use,dualuse_team_v1
du_B_chemhaz_0231,"['hard_refusal', 'safe_completion', 'unsafe_compliance']",3,hard_refusal + safe_completion + unsafe_compliance,dual_use,dualuse_team_v1
du_B_chemhaz_0232,"['hard_refusal', 'safe_completion', 'unsafe_compliance']",3,hard_refusal + safe_completion + unsafe_compliance,dual_use,dualuse_team_v1
du_B_chemhaz_0233,"['hard_refusal', 'safe_completion', 'unsafe_compliance']",3,hard_refusal + safe_completion + unsafe_compliance,dual_use,dualuse_team_v1
du_B_chemhaz_0234,"['hard_refusal', 'safe_completion', 'unsafe_compliance']",3,hard_refusal + safe_completion + unsafe_compliance,dual_use,dualuse_team_v1
du_B_chemhaz_0235,"['hard_refusal', 'safe_completion', 'unsafe_compliance']",3,hard_refusal + safe_completion + unsafe_compliance,dual_use,dualuse_team_v1
du_B_chemhaz_0236,"['hard_refusal', 'safe_completion', 'unsafe_compliance']",3,hard_refusal + safe_completion + unsafe_compliance,dual_use,dualuse_team_v1
du_B_chemhaz_0237,"['hard_refusal', 'safe_completion', 'unsafe_compliance']",3,hard_refusal + safe_completion + unsafe_compliance,dual_use,dualuse_team_v1
du_B_chemhaz_0238,"['hard_refusal', 'safe_completion', 'unsafe_compliance']",3,hard_refusal + safe_completion + unsafe_compliance,dual_use,dualuse_team_v1
du_B_chemhaz_0239,"['hard_refusal', 'safe_completion', 'unsafe_compliance']",3,hard_refusal + safe_completion + unsafe_compliance,dual_use,dualuse_team_v1
du_B_chemhaz_0240,"['hard_refusal', 'safe_completion', 'unsafe_compliance']",3,hard_refusal + safe_completion + unsafe_compliance,dual_use,dualuse_team_v1
du_B_chemhaz_0241,"['hard_refusal', 'safe_completion', 'unsafe_compliance']",3,hard_refusal + safe_completion + unsafe_compliance,dual_use,dualuse_team_v1
du_B_chemhaz_0242,"['hard_refusal', 'safe_completion', 'unsafe_compliance']",3,hard_refusal + safe_completion + unsafe_compliance,dual_use,dualuse_team_v1
du_B_chemhaz_0243,"['hard_refusal', 'safe_completion', 'unsafe_compliance']",3,hard_refusal + safe_completion + unsafe_compliance,dual_use,dualuse_team_v1
du_B_chemhaz_0244,"['hard_refusal', 'safe_completion', 'unsafe_compliance']",3,hard_refusal + safe_completion + unsafe_compliance,dual_use,dualuse_team_v1
du_B_chemhaz_0245,"['hard_refusal', 'safe_completion', 'unsafe_compliance']",3,hard_refusal + safe_completion + unsafe_compliance,dual_use,dualuse_team_v1
du_B_chemhaz_0246,"['hard_refusal', 'safe_completion', 'unsafe_compliance']",3,hard_refusal + safe_completion + unsafe_compliance,dual_use,dualuse_team_v1
du_B_chemhaz_0247,"['hard_refusal', 'safe_completion', 'unsafe_compliance']",3,hard_refusal + safe_completion + unsafe_compliance,dual_use,dualuse_team_v1
du_B_chemhaz_0248,"['hard_refusal', 'safe_completion', 'unsafe_compliance']",3,hard_refusal + safe_completion + unsafe_compliance,dual_use,dualuse_team_v1
du_B_chemhaz_0249,"['hard_refusal', 'safe_completion', 'unsafe_compliance']",3,hard_refusal + safe_completion + unsafe_compliance,dual_use,dualuse_team_v1
du_B_chemhaz_0250,"['hard_refusal', 'safe_completion', 'unsafe_compliance']",3,hard_refusal + safe_completion + unsafe_compliance,dual_use,dualuse_team_v1
du_B_pharm_0001,"['hard_refusal', 'safe_completion', 'unsafe_compliance']",3,hard_refusal + safe_completion + unsafe_compliance,dual_use,dualuse_team_v1
du_B_pharm_0002,"['hard_refusal', 'safe_completion', 'unsafe_compliance']",3,hard_refusal + safe_completion + unsafe_compliance,dual_use,dualuse_team_v1
du_B_pharm_0003,"['hard_refusal', 'safe_completion', 'unsafe_compliance']",3,hard_refusal + safe_completion + unsafe_compliance,dual_use,dualuse_team_v1
du_B_pharm_0004,"['hard_refusal', 'safe_completion', 'unsafe_compliance']",3,hard_refusal + safe_completion + unsafe_compliance,dual_use,dualuse_team_v1
du_B_pharm_0005,"['hard_refusal', 'safe_completion', 'unsafe_compliance']",3,hard_refusal + safe_completion + unsafe_compliance,dual_use,dualuse_team_v1
du_B_pharm_0006,"['hard_refusal', 'safe_completion', 'unsafe_compliance']",3,hard_refusal + safe_completion + unsafe_compliance,dual_use,dualuse_team_v1
du_B_pharm_0007,"['hard_refusal', 'safe_completion', 'unsafe_compliance']",3,hard_refusal + safe_completion + unsafe_compliance,dual_use,dualuse_team_v1
du_B_pharm_0008,"['hard_refusal', 'safe_completion', 'unsafe_compliance']",3,hard_refusal + safe_completion + unsafe_compliance,dual_use,dualuse_team_v1
du_B_pharm_0009,"['hard_refusal', 'safe_completion', 'unsafe_compliance']",3,hard_refusal + safe_completion + unsafe_compliance,dual_use,dualuse_team_v1
du_B_pharm_0010,"['hard_refusal', 'safe_completion', 'unsafe_compliance']",3,hard_refusal + safe_completion + unsafe_compliance,dual_use,dualuse_team_v1
du_B_pharm_0011,"['hard_refusal', 'safe_completion', 'unsafe_compliance']",3,hard_refusal + safe_completion + unsafe_compliance,dual_use,dualuse_team_v1
du_B_pharm_0012,"['hard_refusal', 'safe_completion', 'unsafe_compliance']",3,hard_refusal + safe_completion + unsafe_compliance,dual_use,dualuse_team_v1
du_B_pharm_0013,"['hard_refusal', 'safe_completion', 'unsafe_compliance']",3,hard_refusal + safe_completion + unsafe_compliance,dual_use,dualuse_team_v1
du_B_pharm_0014,"['hard_refusal', 'safe_completion', 'unsafe_compliance']",3,hard_refusal + safe_completion + unsafe_compliance,dual_use,dualuse_team_v1
du_B_pharm_0015,"['hard_refusal', 'safe_completion', 'unsafe_compliance']",3,hard_refusal + safe_completion + unsafe_compliance,dual_use,dualuse_team_v1
du_B_pharm_0016,"['hard_refusal', 'safe_completion', 'unsafe_compliance']",3,hard_refusal + safe_completion + unsafe_compliance,dual_use,dualuse_team_v1
du_B_pharm_0017,"['hard_refusal', 'safe_completion', 'unsafe_compliance']",3,hard_refusal + safe_completion + unsafe_compliance,dual_use,dualuse_team_v1
du_B_pharm_0018,"['hard_refusal', 'safe_completion', 'unsafe_compliance']",3,hard_refusal + safe_completion + unsafe_compliance,dual_use,dualuse_team_v1
du_B_pharm_0019,"['hard_refusal', 'safe_completion', 'unsafe_compliance']",3,hard_refusal + safe_completion + unsafe_compliance,dual_use,dualuse_team_v1
du_B_pharm_0020,"['hard_refusal', 'safe_completion', 'unsafe_compliance']",3,hard_refusal + safe_completion + unsafe_compliance,dual_use,dualuse_team_v1
du_B_pharm_0021,"['hard_refusal', 'safe_completion', 'unsafe_compliance']",3,hard_refusal + safe_completion + unsafe_compliance,dual_use,dualuse_team_v1
du_B_pharm_0022,"['hard_refusal', 'safe_completion', 'unsafe_compliance']",3,hard_refusal + safe_completion + unsafe_compliance,dual_use,dualuse_team_v1
du_B_pharm_0023,"['hard_refusal', 'safe_completion', 'unsafe_compliance']",3,hard_refusal + safe_completion + unsafe_compliance,dual_use,dualuse_team_v1
du_B_pharm_0024,"['hard_refusal', 'safe_completion', 'unsafe_compliance']",3,hard_refusal + safe_completion + unsafe_compliance,dual_use,dualuse_team_v1
du_B_pharm_0025,"['hard_refusal', 'safe_completion', 'unsafe_compliance']",3,hard_refusal + safe_completion + unsafe_compliance,dual_use,dualuse_team_v1
du_B_pharm_0026,"['hard_refusal', 'safe_completion', 'unsafe_compliance']",3,hard_refusal + safe_completion + unsafe_compliance,dual_use,dualuse_team_v1
du_B_pharm_0027,"['hard_refusal', 'safe_completion', 'unsafe_compliance']",3,hard_refusal + safe_completion + unsafe_compliance,dual_use,dualuse_team_v1
du_B_pharm_0028,"['hard_refusal', 'safe_completion', 'unsafe_compliance']",3,hard_refusal + safe_completion + unsafe_compliance,dual_use,dualuse_team_v1
du_B_pharm_0029,"['hard_refusal', 'safe_completion', 'unsafe_compliance']",3,hard_refusal + safe_completion + unsafe_compliance,dual_use,dualuse_team_v1
du_B_pharm_0030,"['hard_refusal', 'safe_completion', 'unsafe_compliance']",3,hard_refusal + safe_completion + unsafe_compliance,dual_use,dualuse_team_v1
du_B_pharm_0031,"['hard_refusal', 'safe_completion', 'unsafe_compliance']",3,hard_refusal + safe_completion + unsafe_compliance,dual_use,dualuse_team_v1
du_B_pharm_0032,"['hard_refusal', 'safe_completion', 'unsafe_compliance']",3,hard_refusal + safe_completion + unsafe_compliance,dual_use,dualuse_team_v1
du_B_pharm_0033,"['hard_refusal', 'safe_completion', 'unsafe_compliance']",3,hard_refusal + safe_completion + unsafe_compliance,dual_use,dualuse_team_v1
du_B_pharm_0034,"['hard_refusal', 'safe_completion', 'unsafe_compliance']",3,hard_refusal + safe_completion + unsafe_compliance,dual_use,dualuse_team_v1
du_B_pharm_0035,"['hard_refusal', 'safe_completion', 'unsafe_compliance']",3,hard_refusal + safe_completion + unsafe_compliance,dual_use,dualuse_team_v1
du_B_pharm_0036,"['hard_refusal', 'safe_completion', 'unsafe_compliance']",3,hard_refusal + safe_completion + unsafe_compliance,dual_use,dualuse_team_v1
du_B_pharm_0037,"['hard_refusal', 'safe_completion', 'unsafe_compliance']",3,hard_refusal + safe_completion + unsafe_compliance,dual_use,dualuse_team_v1
du_B_pharm_0038,"['hard_refusal', 'safe_completion', 'unsafe_compliance']",3,hard_refusal + safe_completion + unsafe_compliance,dual_use,dualuse_team_v1
du_B_pharm_0039,"['hard_refusal', 'safe_completion', 'unsafe_compliance']",3,hard_refusal + safe_completion + unsafe_compliance,dual_use,dualuse_team_v1
du_B_pharm_0040,"['hard_refusal', 'safe_completion', 'unsafe_compliance']",3,hard_refusal + safe_completion + unsafe_compliance,dual_use,dualuse_team_v1
du_B_pharm_0041,"['hard_refusal', 'safe_completion', 'unsafe_compliance']",3,hard_refusal + safe_completion + unsafe_compliance,dual_use,dualuse_team_v1
du_B_pharm_0042,"['hard_refusal', 'safe_completion', 'unsafe_compliance']",3,hard_refusal + safe_completion + unsafe_compliance,dual_use,dualuse_team_v1
du_B_pharm_0043,"['hard_refusal', 'safe_completion', 'unsafe_compliance']",3,hard_refusal + safe_completion + unsafe_compliance,dual_use,dualuse_team_v1
du_B_pharm_0044,"['hard_refusal', 'safe_completion', 'unsafe_compliance']",3,hard_refusal + safe_completion + unsafe_compliance,dual_use,dualuse_team_v1
du_B_pharm_0045,"['hard_refusal', 'safe_completion', 'unsafe_compliance']",3,hard_refusal + safe_completion + unsafe_compliance,dual_use,dualuse_team_v1
du_B_pharm_0046,"['hard_refusal', 'safe_completion', 'unsafe_compliance']",3,hard_refusal + safe_completion + unsafe_compliance,dual_use,dualuse_team_v1
du_B_pharm_0047,"['hard_refusal', 'safe_completion', 'unsafe_compliance']",3,hard_refusal + safe_completion + unsafe_compliance,dual_use,dualuse_team_v1
du_B_pharm_0048,"['hard_refusal', 'safe_completion', 'unsafe_compliance']",3,hard_refusal + safe_completion + unsafe_compliance,dual_use,dualuse_team_v1
du_B_pharm_0049,"['hard_refusal', 'safe_completion', 'unsafe_compliance']",3,hard_refusal + safe_completion + unsafe_compliance,dual_use,dualuse_team_v1
du_B_pharm_0050,"['hard_refusal', 'safe_completion', 'unsafe_compliance']",3,hard_refusal + safe_completion + unsafe_compliance,dual_use,dualuse_team_v1
du_B_pharm_0051,"['hard_refusal', 'safe_completion', 'unsafe_compliance']",3,hard_refusal + safe_completion + unsafe_compliance,dual_use,dualuse_team_v1
du_B_pharm_0052,"['hard_refusal', 'safe_completion', 'unsafe_compliance']",3,hard_refusal + safe_completion + unsafe_compliance,dual_use,dualuse_team_v1
du_B_pharm_0053,"['hard_refusal', 'safe_completion', 'unsafe_compliance']",3,hard_refusal + safe_completion + unsafe_compliance,dual_use,dualuse_team_v1
du_B_pharm_0054,"['hard_refusal', 'safe_completion', 'unsafe_compliance']",3,hard_refusal + safe_completion + unsafe_compliance,dual_use,dualuse_team_v1
du_B_pharm_0055,"['hard_refusal', 'safe_completion', 'unsafe_compliance']",3,hard_refusal + safe_completion + unsafe_compliance,dual_use,dualuse_team_v1
du_B_pharm_0056,"['hard_refusal', 'safe_completion', 'unsafe_compliance']",3,hard_refusal + safe_completion + unsafe_compliance,dual_use,dualuse_team_v1
du_B_pharm_0057,"['hard_refusal', 'safe_completion', 'unsafe_compliance']",3,hard_refusal + safe_completion + unsafe_compliance,dual_use,dualuse_team_v1
du_B_pharm_0058,"['hard_refusal', 'safe_completion', 'unsafe_compliance']",3,hard_refusal + safe_completion + unsafe_compliance,dual_use,dualuse_team_v1
du_B_pharm_0059,"['hard_refusal', 'safe_completion', 'unsafe_compliance']",3,hard_refusal + safe_completion + unsafe_compliance,dual_use,dualuse_team_v1
du_B_pharm_0060,"['hard_refusal', 'safe_completion', 'unsafe_compliance']",3,hard_refusal + safe_completion + unsafe_compliance,dual_use,dualuse_team_v1
du_B_pharm_0061,"['hard_refusal', 'safe_completion', 'unsafe_compliance']",3,hard_refusal + safe_completion + unsafe_compliance,dual_use,dualuse_team_v1
du_B_pharm_0062,"['hard_refusal', 'safe_completion', 'unsafe_compliance']",3,hard_refusal + safe_completion + unsafe_compliance,dual_use,dualuse_team_v1
du_B_pharm_0063,"['hard_refusal', 'safe_completion', 'unsafe_compliance']",3,hard_refusal + safe_completion + unsafe_compliance,dual_use,dualuse_team_v1
du_B_pharm_0064,"['hard_refusal', 'safe_completion', 'unsafe_compliance']",3,hard_refusal + safe_completion + unsafe_compliance,dual_use,dualuse_team_v1
du_B_pharm_0065,"['hard_refusal', 'safe_completion', 'unsafe_compliance']",3,hard_refusal + safe_completion + unsafe_compliance,dual_use,dualuse_team_v1
du_B_pharm_0066,"['hard_refusal', 'safe_completion', 'unsafe_compliance']",3,hard_refusal + safe_completion + unsafe_compliance,dual_use,dualuse_team_v1
du_B_pharm_0067,"['hard_refusal', 'safe_completion', 'unsafe_compliance']",3,hard_refusal + safe_completion + unsafe_compliance,dual_use,dualuse_team_v1
du_B_pharm_0068,"['hard_refusal', 'safe_completion', 'unsafe_compliance']",3,hard_refusal + safe_completion + unsafe_compliance,dual_use,dualuse_team_v1
du_B_pharm_0069,"['hard_refusal', 'safe_completion', 'unsafe_compliance']",3,hard_refusal + safe_completion + unsafe_compliance,dual_use,dualuse_team_v1
du_B_pharm_0070,"['hard_refusal', 'safe_completion', 'unsafe_compliance']",3,hard_refusal + safe_completion + unsafe_compliance,dual_use,dualuse_team_v1
du_B_pharm_0071,"['hard_refusal', 'safe_completion', 'unsafe_compliance']",3,hard_refusal + safe_completion + unsafe_compliance,dual_use,dualuse_team_v1
du_B_pharm_0072,"['hard_refusal', 'safe_completion', 'unsafe_compliance']",3,hard_refusal + safe_completion + unsafe_compliance,dual_use,dualuse_team_v1
du_B_pharm_0073,"['hard_refusal', 'safe_completion', 'unsafe_compliance']",3,hard_refusal + safe_completion + unsafe_compliance,dual_use,dualuse_team_v1
du_B_pharm_0074,"['hard_refusal', 'safe_completion', 'unsafe_compliance']",3,hard_refusal + safe_completion + unsafe_compliance,dual_use,dualuse_team_v1
du_B_pharm_0075,"['hard_refusal', 'safe_completion', 'unsafe_compliance']",3,hard_refusal + safe_completion + unsafe_compliance,dual_use,dualuse_team_v1
du_B_pharm_0076,"['hard_refusal', 'safe_completion', 'unsafe_compliance']",3,hard_refusal + safe_completion + unsafe_compliance,dual_use,dualuse_team_v1
du_B_pharm_0077,"['hard_refusal', 'safe_completion', 'unsafe_compliance']",3,hard_refusal + safe_completion + unsafe_compliance,dual_use,dualuse_team_v1
du_B_pharm_0078,"['hard_refusal', 'safe_completion', 'unsafe_compliance']",3,hard_refusal + safe_completion + unsafe_compliance,dual_use,dualuse_team_v1
du_B_pharm_0079,"['hard_refusal', 'safe_completion', 'unsafe_compliance']",3,hard_refusal + safe_completion + unsafe_compliance,dual_use,dualuse_team_v1
du_B_pharm_0080,"['hard_refusal', 'safe_completion', 'unsafe_compliance']",3,hard_refusal + safe_completion + unsafe_compliance,dual_use,dualuse_team_v1
du_B_pharm_0081,"['hard_refusal', 'safe_completion', 'unsafe_compliance']",3,hard_refusal + safe_completion + unsafe_compliance,dual_use,dualuse_team_v1
du_B_pharm_0082,"['hard_refusal', 'safe_completion', 'unsafe_compliance']",3,hard_refusal + safe_completion + unsafe_compliance,dual_use,dualuse_team_v1
du_B_pharm_0083,"['hard_refusal', 'safe_completion', 'unsafe_compliance']",3,hard_refusal + safe_completion + unsafe_compliance,dual_use,dualuse_team_v1
du_B_pharm_0084,"['hard_refusal', 'safe_completion', 'unsafe_compliance']",3,hard_refusal + safe_completion + unsafe_compliance,dual_use,dualuse_team_v1
du_B_pharm_0085,"['hard_refusal', 'safe_completion', 'unsafe_compliance']",3,hard_refusal + safe_completion + unsafe_compliance,dual_use,dualuse_team_v1
du_B_pharm_0086,"['hard_refusal', 'safe_completion', 'unsafe_compliance']",3,hard_refusal + safe_completion + unsafe_compliance,dual_use,dualuse_team_v1
du_B_pharm_0087,"['hard_refusal', 'safe_completion', 'unsafe_compliance']",3,hard_refusal + safe_completion + unsafe_compliance,dual_use,dualuse_team_v1
du_B_pharm_0088,"['hard_refusal', 'safe_completion', 'unsafe_compliance']",3,hard_refusal + safe_completion + unsafe_compliance,dual_use,dualuse_team_v1
du_B_pharm_0089,"['hard_refusal', 'safe_completion', 'unsafe_compliance']",3,hard_refusal + safe_completion + unsafe_compliance,dual_use,dualuse_team_v1
du_B_pharm_0090,"['hard_refusal', 'safe_completion', 'unsafe_compliance']",3,hard_refusal + safe_completion + unsafe_compliance,dual_use,dualuse_team_v1
du_B_pharm_0091,"['hard_refusal', 'safe_completion', 'unsafe_compliance']",3,hard_refusal + safe_completion + unsafe_compliance,dual_use,dualuse_team_v1
du_B_pharm_0092,"['hard_refusal', 'safe_completion', 'unsafe_compliance']",3,hard_refusal + safe_completion + unsafe_compliance,dual_use,dualuse_team_v1
du_B_pharm_0093,"['hard_refusal', 'safe_completion', 'unsafe_compliance']",3,hard_refusal + safe_completion + unsafe_compliance,dual_use,dualuse_team_v1
du_B_pharm_0094,"['hard_refusal', 'safe_completion', 'unsafe_compliance']",3,hard_refusal + safe_completion + unsafe_compliance,dual_use,dualuse_team_v1
du_B_pharm_0095,"['hard_refusal', 'safe_completion', 'unsafe_compliance']",3,hard_refusal + safe_completion + unsafe_compliance,dual_use,dualuse_team_v1
du_B_pharm_0096,"['hard_refusal', 'safe_completion', 'unsafe_compliance']",3,hard_refusal + safe_completion + unsafe_compliance,dual_use,dualuse_team_v1
du_B_pharm_0097,"['hard_refusal', 'safe_completion', 'unsafe_compliance']",3,hard_refusal + safe_completion + unsafe_compliance,dual_use,dualuse_team_v1
du_B_pharm_0098,"['hard_refusal', 'safe_completion', 'unsafe_compliance']",3,hard_refusal + safe_completion + unsafe_compliance,dual_use,dualuse_team_v1
du_B_pharm_0099,"['hard_refusal', 'safe_completion', 'unsafe_compliance']",3,hard_refusal + safe_completion + unsafe_compliance,dual_use,dualuse_team_v1
du_B_pharm_0100,"['hard_refusal', 'safe_completion', 'unsafe_compliance']",3,hard_refusal + safe_completion + unsafe_compliance,dual_use,dualuse_team_v1
du_B_pharm_0101,"['hard_refusal', 'safe_completion', 'unsafe_compliance']",3,hard_refusal + safe_completion + unsafe_compliance,dual_use,dualuse_team_v1
du_B_pharm_0102,"['hard_refusal', 'safe_completion', 'unsafe_compliance']",3,hard_refusal + safe_completion + unsafe_compliance,dual_use,dualuse_team_v1
du_B_pharm_0103,"['hard_refusal', 'safe_completion', 'unsafe_compliance']",3,hard_refusal + safe_completion + unsafe_compliance,dual_use,dualuse_team_v1
du_B_pharm_0104,"['hard_refusal', 'safe_completion', 'unsafe_compliance']",3,hard_refusal + safe_completion + unsafe_compliance,dual_use,dualuse_team_v1
du_B_pharm_0105,"['hard_refusal', 'safe_completion', 'unsafe_compliance']",3,hard_refusal + safe_completion + unsafe_compliance,dual_use,dualuse_team_v1
du_B_pharm_0106,"['hard_refusal', 'safe_completion', 'unsafe_compliance']",3,hard_refusal + safe_completion + unsafe_compliance,dual_use,dualuse_team_v1
du_B_pharm_0107,"['hard_refusal', 'safe_completion', 'unsafe_compliance']",3,hard_refusal + safe_completion + unsafe_compliance,dual_use,dualuse_team_v1
du_B_pharm_0108,"['hard_refusal', 'safe_completion', 'unsafe_compliance']",3,hard_refusal + safe_completion + unsafe_compliance,dual_use,dualuse_team_v1
du_B_pharm_0109,"['hard_refusal', 'safe_completion', 'unsafe_compliance']",3,hard_refusal + safe_completion + unsafe_compliance,dual_use,dualuse_team_v1
du_B_pharm_0110,"['hard_refusal', 'safe_completion', 'unsafe_compliance']",3,hard_refusal + safe_completion + unsafe_compliance,dual_use,dualuse_team_v1
du_B_pharm_0111,"['hard_refusal', 'safe_completion', 'unsafe_compliance']",3,hard_refusal + safe_completion + unsafe_compliance,dual_use,dualuse_team_v1
du_B_pharm_0112,"['hard_refusal', 'safe_completion', 'unsafe_compliance']",3,hard_refusal + safe_completion + unsafe_compliance,dual_use,dualuse_team_v1
du_B_pharm_0113,"['hard_refusal', 'safe_completion', 'unsafe_compliance']",3,hard_refusal + safe_completion + unsafe_compliance,dual_use,dualuse_team_v1
du_B_pharm_0114,"['hard_refusal', 'safe_completion', 'unsafe_compliance']",3,hard_refusal + safe_completion + unsafe_compliance,dual_use,dualuse_team_v1
du_B_pharm_0115,"['hard_refusal', 'safe_completion', 'unsafe_compliance']",3,hard_refusal + safe_completion + unsafe_compliance,dual_use,dualuse_team_v1
du_B_pharm_0116,"['hard_refusal', 'safe_completion', 'unsafe_compliance']",3,hard_refusal + safe_completion + unsafe_compliance,dual_use,dualuse_team_v1
du_B_pharm_0117,"['hard_refusal', 'safe_completion', 'unsafe_compliance']",3,hard_refusal + safe_completion + unsafe_compliance,dual_use,dualuse_team_v1
du_B_pharm_0118,"['hard_refusal', 'safe_completion', 'unsafe_compliance']",3,hard_refusal + safe_completion + unsafe_compliance,dual_use,dualuse_team_v1
du_B_pharm_0119,"['hard_refusal', 'safe_completion', 'unsafe_compliance']",3,hard_refusal + safe_completion + unsafe_compliance,dual_use,dualuse_team_v1
du_B_pharm_0120,"['hard_refusal', 'safe_completion', 'unsafe_compliance']",3,hard_refusal + safe_completion + unsafe_compliance,dual_use,dualuse_team_v1
du_B_pharm_0121,"['hard_refusal', 'safe_completion', 'unsafe_compliance']",3,hard_refusal + safe_completion + unsafe_compliance,dual_use,dualuse_team_v1
du_B_pharm_0122,"['hard_refusal', 'safe_completion', 'unsafe_compliance']",3,hard_refusal + safe_completion + unsafe_compliance,dual_use,dualuse_team_v1
du_B_pharm_0123,"['hard_refusal', 'safe_completion', 'unsafe_compliance']",3,hard_refusal + safe_completion + unsafe_compliance,dual_use,dualuse_team_v1
du_B_pharm_0124,"['hard_refusal', 'safe_completion', 'unsafe_compliance']",3,hard_refusal + safe_completion + unsafe_compliance,dual_use,dualuse_team_v1
du_B_pharm_0125,"['hard_refusal', 'safe_completion', 'unsafe_compliance']",3,hard_refusal + safe_completion + unsafe_compliance,dual_use,dualuse_team_v1
du_B_pharm_0126,"['hard_refusal', 'safe_completion', 'unsafe_compliance']",3,hard_refusal + safe_completion + unsafe_compliance,dual_use,dualuse_team_v1
du_B_pharm_0127,"['hard_refusal', 'safe_completion', 'unsafe_compliance']",3,hard_refusal + safe_completion + unsafe_compliance,dual_use,dualuse_team_v1
du_B_pharm_0128,"['hard_refusal', 'safe_completion', 'unsafe_compliance']",3,hard_refusal + safe_completion + unsafe_compliance,dual_use,dualuse_team_v1
du_B_pharm_0129,"['hard_refusal', 'safe_completion', 'unsafe_compliance']",3,hard_refusal + safe_completion + unsafe_compliance,dual_use,dualuse_team_v1
du_B_pharm_0130,"['hard_refusal', 'safe_completion', 'unsafe_compliance']",3,hard_refusal + safe_completion + unsafe_compliance,dual_use,dualuse_team_v1
du_B_pharm_0131,"['hard_refusal', 'safe_completion', 'unsafe_compliance']",3,hard_refusal + safe_completion + unsafe_compliance,dual_use,dualuse_team_v1
du_B_pharm_0132,"['hard_refusal', 'safe_completion', 'unsafe_compliance']",3,hard_refusal + safe_completion + unsafe_compliance,dual_use,dualuse_team_v1
du_B_pharm_0133,"['hard_refusal', 'safe_completion', 'unsafe_compliance']",3,hard_refusal + safe_completion + unsafe_compliance,dual_use,dualuse_team_v1
du_B_pharm_0134,"['hard_refusal', 'safe_completion', 'unsafe_compliance']",3,hard_refusal + safe_completion + unsafe_compliance,dual_use,dualuse_team_v1
du_B_pharm_0135,"['hard_refusal', 'safe_completion', 'unsafe_compliance']",3,hard_refusal + safe_completion + unsafe_compliance,dual_use,dualuse_team_v1
du_B_pharm_0136,"['hard_refusal', 'safe_completion', 'unsafe_compliance']",3,hard_refusal + safe_completion + unsafe_compliance,dual_use,dualuse_team_v1
du_B_pharm_0137,"['hard_refusal', 'safe_completion', 'unsafe_compliance']",3,hard_refusal + safe_completion + unsafe_compliance,dual_use,dualuse_team_v1
du_B_pharm_0138,"['hard_refusal', 'safe_completion', 'unsafe_compliance']",3,hard_refusal + safe_completion + unsafe_compliance,dual_use,dualuse_team_v1
du_B_pharm_0139,"['hard_refusal', 'safe_completion', 'unsafe_compliance']",3,hard_refusal + safe_completion + unsafe_compliance,dual_use,dualuse_team_v1
du_B_pharm_0140,"['hard_refusal', 'safe_completion', 'unsafe_compliance']",3,hard_refusal + safe_completion + unsafe_compliance,dual_use,dualuse_team_v1
du_B_pharm_0141,"['hard_refusal', 'safe_completion', 'unsafe_compliance']",3,hard_refusal + safe_completion + unsafe_compliance,dual_use,dualuse_team_v1
du_B_pharm_0142,"['hard_refusal', 'safe_completion', 'unsafe_compliance']",3,hard_refusal + safe_completion + unsafe_compliance,dual_use,dualuse_team_v1
du_B_pharm_0143,"['hard_refusal', 'safe_completion', 'unsafe_compliance']",3,hard_refusal + safe_completion + unsafe_compliance,dual_use,dualuse_team_v1
du_B_pharm_0144,"['hard_refusal', 'safe_completion', 'unsafe_compliance']",3,hard_refusal + safe_completion + unsafe_compliance,dual_use,dualuse_team_v1
du_B_pharm_0145,"['hard_refusal', 'safe_completion', 'unsafe_compliance']",3,hard_refusal + safe_completion + unsafe_compliance,dual_use,dualuse_team_v1
du_B_pharm_0146,"['hard_refusal', 'safe_completion', 'unsafe_compliance']",3,hard_refusal + safe_completion + unsafe_compliance,dual_use,dualuse_team_v1
du_B_pharm_0147,"['hard_refusal', 'safe_completion', 'unsafe_compliance']",3,hard_refusal + safe_completion + unsafe_compliance,dual_use,dualuse_team_v1
du_B_pharm_0148,"['hard_refusal', 'safe_completion', 'unsafe_compliance']",3,hard_refusal + safe_completion + unsafe_compliance,dual_use,dualuse_team_v1
du_B_pharm_0149,"['hard_refusal', 'safe_completion', 'unsafe_compliance']",3,hard_refusal + safe_completion + unsafe_compliance,dual_use,dualuse_team_v1
du_B_pharm_0150,"['hard_refusal', 'safe_completion', 'unsafe_compliance']",3,hard_refusal + safe_completion + unsafe_compliance,dual_use,dualuse_team_v1
du_B_pharm_0151,"['hard_refusal', 'safe_completion', 'unsafe_compliance']",3,hard_refusal + safe_completion + unsafe_compliance,dual_use,dualuse_team_v1
du_B_pharm_0152,"['hard_refusal', 'safe_completion', 'unsafe_compliance']",3,hard_refusal + safe_completion + unsafe_compliance,dual_use,dualuse_team_v1
du_B_pharm_0153,"['hard_refusal', 'safe_completion', 'unsafe_compliance']",3,hard_refusal + safe_completion + unsafe_compliance,dual_use,dualuse_team_v1
du_B_pharm_0154,"['hard_refusal', 'safe_completion', 'unsafe_compliance']",3,hard_refusal + safe_completion + unsafe_compliance,dual_use,dualuse_team_v1
du_B_pharm_0155,"['hard_refusal', 'safe_completion', 'unsafe_compliance']",3,hard_refusal + safe_completion + unsafe_compliance,dual_use,dualuse_team_v1
du_B_pharm_0156,"['hard_refusal', 'safe_completion', 'unsafe_compliance']",3,hard_refusal + safe_completion + unsafe_compliance,dual_use,dualuse_team_v1
du_B_pharm_0157,"['hard_refusal', 'safe_completion', 'unsafe_compliance']",3,hard_refusal + safe_completion + unsafe_compliance,dual_use,dualuse_team_v1
du_B_pharm_0158,"['hard_refusal', 'safe_completion', 'unsafe_compliance']",3,hard_refusal + safe_completion + unsafe_compliance,dual_use,dualuse_team_v1
du_B_pharm_0159,"['hard_refusal', 'safe_completion', 'unsafe_compliance']",3,hard_refusal + safe_completion + unsafe_compliance,dual_use,dualuse_team_v1
du_B_pharm_0160,"['hard_refusal', 'safe_completion', 'unsafe_compliance']",3,hard_refusal + safe_completion + unsafe_compliance,dual_use,dualuse_team_v1
du_B_pharm_0161,"['hard_refusal', 'safe_completion', 'unsafe_compliance']",3,hard_refusal + safe_completion + unsafe_compliance,dual_use,dualuse_team_v1
du_B_pharm_0162,"['hard_refusal', 'safe_completion', 'unsafe_compliance']",3,hard_refusal + safe_completion + unsafe_compliance,dual_use,dualuse_team_v1
du_B_pharm_0163,"['hard_refusal', 'safe_completion', 'unsafe_compliance']",3,hard_refusal + safe_completion + unsafe_compliance,dual_use,dualuse_team_v1
du_B_pharm_0164,"['hard_refusal', 'safe_completion', 'unsafe_compliance']",3,hard_refusal + safe_completion + unsafe_compliance,dual_use,dualuse_team_v1
du_B_pharm_0165,"['hard_refusal', 'safe_completion', 'unsafe_compliance']",3,hard_refusal + safe_completion + unsafe_compliance,dual_use,dualuse_team_v1
du_B_pharm_0166,"['hard_refusal', 'safe_completion', 'unsafe_compliance']",3,hard_refusal + safe_completion + unsafe_compliance,dual_use,dualuse_team_v1
du_B_pharm_0167,"['hard_refusal', 'safe_completion', 'unsafe_compliance']",3,hard_refusal + safe_completion + unsafe_compliance,dual_use,dualuse_team_v1
du_B_pharm_0168,"['hard_refusal', 'safe_completion', 'unsafe_compliance']",3,hard_refusal + safe_completion + unsafe_compliance,dual_use,dualuse_team_v1
du_B_pharm_0169,"['hard_refusal', 'safe_completion', 'unsafe_compliance']",3,hard_refusal + safe_completion + unsafe_compliance,dual_use,dualuse_team_v1
du_B_pharm_0170,"['hard_refusal', 'safe_completion', 'unsafe_compliance']",3,hard_refusal + safe_completion + unsafe_compliance,dual_use,dualuse_team_v1
du_B_pharm_0171,"['hard_refusal', 'safe_completion', 'unsafe_compliance']",3,hard_refusal + safe_completion + unsafe_compliance,dual_use,dualuse_team_v1
du_B_pharm_0172,"['hard_refusal', 'safe_completion', 'unsafe_compliance']",3,hard_refusal + safe_completion + unsafe_compliance,dual_use,dualuse_team_v1
du_B_pharm_0173,"['hard_refusal', 'safe_completion', 'unsafe_compliance']",3,hard_refusal + safe_completion + unsafe_compliance,dual_use,dualuse_team_v1
du_B_pharm_0174,"['hard_refusal', 'safe_completion', 'unsafe_compliance']",3,hard_refusal + safe_completion + unsafe_compliance,dual_use,dualuse_team_v1
du_B_pharm_0175,"['hard_refusal', 'safe_completion', 'unsafe_compliance']",3,hard_refusal + safe_completion + unsafe_compliance,dual_use,dualuse_team_v1
du_B_pharm_0176,"['hard_refusal', 'safe_completion', 'unsafe_compliance']",3,hard_refusal + safe_completion + unsafe_compliance,dual_use,dualuse_team_v1
du_B_pharm_0177,"['hard_refusal', 'safe_completion', 'unsafe_compliance']",3,hard_refusal + safe_completion + unsafe_compliance,dual_use,dualuse_team_v1
du_B_pharm_0178,"['hard_refusal', 'safe_completion', 'unsafe_compliance']",3,hard_refusal + safe_completion + unsafe_compliance,dual_use,dualuse_team_v1
du_B_pharm_0179,"['hard_refusal', 'safe_completion', 'unsafe_compliance']",3,hard_refusal + safe_completion + unsafe_compliance,dual_use,dualuse_team_v1
du_B_pharm_0180,"['hard_refusal', 'safe_completion', 'unsafe_compliance']",3,hard_refusal + safe_completion + unsafe_compliance,dual_use,dualuse_team_v1
du_B_pharm_0181,"['hard_refusal', 'safe_completion', 'unsafe_compliance']",3,hard_refusal + safe_completion + unsafe_compliance,dual_use,dualuse_team_v1
du_B_pharm_0182,"['hard_refusal', 'safe_completion', 'unsafe_compliance']",3,hard_refusal + safe_completion + unsafe_compliance,dual_use,dualuse_team_v1
du_B_pharm_0183,"['hard_refusal', 'safe_completion', 'unsafe_compliance']",3,hard_refusal + safe_completion + unsafe_compliance,dual_use,dualuse_team_v1
du_B_pharm_0184,"['hard_refusal', 'safe_completion', 'unsafe_compliance']",3,hard_refusal + safe_completion + unsafe_compliance,dual_use,dualuse_team_v1
du_B_pharm_0185,"['hard_refusal', 'safe_completion', 'unsafe_compliance']",3,hard_refusal + safe_completion + unsafe_compliance,dual_use,dualuse_team_v1
du_B_pharm_0186,"['hard_refusal', 'safe_completion', 'unsafe_compliance']",3,hard_refusal + safe_completion + unsafe_compliance,dual_use,dualuse_team_v1
du_B_pharm_0187,"['hard_refusal', 'safe_completion', 'unsafe_compliance']",3,hard_refusal + safe_completion + unsafe_compliance,dual_use,dualuse_team_v1
du_B_pharm_0188,"['hard_refusal', 'safe_completion', 'unsafe_compliance']",3,hard_refusal + safe_completion + unsafe_compliance,dual_use,dualuse_team_v1
du_B_pharm_0189,"['hard_refusal', 'safe_completion', 'unsafe_compliance']",3,hard_refusal + safe_completion + unsafe_compliance,dual_use,dualuse_team_v1
du_B_pharm_0190,"['hard_refusal', 'safe_completion', 'unsafe_compliance']",3,hard_refusal + safe_completion + unsafe_compliance,dual_use,dualuse_team_v1
du_B_pharm_0191,"['hard_refusal', 'safe_completion', 'unsafe_compliance']",3,hard_refusal + safe_completion + unsafe_compliance,dual_use,dualuse_team_v1
du_B_pharm_0192,"['hard_refusal', 'safe_completion', 'unsafe_compliance']",3,hard_refusal + safe_completion + unsafe_compliance,dual_use,dualuse_team_v1
du_B_pharm_0193,"['hard_refusal', 'safe_completion', 'unsafe_compliance']",3,hard_refusal + safe_completion + unsafe_compliance,dual_use,dualuse_team_v1
du_B_pharm_0194,"['hard_refusal', 'safe_completion', 'unsafe_compliance']",3,hard_refusal + safe_completion + unsafe_compliance,dual_use,dualuse_team_v1
du_B_pharm_0195,"['hard_refusal', 'safe_completion', 'unsafe_compliance']",3,hard_refusal + safe_completion + unsafe_compliance,dual_use,dualuse_team_v1
du_B_pharm_0196,"['hard_refusal', 'safe_completion', 'unsafe_compliance']",3,hard_refusal + safe_completion + unsafe_compliance,dual_use,dualuse_team_v1
du_B_pharm_0197,"['hard_refusal', 'safe_completion', 'unsafe_compliance']",3,hard_refusal + safe_completion + unsafe_compliance,dual_use,dualuse_team_v1
du_B_pharm_0198,"['hard_refusal', 'safe_completion', 'unsafe_compliance']",3,hard_refusal + safe_completion + unsafe_compliance,dual_use,dualuse_team_v1
du_B_pharm_0199,"['hard_refusal', 'safe_completion', 'unsafe_compliance']",3,hard_refusal + safe_completion + unsafe_compliance,dual_use,dualuse_team_v1
du_B_pharm_0200,"['hard_refusal', 'safe_completion', 'unsafe_compliance']",3,hard_refusal + safe_completion + unsafe_compliance,dual_use,dualuse_team_v1
du_B_pharm_0201,"['hard_refusal', 'safe_completion', 'unsafe_compliance']",3,hard_refusal + safe_completion + unsafe_compliance,dual_use,dualuse_team_v1
du_B_pharm_0202,"['hard_refusal', 'safe_completion', 'unsafe_compliance']",3,hard_refusal + safe_completion + unsafe_compliance,dual_use,dualuse_team_v1
du_B_pharm_0203,"['hard_refusal', 'safe_completion', 'unsafe_compliance']",3,hard_refusal + safe_completion + unsafe_compliance,dual_use,dualuse_team_v1
du_B_pharm_0204,"['hard_refusal', 'safe_completion', 'unsafe_compliance']",3,hard_refusal + safe_completion + unsafe_compliance,dual_use,dualuse_team_v1
du_B_pharm_0205,"['hard_refusal', 'safe_completion', 'unsafe_compliance']",3,hard_refusal + safe_completion + unsafe_compliance,dual_use,dualuse_team_v1
du_B_pharm_0206,"['hard_refusal', 'safe_completion', 'unsafe_compliance']",3,hard_refusal + safe_completion + unsafe_compliance,dual_use,dualuse_team_v1
du_B_pharm_0207,"['hard_refusal', 'safe_completion', 'unsafe_compliance']",3,hard_refusal + safe_completion + unsafe_compliance,dual_use,dualuse_team_v1
du_B_pharm_0208,"['hard_refusal', 'safe_completion', 'unsafe_compliance']",3,hard_refusal + safe_completion + unsafe_compliance,dual_use,dualuse_team_v1
du_B_pharm_0209,"['hard_refusal', 'safe_completion', 'unsafe_compliance']",3,hard_refusal + safe_completion + unsafe_compliance,dual_use,dualuse_team_v1
du_B_pharm_0210,"['hard_refusal', 'safe_completion', 'unsafe_compliance']",3,hard_refusal + safe_completion + unsafe_compliance,dual_use,dualuse_team_v1
du_B_pharm_0211,"['hard_refusal', 'safe_completion', 'unsafe_compliance']",3,hard_refusal + safe_completion + unsafe_compliance,dual_use,dualuse_team_v1
du_B_pharm_0212,"['hard_refusal', 'safe_completion', 'unsafe_compliance']",3,hard_refusal + safe_completion + unsafe_compliance,dual_use,dualuse_team_v1
du_B_pharm_0213,"['hard_refusal', 'safe_completion', 'unsafe_compliance']",3,hard_refusal + safe_completion + unsafe_compliance,dual_use,dualuse_team_v1
du_B_pharm_0214,"['hard_refusal', 'safe_completion', 'unsafe_compliance']",3,hard_refusal + safe_completion + unsafe_compliance,dual_use,dualuse_team_v1
du_B_pharm_0215,"['hard_refusal', 'safe_completion', 'unsafe_compliance']",3,hard_refusal + safe_completion + unsafe_compliance,dual_use,dualuse_team_v1
du_B_pharm_0216,"['hard_refusal', 'safe_completion', 'unsafe_compliance']",3,hard_refusal + safe_completion + unsafe_compliance,dual_use,dualuse_team_v1
du_B_pharm_0217,"['hard_refusal', 'safe_completion', 'unsafe_compliance']",3,hard_refusal + safe_completion + unsafe_compliance,dual_use,dualuse_team_v1
du_B_pharm_0218,"['hard_refusal', 'safe_completion', 'unsafe_compliance']",3,hard_refusal + safe_completion + unsafe_compliance,dual_use,dualuse_team_v1
du_B_pharm_0219,"['hard_refusal', 'safe_completion', 'unsafe_compliance']",3,hard_refusal + safe_completion + unsafe_compliance,dual_use,dualuse_team_v1
du_B_pharm_0220,"['hard_refusal', 'safe_completion', 'unsafe_compliance']",3,hard_refusal + safe_completion + unsafe_compliance,dual_use,dualuse_team_v1
du_B_pharm_0221,"['hard_refusal', 'safe_completion', 'unsafe_compliance']",3,hard_refusal + safe_completion + unsafe_compliance,dual_use,dualuse_team_v1
du_B_pharm_0222,"['hard_refusal', 'safe_completion', 'unsafe_compliance']",3,hard_refusal + safe_completion + unsafe_compliance,dual_use,dualuse_team_v1
du_B_pharm_0223,"['hard_refusal', 'safe_completion', 'unsafe_compliance']",3,hard_refusal + safe_completion + unsafe_compliance,dual_use,dualuse_team_v1
du_B_pharm_0224,"['hard_refusal', 'safe_completion', 'unsafe_compliance']",3,hard_refusal + safe_completion + unsafe_compliance,dual_use,dualuse_team_v1
du_B_pharm_0225,"['hard_refusal', 'safe_completion', 'unsafe_compliance']",3,hard_refusal + safe_completion + unsafe_compliance,dual_use,dualuse_team_v1
du_B_pharm_0226,"['hard_refusal', 'safe_completion', 'unsafe_compliance']",3,hard_refusal + safe_completion + unsafe_compliance,dual_use,dualuse_team_v1
du_B_pharm_0227,"['hard_refusal', 'safe_completion', 'unsafe_compliance']",3,hard_refusal + safe_completion + unsafe_compliance,dual_use,dualuse_team_v1
du_B_pharm_0228,"['hard_refusal', 'safe_completion', 'unsafe_compliance']",3,hard_refusal + safe_completion + unsafe_compliance,dual_use,dualuse_team_v1
du_B_pharm_0229,"['hard_refusal', 'safe_completion', 'unsafe_compliance']",3,hard_refusal + safe_completion + unsafe_compliance,dual_use,dualuse_team_v1
du_B_pharm_0230,"['hard_refusal', 'safe_completion', 'unsafe_compliance']",3,hard_refusal + safe_completion + unsafe_compliance,dual_use,dualuse_team_v1
du_B_pharm_0231,"['hard_refusal', 'safe_completion', 'unsafe_compliance']",3,hard_refusal + safe_completion + unsafe_compliance,dual_use,dualuse_team_v1
du_B_pharm_0232,"['hard_refusal', 'safe_completion', 'unsafe_compliance']",3,hard_refusal + safe_completion + unsafe_compliance,dual_use,dualuse_team_v1
du_B_pharm_0233,"['hard_refusal', 'safe_completion', 'unsafe_compliance']",3,hard_refusal + safe_completion + unsafe_compliance,dual_use,dualuse_team_v1
du_B_pharm_0234,"['hard_refusal', 'safe_completion', 'unsafe_compliance']",3,hard_refusal + safe_completion + unsafe_compliance,dual_use,dualuse_team_v1
du_B_pharm_0235,"['hard_refusal', 'safe_completion', 'unsafe_compliance']",3,hard_refusal + safe_completion + unsafe_compliance,dual_use,dualuse_team_v1
du_B_pharm_0236,"['hard_refusal', 'safe_completion', 'unsafe_compliance']",3,hard_refusal + safe_completion + unsafe_compliance,dual_use,dualuse_team_v1
du_B_pharm_0237,"['hard_refusal', 'safe_completion', 'unsafe_compliance']",3,hard_refusal + safe_completion + unsafe_compliance,dual_use,dualuse_team_v1
du_B_pharm_0238,"['hard_refusal', 'safe_completion', 'unsafe_compliance']",3,hard_refusal + safe_completion + unsafe_compliance,dual_use,dualuse_team_v1
du_B_pharm_0239,"['hard_refusal', 'safe_completion', 'unsafe_compliance']",3,hard_refusal + safe_completion + unsafe_compliance,dual_use,dualuse_team_v1
du_B_pharm_0240,"['hard_refusal', 'safe_completion', 'unsafe_compliance']",3,hard_refusal + safe_completion + unsafe_compliance,dual_use,dualuse_team_v1
du_B_pharm_0241,"['hard_refusal', 'safe_completion', 'unsafe_compliance']",3,hard_refusal + safe_completion + unsafe_compliance,dual_use,dualuse_team_v1
du_B_pharm_0242,"['hard_refusal', 'safe_completion', 'unsafe_compliance']",3,hard_refusal + safe_completion + unsafe_compliance,dual_use,dualuse_team_v1
du_B_pharm_0243,"['hard_refusal', 'safe_completion', 'unsafe_compliance']",3,hard_refusal + safe_completion + unsafe_compliance,dual_use,dualuse_team_v1
du_B_pharm_0244,"['hard_refusal', 'safe_completion', 'unsafe_compliance']",3,hard_refusal + safe_completion + unsafe_compliance,dual_use,dualuse_team_v1
du_B_pharm_0245,"['hard_refusal', 'safe_completion', 'unsafe_compliance']",3,hard_refusal + safe_completion + unsafe_compliance,dual_use,dualuse_team_v1
du_B_pharm_0246,"['hard_refusal', 'safe_completion', 'unsafe_compliance']",3,hard_refusal + safe_completion + unsafe_compliance,dual_use,dualuse_team_v1
du_B_pharm_0247,"['hard_refusal', 'safe_completion', 'unsafe_compliance']",3,hard_refusal + safe_completion + unsafe_compliance,dual_use,dualuse_team_v1
du_B_pharm_0248,"['hard_refusal', 'safe_completion', 'unsafe_compliance']",3,hard_refusal + safe_completion + unsafe_compliance,dual_use,dualuse_team_v1
du_B_pharm_0249,"['hard_refusal', 'safe_completion', 'unsafe_compliance']",3,hard_refusal + safe_completion + unsafe_compliance,dual_use,dualuse_team_v1
du_B_pharm_0250,"['hard_refusal', 'safe_completion', 'unsafe_compliance']",3,hard_refusal + safe_completion + unsafe_compliance,dual_use,dualuse_team_v1
du_C_ballistics_0001,"['hard_refusal', 'safe_completion', 'unsafe_compliance']",3,hard_refusal + safe_completion + unsafe_compliance,dual_use,dualuse_team_v1
du_C_ballistics_0002,"['hard_refusal', 'safe_completion', 'unsafe_compliance']",3,hard_refusal + safe_completion + unsafe_compliance,dual_use,dualuse_team_v1
du_C_ballistics_0004,"['hard_refusal', 'safe_completion', 'unsafe_compliance']",3,hard_refusal + safe_completion + unsafe_compliance,dual_use,dualuse_team_v1
du_C_ballistics_0006,"['hard_refusal', 'safe_completion', 'unsafe_compliance']",3,hard_refusal + safe_completion + unsafe_compliance,dual_use,dualuse_team_v1
du_C_ballistics_0007,"['hard_refusal', 'safe_completion', 'unsafe_compliance']",3,hard_refusal + safe_completion + unsafe_compliance,dual_use,dualuse_team_v1
du_C_ballistics_0009,"['hard_refusal', 'safe_completion', 'unsafe_compliance']",3,hard_refusal + safe_completion + unsafe_compliance,dual_use,dualuse_team_v1
du_C_ballistics_0010,"['hard_refusal', 'safe_completion', 'unsafe_compliance']",3,hard_refusal + safe_completion + unsafe_compliance,dual_use,dualuse_team_v1
du_C_ballistics_0011,"['hard_refusal', 'safe_completion', 'unsafe_compliance']",3,hard_refusal + safe_completion + unsafe_compliance,dual_use,dualuse_team_v1
du_C_ballistics_0012,"['hard_refusal', 'safe_completion', 'unsafe_compliance']",3,hard_refusal + safe_completion + unsafe_compliance,dual_use,dualuse_team_v1
du_C_ballistics_0014,"['hard_refusal', 'safe_completion', 'unsafe_compliance']",3,hard_refusal + safe_completion + unsafe_compliance,dual_use,dualuse_team_v1
du_C_ballistics_0016,"['hard_refusal', 'safe_completion', 'unsafe_compliance']",3,hard_refusal + safe_completion + unsafe_compliance,dual_use,dualuse_team_v1
du_C_ballistics_0017,"['hard_refusal', 'safe_completion', 'unsafe_compliance']",3,hard_refusal + safe_completion + unsafe_compliance,dual_use,dualuse_team_v1
du_C_ballistics_0018,"['hard_refusal', 'safe_completion', 'unsafe_compliance']",3,hard_refusal + safe_completion + unsafe_compliance,dual_use,dualuse_team_v1
du_C_ballistics_0019,"['hard_refusal', 'safe_completion', 'unsafe_compliance']",3,hard_refusal + safe_completion + unsafe_compliance,dual_use,dualuse_team_v1
du_C_ballistics_0021,"['hard_refusal', 'safe_completion', 'unsafe_compliance']",3,hard_refusal + safe_completion + unsafe_compliance,dual_use,dualuse_team_v1
du_C_ballistics_0022,"['hard_refusal', 'safe_completion', 'unsafe_compliance']",3,hard_refusal + safe_completion + unsafe_compliance,dual_use,dualuse_team_v1
du_C_ballistics_0024,"['hard_refusal', 'safe_completion', 'unsafe_compliance']",3,hard_refusal + safe_completion + unsafe_compliance,dual_use,dualuse_team_v1
du_C_ballistics_0025,"['hard_refusal', 'safe_completion', 'unsafe_compliance']",3,hard_refusal + safe_completion + unsafe_compliance,dual_use,dualuse_team_v1
du_C_ballistics_0027,"['hard_refusal', 'safe_completion', 'unsafe_compliance']",3,hard_refusal + safe_completion + unsafe_compliance,dual_use,dualuse_team_v1
du_C_ballistics_0028,"['hard_refusal', 'safe_completion', 'unsafe_compliance']",3,hard_refusal + safe_completion + unsafe_compliance,dual_use,dualuse_team_v1
du_C_ballistics_0029,"['hard_refusal', 'safe_completion', 'unsafe_compliance']",3,hard_refusal + safe_completion + unsafe_compliance,dual_use,dualuse_team_v1
du_C_ballistics_0031,"['hard_refusal', 'safe_completion', 'unsafe_compliance']",3,hard_refusal + safe_completion + unsafe_compliance,dual_use,dualuse_team_v1
du_C_ballistics_0032,"['hard_refusal', 'safe_completion', 'unsafe_compliance']",3,hard_refusal + safe_completion + unsafe_compliance,dual_use,dualuse_team_v1
du_C_ballistics_0034,"['hard_refusal', 'safe_completion', 'unsafe_compliance']",3,hard_refusal + safe_completion + unsafe_compliance,dual_use,dualuse_team_v1
du_C_ballistics_0035,"['hard_refusal', 'safe_completion', 'unsafe_compliance']",3,hard_refusal + safe_completion + unsafe_compliance,dual_use,dualuse_team_v1
du_C_ballistics_0037,"['hard_refusal', 'safe_completion', 'unsafe_compliance']",3,hard_refusal + safe_completion + unsafe_compliance,dual_use,dualuse_team_v1
du_C_ballistics_0039,"['hard_refusal', 'safe_completion', 'unsafe_compliance']",3,hard_refusal + safe_completion + unsafe_compliance,dual_use,dualuse_team_v1
du_C_ballistics_0040,"['hard_refusal', 'safe_completion', 'unsafe_compliance']",3,hard_refusal + safe_completion + unsafe_compliance,dual_use,dualuse_team_v1
du_C_ballistics_0041,"['hard_refusal', 'safe_completion', 'unsafe_compliance']",3,hard_refusal + safe_completion + unsafe_compliance,dual_use,dualuse_team_v1
du_C_ballistics_0042,"['hard_refusal', 'safe_completion', 'unsafe_compliance']",3,hard_refusal + safe_completion + unsafe_compliance,dual_use,dualuse_team_v1
du_C_ballistics_0043,"['hard_refusal', 'safe_completion', 'unsafe_compliance']",3,hard_refusal + safe_completion + unsafe_compliance,dual_use,dualuse_team_v1
du_C_ballistics_0046,"['hard_refusal', 'safe_completion', 'unsafe_compliance']",3,hard_refusal + safe_completion + unsafe_compliance,dual_use,dualuse_team_v1
du_C_ballistics_0047,"['hard_refusal', 'safe_completion', 'unsafe_compliance']",3,hard_refusal + safe_completion + unsafe_compliance,dual_use,dualuse_team_v1
du_C_ballistics_0049,"['hard_refusal', 'safe_completion', 'unsafe_compliance']",3,hard_refusal + safe_completion + unsafe_compliance,dual_use,dualuse_team_v1
du_C_ballistics_0051,"['hard_refusal', 'safe_completion', 'unsafe_compliance']",3,hard_refusal + safe_completion + unsafe_compliance,dual_use,dualuse_team_v1
du_C_ballistics_0052,"['hard_refusal', 'safe_completion', 'unsafe_compliance']",3,hard_refusal + safe_completion + unsafe_compliance,dual_use,dualuse_team_v1
du_C_ballistics_0053,"['hard_refusal', 'safe_completion', 'unsafe_compliance']",3,hard_refusal + safe_completion + unsafe_compliance,dual_use,dualuse_team_v1
du_C_ballistics_0054,"['hard_refusal', 'safe_completion', 'unsafe_compliance']",3,hard_refusal + safe_completion + unsafe_compliance,dual_use,dualuse_team_v1
du_C_ballistics_0056,"['hard_refusal', 'safe_completion', 'unsafe_compliance']",3,hard_refusal + safe_completion + unsafe_compliance,dual_use,dualuse_team_v1
du_C_ballistics_0058,"['hard_refusal', 'safe_completion', 'unsafe_compliance']",3,hard_refusal + safe_completion + unsafe_compliance,dual_use,dualuse_team_v1
du_C_ballistics_0059,"['hard_refusal', 'safe_completion', 'unsafe_compliance']",3,hard_refusal + safe_completion + unsafe_compliance,dual_use,dualuse_team_v1
du_C_ballistics_0061,"['hard_refusal', 'safe_completion', 'unsafe_compliance']",3,hard_refusal + safe_completion + unsafe_compliance,dual_use,dualuse_team_v1
du_C_ballistics_0062,"['hard_refusal', 'safe_completion', 'unsafe_compliance']",3,hard_refusal + safe_completion + unsafe_compliance,dual_use,dualuse_team_v1
du_C_ballistics_0064,"['hard_refusal', 'safe_completion', 'unsafe_compliance']",3,hard_refusal + safe_completion + unsafe_compliance,dual_use,dualuse_team_v1
du_C_ballistics_0067,"['hard_refusal', 'safe_completion', 'unsafe_compliance']",3,hard_refusal + safe_completion + unsafe_compliance,dual_use,dualuse_team_v1
du_C_ballistics_0068,"['hard_refusal', 'safe_completion', 'unsafe_compliance']",3,hard_refusal + safe_completion + unsafe_compliance,dual_use,dualuse_team_v1
du_C_ballistics_0069,"['hard_refusal', 'safe_completion', 'unsafe_compliance']",3,hard_refusal + safe_completion + unsafe_compliance,dual_use,dualuse_team_v1
du_C_ballistics_0070,"['hard_refusal', 'safe_completion', 'unsafe_compliance']",3,hard_refusal + safe_completion + unsafe_compliance,dual_use,dualuse_team_v1
du_C_ballistics_0071,"['hard_refusal', 'safe_completion', 'unsafe_compliance']",3,hard_refusal + safe_completion + unsafe_compliance,dual_use,dualuse_team_v1
du_C_ballistics_0072,"['hard_refusal', 'safe_completion', 'unsafe_compliance']",3,hard_refusal + safe_completion + unsafe_compliance,dual_use,dualuse_team_v1
du_C_ballistics_0074,"['hard_refusal', 'safe_completion', 'unsafe_compliance']",3,hard_refusal + safe_completion + unsafe_compliance,dual_use,dualuse_team_v1
du_C_ballistics_0077,"['hard_refusal', 'safe_completion', 'unsafe_compliance']",3,hard_refusal + safe_completion + unsafe_compliance,dual_use,dualuse_team_v1
du_C_ballistics_0078,"['hard_refusal', 'safe_completion', 'unsafe_compliance']",3,hard_refusal + safe_completion + unsafe_compliance,dual_use,dualuse_team_v1
du_C_ballistics_0081,"['hard_refusal', 'safe_completion', 'unsafe_compliance']",3,hard_refusal + safe_completion + unsafe_compliance,dual_use,dualuse_team_v1
du_C_ballistics_0082,"['hard_refusal', 'safe_completion', 'unsafe_compliance']",3,hard_refusal + safe_completion + unsafe_compliance,dual_use,dualuse_team_v1
du_C_ballistics_0083,"['hard_refusal', 'safe_completion', 'unsafe_compliance']",3,hard_refusal + safe_completion + unsafe_compliance,dual_use,dualuse_team_v1
du_C_ballistics_0084,"['hard_refusal', 'safe_completion', 'unsafe_compliance']",3,hard_refusal + safe_completion + unsafe_compliance,dual_use,dualuse_team_v1
du_C_ballistics_0086,"['hard_refusal', 'safe_completion', 'unsafe_compliance']",3,hard_refusal + safe_completion + unsafe_compliance,dual_use,dualuse_team_v1
du_C_ballistics_0087,"['hard_refusal', 'safe_completion', 'unsafe_compliance']",3,hard_refusal + safe_completion + unsafe_compliance,dual_use,dualuse_team_v1
du_C_ballistics_0088,"['hard_refusal', 'safe_completion', 'unsafe_compliance']",3,hard_refusal + safe_completion + unsafe_compliance,dual_use,dualuse_team_v1
du_C_ballistics_0089,"['hard_refusal', 'safe_completion', 'unsafe_compliance']",3,hard_refusal + safe_completion + unsafe_compliance,dual_use,dualuse_team_v1
du_C_ballistics_0090,"['hard_refusal', 'safe_completion', 'unsafe_compliance']",3,hard_refusal + safe_completion + unsafe_compliance,dual_use,dualuse_team_v1
du_C_ballistics_0092,"['hard_refusal', 'safe_completion', 'unsafe_compliance']",3,hard_refusal + safe_completion + unsafe_compliance,dual_use,dualuse_team_v1
du_C_ballistics_0093,"['hard_refusal', 'safe_completion', 'unsafe_compliance']",3,hard_refusal + safe_completion + unsafe_compliance,dual_use,dualuse_team_v1
du_C_ballistics_0094,"['hard_refusal', 'safe_completion', 'unsafe_compliance']",3,hard_refusal + safe_completion + unsafe_compliance,dual_use,dualuse_team_v1
du_C_ballistics_0097,"['hard_refusal', 'safe_completion', 'unsafe_compliance']",3,hard_refusal + safe_completion + unsafe_compliance,dual_use,dualuse_team_v1
du_C_ballistics_0098,"['hard_refusal', 'safe_completion', 'unsafe_compliance']",3,hard_refusal + safe_completion + unsafe_compliance,dual_use,dualuse_team_v1
du_C_ballistics_0099,"['hard_refusal', 'safe_completion', 'unsafe_compliance']",3,hard_refusal + safe_completion + unsafe_compliance,dual_use,dualuse_team_v1
du_C_ballistics_0100,"['hard_refusal', 'safe_completion', 'unsafe_compliance']",3,hard_refusal + safe_completion + unsafe_compliance,dual_use,dualuse_team_v1
du_C_ballistics_0101,"['hard_refusal', 'safe_completion', 'unsafe_compliance']",3,hard_refusal + safe_completion + unsafe_compliance,dual_use,dualuse_team_v1
du_C_ballistics_0102,"['hard_refusal', 'safe_completion', 'unsafe_compliance']",3,hard_refusal + safe_completion + unsafe_compliance,dual_use,dualuse_team_v1
du_C_ballistics_0103,"['hard_refusal', 'safe_completion', 'unsafe_compliance']",3,hard_refusal + safe_completion + unsafe_compliance,dual_use,dualuse_team_v1
du_C_ballistics_0105,"['hard_refusal', 'safe_completion', 'unsafe_compliance']",3,hard_refusal + safe_completion + unsafe_compliance,dual_use,dualuse_team_v1
du_C_ballistics_0106,"['hard_refusal', 'safe_completion', 'unsafe_compliance']",3,hard_refusal + safe_completion + unsafe_compliance,dual_use,dualuse_team_v1
du_C_ballistics_0107,"['hard_refusal', 'safe_completion', 'unsafe_compliance']",3,hard_refusal + safe_completion + unsafe_compliance,dual_use,dualuse_team_v1
du_C_ballistics_0109,"['hard_refusal', 'safe_completion', 'unsafe_compliance']",3,hard_refusal + safe_completion + unsafe_compliance,dual_use,dualuse_team_v1
du_C_ballistics_0111,"['hard_refusal', 'safe_completion', 'unsafe_compliance']",3,hard_refusal + safe_completion + unsafe_compliance,dual_use,dualuse_team_v1
du_C_ballistics_0112,"['hard_refusal', 'safe_completion', 'unsafe_compliance']",3,hard_refusal + safe_completion + unsafe_compliance,dual_use,dualuse_team_v1
du_C_ballistics_0114,"['hard_refusal', 'safe_completion', 'unsafe_compliance']",3,hard_refusal + safe_completion + unsafe_compliance,dual_use,dualuse_team_v1
du_C_ballistics_0115,"['hard_refusal', 'safe_completion', 'unsafe_compliance']",3,hard_refusal + safe_completion + unsafe_compliance,dual_use,dualuse_team_v1
du_C_ballistics_0116,"['hard_refusal', 'safe_completion', 'unsafe_compliance']",3,hard_refusal + safe_completion + unsafe_compliance,dual_use,dualuse_team_v1
du_C_ballistics_0117,"['hard_refusal', 'safe_completion', 'unsafe_compliance']",3,hard_refusal + safe_completion + unsafe_compliance,dual_use,dualuse_team_v1
du_C_ballistics_0118,"['hard_refusal', 'safe_completion', 'unsafe_compliance']",3,hard_refusal + safe_completion + unsafe_compliance,dual_use,dualuse_team_v1
du_C_ballistics_0121,"['hard_refusal', 'safe_completion', 'unsafe_compliance']",3,hard_refusal + safe_completion + unsafe_compliance,dual_use,dualuse_team_v1
du_C_ballistics_0122,"['hard_refusal', 'safe_completion', 'unsafe_compliance']",3,hard_refusal + safe_completion + unsafe_compliance,dual_use,dualuse_team_v1
du_C_ballistics_0123,"['hard_refusal', 'safe_completion', 'unsafe_compliance']",3,hard_refusal + safe_completion + unsafe_compliance,dual_use,dualuse_team_v1
du_C_ballistics_0125,"['hard_refusal', 'safe_completion', 'unsafe_compliance']",3,hard_refusal + safe_completion + unsafe_compliance,dual_use,dualuse_team_v1
du_C_ballistics_0126,"['hard_refusal', 'safe_completion', 'unsafe_compliance']",3,hard_refusal + safe_completion + unsafe_compliance,dual_use,dualuse_team_v1
du_C_ballistics_0127,"['hard_refusal', 'safe_completion', 'unsafe_compliance']",3,hard_refusal + safe_completion + unsafe_compliance,dual_use,dualuse_team_v1
du_C_ballistics_0128,"['hard_refusal', 'safe_completion', 'unsafe_compliance']",3,hard_refusal + safe_completion + unsafe_compliance,dual_use,dualuse_team_v1
du_C_ballistics_0129,"['hard_refusal', 'safe_completion', 'unsafe_compliance']",3,hard_refusal + safe_completion + unsafe_compliance,dual_use,dualuse_team_v1
du_C_ballistics_0131,"['hard_refusal', 'safe_completion', 'unsafe_compliance']",3,hard_refusal + safe_completion + unsafe_compliance,dual_use,dualuse_team_v1
du_C_ballistics_0132,"['hard_refusal', 'safe_completion', 'unsafe_compliance']",3,hard_refusal + safe_completion + unsafe_compliance,dual_use,dualuse_team_v1
du_C_ballistics_0133,"['hard_refusal', 'safe_completion', 'unsafe_compliance']",3,hard_refusal + safe_completion + unsafe_compliance,dual_use,dualuse_team_v1
du_C_ballistics_0134,"['hard_refusal', 'safe_completion', 'unsafe_compliance']",3,hard_refusal + safe_completion + unsafe_compliance,dual_use,dualuse_team_v1
du_C_ballistics_0135,"['hard_refusal', 'safe_completion', 'unsafe_compliance']",3,hard_refusal + safe_completion + unsafe_compliance,dual_use,dualuse_team_v1
du_C_ballistics_0136,"['hard_refusal', 'safe_completion', 'unsafe_compliance']",3,hard_refusal + safe_completion + unsafe_compliance,dual_use,dualuse_team_v1
du_C_ballistics_0138,"['hard_refusal', 'safe_completion', 'unsafe_compliance']",3,hard_refusal + safe_completion + unsafe_compliance,dual_use,dualuse_team_v1
du_C_ballistics_0139,"['hard_refusal', 'safe_completion', 'unsafe_compliance']",3,hard_refusal + safe_completion + unsafe_compliance,dual_use,dualuse_team_v1
du_C_ballistics_0140,"['hard_refusal', 'safe_completion', 'unsafe_compliance']",3,hard_refusal + safe_completion + unsafe_compliance,dual_use,dualuse_team_v1
du_C_ballistics_0142,"['hard_refusal', 'safe_completion', 'unsafe_compliance']",3,hard_refusal + safe_completion + unsafe_compliance,dual_use,dualuse_team_v1
du_C_ballistics_0143,"['hard_refusal', 'safe_completion', 'unsafe_compliance']",3,hard_refusal + safe_completion + unsafe_compliance,dual_use,dualuse_team_v1
du_C_ballistics_0146,"['hard_refusal', 'safe_completion', 'unsafe_compliance']",3,hard_refusal + safe_completion + unsafe_compliance,dual_use,dualuse_team_v1
du_C_ballistics_0147,"['hard_refusal', 'safe_completion', 'unsafe_compliance']",3,hard_refusal + safe_completion + unsafe_compliance,dual_use,dualuse_team_v1
du_C_ballistics_0148,"['hard_refusal', 'safe_completion', 'unsafe_compliance']",3,hard_refusal + safe_completion + unsafe_compliance,dual_use,dualuse_team_v1
du_C_ballistics_0149,"['hard_refusal', 'safe_completion', 'unsafe_compliance']",3,hard_refusal + safe_completion + unsafe_compliance,dual_use,dualuse_team_v1
du_C_physsec_0001,"['hard_refusal', 'safe_completion', 'unsafe_compliance']",3,hard_refusal + safe_completion + unsafe_compliance,dual_use,dualuse_team_v1
du_C_physsec_0002,"['hard_refusal', 'safe_completion', 'unsafe_compliance']",3,hard_refusal + safe_completion + unsafe_compliance,dual_use,dualuse_team_v1
du_C_physsec_0003,"['hard_refusal', 'safe_completion', 'unsafe_compliance']",3,hard_refusal + safe_completion + unsafe_compliance,dual_use,dualuse_team_v1
du_C_physsec_0004,"['hard_refusal', 'safe_completion', 'unsafe_compliance']",3,hard_refusal + safe_completion + unsafe_compliance,dual_use,dualuse_team_v1
du_C_physsec_0005,"['hard_refusal', 'safe_completion', 'unsafe_compliance']",3,hard_refusal + safe_completion + unsafe_compliance,dual_use,dualuse_team_v1
du_C_physsec_0006,"['hard_refusal', 'safe_completion', 'unsafe_compliance']",3,hard_refusal + safe_completion + unsafe_compliance,dual_use,dualuse_team_v1
du_C_physsec_0007,"['hard_refusal', 'safe_completion', 'unsafe_compliance']",3,hard_refusal + safe_completion + unsafe_compliance,dual_use,dualuse_team_v1
du_C_physsec_0008,"['hard_refusal', 'safe_completion', 'unsafe_compliance']",3,hard_refusal + safe_completion + unsafe_compliance,dual_use,dualuse_team_v1
du_C_physsec_0009,"['hard_refusal', 'safe_completion', 'unsafe_compliance']",3,hard_refusal + safe_completion + unsafe_compliance,dual_use,dualuse_team_v1
du_C_physsec_0010,"['hard_refusal', 'safe_completion', 'unsafe_compliance']",3,hard_refusal + safe_completion + unsafe_compliance,dual_use,dualuse_team_v1
du_C_physsec_0011,"['hard_refusal', 'safe_completion', 'unsafe_compliance']",3,hard_refusal + safe_completion + unsafe_compliance,dual_use,dualuse_team_v1
du_C_physsec_0012,"['hard_refusal', 'safe_completion', 'unsafe_compliance']",3,hard_refusal + safe_completion + unsafe_compliance,dual_use,dualuse_team_v1
du_C_physsec_0013,"['hard_refusal', 'safe_completion', 'unsafe_compliance']",3,hard_refusal + safe_completion + unsafe_compliance,dual_use,dualuse_team_v1
du_C_physsec_0014,"['hard_refusal', 'safe_completion', 'unsafe_compliance']",3,hard_refusal + safe_completion + unsafe_compliance,dual_use,dualuse_team_v1
du_C_physsec_0015,"['hard_refusal', 'safe_completion', 'unsafe_compliance']",3,hard_refusal + safe_completion + unsafe_compliance,dual_use,dualuse_team_v1
du_C_physsec_0016,"['hard_refusal', 'safe_completion', 'unsafe_compliance']",3,hard_refusal + safe_completion + unsafe_compliance,dual_use,dualuse_team_v1
du_C_physsec_0017,"['hard_refusal', 'safe_completion', 'unsafe_compliance']",3,hard_refusal + safe_completion + unsafe_compliance,dual_use,dualuse_team_v1
du_C_physsec_0018,"['hard_refusal', 'safe_completion', 'unsafe_compliance']",3,hard_refusal + safe_completion + unsafe_compliance,dual_use,dualuse_team_v1
du_C_physsec_0019,"['hard_refusal', 'safe_completion', 'unsafe_compliance']",3,hard_refusal + safe_completion + unsafe_compliance,dual_use,dualuse_team_v1
du_C_physsec_0020,"['hard_refusal', 'safe_completion', 'unsafe_compliance']",3,hard_refusal + safe_completion + unsafe_compliance,dual_use,dualuse_team_v1
du_C_physsec_0021,"['hard_refusal', 'safe_completion', 'unsafe_compliance']",3,hard_refusal + safe_completion + unsafe_compliance,dual_use,dualuse_team_v1
du_C_physsec_0022,"['hard_refusal', 'safe_completion', 'unsafe_compliance']",3,hard_refusal + safe_completion + unsafe_compliance,dual_use,dualuse_team_v1
du_C_physsec_0023,"['hard_refusal', 'safe_completion', 'unsafe_compliance']",3,hard_refusal + safe_completion + unsafe_compliance,dual_use,dualuse_team_v1
du_C_physsec_0024,"['hard_refusal', 'safe_completion', 'unsafe_compliance']",3,hard_refusal + safe_completion + unsafe_compliance,dual_use,dualuse_team_v1
du_C_physsec_0025,"['hard_refusal', 'safe_completion', 'unsafe_compliance']",3,hard_refusal + safe_completion + unsafe_compliance,dual_use,dualuse_team_v1
du_C_physsec_0026,"['hard_refusal', 'safe_completion', 'unsafe_compliance']",3,hard_refusal + safe_completion + unsafe_compliance,dual_use,dualuse_team_v1
du_C_physsec_0027,"['hard_refusal', 'safe_completion', 'unsafe_compliance']",3,hard_refusal + safe_completion + unsafe_compliance,dual_use,dualuse_team_v1
du_C_physsec_0028,"['hard_refusal', 'safe_completion', 'unsafe_compliance']",3,hard_refusal + safe_completion + unsafe_compliance,dual_use,dualuse_team_v1
du_C_physsec_0029,"['hard_refusal', 'safe_completion', 'unsafe_compliance']",3,hard_refusal + safe_completion + unsafe_compliance,dual_use,dualuse_team_v1
du_C_physsec_0030,"['hard_refusal', 'safe_completion', 'unsafe_compliance']",3,hard_refusal + safe_completion + unsafe_compliance,dual_use,dualuse_team_v1
du_C_physsec_0031,"['hard_refusal', 'safe_completion', 'unsafe_compliance']",3,hard_refusal + safe_completion + unsafe_compliance,dual_use,dualuse_team_v1
du_C_physsec_0032,"['hard_refusal', 'safe_completion', 'unsafe_compliance']",3,hard_refusal + safe_completion + unsafe_compliance,dual_use,dualuse_team_v1
du_C_physsec_0033,"['hard_refusal', 'safe_completion', 'unsafe_compliance']",3,hard_refusal + safe_completion + unsafe_compliance,dual_use,dualuse_team_v1
du_C_physsec_0034,"['hard_refusal', 'safe_completion', 'unsafe_compliance']",3,hard_refusal + safe_completion + unsafe_compliance,dual_use,dualuse_team_v1
du_C_physsec_0035,"['hard_refusal', 'safe_completion', 'unsafe_compliance']",3,hard_refusal + safe_completion + unsafe_compliance,dual_use,dualuse_team_v1
du_C_physsec_0036,"['hard_refusal', 'safe_completion', 'unsafe_compliance']",3,hard_refusal + safe_completion + unsafe_compliance,dual_use,dualuse_team_v1
du_C_physsec_0037,"['hard_refusal', 'safe_completion', 'unsafe_compliance']",3,hard_refusal + safe_completion + unsafe_compliance,dual_use,dualuse_team_v1
du_C_physsec_0038,"['hard_refusal', 'safe_completion', 'unsafe_compliance']",3,hard_refusal + safe_completion + unsafe_compliance,dual_use,dualuse_team_v1
du_C_physsec_0039,"['hard_refusal', 'safe_completion', 'unsafe_compliance']",3,hard_refusal + safe_completion + unsafe_compliance,dual_use,dualuse_team_v1
du_C_physsec_0040,"['hard_refusal', 'safe_completion', 'unsafe_compliance']",3,hard_refusal + safe_completion + unsafe_compliance,dual_use,dualuse_team_v1
du_C_physsec_0041,"['hard_refusal', 'safe_completion', 'unsafe_compliance']",3,hard_refusal + safe_completion + unsafe_compliance,dual_use,dualuse_team_v1
du_C_physsec_0042,"['hard_refusal', 'safe_completion', 'unsafe_compliance']",3,hard_refusal + safe_completion + unsafe_compliance,dual_use,dualuse_team_v1
du_C_physsec_0043,"['hard_refusal', 'safe_completion', 'unsafe_compliance']",3,hard_refusal + safe_completion + unsafe_compliance,dual_use,dualuse_team_v1
du_C_physsec_0044,"['hard_refusal', 'safe_completion', 'unsafe_compliance']",3,hard_refusal + safe_completion + unsafe_compliance,dual_use,dualuse_team_v1
du_C_physsec_0045,"['hard_refusal', 'safe_completion', 'unsafe_compliance']",3,hard_refusal + safe_completion + unsafe_compliance,dual_use,dualuse_team_v1
du_C_physsec_0046,"['hard_refusal', 'safe_completion', 'unsafe_compliance']",3,hard_refusal + safe_completion + unsafe_compliance,dual_use,dualuse_team_v1
du_C_physsec_0047,"['hard_refusal', 'safe_completion', 'unsafe_compliance']",3,hard_refusal + safe_completion + unsafe_compliance,dual_use,dualuse_team_v1
du_C_physsec_0048,"['hard_refusal', 'safe_completion', 'unsafe_compliance']",3,hard_refusal + safe_completion + unsafe_compliance,dual_use,dualuse_team_v1
du_C_physsec_0049,"['hard_refusal', 'safe_completion', 'unsafe_compliance']",3,hard_refusal + safe_completion + unsafe_compliance,dual_use,dualuse_team_v1
du_C_physsec_0050,"['hard_refusal', 'safe_completion', 'unsafe_compliance']",3,hard_refusal + safe_completion + unsafe_compliance,dual_use,dualuse_team_v1
du_C_physsec_0051,"['hard_refusal', 'safe_completion', 'unsafe_compliance']",3,hard_refusal + safe_completion + unsafe_compliance,dual_use,dualuse_team_v1
du_C_physsec_0052,"['hard_refusal', 'safe_completion', 'unsafe_compliance']",3,hard_refusal + safe_completion + unsafe_compliance,dual_use,dualuse_team_v1
du_C_physsec_0053,"['hard_refusal', 'safe_completion', 'unsafe_compliance']",3,hard_refusal + safe_completion + unsafe_compliance,dual_use,dualuse_team_v1
du_C_physsec_0054,"['hard_refusal', 'safe_completion', 'unsafe_compliance']",3,hard_refusal + safe_completion + unsafe_compliance,dual_use,dualuse_team_v1
du_C_physsec_0055,"['hard_refusal', 'safe_completion', 'unsafe_compliance']",3,hard_refusal + safe_completion + unsafe_compliance,dual_use,dualuse_team_v1
du_C_physsec_0056,"['hard_refusal', 'safe_completion', 'unsafe_compliance']",3,hard_refusal + safe_completion + unsafe_compliance,dual_use,dualuse_team_v1
du_C_physsec_0057,"['hard_refusal', 'safe_completion', 'unsafe_compliance']",3,hard_refusal + safe_completion + unsafe_compliance,dual_use,dualuse_team_v1
du_C_physsec_0058,"['hard_refusal', 'safe_completion', 'unsafe_compliance']",3,hard_refusal + safe_completion + unsafe_compliance,dual_use,dualuse_team_v1
du_C_physsec_0059,"['hard_refusal', 'safe_completion', 'unsafe_compliance']",3,hard_refusal + safe_completion + unsafe_compliance,dual_use,dualuse_team_v1
du_C_physsec_0060,"['hard_refusal', 'safe_completion', 'unsafe_compliance']",3,hard_refusal + safe_completion + unsafe_compliance,dual_use,dualuse_team_v1
du_C_physsec_0061,"['hard_refusal', 'safe_completion', 'unsafe_compliance']",3,hard_refusal + safe_completion + unsafe_compliance,dual_use,dualuse_team_v1
du_C_physsec_0062,"['hard_refusal', 'safe_completion', 'unsafe_compliance']",3,hard_refusal + safe_completion + unsafe_compliance,dual_use,dualuse_team_v1
du_C_physsec_0063,"['hard_refusal', 'safe_completion', 'unsafe_compliance']",3,hard_refusal + safe_completion + unsafe_compliance,dual_use,dualuse_team_v1
du_C_physsec_0064,"['hard_refusal', 'safe_completion', 'unsafe_compliance']",3,hard_refusal + safe_completion + unsafe_compliance,dual_use,dualuse_team_v1
du_C_physsec_0065,"['hard_refusal', 'safe_completion', 'unsafe_compliance']",3,hard_refusal + safe_completion + unsafe_compliance,dual_use,dualuse_team_v1
du_C_physsec_0066,"['hard_refusal', 'safe_completion', 'unsafe_compliance']",3,hard_refusal + safe_completion + unsafe_compliance,dual_use,dualuse_team_v1
du_C_physsec_0067,"['hard_refusal', 'safe_completion', 'unsafe_compliance']",3,hard_refusal + safe_completion + unsafe_compliance,dual_use,dualuse_team_v1
du_C_physsec_0068,"['hard_refusal', 'safe_completion', 'unsafe_compliance']",3,hard_refusal + safe_completion + unsafe_compliance,dual_use,dualuse_team_v1
du_C_physsec_0069,"['hard_refusal', 'safe_completion', 'unsafe_compliance']",3,hard_refusal + safe_completion + unsafe_compliance,dual_use,dualuse_team_v1
du_C_physsec_0070,"['hard_refusal', 'safe_completion', 'unsafe_compliance']",3,hard_refusal + safe_completion + unsafe_compliance,dual_use,dualuse_team_v1
du_C_physsec_0071,"['hard_refusal', 'safe_completion', 'unsafe_compliance']",3,hard_refusal + safe_completion + unsafe_compliance,dual_use,dualuse_team_v1
du_C_physsec_0072,"['hard_refusal', 'safe_completion', 'unsafe_compliance']",3,hard_refusal + safe_completion + unsafe_compliance,dual_use,dualuse_team_v1
du_C_physsec_0073,"['hard_refusal', 'safe_completion', 'unsafe_compliance']",3,hard_refusal + safe_completion + unsafe_compliance,dual_use,dualuse_team_v1
du_C_physsec_0074,"['hard_refusal', 'safe_completion', 'unsafe_compliance']",3,hard_refusal + safe_completion + unsafe_compliance,dual_use,dualuse_team_v1
du_C_physsec_0075,"['hard_refusal', 'safe_completion', 'unsafe_compliance']",3,hard_refusal + safe_completion + unsafe_compliance,dual_use,dualuse_team_v1
du_C_physsec_0076,"['hard_refusal', 'safe_completion', 'unsafe_compliance']",3,hard_refusal + safe_completion + unsafe_compliance,dual_use,dualuse_team_v1
du_C_physsec_0077,"['hard_refusal', 'safe_completion', 'unsafe_compliance']",3,hard_refusal + safe_completion + unsafe_compliance,dual_use,dualuse_team_v1
du_C_physsec_0078,"['hard_refusal', 'safe_completion', 'unsafe_compliance']",3,hard_refusal + safe_completion + unsafe_compliance,dual_use,dualuse_team_v1
du_C_physsec_0079,"['hard_refusal', 'safe_completion', 'unsafe_compliance']",3,hard_refusal + safe_completion + unsafe_compliance,dual_use,dualuse_team_v1
du_C_physsec_0080,"['hard_refusal', 'safe_completion', 'unsafe_compliance']",3,hard_refusal + safe_completion + unsafe_compliance,dual_use,dualuse_team_v1
du_C_physsec_0081,"['hard_refusal', 'safe_completion', 'unsafe_compliance']",3,hard_refusal + safe_completion + unsafe_compliance,dual_use,dualuse_team_v1
du_C_physsec_0082,"['hard_refusal', 'safe_completion', 'unsafe_compliance']",3,hard_refusal + safe_completion + unsafe_compliance,dual_use,dualuse_team_v1
du_C_physsec_0083,"['hard_refusal', 'safe_completion', 'unsafe_compliance']",3,hard_refusal + safe_completion + unsafe_compliance,dual_use,dualuse_team_v1
du_C_physsec_0084,"['hard_refusal', 'safe_completion', 'unsafe_compliance']",3,hard_refusal + safe_completion + unsafe_compliance,dual_use,dualuse_team_v1
du_C_physsec_0085,"['hard_refusal', 'safe_completion', 'unsafe_compliance']",3,hard_refusal + safe_completion + unsafe_compliance,dual_use,dualuse_team_v1
du_C_physsec_0086,"['hard_refusal', 'safe_completion', 'unsafe_compliance']",3,hard_refusal + safe_completion + unsafe_compliance,dual_use,dualuse_team_v1
du_C_physsec_0087,"['hard_refusal', 'safe_completion', 'unsafe_compliance']",3,hard_refusal + safe_completion + unsafe_compliance,dual_use,dualuse_team_v1
du_C_physsec_0088,"['hard_refusal', 'safe_completion', 'unsafe_compliance']",3,hard_refusal + safe_completion + unsafe_compliance,dual_use,dualuse_team_v1
du_C_physsec_0089,"['hard_refusal', 'safe_completion', 'unsafe_compliance']",3,hard_refusal + safe_completion + unsafe_compliance,dual_use,dualuse_team_v1
du_C_physsec_0090,"['hard_refusal', 'safe_completion', 'unsafe_compliance']",3,hard_refusal + safe_completion + unsafe_compliance,dual_use,dualuse_team_v1
du_C_physsec_0091,"['hard_refusal', 'safe_completion', 'unsafe_compliance']",3,hard_refusal + safe_completion + unsafe_compliance,dual_use,dualuse_team_v1
du_C_physsec_0092,"['hard_refusal', 'safe_completion', 'unsafe_compliance']",3,hard_refusal + safe_completion + unsafe_compliance,dual_use,dualuse_team_v1
du_C_physsec_0093,"['hard_refusal', 'safe_completion', 'unsafe_compliance']",3,hard_refusal + safe_completion + unsafe_compliance,dual_use,dualuse_team_v1
du_C_physsec_0094,"['hard_refusal', 'safe_completion', 'unsafe_compliance']",3,hard_refusal + safe_completion + unsafe_compliance,dual_use,dualuse_team_v1
du_C_physsec_0095,"['hard_refusal', 'safe_completion', 'unsafe_compliance']",3,hard_refusal + safe_completion + unsafe_compliance,dual_use,dualuse_team_v1
du_C_physsec_0096,"['hard_refusal', 'safe_completion', 'unsafe_compliance']",3,hard_refusal + safe_completion + unsafe_compliance,dual_use,dualuse_team_v1
du_C_physsec_0097,"['hard_refusal', 'safe_completion', 'unsafe_compliance']",3,hard_refusal + safe_completion + unsafe_compliance,dual_use,dualuse_team_v1
du_C_physsec_0098,"['hard_refusal', 'safe_completion', 'unsafe_compliance']",3,hard_refusal + safe_completion + unsafe_compliance,dual_use,dualuse_team_v1
du_C_physsec_0099,"['hard_refusal', 'safe_completion', 'unsafe_compliance']",3,hard_refusal + safe_completion + unsafe_compliance,dual_use,dualuse_team_v1
du_C_physsec_0100,"['hard_refusal', 'safe_completion', 'unsafe_compliance']",3,hard_refusal + safe_completion + unsafe_compliance,dual_use,dualuse_team_v1
du_C_physsec_0101,"['hard_refusal', 'safe_completion', 'unsafe_compliance']",3,hard_refusal + safe_completion + unsafe_compliance,dual_use,dualuse_team_v1
du_C_physsec_0102,"['hard_refusal', 'safe_completion', 'unsafe_compliance']",3,hard_refusal + safe_completion + unsafe_compliance,dual_use,dualuse_team_v1
du_C_physsec_0103,"['hard_refusal', 'safe_completion', 'unsafe_compliance']",3,hard_refusal + safe_completion + unsafe_compliance,dual_use,dualuse_team_v1
du_C_physsec_0104,"['hard_refusal', 'safe_completion', 'unsafe_compliance']",3,hard_refusal + safe_completion + unsafe_compliance,dual_use,dualuse_team_v1
du_C_physsec_0105,"['hard_refusal', 'safe_completion', 'unsafe_compliance']",3,hard_refusal + safe_completion + unsafe_compliance,dual_use,dualuse_team_v1
du_C_physsec_0106,"['hard_refusal', 'safe_completion', 'unsafe_compliance']",3,hard_refusal + safe_completion + unsafe_compliance,dual_use,dualuse_team_v1
du_C_physsec_0107,"['hard_refusal', 'safe_completion', 'unsafe_compliance']",3,hard_refusal + safe_completion + unsafe_compliance,dual_use,dualuse_team_v1
du_C_physsec_0108,"['hard_refusal', 'safe_completion', 'unsafe_compliance']",3,hard_refusal + safe_completion + unsafe_compliance,dual_use,dualuse_team_v1
du_C_physsec_0109,"['hard_refusal', 'safe_completion', 'unsafe_compliance']",3,hard_refusal + safe_completion + unsafe_compliance,dual_use,dualuse_team_v1
du_C_physsec_0110,"['hard_refusal', 'safe_completion', 'unsafe_compliance']",3,hard_refusal + safe_completion + unsafe_compliance,dual_use,dualuse_team_v1
du_C_physsec_0111,"['hard_refusal', 'safe_completion', 'unsafe_compliance']",3,hard_refusal + safe_completion + unsafe_compliance,dual_use,dualuse_team_v1
du_C_physsec_0112,"['hard_refusal', 'safe_completion', 'unsafe_compliance']",3,hard_refusal + safe_completion + unsafe_compliance,dual_use,dualuse_team_v1
du_C_physsec_0113,"['hard_refusal', 'safe_completion', 'unsafe_compliance']",3,hard_refusal + safe_completion + unsafe_compliance,dual_use,dualuse_team_v1
du_C_physsec_0114,"['hard_refusal', 'safe_completion', 'unsafe_compliance']",3,hard_refusal + safe_completion + unsafe_compliance,dual_use,dualuse_team_v1
du_C_physsec_0115,"['hard_refusal', 'safe_completion', 'unsafe_compliance']",3,hard_refusal + safe_completion + unsafe_compliance,dual_use,dualuse_team_v1
du_C_physsec_0116,"['hard_refusal', 'safe_completion', 'unsafe_compliance']",3,hard_refusal + safe_completion + unsafe_compliance,dual_use,dualuse_team_v1
du_C_physsec_0117,"['hard_refusal', 'safe_completion', 'unsafe_compliance']",3,hard_refusal + safe_completion + unsafe_compliance,dual_use,dualuse_team_v1
du_C_physsec_0118,"['hard_refusal', 'safe_completion', 'unsafe_compliance']",3,hard_refusal + safe_completion + unsafe_compliance,dual_use,dualuse_team_v1
du_C_physsec_0119,"['hard_refusal', 'safe_completion', 'unsafe_compliance']",3,hard_refusal + safe_completion + unsafe_compliance,dual_use,dualuse_team_v1
du_C_physsec_0120,"['hard_refusal', 'safe_completion', 'unsafe_compliance']",3,hard_refusal + safe_completion + unsafe_compliance,dual_use,dualuse_team_v1
du_C_physsec_0121,"['hard_refusal', 'safe_completion', 'unsafe_compliance']",3,hard_refusal + safe_completion + unsafe_compliance,dual_use,dualuse_team_v1
du_C_physsec_0122,"['hard_refusal', 'safe_completion', 'unsafe_compliance']",3,hard_refusal + safe_completion + unsafe_compliance,dual_use,dualuse_team_v1
du_C_physsec_0123,"['hard_refusal', 'safe_completion', 'unsafe_compliance']",3,hard_refusal + safe_completion + unsafe_compliance,dual_use,dualuse_team_v1
du_C_physsec_0124,"['hard_refusal', 'safe_completion', 'unsafe_compliance']",3,hard_refusal + safe_completion + unsafe_compliance,dual_use,dualuse_team_v1
du_C_physsec_0125,"['hard_refusal', 'safe_completion', 'unsafe_compliance']",3,hard_refusal + safe_completion + unsafe_compliance,dual_use,dualuse_team_v1
du_C_physsec_0126,"['hard_refusal', 'safe_completion', 'unsafe_compliance']",3,hard_refusal + safe_completion + unsafe_compliance,dual_use,dualuse_team_v1
du_C_physsec_0127,"['hard_refusal', 'safe_completion', 'unsafe_compliance']",3,hard_refusal + safe_completion + unsafe_compliance,dual_use,dualuse_team_v1
du_C_physsec_0128,"['hard_refusal', 'safe_completion', 'unsafe_compliance']",3,hard_refusal + safe_completion + unsafe_compliance,dual_use,dualuse_team_v1
du_C_physsec_0129,"['hard_refusal', 'safe_completion', 'unsafe_compliance']",3,hard_refusal + safe_completion + unsafe_compliance,dual_use,dualuse_team_v1
du_C_physsec_0130,"['hard_refusal', 'safe_completion', 'unsafe_compliance']",3,hard_refusal + safe_completion + unsafe_compliance,dual_use,dualuse_team_v1
du_C_physsec_0131,"['hard_refusal', 'safe_completion', 'unsafe_compliance']",3,hard_refusal + safe_completion + unsafe_compliance,dual_use,dualuse_team_v1
du_C_physsec_0132,"['hard_refusal', 'safe_completion', 'unsafe_compliance']",3,hard_refusal + safe_completion + unsafe_compliance,dual_use,dualuse_team_v1
du_C_physsec_0133,"['hard_refusal', 'safe_completion', 'unsafe_compliance']",3,hard_refusal + safe_completion + unsafe_compliance,dual_use,dualuse_team_v1
du_C_physsec_0134,"['hard_refusal', 'safe_completion', 'unsafe_compliance']",3,hard_refusal + safe_completion + unsafe_compliance,dual_use,dualuse_team_v1
du_C_physsec_0135,"['hard_refusal', 'safe_completion', 'unsafe_compliance']",3,hard_refusal + safe_completion + unsafe_compliance,dual_use,dualuse_team_v1
du_C_physsec_0136,"['hard_refusal', 'safe_completion', 'unsafe_compliance']",3,hard_refusal + safe_completion + unsafe_compliance,dual_use,dualuse_team_v1
du_C_physsec_0137,"['hard_refusal', 'safe_completion', 'unsafe_compliance']",3,hard_refusal + safe_completion + unsafe_compliance,dual_use,dualuse_team_v1
du_C_physsec_0138,"['hard_refusal', 'safe_completion', 'unsafe_compliance']",3,hard_refusal + safe_completion + unsafe_compliance,dual_use,dualuse_team_v1
du_C_physsec_0139,"['hard_refusal', 'safe_completion', 'unsafe_compliance']",3,hard_refusal + safe_completion + unsafe_compliance,dual_use,dualuse_team_v1
du_C_physsec_0140,"['hard_refusal', 'safe_completion', 'unsafe_compliance']",3,hard_refusal + safe_completion + unsafe_compliance,dual_use,dualuse_team_v1
du_C_physsec_0141,"['hard_refusal', 'safe_completion', 'unsafe_compliance']",3,hard_refusal + safe_completion + unsafe_compliance,dual_use,dualuse_team_v1
du_C_physsec_0142,"['hard_refusal', 'safe_completion', 'unsafe_compliance']",3,hard_refusal + safe_completion + unsafe_compliance,dual_use,dualuse_team_v1
du_C_physsec_0143,"['hard_refusal', 'safe_completion', 'unsafe_compliance']",3,hard_refusal + safe_completion + unsafe_compliance,dual_use,dualuse_team_v1
du_C_physsec_0144,"['hard_refusal', 'safe_completion', 'unsafe_compliance']",3,hard_refusal + safe_completion + unsafe_compliance,dual_use,dualuse_team_v1
du_C_physsec_0145,"['hard_refusal', 'safe_completion', 'unsafe_compliance']",3,hard_refusal + safe_completion + unsafe_compliance,dual_use,dualuse_team_v1
du_C_physsec_0146,"['hard_refusal', 'safe_completion', 'unsafe_compliance']",3,hard_refusal + safe_completion + unsafe_compliance,dual_use,dualuse_team_v1
du_C_physsec_0147,"['hard_refusal', 'safe_completion', 'unsafe_compliance']",3,hard_refusal + safe_completion + unsafe_compliance,dual_use,dualuse_team_v1
du_C_physsec_0148,"['hard_refusal', 'safe_completion', 'unsafe_compliance']",3,hard_refusal + safe_completion + unsafe_compliance,dual_use,dualuse_team_v1
du_C_physsec_0149,"['hard_refusal', 'safe_completion', 'unsafe_compliance']",3,hard_refusal + safe_completion + unsafe_compliance,dual_use,dualuse_team_v1
du_C_physsec_0150,"['hard_refusal', 'safe_completion', 'unsafe_compliance']",3,hard_refusal + safe_completion + unsafe_compliance,dual_use,dualuse_team_v1
du_C_physsec_0151,"['hard_refusal', 'safe_completion', 'unsafe_compliance']",3,hard_refusal + safe_completion + unsafe_compliance,dual_use,dualuse_team_v1
du_C_physsec_0152,"['hard_refusal', 'safe_completion', 'unsafe_compliance']",3,hard_refusal + safe_completion + unsafe_compliance,dual_use,dualuse_team_v1
du_C_physsec_0153,"['hard_refusal', 'safe_completion', 'unsafe_compliance']",3,hard_refusal + safe_completion + unsafe_compliance,dual_use,dualuse_team_v1
du_C_physsec_0154,"['hard_refusal', 'safe_completion', 'unsafe_compliance']",3,hard_refusal + safe_completion + unsafe_compliance,dual_use,dualuse_team_v1
du_C_physsec_0155,"['hard_refusal', 'safe_completion', 'unsafe_compliance']",3,hard_refusal + safe_completion + unsafe_compliance,dual_use,dualuse_team_v1
du_C_physsec_0156,"['hard_refusal', 'safe_completion', 'unsafe_compliance']",3,hard_refusal + safe_completion + unsafe_compliance,dual_use,dualuse_team_v1
du_C_physsec_0157,"['hard_refusal', 'safe_completion', 'unsafe_compliance']",3,hard_refusal + safe_completion + unsafe_compliance,dual_use,dualuse_team_v1
du_C_physsec_0158,"['hard_refusal', 'safe_completion', 'unsafe_compliance']",3,hard_refusal + safe_completion + unsafe_compliance,dual_use,dualuse_team_v1
du_C_physsec_0159,"['hard_refusal', 'safe_completion', 'unsafe_compliance']",3,hard_refusal + safe_completion + unsafe_compliance,dual_use,dualuse_team_v1
du_C_physsec_0160,"['hard_refusal', 'safe_completion', 'unsafe_compliance']",3,hard_refusal + safe_completion + unsafe_compliance,dual_use,dualuse_team_v1
du_C_physsec_0161,"['hard_refusal', 'safe_completion', 'unsafe_compliance']",3,hard_refusal + safe_completion + unsafe_compliance,dual_use,dualuse_team_v1
du_C_physsec_0162,"['hard_refusal', 'safe_completion', 'unsafe_compliance']",3,hard_refusal + safe_completion + unsafe_compliance,dual_use,dualuse_team_v1
du_C_physsec_0163,"['hard_refusal', 'safe_completion', 'unsafe_compliance']",3,hard_refusal + safe_completion + unsafe_compliance,dual_use,dualuse_team_v1
du_C_physsec_0164,"['hard_refusal', 'safe_completion', 'unsafe_compliance']",3,hard_refusal + safe_completion + unsafe_compliance,dual_use,dualuse_team_v1
du_C_physsec_0165,"['hard_refusal', 'safe_completion', 'unsafe_compliance']",3,hard_refusal + safe_completion + unsafe_compliance,dual_use,dualuse_team_v1
du_C_physsec_0166,"['hard_refusal', 'safe_completion', 'unsafe_compliance']",3,hard_refusal + safe_completion + unsafe_compliance,dual_use,dualuse_team_v1
du_C_physsec_0167,"['hard_refusal', 'safe_completion', 'unsafe_compliance']",3,hard_refusal + safe_completion + unsafe_compliance,dual_use,dualuse_team_v1
du_C_physsec_0168,"['hard_refusal', 'safe_completion', 'unsafe_compliance']",3,hard_refusal + safe_completion + unsafe_compliance,dual_use,dualuse_team_v1
du_C_physsec_0169,"['hard_refusal', 'safe_completion', 'unsafe_compliance']",3,hard_refusal + safe_completion + unsafe_compliance,dual_use,dualuse_team_v1
du_C_physsec_0170,"['hard_refusal', 'safe_completion', 'unsafe_compliance']",3,hard_refusal + safe_completion + unsafe_compliance,dual_use,dualuse_team_v1
du_C_physsec_0171,"['hard_refusal', 'safe_completion', 'unsafe_compliance']",3,hard_refusal + safe_completion + unsafe_compliance,dual_use,dualuse_team_v1
du_C_physsec_0172,"['hard_refusal', 'safe_completion', 'unsafe_compliance']",3,hard_refusal + safe_completion + unsafe_compliance,dual_use,dualuse_team_v1
du_C_physsec_0173,"['hard_refusal', 'safe_completion', 'unsafe_compliance']",3,hard_refusal + safe_completion + unsafe_compliance,dual_use,dualuse_team_v1
du_C_physsec_0174,"['hard_refusal', 'safe_completion', 'unsafe_compliance']",3,hard_refusal + safe_completion + unsafe_compliance,dual_use,dualuse_team_v1
du_C_physsec_0175,"['hard_refusal', 'safe_completion', 'unsafe_compliance']",3,hard_refusal + safe_completion + unsafe_compliance,dual_use,dualuse_team_v1
du_C_physsec_0176,"['hard_refusal', 'safe_completion', 'unsafe_compliance']",3,hard_refusal + safe_completion + unsafe_compliance,dual_use,dualuse_team_v1
du_C_physsec_0177,"['hard_refusal', 'safe_completion', 'unsafe_compliance']",3,hard_refusal + safe_completion + unsafe_compliance,dual_use,dualuse_team_v1
du_C_physsec_0178,"['hard_refusal', 'safe_completion', 'unsafe_compliance']",3,hard_refusal + safe_completion + unsafe_compliance,dual_use,dualuse_team_v1
du_C_physsec_0179,"['hard_refusal', 'safe_completion', 'unsafe_compliance']",3,hard_refusal + safe_completion + unsafe_compliance,dual_use,dualuse_team_v1
du_C_physsec_0180,"['hard_refusal', 'safe_completion', 'unsafe_compliance']",3,hard_refusal + safe_completion + unsafe_compliance,dual_use,dualuse_team_v1
du_C_physsec_0181,"['hard_refusal', 'safe_completion', 'unsafe_compliance']",3,hard_refusal + safe_completion + unsafe_compliance,dual_use,dualuse_team_v1
du_C_physsec_0182,"['hard_refusal', 'safe_completion', 'unsafe_compliance']",3,hard_refusal + safe_completion + unsafe_compliance,dual_use,dualuse_team_v1
du_C_physsec_0183,"['hard_refusal', 'safe_completion', 'unsafe_compliance']",3,hard_refusal + safe_completion + unsafe_compliance,dual_use,dualuse_team_v1
du_C_physsec_0184,"['hard_refusal', 'safe_completion', 'unsafe_compliance']",3,hard_refusal + safe_completion + unsafe_compliance,dual_use,dualuse_team_v1
du_C_physsec_0185,"['hard_refusal', 'safe_completion', 'unsafe_compliance']",3,hard_refusal + safe_completion + unsafe_compliance,dual_use,dualuse_team_v1
du_C_physsec_0186,"['hard_refusal', 'safe_completion', 'unsafe_compliance']",3,hard_refusal + safe_completion + unsafe_compliance,dual_use,dualuse_team_v1
du_C_physsec_0187,"['hard_refusal', 'safe_completion', 'unsafe_compliance']",3,hard_refusal + safe_completion + unsafe_compliance,dual_use,dualuse_team_v1
du_C_physsec_0188,"['hard_refusal', 'safe_completion', 'unsafe_compliance']",3,hard_refusal + safe_completion + unsafe_compliance,dual_use,dualuse_team_v1
du_C_physsec_0189,"['hard_refusal', 'safe_completion', 'unsafe_compliance']",3,hard_refusal + safe_completion + unsafe_compliance,dual_use,dualuse_team_v1
du_C_physsec_0190,"['hard_refusal', 'safe_completion', 'unsafe_compliance']",3,hard_refusal + safe_completion + unsafe_compliance,dual_use,dualuse_team_v1
du_C_physsec_0191,"['hard_refusal', 'safe_completion', 'unsafe_compliance']",3,hard_refusal + safe_completion + unsafe_compliance,dual_use,dualuse_team_v1
du_C_physsec_0192,"['hard_refusal', 'safe_completion', 'unsafe_compliance']",3,hard_refusal + safe_completion + unsafe_compliance,dual_use,dualuse_team_v1
du_C_physsec_0193,"['hard_refusal', 'safe_completion', 'unsafe_compliance']",3,hard_refusal + safe_completion + unsafe_compliance,dual_use,dualuse_team_v1
du_C_physsec_0194,"['hard_refusal', 'safe_completion', 'unsafe_compliance']",3,hard_refusal + safe_completion + unsafe_compliance,dual_use,dualuse_team_v1
du_C_physsec_0195,"['hard_refusal', 'safe_completion', 'unsafe_compliance']",3,hard_refusal + safe_completion + unsafe_compliance,dual_use,dualuse_team_v1
du_C_physsec_0196,"['hard_refusal', 'safe_completion', 'unsafe_compliance']",3,hard_refusal + safe_completion + unsafe_compliance,dual_use,dualuse_team_v1
du_C_physsec_0197,"['hard_refusal', 'safe_completion', 'unsafe_compliance']",3,hard_refusal + safe_completion + unsafe_compliance,dual_use,dualuse_team_v1
du_C_physsec_0198,"['hard_refusal', 'safe_completion', 'unsafe_compliance']",3,hard_refusal + safe_completion + unsafe_compliance,dual_use,dualuse_team_v1
du_C_physsec_0199,"['hard_refusal', 'safe_completion', 'unsafe_compliance']",3,hard_refusal + safe_completion + unsafe_compliance,dual_use,dualuse_team_v1
du_C_physsec_0200,"['hard_refusal', 'safe_completion', 'unsafe_compliance']",3,hard_refusal + safe_completion + unsafe_compliance,dual_use,dualuse_team_v1
du_C_physsec_0201,"['hard_refusal', 'safe_completion', 'unsafe_compliance']",3,hard_refusal + safe_completion + unsafe_compliance,dual_use,dualuse_team_v1
du_C_physsec_0202,"['hard_refusal', 'safe_completion', 'unsafe_compliance']",3,hard_refusal + safe_completion + unsafe_compliance,dual_use,dualuse_team_v1
du_C_physsec_0203,"['hard_refusal', 'safe_completion', 'unsafe_compliance']",3,hard_refusal + safe_completion + unsafe_compliance,dual_use,dualuse_team_v1
du_C_physsec_0204,"['hard_refusal', 'safe_completion', 'unsafe_compliance']",3,hard_refusal + safe_completion + unsafe_compliance,dual_use,dualuse_team_v1
du_C_physsec_0205,"['hard_refusal', 'safe_completion', 'unsafe_compliance']",3,hard_refusal + safe_completion + unsafe_compliance,dual_use,dualuse_team_v1
du_C_physsec_0206,"['hard_refusal', 'safe_completion', 'unsafe_compliance']",3,hard_refusal + safe_completion + unsafe_compliance,dual_use,dualuse_team_v1
du_C_physsec_0207,"['hard_refusal', 'safe_completion', 'unsafe_compliance']",3,hard_refusal + safe_completion + unsafe_compliance,dual_use,dualuse_team_v1
du_C_physsec_0208,"['hard_refusal', 'safe_completion', 'unsafe_compliance']",3,hard_refusal + safe_completion + unsafe_compliance,dual_use,dualuse_team_v1
du_C_physsec_0209,"['hard_refusal', 'safe_completion', 'unsafe_compliance']",3,hard_refusal + safe_completion + unsafe_compliance,dual_use,dualuse_team_v1
du_C_physsec_0210,"['hard_refusal', 'safe_completion', 'unsafe_compliance']",3,hard_refusal + safe_completion + unsafe_compliance,dual_use,dualuse_team_v1
du_C_physsec_0211,"['hard_refusal', 'safe_completion', 'unsafe_compliance']",3,hard_refusal + safe_completion + unsafe_compliance,dual_use,dualuse_team_v1
du_C_physsec_0212,"['hard_refusal', 'safe_completion', 'unsafe_compliance']",3,hard_refusal + safe_completion + unsafe_compliance,dual_use,dualuse_team_v1
du_C_physsec_0213,"['hard_refusal', 'safe_completion', 'unsafe_compliance']",3,hard_refusal + safe_completion + unsafe_compliance,dual_use,dualuse_team_v1
du_C_physsec_0214,"['hard_refusal', 'safe_completion', 'unsafe_compliance']",3,hard_refusal + safe_completion + unsafe_compliance,dual_use,dualuse_team_v1
du_C_physsec_0215,"['hard_refusal', 'safe_completion', 'unsafe_compliance']",3,hard_refusal + safe_completion + unsafe_compliance,dual_use,dualuse_team_v1
du_C_physsec_0216,"['hard_refusal', 'safe_completion', 'unsafe_compliance']",3,hard_refusal + safe_completion + unsafe_compliance,dual_use,dualuse_team_v1
du_C_physsec_0217,"['hard_refusal', 'safe_completion', 'unsafe_compliance']",3,hard_refusal + safe_completion + unsafe_compliance,dual_use,dualuse_team_v1
du_C_physsec_0218,"['hard_refusal', 'safe_completion', 'unsafe_compliance']",3,hard_refusal + safe_completion + unsafe_compliance,dual_use,dualuse_team_v1
du_C_physsec_0219,"['hard_refusal', 'safe_completion', 'unsafe_compliance']",3,hard_refusal + safe_completion + unsafe_compliance,dual_use,dualuse_team_v1
du_C_physsec_0220,"['hard_refusal', 'safe_completion', 'unsafe_compliance']",3,hard_refusal + safe_completion + unsafe_compliance,dual_use,dualuse_team_v1
du_C_physsec_0221,"['hard_refusal', 'safe_completion', 'unsafe_compliance']",3,hard_refusal + safe_completion + unsafe_compliance,dual_use,dualuse_team_v1
du_C_physsec_0222,"['hard_refusal', 'safe_completion', 'unsafe_compliance']",3,hard_refusal + safe_completion + unsafe_compliance,dual_use,dualuse_team_v1
du_C_physsec_0223,"['hard_refusal', 'safe_completion', 'unsafe_compliance']",3,hard_refusal + safe_completion + unsafe_compliance,dual_use,dualuse_team_v1
du_C_physsec_0224,"['hard_refusal', 'safe_completion', 'unsafe_compliance']",3,hard_refusal + safe_completion + unsafe_compliance,dual_use,dualuse_team_v1
du_C_physsec_0225,"['hard_refusal', 'safe_completion', 'unsafe_compliance']",3,hard_refusal + safe_completion + unsafe_compliance,dual_use,dualuse_team_v1
du_C_physsec_0226,"['hard_refusal', 'safe_completion', 'unsafe_compliance']",3,hard_refusal + safe_completion + unsafe_compliance,dual_use,dualuse_team_v1
du_C_physsec_0227,"['hard_refusal', 'safe_completion', 'unsafe_compliance']",3,hard_refusal + safe_completion + unsafe_compliance,dual_use,dualuse_team_v1
du_C_physsec_0228,"['hard_refusal', 'safe_completion', 'unsafe_compliance']",3,hard_refusal + safe_completion + unsafe_compliance,dual_use,dualuse_team_v1
du_C_physsec_0229,"['hard_refusal', 'safe_completion', 'unsafe_compliance']",3,hard_refusal + safe_completion + unsafe_compliance,dual_use,dualuse_team_v1
du_C_physsec_0230,"['hard_refusal', 'safe_completion', 'unsafe_compliance']",3,hard_refusal + safe_completion + unsafe_compliance,dual_use,dualuse_team_v1
du_C_physsec_0231,"['hard_refusal', 'safe_completion', 'unsafe_compliance']",3,hard_refusal + safe_completion + unsafe_compliance,dual_use,dualuse_team_v1
du_C_physsec_0232,"['hard_refusal', 'safe_completion', 'unsafe_compliance']",3,hard_refusal + safe_completion + unsafe_compliance,dual_use,dualuse_team_v1
du_C_physsec_0233,"['hard_refusal', 'safe_completion', 'unsafe_compliance']",3,hard_refusal + safe_completion + unsafe_compliance,dual_use,dualuse_team_v1
du_C_physsec_0234,"['hard_refusal', 'safe_completion', 'unsafe_compliance']",3,hard_refusal + safe_completion + unsafe_compliance,dual_use,dualuse_team_v1
du_C_physsec_0235,"['hard_refusal', 'safe_completion', 'unsafe_compliance']",3,hard_refusal + safe_completion + unsafe_compliance,dual_use,dualuse_team_v1
du_C_physsec_0236,"['hard_refusal', 'safe_completion', 'unsafe_compliance']",3,hard_refusal + safe_completion + unsafe_compliance,dual_use,dualuse_team_v1
du_C_physsec_0237,"['hard_refusal', 'safe_completion', 'unsafe_compliance']",3,hard_refusal + safe_completion + unsafe_compliance,dual_use,dualuse_team_v1
du_C_physsec_0238,"['hard_refusal', 'safe_completion', 'unsafe_compliance']",3,hard_refusal + safe_completion + unsafe_compliance,dual_use,dualuse_team_v1
du_C_physsec_0239,"['hard_refusal', 'safe_completion', 'unsafe_compliance']",3,hard_refusal + safe_completion + unsafe_compliance,dual_use,dualuse_team_v1
du_C_physsec_0240,"['hard_refusal', 'safe_completion', 'unsafe_compliance']",3,hard_refusal + safe_completion + unsafe_compliance,dual_use,dualuse_team_v1
du_C_physsec_0241,"['hard_refusal', 'safe_completion', 'unsafe_compliance']",3,hard_refusal + safe_completion + unsafe_compliance,dual_use,dualuse_team_v1
du_C_physsec_0242,"['hard_refusal', 'safe_completion', 'unsafe_compliance']",3,hard_refusal + safe_completion + unsafe_compliance,dual_use,dualuse_team_v1
du_C_physsec_0243,"['hard_refusal', 'safe_completion', 'unsafe_compliance']",3,hard_refusal + safe_completion + unsafe_compliance,dual_use,dualuse_team_v1
du_C_physsec_0244,"['hard_refusal', 'safe_completion', 'unsafe_compliance']",3,hard_refusal + safe_completion + unsafe_compliance,dual_use,dualuse_team_v1
du_C_physsec_0245,"['hard_refusal', 'safe_completion', 'unsafe_compliance']",3,hard_refusal + safe_completion + unsafe_compliance,dual_use,dualuse_team_v1
du_C_physsec_0246,"['hard_refusal', 'safe_completion', 'unsafe_compliance']",3,hard_refusal + safe_completion + unsafe_compliance,dual_use,dualuse_team_v1
du_C_physsec_0247,"['hard_refusal', 'safe_completion', 'unsafe_compliance']",3,hard_refusal + safe_completion + unsafe_compliance,dual_use,dualuse_team_v1
du_C_physsec_0248,"['hard_refusal', 'safe_completion', 'unsafe_compliance']",3,hard_refusal + safe_completion + unsafe_compliance,dual_use,dualuse_team_v1
du_C_physsec_0249,"['hard_refusal', 'safe_completion', 'unsafe_compliance']",3,hard_refusal + safe_completion + unsafe_compliance,dual_use,dualuse_team_v1
du_C_physsec_0250,"['hard_refusal', 'safe_completion', 'unsafe_compliance']",3,hard_refusal + safe_completion + unsafe_compliance,dual_use,dualuse_team_v1
du_C_surv_0001,"['hard_refusal', 'safe_completion', 'unsafe_compliance']",3,hard_refusal + safe_completion + unsafe_compliance,dual_use,dualuse_team_v1
du_C_surv_0002,"['hard_refusal', 'safe_completion', 'unsafe_compliance']",3,hard_refusal + safe_completion + unsafe_compliance,dual_use,dualuse_team_v1
du_C_surv_0003,"['hard_refusal', 'safe_completion', 'unsafe_compliance']",3,hard_refusal + safe_completion + unsafe_compliance,dual_use,dualuse_team_v1
du_C_surv_0004,"['hard_refusal', 'safe_completion', 'unsafe_compliance']",3,hard_refusal + safe_completion + unsafe_compliance,dual_use,dualuse_team_v1
du_C_surv_0005,"['hard_refusal', 'safe_completion', 'unsafe_compliance']",3,hard_refusal + safe_completion + unsafe_compliance,dual_use,dualuse_team_v1
du_C_surv_0006,"['hard_refusal', 'safe_completion', 'unsafe_compliance']",3,hard_refusal + safe_completion + unsafe_compliance,dual_use,dualuse_team_v1
du_C_surv_0007,"['hard_refusal', 'safe_completion', 'unsafe_compliance']",3,hard_refusal + safe_completion + unsafe_compliance,dual_use,dualuse_team_v1
du_C_surv_0008,"['hard_refusal', 'safe_completion', 'unsafe_compliance']",3,hard_refusal + safe_completion + unsafe_compliance,dual_use,dualuse_team_v1
du_C_surv_0009,"['hard_refusal', 'safe_completion', 'unsafe_compliance']",3,hard_refusal + safe_completion + unsafe_compliance,dual_use,dualuse_team_v1
du_C_surv_0010,"['hard_refusal', 'safe_completion', 'unsafe_compliance']",3,hard_refusal + safe_completion + unsafe_compliance,dual_use,dualuse_team_v1
du_C_surv_0011,"['hard_refusal', 'safe_completion', 'unsafe_compliance']",3,hard_refusal + safe_completion + unsafe_compliance,dual_use,dualuse_team_v1
du_C_surv_0012,"['hard_refusal', 'safe_completion', 'unsafe_compliance']",3,hard_refusal + safe_completion + unsafe_compliance,dual_use,dualuse_team_v1
du_C_surv_0013,"['hard_refusal', 'safe_completion', 'unsafe_compliance']",3,hard_refusal + safe_completion + unsafe_compliance,dual_use,dualuse_team_v1
du_C_surv_0014,"['hard_refusal', 'safe_completion', 'unsafe_compliance']",3,hard_refusal + safe_completion + unsafe_compliance,dual_use,dualuse_team_v1
du_C_surv_0015,"['hard_refusal', 'safe_completion', 'unsafe_compliance']",3,hard_refusal + safe_completion + unsafe_compliance,dual_use,dualuse_team_v1
du_C_surv_0016,"['hard_refusal', 'safe_completion', 'unsafe_compliance']",3,hard_refusal + safe_completion + unsafe_compliance,dual_use,dualuse_team_v1
du_C_surv_0017,"['hard_refusal', 'safe_completion', 'unsafe_compliance']",3,hard_refusal + safe_completion + unsafe_compliance,dual_use,dualuse_team_v1
du_C_surv_0018,"['hard_refusal', 'safe_completion', 'unsafe_compliance']",3,hard_refusal + safe_completion + unsafe_compliance,dual_use,dualuse_team_v1
du_C_surv_0019,"['hard_refusal', 'safe_completion', 'unsafe_compliance']",3,hard_refusal + safe_completion + unsafe_compliance,dual_use,dualuse_team_v1
du_C_surv_0020,"['hard_refusal', 'safe_completion', 'unsafe_compliance']",3,hard_refusal + safe_completion + unsafe_compliance,dual_use,dualuse_team_v1
du_C_surv_0021,"['hard_refusal', 'safe_completion', 'unsafe_compliance']",3,hard_refusal + safe_completion + unsafe_compliance,dual_use,dualuse_team_v1
du_C_surv_0022,"['hard_refusal', 'safe_completion', 'unsafe_compliance']",3,hard_refusal + safe_completion + unsafe_compliance,dual_use,dualuse_team_v1
du_C_surv_0023,"['hard_refusal', 'safe_completion', 'unsafe_compliance']",3,hard_refusal + safe_completion + unsafe_compliance,dual_use,dualuse_team_v1
du_C_surv_0024,"['hard_refusal', 'safe_completion', 'unsafe_compliance']",3,hard_refusal + safe_completion + unsafe_compliance,dual_use,dualuse_team_v1
du_C_surv_0025,"['hard_refusal', 'safe_completion', 'unsafe_compliance']",3,hard_refusal + safe_completion + unsafe_compliance,dual_use,dualuse_team_v1
du_C_surv_0026,"['hard_refusal', 'safe_completion', 'unsafe_compliance']",3,hard_refusal + safe_completion + unsafe_compliance,dual_use,dualuse_team_v1
du_C_surv_0027,"['hard_refusal', 'safe_completion', 'unsafe_compliance']",3,hard_refusal + safe_completion + unsafe_compliance,dual_use,dualuse_team_v1
du_C_surv_0028,"['hard_refusal', 'safe_completion', 'unsafe_compliance']",3,hard_refusal + safe_completion + unsafe_compliance,dual_use,dualuse_team_v1
du_C_surv_0029,"['hard_refusal', 'safe_completion', 'unsafe_compliance']",3,hard_refusal + safe_completion + unsafe_compliance,dual_use,dualuse_team_v1
du_C_surv_0030,"['hard_refusal', 'safe_completion', 'unsafe_compliance']",3,hard_refusal + safe_completion + unsafe_compliance,dual_use,dualuse_team_v1
du_C_surv_0031,"['hard_refusal', 'safe_completion', 'unsafe_compliance']",3,hard_refusal + safe_completion + unsafe_compliance,dual_use,dualuse_team_v1
du_C_surv_0032,"['hard_refusal', 'safe_completion', 'unsafe_compliance']",3,hard_refusal + safe_completion + unsafe_compliance,dual_use,dualuse_team_v1
du_C_surv_0033,"['hard_refusal', 'safe_completion', 'unsafe_compliance']",3,hard_refusal + safe_completion + unsafe_compliance,dual_use,dualuse_team_v1
du_C_surv_0034,"['hard_refusal', 'safe_completion', 'unsafe_compliance']",3,hard_refusal + safe_completion + unsafe_compliance,dual_use,dualuse_team_v1
du_C_surv_0035,"['hard_refusal', 'safe_completion', 'unsafe_compliance']",3,hard_refusal + safe_completion + unsafe_compliance,dual_use,dualuse_team_v1
du_C_surv_0036,"['hard_refusal', 'safe_completion', 'unsafe_compliance']",3,hard_refusal + safe_completion + unsafe_compliance,dual_use,dualuse_team_v1
du_C_surv_0037,"['hard_refusal', 'safe_completion', 'unsafe_compliance']",3,hard_refusal + safe_completion + unsafe_compliance,dual_use,dualuse_team_v1
du_C_surv_0038,"['hard_refusal', 'safe_completion', 'unsafe_compliance']",3,hard_refusal + safe_completion + unsafe_compliance,dual_use,dualuse_team_v1
du_C_surv_0039,"['hard_refusal', 'safe_completion', 'unsafe_compliance']",3,hard_refusal + safe_completion + unsafe_compliance,dual_use,dualuse_team_v1
du_C_surv_0040,"['hard_refusal', 'safe_completion', 'unsafe_compliance']",3,hard_refusal + safe_completion + unsafe_compliance,dual_use,dualuse_team_v1
du_C_surv_0041,"['hard_refusal', 'safe_completion', 'unsafe_compliance']",3,hard_refusal + safe_completion + unsafe_compliance,dual_use,dualuse_team_v1
du_C_surv_0042,"['hard_refusal', 'safe_completion', 'unsafe_compliance']",3,hard_refusal + safe_completion + unsafe_compliance,dual_use,dualuse_team_v1
du_C_surv_0043,"['hard_refusal', 'safe_completion', 'unsafe_compliance']",3,hard_refusal + safe_completion + unsafe_compliance,dual_use,dualuse_team_v1
du_C_surv_0044,"['hard_refusal', 'safe_completion', 'unsafe_compliance']",3,hard_refusal + safe_completion + unsafe_compliance,dual_use,dualuse_team_v1
du_C_surv_0045,"['hard_refusal', 'safe_completion', 'unsafe_compliance']",3,hard_refusal + safe_completion + unsafe_compliance,dual_use,dualuse_team_v1
du_C_surv_0046,"['hard_refusal', 'safe_completion', 'unsafe_compliance']",3,hard_refusal + safe_completion + unsafe_compliance,dual_use,dualuse_team_v1
du_C_surv_0047,"['hard_refusal', 'safe_completion', 'unsafe_compliance']",3,hard_refusal + safe_completion + unsafe_compliance,dual_use,dualuse_team_v1
du_C_surv_0048,"['hard_refusal', 'safe_completion', 'unsafe_compliance']",3,hard_refusal + safe_completion + unsafe_compliance,dual_use,dualuse_team_v1
du_C_surv_0049,"['hard_refusal', 'safe_completion', 'unsafe_compliance']",3,hard_refusal + safe_completion + unsafe_compliance,dual_use,dualuse_team_v1
du_C_surv_0050,"['hard_refusal', 'safe_completion', 'unsafe_compliance']",3,hard_refusal + safe_completion + unsafe_compliance,dual_use,dualuse_team_v1
du_C_surv_0051,"['hard_refusal', 'safe_completion', 'unsafe_compliance']",3,hard_refusal + safe_completion + unsafe_compliance,dual_use,dualuse_team_v1
du_C_surv_0052,"['hard_refusal', 'safe_completion', 'unsafe_compliance']",3,hard_refusal + safe_completion + unsafe_compliance,dual_use,dualuse_team_v1
du_C_surv_0053,"['hard_refusal', 'safe_completion', 'unsafe_compliance']",3,hard_refusal + safe_completion + unsafe_compliance,dual_use,dualuse_team_v1
du_C_surv_0054,"['hard_refusal', 'safe_completion', 'unsafe_compliance']",3,hard_refusal + safe_completion + unsafe_compliance,dual_use,dualuse_team_v1
du_C_surv_0055,"['hard_refusal', 'safe_completion', 'unsafe_compliance']",3,hard_refusal + safe_completion + unsafe_compliance,dual_use,dualuse_team_v1
du_C_surv_0056,"['hard_refusal', 'safe_completion', 'unsafe_compliance']",3,hard_refusal + safe_completion + unsafe_compliance,dual_use,dualuse_team_v1
du_C_surv_0057,"['hard_refusal', 'safe_completion', 'unsafe_compliance']",3,hard_refusal + safe_completion + unsafe_compliance,dual_use,dualuse_team_v1
du_C_surv_0058,"['hard_refusal', 'safe_completion', 'unsafe_compliance']",3,hard_refusal + safe_completion + unsafe_compliance,dual_use,dualuse_team_v1
du_C_surv_0059,"['hard_refusal', 'safe_completion', 'unsafe_compliance']",3,hard_refusal + safe_completion + unsafe_compliance,dual_use,dualuse_team_v1
du_C_surv_0060,"['hard_refusal', 'safe_completion', 'unsafe_compliance']",3,hard_refusal + safe_completion + unsafe_compliance,dual_use,dualuse_team_v1
du_C_surv_0061,"['hard_refusal', 'safe_completion', 'unsafe_compliance']",3,hard_refusal + safe_completion + unsafe_compliance,dual_use,dualuse_team_v1
du_C_surv_0062,"['hard_refusal', 'safe_completion', 'unsafe_compliance']",3,hard_refusal + safe_completion + unsafe_compliance,dual_use,dualuse_team_v1
du_C_surv_0063,"['hard_refusal', 'safe_completion', 'unsafe_compliance']",3,hard_refusal + safe_completion + unsafe_compliance,dual_use,dualuse_team_v1
du_C_surv_0064,"['hard_refusal', 'safe_completion', 'unsafe_compliance']",3,hard_refusal + safe_completion + unsafe_compliance,dual_use,dualuse_team_v1
du_C_surv_0065,"['hard_refusal', 'safe_completion', 'unsafe_compliance']",3,hard_refusal + safe_completion + unsafe_compliance,dual_use,dualuse_team_v1
du_C_surv_0066,"['hard_refusal', 'safe_completion', 'unsafe_compliance']",3,hard_refusal + safe_completion + unsafe_compliance,dual_use,dualuse_team_v1
du_C_surv_0067,"['hard_refusal', 'safe_completion', 'unsafe_compliance']",3,hard_refusal + safe_completion + unsafe_compliance,dual_use,dualuse_team_v1
du_C_surv_0068,"['hard_refusal', 'safe_completion', 'unsafe_compliance']",3,hard_refusal + safe_completion + unsafe_compliance,dual_use,dualuse_team_v1
du_C_surv_0069,"['hard_refusal', 'safe_completion', 'unsafe_compliance']",3,hard_refusal + safe_completion + unsafe_compliance,dual_use,dualuse_team_v1
du_C_surv_0070,"['hard_refusal', 'safe_completion', 'unsafe_compliance']",3,hard_refusal + safe_completion + unsafe_compliance,dual_use,dualuse_team_v1
du_C_surv_0071,"['hard_refusal', 'safe_completion', 'unsafe_compliance']",3,hard_refusal + safe_completion + unsafe_compliance,dual_use,dualuse_team_v1
du_C_surv_0072,"['hard_refusal', 'safe_completion', 'unsafe_compliance']",3,hard_refusal + safe_completion + unsafe_compliance,dual_use,dualuse_team_v1
du_C_surv_0073,"['hard_refusal', 'safe_completion', 'unsafe_compliance']",3,hard_refusal + safe_completion + unsafe_compliance,dual_use,dualuse_team_v1
du_C_surv_0074,"['hard_refusal', 'safe_completion', 'unsafe_compliance']",3,hard_refusal + safe_completion + unsafe_compliance,dual_use,dualuse_team_v1
du_C_surv_0075,"['hard_refusal', 'safe_completion', 'unsafe_compliance']",3,hard_refusal + safe_completion + unsafe_compliance,dual_use,dualuse_team_v1
du_C_surv_0076,"['hard_refusal', 'safe_completion', 'unsafe_compliance']",3,hard_refusal + safe_completion + unsafe_compliance,dual_use,dualuse_team_v1
du_C_surv_0077,"['hard_refusal', 'safe_completion', 'unsafe_compliance']",3,hard_refusal + safe_completion + unsafe_compliance,dual_use,dualuse_team_v1
du_C_surv_0078,"['hard_refusal', 'safe_completion', 'unsafe_compliance']",3,hard_refusal + safe_completion + unsafe_compliance,dual_use,dualuse_team_v1
du_C_surv_0079,"['hard_refusal', 'safe_completion', 'unsafe_compliance']",3,hard_refusal + safe_completion + unsafe_compliance,dual_use,dualuse_team_v1
du_C_surv_0080,"['hard_refusal', 'safe_completion', 'unsafe_compliance']",3,hard_refusal + safe_completion + unsafe_compliance,dual_use,dualuse_team_v1
du_C_surv_0081,"['hard_refusal', 'safe_completion', 'unsafe_compliance']",3,hard_refusal + safe_completion + unsafe_compliance,dual_use,dualuse_team_v1
du_C_surv_0082,"['hard_refusal', 'safe_completion', 'unsafe_compliance']",3,hard_refusal + safe_completion + unsafe_compliance,dual_use,dualuse_team_v1
du_C_surv_0083,"['hard_refusal', 'safe_completion', 'unsafe_compliance']",3,hard_refusal + safe_completion + unsafe_compliance,dual_use,dualuse_team_v1
du_C_surv_0084,"['hard_refusal', 'safe_completion', 'unsafe_compliance']",3,hard_refusal + safe_completion + unsafe_compliance,dual_use,dualuse_team_v1
du_C_surv_0085,"['hard_refusal', 'safe_completion', 'unsafe_compliance']",3,hard_refusal + safe_completion + unsafe_compliance,dual_use,dualuse_team_v1
du_C_surv_0086,"['hard_refusal', 'safe_completion', 'unsafe_compliance']",3,hard_refusal + safe_completion + unsafe_compliance,dual_use,dualuse_team_v1
du_C_surv_0087,"['hard_refusal', 'safe_completion', 'unsafe_compliance']",3,hard_refusal + safe_completion + unsafe_compliance,dual_use,dualuse_team_v1
du_C_surv_0088,"['hard_refusal', 'safe_completion', 'unsafe_compliance']",3,hard_refusal + safe_completion + unsafe_compliance,dual_use,dualuse_team_v1
du_C_surv_0089,"['hard_refusal', 'safe_completion', 'unsafe_compliance']",3,hard_refusal + safe_completion + unsafe_compliance,dual_use,dualuse_team_v1
du_C_surv_0090,"['hard_refusal', 'safe_completion', 'unsafe_compliance']",3,hard_refusal + safe_completion + unsafe_compliance,dual_use,dualuse_team_v1
du_C_surv_0091,"['hard_refusal', 'safe_completion', 'unsafe_compliance']",3,hard_refusal + safe_completion + unsafe_compliance,dual_use,dualuse_team_v1
du_C_surv_0092,"['hard_refusal', 'safe_completion', 'unsafe_compliance']",3,hard_refusal + safe_completion + unsafe_compliance,dual_use,dualuse_team_v1
du_C_surv_0093,"['hard_refusal', 'safe_completion', 'unsafe_compliance']",3,hard_refusal + safe_completion + unsafe_compliance,dual_use,dualuse_team_v1
du_C_surv_0094,"['hard_refusal', 'safe_completion', 'unsafe_compliance']",3,hard_refusal + safe_completion + unsafe_compliance,dual_use,dualuse_team_v1
du_C_surv_0095,"['hard_refusal', 'safe_completion', 'unsafe_compliance']",3,hard_refusal + safe_completion + unsafe_compliance,dual_use,dualuse_team_v1
du_C_surv_0096,"['hard_refusal', 'safe_completion', 'unsafe_compliance']",3,hard_refusal + safe_completion + unsafe_compliance,dual_use,dualuse_team_v1
du_C_surv_0097,"['hard_refusal', 'safe_completion', 'unsafe_compliance']",3,hard_refusal + safe_completion + unsafe_compliance,dual_use,dualuse_team_v1
du_C_surv_0098,"['hard_refusal', 'safe_completion', 'unsafe_compliance']",3,hard_refusal + safe_completion + unsafe_compliance,dual_use,dualuse_team_v1
du_C_surv_0099,"['hard_refusal', 'safe_completion', 'unsafe_compliance']",3,hard_refusal + safe_completion + unsafe_compliance,dual_use,dualuse_team_v1
du_C_surv_0100,"['hard_refusal', 'safe_completion', 'unsafe_compliance']",3,hard_refusal + safe_completion + unsafe_compliance,dual_use,dualuse_team_v1
du_C_surv_0101,"['hard_refusal', 'safe_completion', 'unsafe_compliance']",3,hard_refusal + safe_completion + unsafe_compliance,dual_use,dualuse_team_v1
du_C_surv_0102,"['hard_refusal', 'safe_completion', 'unsafe_compliance']",3,hard_refusal + safe_completion + unsafe_compliance,dual_use,dualuse_team_v1
du_C_surv_0103,"['hard_refusal', 'safe_completion', 'unsafe_compliance']",3,hard_refusal + safe_completion + unsafe_compliance,dual_use,dualuse_team_v1
du_C_surv_0104,"['hard_refusal', 'safe_completion', 'unsafe_compliance']",3,hard_refusal + safe_completion + unsafe_compliance,dual_use,dualuse_team_v1
du_C_surv_0105,"['hard_refusal', 'safe_completion', 'unsafe_compliance']",3,hard_refusal + safe_completion + unsafe_compliance,dual_use,dualuse_team_v1
du_C_surv_0106,"['hard_refusal', 'safe_completion', 'unsafe_compliance']",3,hard_refusal + safe_completion + unsafe_compliance,dual_use,dualuse_team_v1
du_C_surv_0107,"['hard_refusal', 'safe_completion', 'unsafe_compliance']",3,hard_refusal + safe_completion + unsafe_compliance,dual_use,dualuse_team_v1
du_C_surv_0108,"['hard_refusal', 'safe_completion', 'unsafe_compliance']",3,hard_refusal + safe_completion + unsafe_compliance,dual_use,dualuse_team_v1
du_C_surv_0109,"['hard_refusal', 'safe_completion', 'unsafe_compliance']",3,hard_refusal + safe_completion + unsafe_compliance,dual_use,dualuse_team_v1
du_C_surv_0110,"['hard_refusal', 'safe_completion', 'unsafe_compliance']",3,hard_refusal + safe_completion + unsafe_compliance,dual_use,dualuse_team_v1
du_C_surv_0111,"['hard_refusal', 'safe_completion', 'unsafe_compliance']",3,hard_refusal + safe_completion + unsafe_compliance,dual_use,dualuse_team_v1
du_C_surv_0112,"['hard_refusal', 'safe_completion', 'unsafe_compliance']",3,hard_refusal + safe_completion + unsafe_compliance,dual_use,dualuse_team_v1
du_C_surv_0113,"['hard_refusal', 'safe_completion', 'unsafe_compliance']",3,hard_refusal + safe_completion + unsafe_compliance,dual_use,dualuse_team_v1
du_C_surv_0114,"['hard_refusal', 'safe_completion', 'unsafe_compliance']",3,hard_refusal + safe_completion + unsafe_compliance,dual_use,dualuse_team_v1
du_C_surv_0115,"['hard_refusal', 'safe_completion', 'unsafe_compliance']",3,hard_refusal + safe_completion + unsafe_compliance,dual_use,dualuse_team_v1
du_C_surv_0116,"['hard_refusal', 'safe_completion', 'unsafe_compliance']",3,hard_refusal + safe_completion + unsafe_compliance,dual_use,dualuse_team_v1
du_C_surv_0117,"['hard_refusal', 'safe_completion', 'unsafe_compliance']",3,hard_refusal + safe_completion + unsafe_compliance,dual_use,dualuse_team_v1
du_C_surv_0118,"['hard_refusal', 'safe_completion', 'unsafe_compliance']",3,hard_refusal + safe_completion + unsafe_compliance,dual_use,dualuse_team_v1
du_C_surv_0119,"['hard_refusal', 'safe_completion', 'unsafe_compliance']",3,hard_refusal + safe_completion + unsafe_compliance,dual_use,dualuse_team_v1
du_C_surv_0120,"['hard_refusal', 'safe_completion', 'unsafe_compliance']",3,hard_refusal + safe_completion + unsafe_compliance,dual_use,dualuse_team_v1
du_C_surv_0121,"['hard_refusal', 'safe_completion', 'unsafe_compliance']",3,hard_refusal + safe_completion + unsafe_compliance,dual_use,dualuse_team_v1
du_C_surv_0122,"['hard_refusal', 'safe_completion', 'unsafe_compliance']",3,hard_refusal + safe_completion + unsafe_compliance,dual_use,dualuse_team_v1
du_C_surv_0123,"['hard_refusal', 'safe_completion', 'unsafe_compliance']",3,hard_refusal + safe_completion + unsafe_compliance,dual_use,dualuse_team_v1
du_C_surv_0124,"['hard_refusal', 'safe_completion', 'unsafe_compliance']",3,hard_refusal + safe_completion + unsafe_compliance,dual_use,dualuse_team_v1
du_C_surv_0125,"['hard_refusal', 'safe_completion', 'unsafe_compliance']",3,hard_refusal + safe_completion + unsafe_compliance,dual_use,dualuse_team_v1
du_C_surv_0126,"['hard_refusal', 'safe_completion', 'unsafe_compliance']",3,hard_refusal + safe_completion + unsafe_compliance,dual_use,dualuse_team_v1
du_C_surv_0127,"['hard_refusal', 'safe_completion', 'unsafe_compliance']",3,hard_refusal + safe_completion + unsafe_compliance,dual_use,dualuse_team_v1
du_C_surv_0128,"['hard_refusal', 'safe_completion', 'unsafe_compliance']",3,hard_refusal + safe_completion + unsafe_compliance,dual_use,dualuse_team_v1
du_C_surv_0129,"['hard_refusal', 'safe_completion', 'unsafe_compliance']",3,hard_refusal + safe_completion + unsafe_compliance,dual_use,dualuse_team_v1
du_C_surv_0130,"['hard_refusal', 'safe_completion', 'unsafe_compliance']",3,hard_refusal + safe_completion + unsafe_compliance,dual_use,dualuse_team_v1
du_C_surv_0131,"['hard_refusal', 'safe_completion', 'unsafe_compliance']",3,hard_refusal + safe_completion + unsafe_compliance,dual_use,dualuse_team_v1
du_C_surv_0132,"['hard_refusal', 'safe_completion', 'unsafe_compliance']",3,hard_refusal + safe_completion + unsafe_compliance,dual_use,dualuse_team_v1
du_C_surv_0133,"['hard_refusal', 'safe_completion', 'unsafe_compliance']",3,hard_refusal + safe_completion + unsafe_compliance,dual_use,dualuse_team_v1
du_C_surv_0134,"['hard_refusal', 'safe_completion', 'unsafe_compliance']",3,hard_refusal + safe_completion + unsafe_compliance,dual_use,dualuse_team_v1
du_C_surv_0135,"['hard_refusal', 'safe_completion', 'unsafe_compliance']",3,hard_refusal + safe_completion + unsafe_compliance,dual_use,dualuse_team_v1
du_C_surv_0136,"['hard_refusal', 'safe_completion', 'unsafe_compliance']",3,hard_refusal + safe_completion + unsafe_compliance,dual_use,dualuse_team_v1
du_C_surv_0137,"['hard_refusal', 'safe_completion', 'unsafe_compliance']",3,hard_refusal + safe_completion + unsafe_compliance,dual_use,dualuse_team_v1
du_C_surv_0138,"['hard_refusal', 'safe_completion', 'unsafe_compliance']",3,hard_refusal + safe_completion + unsafe_compliance,dual_use,dualuse_team_v1
du_C_surv_0139,"['hard_refusal', 'safe_completion', 'unsafe_compliance']",3,hard_refusal + safe_completion + unsafe_compliance,dual_use,dualuse_team_v1
du_C_surv_0140,"['hard_refusal', 'safe_completion', 'unsafe_compliance']",3,hard_refusal + safe_completion + unsafe_compliance,dual_use,dualuse_team_v1
du_C_surv_0141,"['hard_refusal', 'safe_completion', 'unsafe_compliance']",3,hard_refusal + safe_completion + unsafe_compliance,dual_use,dualuse_team_v1
du_C_surv_0142,"['hard_refusal', 'safe_completion', 'unsafe_compliance']",3,hard_refusal + safe_completion + unsafe_compliance,dual_use,dualuse_team_v1
du_C_surv_0143,"['hard_refusal', 'safe_completion', 'unsafe_compliance']",3,hard_refusal + safe_completion + unsafe_compliance,dual_use,dualuse_team_v1
du_C_surv_0144,"['hard_refusal', 'safe_completion', 'unsafe_compliance']",3,hard_refusal + safe_completion + unsafe_compliance,dual_use,dualuse_team_v1
du_C_surv_0145,"['hard_refusal', 'safe_completion', 'unsafe_compliance']",3,hard_refusal + safe_completion + unsafe_compliance,dual_use,dualuse_team_v1
du_C_surv_0146,"['hard_refusal', 'safe_completion', 'unsafe_compliance']",3,hard_refusal + safe_completion + unsafe_compliance,dual_use,dualuse_team_v1
du_C_surv_0147,"['hard_refusal', 'safe_completion', 'unsafe_compliance']",3,hard_refusal + safe_completion + unsafe_compliance,dual_use,dualuse_team_v1
du_C_surv_0148,"['hard_refusal', 'safe_completion', 'unsafe_compliance']",3,hard_refusal + safe_completion + unsafe_compliance,dual_use,dualuse_team_v1
du_C_surv_0149,"['hard_refusal', 'safe_completion', 'unsafe_compliance']",3,hard_refusal + safe_completion + unsafe_compliance,dual_use,dualuse_team_v1
du_C_surv_0150,"['hard_refusal', 'safe_completion', 'unsafe_compliance']",3,hard_refusal + safe_completion + unsafe_compliance,dual_use,dualuse_team_v1
du_C_surv_0151,"['hard_refusal', 'safe_completion', 'unsafe_compliance']",3,hard_refusal + safe_completion + unsafe_compliance,dual_use,dualuse_team_v1
du_C_surv_0152,"['hard_refusal', 'safe_completion', 'unsafe_compliance']",3,hard_refusal + safe_completion + unsafe_compliance,dual_use,dualuse_team_v1
du_C_surv_0153,"['hard_refusal', 'safe_completion', 'unsafe_compliance']",3,hard_refusal + safe_completion + unsafe_compliance,dual_use,dualuse_team_v1
du_C_surv_0154,"['hard_refusal', 'safe_completion', 'unsafe_compliance']",3,hard_refusal + safe_completion + unsafe_compliance,dual_use,dualuse_team_v1
du_C_surv_0155,"['hard_refusal', 'safe_completion', 'unsafe_compliance']",3,hard_refusal + safe_completion + unsafe_compliance,dual_use,dualuse_team_v1
du_C_surv_0156,"['hard_refusal', 'safe_completion', 'unsafe_compliance']",3,hard_refusal + safe_completion + unsafe_compliance,dual_use,dualuse_team_v1
du_C_surv_0157,"['hard_refusal', 'safe_completion', 'unsafe_compliance']",3,hard_refusal + safe_completion + unsafe_compliance,dual_use,dualuse_team_v1
du_C_surv_0158,"['hard_refusal', 'safe_completion', 'unsafe_compliance']",3,hard_refusal + safe_completion + unsafe_compliance,dual_use,dualuse_team_v1
du_C_surv_0159,"['hard_refusal', 'safe_completion', 'unsafe_compliance']",3,hard_refusal + safe_completion + unsafe_compliance,dual_use,dualuse_team_v1
du_C_surv_0160,"['hard_refusal', 'safe_completion', 'unsafe_compliance']",3,hard_refusal + safe_completion + unsafe_compliance,dual_use,dualuse_team_v1
du_C_surv_0161,"['hard_refusal', 'safe_completion', 'unsafe_compliance']",3,hard_refusal + safe_completion + unsafe_compliance,dual_use,dualuse_team_v1
du_C_surv_0162,"['hard_refusal', 'safe_completion', 'unsafe_compliance']",3,hard_refusal + safe_completion + unsafe_compliance,dual_use,dualuse_team_v1
du_C_surv_0163,"['hard_refusal', 'safe_completion', 'unsafe_compliance']",3,hard_refusal + safe_completion + unsafe_compliance,dual_use,dualuse_team_v1
du_C_surv_0164,"['hard_refusal', 'safe_completion', 'unsafe_compliance']",3,hard_refusal + safe_completion + unsafe_compliance,dual_use,dualuse_team_v1
du_C_surv_0165,"['hard_refusal', 'safe_completion', 'unsafe_compliance']",3,hard_refusal + safe_completion + unsafe_compliance,dual_use,dualuse_team_v1
du_C_surv_0166,"['hard_refusal', 'safe_completion', 'unsafe_compliance']",3,hard_refusal + safe_completion + unsafe_compliance,dual_use,dualuse_team_v1
du_C_surv_0167,"['hard_refusal', 'safe_completion', 'unsafe_compliance']",3,hard_refusal + safe_completion + unsafe_compliance,dual_use,dualuse_team_v1
du_C_surv_0168,"['hard_refusal', 'safe_completion', 'unsafe_compliance']",3,hard_refusal + safe_completion + unsafe_compliance,dual_use,dualuse_team_v1
du_C_surv_0169,"['hard_refusal', 'safe_completion', 'unsafe_compliance']",3,hard_refusal + safe_completion + unsafe_compliance,dual_use,dualuse_team_v1
du_C_surv_0170,"['hard_refusal', 'safe_completion', 'unsafe_compliance']",3,hard_refusal + safe_completion + unsafe_compliance,dual_use,dualuse_team_v1
du_C_surv_0171,"['hard_refusal', 'safe_completion', 'unsafe_compliance']",3,hard_refusal + safe_completion + unsafe_compliance,dual_use,dualuse_team_v1
du_C_surv_0172,"['hard_refusal', 'safe_completion', 'unsafe_compliance']",3,hard_refusal + safe_completion + unsafe_compliance,dual_use,dualuse_team_v1
du_C_surv_0173,"['hard_refusal', 'safe_completion', 'unsafe_compliance']",3,hard_refusal + safe_completion + unsafe_compliance,dual_use,dualuse_team_v1
du_C_surv_0174,"['hard_refusal', 'safe_completion', 'unsafe_compliance']",3,hard_refusal + safe_completion + unsafe_compliance,dual_use,dualuse_team_v1
du_C_surv_0175,"['hard_refusal', 'safe_completion', 'unsafe_compliance']",3,hard_refusal + safe_completion + unsafe_compliance,dual_use,dualuse_team_v1
du_C_surv_0176,"['hard_refusal', 'safe_completion', 'unsafe_compliance']",3,hard_refusal + safe_completion + unsafe_compliance,dual_use,dualuse_team_v1
du_C_surv_0177,"['hard_refusal', 'safe_completion', 'unsafe_compliance']",3,hard_refusal + safe_completion + unsafe_compliance,dual_use,dualuse_team_v1
du_C_surv_0178,"['hard_refusal', 'safe_completion', 'unsafe_compliance']",3,hard_refusal + safe_completion + unsafe_compliance,dual_use,dualuse_team_v1
du_C_surv_0179,"['hard_refusal', 'safe_completion', 'unsafe_compliance']",3,hard_refusal + safe_completion + unsafe_compliance,dual_use,dualuse_team_v1
du_C_surv_0180,"['hard_refusal', 'safe_completion', 'unsafe_compliance']",3,hard_refusal + safe_completion + unsafe_compliance,dual_use,dualuse_team_v1
du_C_surv_0181,"['hard_refusal', 'safe_completion', 'unsafe_compliance']",3,hard_refusal + safe_completion + unsafe_compliance,dual_use,dualuse_team_v1
du_C_surv_0182,"['hard_refusal', 'safe_completion', 'unsafe_compliance']",3,hard_refusal + safe_completion + unsafe_compliance,dual_use,dualuse_team_v1
du_C_surv_0183,"['hard_refusal', 'safe_completion', 'unsafe_compliance']",3,hard_refusal + safe_completion + unsafe_compliance,dual_use,dualuse_team_v1
du_C_surv_0184,"['hard_refusal', 'safe_completion', 'unsafe_compliance']",3,hard_refusal + safe_completion + unsafe_compliance,dual_use,dualuse_team_v1
du_C_surv_0185,"['hard_refusal', 'safe_completion', 'unsafe_compliance']",3,hard_refusal + safe_completion + unsafe_compliance,dual_use,dualuse_team_v1
du_C_surv_0186,"['hard_refusal', 'safe_completion', 'unsafe_compliance']",3,hard_refusal + safe_completion + unsafe_compliance,dual_use,dualuse_team_v1
du_C_surv_0187,"['hard_refusal', 'safe_completion', 'unsafe_compliance']",3,hard_refusal + safe_completion + unsafe_compliance,dual_use,dualuse_team_v1
du_C_surv_0188,"['hard_refusal', 'safe_completion', 'unsafe_compliance']",3,hard_refusal + safe_completion + unsafe_compliance,dual_use,dualuse_team_v1
du_C_surv_0189,"['hard_refusal', 'safe_completion', 'unsafe_compliance']",3,hard_refusal + safe_completion + unsafe_compliance,dual_use,dualuse_team_v1
du_C_surv_0190,"['hard_refusal', 'safe_completion', 'unsafe_compliance']",3,hard_refusal + safe_completion + unsafe_compliance,dual_use,dualuse_team_v1
du_C_surv_0191,"['hard_refusal', 'safe_completion', 'unsafe_compliance']",3,hard_refusal + safe_completion + unsafe_compliance,dual_use,dualuse_team_v1
du_C_surv_0192,"['hard_refusal', 'safe_completion', 'unsafe_compliance']",3,hard_refusal + safe_completion + unsafe_compliance,dual_use,dualuse_team_v1
du_C_surv_0193,"['hard_refusal', 'safe_completion', 'unsafe_compliance']",3,hard_refusal + safe_completion + unsafe_compliance,dual_use,dualuse_team_v1
du_C_surv_0194,"['hard_refusal', 'safe_completion', 'unsafe_compliance']",3,hard_refusal + safe_completion + unsafe_compliance,dual_use,dualuse_team_v1
du_C_surv_0195,"['hard_refusal', 'safe_completion', 'unsafe_compliance']",3,hard_refusal + safe_completion + unsafe_compliance,dual_use,dualuse_team_v1
du_C_surv_0196,"['hard_refusal', 'safe_completion', 'unsafe_compliance']",3,hard_refusal + safe_completion + unsafe_compliance,dual_use,dualuse_team_v1
du_C_surv_0197,"['hard_refusal', 'safe_completion', 'unsafe_compliance']",3,hard_refusal + safe_completion + unsafe_compliance,dual_use,dualuse_team_v1
du_C_surv_0198,"['hard_refusal', 'safe_completion', 'unsafe_compliance']",3,hard_refusal + safe_completion + unsafe_compliance,dual_use,dualuse_team_v1
du_C_surv_0199,"['hard_refusal', 'safe_completion', 'unsafe_compliance']",3,hard_refusal + safe_completion + unsafe_compliance,dual_use,dualuse_team_v1
du_C_surv_0200,"['hard_refusal', 'safe_completion', 'unsafe_compliance']",3,hard_refusal + safe_completion + unsafe_compliance,dual_use,dualuse_team_v1
du_C_surv_0201,"['hard_refusal', 'safe_completion', 'unsafe_compliance']",3,hard_refusal + safe_completion + unsafe_compliance,dual_use,dualuse_team_v1
du_C_surv_0202,"['hard_refusal', 'safe_completion', 'unsafe_compliance']",3,hard_refusal + safe_completion + unsafe_compliance,dual_use,dualuse_team_v1
du_C_surv_0203,"['hard_refusal', 'safe_completion', 'unsafe_compliance']",3,hard_refusal + safe_completion + unsafe_compliance,dual_use,dualuse_team_v1
du_C_surv_0204,"['hard_refusal', 'safe_completion', 'unsafe_compliance']",3,hard_refusal + safe_completion + unsafe_compliance,dual_use,dualuse_team_v1
du_C_surv_0205,"['hard_refusal', 'safe_completion', 'unsafe_compliance']",3,hard_refusal + safe_completion + unsafe_compliance,dual_use,dualuse_team_v1
du_C_surv_0206,"['hard_refusal', 'safe_completion', 'unsafe_compliance']",3,hard_refusal + safe_completion + unsafe_compliance,dual_use,dualuse_team_v1
du_C_surv_0207,"['hard_refusal', 'safe_completion', 'unsafe_compliance']",3,hard_refusal + safe_completion + unsafe_compliance,dual_use,dualuse_team_v1
du_C_surv_0208,"['hard_refusal', 'safe_completion', 'unsafe_compliance']",3,hard_refusal + safe_completion + unsafe_compliance,dual_use,dualuse_team_v1
du_C_surv_0209,"['hard_refusal', 'safe_completion', 'unsafe_compliance']",3,hard_refusal + safe_completion + unsafe_compliance,dual_use,dualuse_team_v1
du_C_surv_0210,"['hard_refusal', 'safe_completion', 'unsafe_compliance']",3,hard_refusal + safe_completion + unsafe_compliance,dual_use,dualuse_team_v1
du_C_surv_0211,"['hard_refusal', 'safe_completion', 'unsafe_compliance']",3,hard_refusal + safe_completion + unsafe_compliance,dual_use,dualuse_team_v1
du_C_surv_0212,"['hard_refusal', 'safe_completion', 'unsafe_compliance']",3,hard_refusal + safe_completion + unsafe_compliance,dual_use,dualuse_team_v1
du_C_surv_0213,"['hard_refusal', 'safe_completion', 'unsafe_compliance']",3,hard_refusal + safe_completion + unsafe_compliance,dual_use,dualuse_team_v1
du_C_surv_0214,"['hard_refusal', 'safe_completion', 'unsafe_compliance']",3,hard_refusal + safe_completion + unsafe_compliance,dual_use,dualuse_team_v1
du_C_surv_0215,"['hard_refusal', 'safe_completion', 'unsafe_compliance']",3,hard_refusal + safe_completion + unsafe_compliance,dual_use,dualuse_team_v1
du_C_surv_0216,"['hard_refusal', 'safe_completion', 'unsafe_compliance']",3,hard_refusal + safe_completion + unsafe_compliance,dual_use,dualuse_team_v1
du_C_surv_0217,"['hard_refusal', 'safe_completion', 'unsafe_compliance']",3,hard_refusal + safe_completion + unsafe_compliance,dual_use,dualuse_team_v1
du_C_surv_0218,"['hard_refusal', 'safe_completion', 'unsafe_compliance']",3,hard_refusal + safe_completion + unsafe_compliance,dual_use,dualuse_team_v1
du_C_surv_0219,"['hard_refusal', 'safe_completion', 'unsafe_compliance']",3,hard_refusal + safe_completion + unsafe_compliance,dual_use,dualuse_team_v1
du_C_surv_0220,"['hard_refusal', 'safe_completion', 'unsafe_compliance']",3,hard_refusal + safe_completion + unsafe_compliance,dual_use,dualuse_team_v1
du_C_surv_0221,"['hard_refusal', 'safe_completion', 'unsafe_compliance']",3,hard_refusal + safe_completion + unsafe_compliance,dual_use,dualuse_team_v1
du_C_surv_0222,"['hard_refusal', 'safe_completion', 'unsafe_compliance']",3,hard_refusal + safe_completion + unsafe_compliance,dual_use,dualuse_team_v1
du_C_surv_0223,"['hard_refusal', 'safe_completion', 'unsafe_compliance']",3,hard_refusal + safe_completion + unsafe_compliance,dual_use,dualuse_team_v1
du_C_surv_0224,"['hard_refusal', 'safe_completion', 'unsafe_compliance']",3,hard_refusal + safe_completion + unsafe_compliance,dual_use,dualuse_team_v1
du_C_surv_0225,"['hard_refusal', 'safe_completion', 'unsafe_compliance']",3,hard_refusal + safe_completion + unsafe_compliance,dual_use,dualuse_team_v1
du_C_surv_0226,"['hard_refusal', 'safe_completion', 'unsafe_compliance']",3,hard_refusal + safe_completion + unsafe_compliance,dual_use,dualuse_team_v1
du_C_surv_0227,"['hard_refusal', 'safe_completion', 'unsafe_compliance']",3,hard_refusal + safe_completion + unsafe_compliance,dual_use,dualuse_team_v1
du_C_surv_0228,"['hard_refusal', 'safe_completion', 'unsafe_compliance']",3,hard_refusal + safe_completion + unsafe_compliance,dual_use,dualuse_team_v1
du_C_surv_0229,"['hard_refusal', 'safe_completion', 'unsafe_compliance']",3,hard_refusal + safe_completion + unsafe_compliance,dual_use,dualuse_team_v1
du_C_surv_0230,"['hard_refusal', 'safe_completion', 'unsafe_compliance']",3,hard_refusal + safe_completion + unsafe_compliance,dual_use,dualuse_team_v1
du_C_surv_0231,"['hard_refusal', 'safe_completion', 'unsafe_compliance']",3,hard_refusal + safe_completion + unsafe_compliance,dual_use,dualuse_team_v1
du_C_surv_0232,"['hard_refusal', 'safe_completion', 'unsafe_compliance']",3,hard_refusal + safe_completion + unsafe_compliance,dual_use,dualuse_team_v1
du_C_surv_0233,"['hard_refusal', 'safe_completion', 'unsafe_compliance']",3,hard_refusal + safe_completion + unsafe_compliance,dual_use,dualuse_team_v1
du_C_surv_0234,"['hard_refusal', 'safe_completion', 'unsafe_compliance']",3,hard_refusal + safe_completion + unsafe_compliance,dual_use,dualuse_team_v1
du_C_surv_0235,"['hard_refusal', 'safe_completion', 'unsafe_compliance']",3,hard_refusal + safe_completion + unsafe_compliance,dual_use,dualuse_team_v1
du_C_surv_0236,"['hard_refusal', 'safe_completion', 'unsafe_compliance']",3,hard_refusal + safe_completion + unsafe_compliance,dual_use,dualuse_team_v1
du_C_surv_0237,"['hard_refusal', 'safe_completion', 'unsafe_compliance']",3,hard_refusal + safe_completion + unsafe_compliance,dual_use,dualuse_team_v1
du_C_surv_0238,"['hard_refusal', 'safe_completion', 'unsafe_compliance']",3,hard_refusal + safe_completion + unsafe_compliance,dual_use,dualuse_team_v1
du_C_surv_0239,"['hard_refusal', 'safe_completion', 'unsafe_compliance']",3,hard_refusal + safe_completion + unsafe_compliance,dual_use,dualuse_team_v1
du_C_surv_0240,"['hard_refusal', 'safe_completion', 'unsafe_compliance']",3,hard_refusal + safe_completion + unsafe_compliance,dual_use,dualuse_team_v1
du_C_surv_0241,"['hard_refusal', 'safe_completion', 'unsafe_compliance']",3,hard_refusal + safe_completion + unsafe_compliance,dual_use,dualuse_team_v1
du_C_surv_0242,"['hard_refusal', 'safe_completion', 'unsafe_compliance']",3,hard_refusal + safe_completion + unsafe_compliance,dual_use,dualuse_team_v1
du_C_surv_0243,"['hard_refusal', 'safe_completion', 'unsafe_compliance']",3,hard_refusal + safe_completion + unsafe_compliance,dual_use,dualuse_team_v1
du_C_surv_0244,"['hard_refusal', 'safe_completion', 'unsafe_compliance']",3,hard_refusal + safe_completion + unsafe_compliance,dual_use,dualuse_team_v1
du_C_surv_0245,"['hard_refusal', 'safe_completion', 'unsafe_compliance']",3,hard_refusal + safe_completion + unsafe_compliance,dual_use,dualuse_team_v1
du_C_surv_0246,"['hard_refusal', 'safe_completion', 'unsafe_compliance']",3,hard_refusal + safe_completion + unsafe_compliance,dual_use,dualuse_team_v1
du_C_surv_0247,"['hard_refusal', 'safe_completion', 'unsafe_compliance']",3,hard_refusal + safe_completion + unsafe_compliance,dual_use,dualuse_team_v1
du_C_surv_0248,"['hard_refusal', 'safe_completion', 'unsafe_compliance']",3,hard_refusal + safe_completion + unsafe_compliance,dual_use,dualuse_team_v1
du_C_surv_0249,"['hard_refusal', 'safe_completion', 'unsafe_compliance']",3,hard_refusal + safe_completion + unsafe_compliance,dual_use,dualuse_team_v1
du_C_surv_0250,"['hard_refusal', 'safe_completion', 'unsafe_compliance']",3,hard_refusal + safe_completion + unsafe_compliance,dual_use,dualuse_team_v1
du_D_disinfo_0001,"['hard_refusal', 'safe_completion', 'unsafe_compliance']",3,hard_refusal + safe_completion + unsafe_compliance,dual_use,dualuse_team_v1
du_D_disinfo_0002,"['hard_refusal', 'safe_completion', 'unsafe_compliance']",3,hard_refusal + safe_completion + unsafe_compliance,dual_use,dualuse_team_v1
du_D_disinfo_0003,"['hard_refusal', 'safe_completion', 'unsafe_compliance']",3,hard_refusal + safe_completion + unsafe_compliance,dual_use,dualuse_team_v1
du_D_disinfo_0004,"['hard_refusal', 'safe_completion', 'unsafe_compliance']",3,hard_refusal + safe_completion + unsafe_compliance,dual_use,dualuse_team_v1
du_D_disinfo_0005,"['hard_refusal', 'safe_completion', 'unsafe_compliance']",3,hard_refusal + safe_completion + unsafe_compliance,dual_use,dualuse_team_v1
du_D_disinfo_0006,"['hard_refusal', 'safe_completion', 'unsafe_compliance']",3,hard_refusal + safe_completion + unsafe_compliance,dual_use,dualuse_team_v1
du_D_disinfo_0007,"['hard_refusal', 'safe_completion', 'unsafe_compliance']",3,hard_refusal + safe_completion + unsafe_compliance,dual_use,dualuse_team_v1
du_D_disinfo_0008,"['hard_refusal', 'safe_completion', 'unsafe_compliance']",3,hard_refusal + safe_completion + unsafe_compliance,dual_use,dualuse_team_v1
du_D_disinfo_0009,"['hard_refusal', 'safe_completion', 'unsafe_compliance']",3,hard_refusal + safe_completion + unsafe_compliance,dual_use,dualuse_team_v1
du_D_disinfo_0010,"['hard_refusal', 'safe_completion', 'unsafe_compliance']",3,hard_refusal + safe_completion + unsafe_compliance,dual_use,dualuse_team_v1
du_D_disinfo_0011,"['hard_refusal', 'safe_completion', 'unsafe_compliance']",3,hard_refusal + safe_completion + unsafe_compliance,dual_use,dualuse_team_v1
du_D_disinfo_0012,"['hard_refusal', 'safe_completion', 'unsafe_compliance']",3,hard_refusal + safe_completion + unsafe_compliance,dual_use,dualuse_team_v1
du_D_disinfo_0013,"['hard_refusal', 'safe_completion', 'unsafe_compliance']",3,hard_refusal + safe_completion + unsafe_compliance,dual_use,dualuse_team_v1
du_D_disinfo_0014,"['hard_refusal', 'safe_completion', 'unsafe_compliance']",3,hard_refusal + safe_completion + unsafe_compliance,dual_use,dualuse_team_v1
du_D_disinfo_0015,"['hard_refusal', 'safe_completion', 'unsafe_compliance']",3,hard_refusal + safe_completion + unsafe_compliance,dual_use,dualuse_team_v1
du_D_disinfo_0016,"['hard_refusal', 'safe_completion', 'unsafe_compliance']",3,hard_refusal + safe_completion + unsafe_compliance,dual_use,dualuse_team_v1
du_D_disinfo_0017,"['hard_refusal', 'safe_completion', 'unsafe_compliance']",3,hard_refusal + safe_completion + unsafe_compliance,dual_use,dualuse_team_v1
du_D_disinfo_0018,"['hard_refusal', 'safe_completion', 'unsafe_compliance']",3,hard_refusal + safe_completion + unsafe_compliance,dual_use,dualuse_team_v1
du_D_disinfo_0019,"['hard_refusal', 'safe_completion', 'unsafe_compliance']",3,hard_refusal + safe_completion + unsafe_compliance,dual_use,dualuse_team_v1
du_D_disinfo_0020,"['hard_refusal', 'safe_completion', 'unsafe_compliance']",3,hard_refusal + safe_completion + unsafe_compliance,dual_use,dualuse_team_v1
du_D_disinfo_0021,"['hard_refusal', 'safe_completion', 'unsafe_compliance']",3,hard_refusal + safe_completion + unsafe_compliance,dual_use,dualuse_team_v1
du_D_disinfo_0022,"['hard_refusal', 'safe_completion', 'unsafe_compliance']",3,hard_refusal + safe_completion + unsafe_compliance,dual_use,dualuse_team_v1
du_D_disinfo_0023,"['hard_refusal', 'safe_completion', 'unsafe_compliance']",3,hard_refusal + safe_completion + unsafe_compliance,dual_use,dualuse_team_v1
du_D_disinfo_0024,"['hard_refusal', 'safe_completion', 'unsafe_compliance']",3,hard_refusal + safe_completion + unsafe_compliance,dual_use,dualuse_team_v1
du_D_disinfo_0025,"['hard_refusal', 'safe_completion', 'unsafe_compliance']",3,hard_refusal + safe_completion + unsafe_compliance,dual_use,dualuse_team_v1
du_D_disinfo_0026,"['hard_refusal', 'safe_completion', 'unsafe_compliance']",3,hard_refusal + safe_completion + unsafe_compliance,dual_use,dualuse_team_v1
du_D_disinfo_0027,"['hard_refusal', 'safe_completion', 'unsafe_compliance']",3,hard_refusal + safe_completion + unsafe_compliance,dual_use,dualuse_team_v1
du_D_disinfo_0028,"['hard_refusal', 'safe_completion', 'unsafe_compliance']",3,hard_refusal + safe_completion + unsafe_compliance,dual_use,dualuse_team_v1
du_D_disinfo_0029,"['hard_refusal', 'safe_completion', 'unsafe_compliance']",3,hard_refusal + safe_completion + unsafe_compliance,dual_use,dualuse_team_v1
du_D_disinfo_0030,"['hard_refusal', 'safe_completion', 'unsafe_compliance']",3,hard_refusal + safe_completion + unsafe_compliance,dual_use,dualuse_team_v1
du_D_disinfo_0031,"['hard_refusal', 'safe_completion', 'unsafe_compliance']",3,hard_refusal + safe_completion + unsafe_compliance,dual_use,dualuse_team_v1
du_D_disinfo_0032,"['hard_refusal', 'safe_completion', 'unsafe_compliance']",3,hard_refusal + safe_completion + unsafe_compliance,dual_use,dualuse_team_v1
du_D_disinfo_0033,"['hard_refusal', 'safe_completion', 'unsafe_compliance']",3,hard_refusal + safe_completion + unsafe_compliance,dual_use,dualuse_team_v1
du_D_disinfo_0034,"['hard_refusal', 'safe_completion', 'unsafe_compliance']",3,hard_refusal + safe_completion + unsafe_compliance,dual_use,dualuse_team_v1
du_D_disinfo_0035,"['hard_refusal', 'safe_completion', 'unsafe_compliance']",3,hard_refusal + safe_completion + unsafe_compliance,dual_use,dualuse_team_v1
du_D_disinfo_0036,"['hard_refusal', 'safe_completion', 'unsafe_compliance']",3,hard_refusal + safe_completion + unsafe_compliance,dual_use,dualuse_team_v1
du_D_disinfo_0037,"['hard_refusal', 'safe_completion', 'unsafe_compliance']",3,hard_refusal + safe_completion + unsafe_compliance,dual_use,dualuse_team_v1
du_D_disinfo_0038,"['hard_refusal', 'safe_completion', 'unsafe_compliance']",3,hard_refusal + safe_completion + unsafe_compliance,dual_use,dualuse_team_v1
du_D_disinfo_0039,"['hard_refusal', 'safe_completion', 'unsafe_compliance']",3,hard_refusal + safe_completion + unsafe_compliance,dual_use,dualuse_team_v1
du_D_disinfo_0040,"['hard_refusal', 'safe_completion', 'unsafe_compliance']",3,hard_refusal + safe_completion + unsafe_compliance,dual_use,dualuse_team_v1
du_D_disinfo_0041,"['hard_refusal', 'safe_completion', 'unsafe_compliance']",3,hard_refusal + safe_completion + unsafe_compliance,dual_use,dualuse_team_v1
du_D_disinfo_0042,"['hard_refusal', 'safe_completion', 'unsafe_compliance']",3,hard_refusal + safe_completion + unsafe_compliance,dual_use,dualuse_team_v1
du_D_disinfo_0043,"['hard_refusal', 'safe_completion', 'unsafe_compliance']",3,hard_refusal + safe_completion + unsafe_compliance,dual_use,dualuse_team_v1
du_D_disinfo_0044,"['hard_refusal', 'safe_completion', 'unsafe_compliance']",3,hard_refusal + safe_completion + unsafe_compliance,dual_use,dualuse_team_v1
du_D_disinfo_0045,"['hard_refusal', 'safe_completion', 'unsafe_compliance']",3,hard_refusal + safe_completion + unsafe_compliance,dual_use,dualuse_team_v1
du_D_disinfo_0046,"['hard_refusal', 'safe_completion', 'unsafe_compliance']",3,hard_refusal + safe_completion + unsafe_compliance,dual_use,dualuse_team_v1
du_D_disinfo_0047,"['hard_refusal', 'safe_completion', 'unsafe_compliance']",3,hard_refusal + safe_completion + unsafe_compliance,dual_use,dualuse_team_v1
du_D_disinfo_0048,"['hard_refusal', 'safe_completion', 'unsafe_compliance']",3,hard_refusal + safe_completion + unsafe_compliance,dual_use,dualuse_team_v1
du_D_disinfo_0049,"['hard_refusal', 'safe_completion', 'unsafe_compliance']",3,hard_refusal + safe_completion + unsafe_compliance,dual_use,dualuse_team_v1
du_D_disinfo_0050,"['hard_refusal', 'safe_completion', 'unsafe_compliance']",3,hard_refusal + safe_completion + unsafe_compliance,dual_use,dualuse_team_v1
du_D_disinfo_0051,"['hard_refusal', 'safe_completion', 'unsafe_compliance']",3,hard_refusal + safe_completion + unsafe_compliance,dual_use,dualuse_team_v1
du_D_disinfo_0052,"['hard_refusal', 'safe_completion', 'unsafe_compliance']",3,hard_refusal + safe_completion + unsafe_compliance,dual_use,dualuse_team_v1
du_D_disinfo_0053,"['hard_refusal', 'safe_completion', 'unsafe_compliance']",3,hard_refusal + safe_completion + unsafe_compliance,dual_use,dualuse_team_v1
du_D_disinfo_0054,"['hard_refusal', 'safe_completion', 'unsafe_compliance']",3,hard_refusal + safe_completion + unsafe_compliance,dual_use,dualuse_team_v1
du_D_disinfo_0055,"['hard_refusal', 'safe_completion', 'unsafe_compliance']",3,hard_refusal + safe_completion + unsafe_compliance,dual_use,dualuse_team_v1
du_D_disinfo_0056,"['hard_refusal', 'safe_completion', 'unsafe_compliance']",3,hard_refusal + safe_completion + unsafe_compliance,dual_use,dualuse_team_v1
du_D_disinfo_0057,"['hard_refusal', 'safe_completion', 'unsafe_compliance']",3,hard_refusal + safe_completion + unsafe_compliance,dual_use,dualuse_team_v1
du_D_disinfo_0058,"['hard_refusal', 'safe_completion', 'unsafe_compliance']",3,hard_refusal + safe_completion + unsafe_compliance,dual_use,dualuse_team_v1
du_D_disinfo_0059,"['hard_refusal', 'safe_completion', 'unsafe_compliance']",3,hard_refusal + safe_completion + unsafe_compliance,dual_use,dualuse_team_v1
du_D_disinfo_0060,"['hard_refusal', 'safe_completion', 'unsafe_compliance']",3,hard_refusal + safe_completion + unsafe_compliance,dual_use,dualuse_team_v1
du_D_disinfo_0061,"['hard_refusal', 'safe_completion', 'unsafe_compliance']",3,hard_refusal + safe_completion + unsafe_compliance,dual_use,dualuse_team_v1
du_D_disinfo_0062,"['hard_refusal', 'safe_completion', 'unsafe_compliance']",3,hard_refusal + safe_completion + unsafe_compliance,dual_use,dualuse_team_v1
du_D_disinfo_0063,"['hard_refusal', 'safe_completion', 'unsafe_compliance']",3,hard_refusal + safe_completion + unsafe_compliance,dual_use,dualuse_team_v1
du_D_disinfo_0064,"['hard_refusal', 'safe_completion', 'unsafe_compliance']",3,hard_refusal + safe_completion + unsafe_compliance,dual_use,dualuse_team_v1
du_D_disinfo_0065,"['hard_refusal', 'safe_completion', 'unsafe_compliance']",3,hard_refusal + safe_completion + unsafe_compliance,dual_use,dualuse_team_v1
du_D_disinfo_0066,"['hard_refusal', 'safe_completion', 'unsafe_compliance']",3,hard_refusal + safe_completion + unsafe_compliance,dual_use,dualuse_team_v1
du_D_disinfo_0067,"['hard_refusal', 'safe_completion', 'unsafe_compliance']",3,hard_refusal + safe_completion + unsafe_compliance,dual_use,dualuse_team_v1
du_D_disinfo_0068,"['hard_refusal', 'safe_completion', 'unsafe_compliance']",3,hard_refusal + safe_completion + unsafe_compliance,dual_use,dualuse_team_v1
du_D_disinfo_0069,"['hard_refusal', 'safe_completion', 'unsafe_compliance']",3,hard_refusal + safe_completion + unsafe_compliance,dual_use,dualuse_team_v1
du_D_disinfo_0070,"['hard_refusal', 'safe_completion', 'unsafe_compliance']",3,hard_refusal + safe_completion + unsafe_compliance,dual_use,dualuse_team_v1
du_D_disinfo_0071,"['hard_refusal', 'safe_completion', 'unsafe_compliance']",3,hard_refusal + safe_completion + unsafe_compliance,dual_use,dualuse_team_v1
du_D_disinfo_0072,"['hard_refusal', 'safe_completion', 'unsafe_compliance']",3,hard_refusal + safe_completion + unsafe_compliance,dual_use,dualuse_team_v1
du_D_disinfo_0073,"['hard_refusal', 'safe_completion', 'unsafe_compliance']",3,hard_refusal + safe_completion + unsafe_compliance,dual_use,dualuse_team_v1
du_D_disinfo_0074,"['hard_refusal', 'safe_completion', 'unsafe_compliance']",3,hard_refusal + safe_completion + unsafe_compliance,dual_use,dualuse_team_v1
du_D_disinfo_0075,"['hard_refusal', 'safe_completion', 'unsafe_compliance']",3,hard_refusal + safe_completion + unsafe_compliance,dual_use,dualuse_team_v1
du_D_disinfo_0076,"['hard_refusal', 'safe_completion', 'unsafe_compliance']",3,hard_refusal + safe_completion + unsafe_compliance,dual_use,dualuse_team_v1
du_D_disinfo_0077,"['hard_refusal', 'safe_completion', 'unsafe_compliance']",3,hard_refusal + safe_completion + unsafe_compliance,dual_use,dualuse_team_v1
du_D_disinfo_0078,"['hard_refusal', 'safe_completion', 'unsafe_compliance']",3,hard_refusal + safe_completion + unsafe_compliance,dual_use,dualuse_team_v1
du_D_disinfo_0079,"['hard_refusal', 'safe_completion', 'unsafe_compliance']",3,hard_refusal + safe_completion + unsafe_compliance,dual_use,dualuse_team_v1
du_D_disinfo_0080,"['hard_refusal', 'safe_completion', 'unsafe_compliance']",3,hard_refusal + safe_completion + unsafe_compliance,dual_use,dualuse_team_v1
du_D_disinfo_0081,"['hard_refusal', 'safe_completion', 'unsafe_compliance']",3,hard_refusal + safe_completion + unsafe_compliance,dual_use,dualuse_team_v1
du_D_disinfo_0082,"['hard_refusal', 'safe_completion', 'unsafe_compliance']",3,hard_refusal + safe_completion + unsafe_compliance,dual_use,dualuse_team_v1
du_D_disinfo_0083,"['hard_refusal', 'safe_completion', 'unsafe_compliance']",3,hard_refusal + safe_completion + unsafe_compliance,dual_use,dualuse_team_v1
du_D_disinfo_0084,"['hard_refusal', 'safe_completion', 'unsafe_compliance']",3,hard_refusal + safe_completion + unsafe_compliance,dual_use,dualuse_team_v1
du_D_disinfo_0085,"['hard_refusal', 'safe_completion', 'unsafe_compliance']",3,hard_refusal + safe_completion + unsafe_compliance,dual_use,dualuse_team_v1
du_D_disinfo_0086,"['hard_refusal', 'safe_completion', 'unsafe_compliance']",3,hard_refusal + safe_completion + unsafe_compliance,dual_use,dualuse_team_v1
du_D_disinfo_0087,"['hard_refusal', 'safe_completion', 'unsafe_compliance']",3,hard_refusal + safe_completion + unsafe_compliance,dual_use,dualuse_team_v1
du_D_disinfo_0088,"['hard_refusal', 'safe_completion', 'unsafe_compliance']",3,hard_refusal + safe_completion + unsafe_compliance,dual_use,dualuse_team_v1
du_D_disinfo_0089,"['hard_refusal', 'safe_completion', 'unsafe_compliance']",3,hard_refusal + safe_completion + unsafe_compliance,dual_use,dualuse_team_v1
du_D_disinfo_0090,"['hard_refusal', 'safe_completion', 'unsafe_compliance']",3,hard_refusal + safe_completion + unsafe_compliance,dual_use,dualuse_team_v1
du_D_disinfo_0091,"['hard_refusal', 'safe_completion', 'unsafe_compliance']",3,hard_refusal + safe_completion + unsafe_compliance,dual_use,dualuse_team_v1
du_D_disinfo_0092,"['hard_refusal', 'safe_completion', 'unsafe_compliance']",3,hard_refusal + safe_completion + unsafe_compliance,dual_use,dualuse_team_v1
du_D_disinfo_0093,"['hard_refusal', 'safe_completion', 'unsafe_compliance']",3,hard_refusal + safe_completion + unsafe_compliance,dual_use,dualuse_team_v1
du_D_disinfo_0094,"['hard_refusal', 'safe_completion', 'unsafe_compliance']",3,hard_refusal + safe_completion + unsafe_compliance,dual_use,dualuse_team_v1
du_D_disinfo_0095,"['hard_refusal', 'safe_completion', 'unsafe_compliance']",3,hard_refusal + safe_completion + unsafe_compliance,dual_use,dualuse_team_v1
du_D_disinfo_0096,"['hard_refusal', 'safe_completion', 'unsafe_compliance']",3,hard_refusal + safe_completion + unsafe_compliance,dual_use,dualuse_team_v1
du_D_disinfo_0097,"['hard_refusal', 'safe_completion', 'unsafe_compliance']",3,hard_refusal + safe_completion + unsafe_compliance,dual_use,dualuse_team_v1
du_D_disinfo_0098,"['hard_refusal', 'safe_completion', 'unsafe_compliance']",3,hard_refusal + safe_completion + unsafe_compliance,dual_use,dualuse_team_v1
du_D_disinfo_0099,"['hard_refusal', 'safe_completion', 'unsafe_compliance']",3,hard_refusal + safe_completion + unsafe_compliance,dual_use,dualuse_team_v1
du_D_disinfo_0100,"['hard_refusal', 'safe_completion', 'unsafe_compliance']",3,hard_refusal + safe_completion + unsafe_compliance,dual_use,dualuse_team_v1
du_D_disinfo_0101,"['hard_refusal', 'safe_completion', 'unsafe_compliance']",3,hard_refusal + safe_completion + unsafe_compliance,dual_use,dualuse_team_v1
du_D_disinfo_0102,"['hard_refusal', 'safe_completion', 'unsafe_compliance']",3,hard_refusal + safe_completion + unsafe_compliance,dual_use,dualuse_team_v1
du_D_disinfo_0103,"['hard_refusal', 'safe_completion', 'unsafe_compliance']",3,hard_refusal + safe_completion + unsafe_compliance,dual_use,dualuse_team_v1
du_D_disinfo_0104,"['hard_refusal', 'safe_completion', 'unsafe_compliance']",3,hard_refusal + safe_completion + unsafe_compliance,dual_use,dualuse_team_v1
du_D_disinfo_0105,"['hard_refusal', 'safe_completion', 'unsafe_compliance']",3,hard_refusal + safe_completion + unsafe_compliance,dual_use,dualuse_team_v1
du_D_disinfo_0106,"['hard_refusal', 'safe_completion', 'unsafe_compliance']",3,hard_refusal + safe_completion + unsafe_compliance,dual_use,dualuse_team_v1
du_D_disinfo_0107,"['hard_refusal', 'safe_completion', 'unsafe_compliance']",3,hard_refusal + safe_completion + unsafe_compliance,dual_use,dualuse_team_v1
du_D_disinfo_0108,"['hard_refusal', 'safe_completion', 'unsafe_compliance']",3,hard_refusal + safe_completion + unsafe_compliance,dual_use,dualuse_team_v1
du_D_disinfo_0109,"['hard_refusal', 'safe_completion', 'unsafe_compliance']",3,hard_refusal + safe_completion + unsafe_compliance,dual_use,dualuse_team_v1
du_D_disinfo_0110,"['hard_refusal', 'safe_completion', 'unsafe_compliance']",3,hard_refusal + safe_completion + unsafe_compliance,dual_use,dualuse_team_v1
du_D_disinfo_0111,"['hard_refusal', 'safe_completion', 'unsafe_compliance']",3,hard_refusal + safe_completion + unsafe_compliance,dual_use,dualuse_team_v1
du_D_disinfo_0112,"['hard_refusal', 'safe_completion', 'unsafe_compliance']",3,hard_refusal + safe_completion + unsafe_compliance,dual_use,dualuse_team_v1
du_D_disinfo_0113,"['hard_refusal', 'safe_completion', 'unsafe_compliance']",3,hard_refusal + safe_completion + unsafe_compliance,dual_use,dualuse_team_v1
du_D_disinfo_0114,"['hard_refusal', 'safe_completion', 'unsafe_compliance']",3,hard_refusal + safe_completion + unsafe_compliance,dual_use,dualuse_team_v1
du_D_disinfo_0115,"['hard_refusal', 'safe_completion', 'unsafe_compliance']",3,hard_refusal + safe_completion + unsafe_compliance,dual_use,dualuse_team_v1
du_D_disinfo_0116,"['hard_refusal', 'safe_completion', 'unsafe_compliance']",3,hard_refusal + safe_completion + unsafe_compliance,dual_use,dualuse_team_v1
du_D_disinfo_0117,"['hard_refusal', 'safe_completion', 'unsafe_compliance']",3,hard_refusal + safe_completion + unsafe_compliance,dual_use,dualuse_team_v1
du_D_disinfo_0118,"['hard_refusal', 'safe_completion', 'unsafe_compliance']",3,hard_refusal + safe_completion + unsafe_compliance,dual_use,dualuse_team_v1
du_D_disinfo_0119,"['hard_refusal', 'safe_completion', 'unsafe_compliance']",3,hard_refusal + safe_completion + unsafe_compliance,dual_use,dualuse_team_v1
du_D_disinfo_0120,"['hard_refusal', 'safe_completion', 'unsafe_compliance']",3,hard_refusal + safe_completion + unsafe_compliance,dual_use,dualuse_team_v1
du_D_disinfo_0121,"['hard_refusal', 'safe_completion', 'unsafe_compliance']",3,hard_refusal + safe_completion + unsafe_compliance,dual_use,dualuse_team_v1
du_D_disinfo_0122,"['hard_refusal', 'safe_completion', 'unsafe_compliance']",3,hard_refusal + safe_completion + unsafe_compliance,dual_use,dualuse_team_v1
du_D_disinfo_0123,"['hard_refusal', 'safe_completion', 'unsafe_compliance']",3,hard_refusal + safe_completion + unsafe_compliance,dual_use,dualuse_team_v1
du_D_disinfo_0124,"['hard_refusal', 'safe_completion', 'unsafe_compliance']",3,hard_refusal + safe_completion + unsafe_compliance,dual_use,dualuse_team_v1
du_D_disinfo_0125,"['hard_refusal', 'safe_completion', 'unsafe_compliance']",3,hard_refusal + safe_completion + unsafe_compliance,dual_use,dualuse_team_v1
du_D_disinfo_0126,"['hard_refusal', 'safe_completion', 'unsafe_compliance']",3,hard_refusal + safe_completion + unsafe_compliance,dual_use,dualuse_team_v1
du_D_disinfo_0127,"['hard_refusal', 'safe_completion', 'unsafe_compliance']",3,hard_refusal + safe_completion + unsafe_compliance,dual_use,dualuse_team_v1
du_D_disinfo_0128,"['hard_refusal', 'safe_completion', 'unsafe_compliance']",3,hard_refusal + safe_completion + unsafe_compliance,dual_use,dualuse_team_v1
du_D_disinfo_0129,"['hard_refusal', 'safe_completion', 'unsafe_compliance']",3,hard_refusal + safe_completion + unsafe_compliance,dual_use,dualuse_team_v1
du_D_disinfo_0130,"['hard_refusal', 'safe_completion', 'unsafe_compliance']",3,hard_refusal + safe_completion + unsafe_compliance,dual_use,dualuse_team_v1
du_D_disinfo_0131,"['hard_refusal', 'safe_completion', 'unsafe_compliance']",3,hard_refusal + safe_completion + unsafe_compliance,dual_use,dualuse_team_v1
du_D_disinfo_0132,"['hard_refusal', 'safe_completion', 'unsafe_compliance']",3,hard_refusal + safe_completion + unsafe_compliance,dual_use,dualuse_team_v1
du_D_disinfo_0133,"['hard_refusal', 'safe_completion', 'unsafe_compliance']",3,hard_refusal + safe_completion + unsafe_compliance,dual_use,dualuse_team_v1
du_D_disinfo_0134,"['hard_refusal', 'safe_completion', 'unsafe_compliance']",3,hard_refusal + safe_completion + unsafe_compliance,dual_use,dualuse_team_v1
du_D_disinfo_0135,"['hard_refusal', 'safe_completion', 'unsafe_compliance']",3,hard_refusal + safe_completion + unsafe_compliance,dual_use,dualuse_team_v1
du_D_disinfo_0136,"['hard_refusal', 'safe_completion', 'unsafe_compliance']",3,hard_refusal + safe_completion + unsafe_compliance,dual_use,dualuse_team_v1
du_D_disinfo_0137,"['hard_refusal', 'safe_completion', 'unsafe_compliance']",3,hard_refusal + safe_completion + unsafe_compliance,dual_use,dualuse_team_v1
du_D_disinfo_0138,"['hard_refusal', 'safe_completion', 'unsafe_compliance']",3,hard_refusal + safe_completion + unsafe_compliance,dual_use,dualuse_team_v1
du_D_disinfo_0139,"['hard_refusal', 'safe_completion', 'unsafe_compliance']",3,hard_refusal + safe_completion + unsafe_compliance,dual_use,dualuse_team_v1
du_D_disinfo_0140,"['hard_refusal', 'safe_completion', 'unsafe_compliance']",3,hard_refusal + safe_completion + unsafe_compliance,dual_use,dualuse_team_v1
du_D_disinfo_0141,"['hard_refusal', 'safe_completion', 'unsafe_compliance']",3,hard_refusal + safe_completion + unsafe_compliance,dual_use,dualuse_team_v1
du_D_disinfo_0142,"['hard_refusal', 'safe_completion', 'unsafe_compliance']",3,hard_refusal + safe_completion + unsafe_compliance,dual_use,dualuse_team_v1
du_D_disinfo_0143,"['hard_refusal', 'safe_completion', 'unsafe_compliance']",3,hard_refusal + safe_completion + unsafe_compliance,dual_use,dualuse_team_v1
du_D_disinfo_0144,"['hard_refusal', 'safe_completion', 'unsafe_compliance']",3,hard_refusal + safe_completion + unsafe_compliance,dual_use,dualuse_team_v1
du_D_disinfo_0145,"['hard_refusal', 'safe_completion', 'unsafe_compliance']",3,hard_refusal + safe_completion + unsafe_compliance,dual_use,dualuse_team_v1
du_D_disinfo_0146,"['hard_refusal', 'safe_completion', 'unsafe_compliance']",3,hard_refusal + safe_completion + unsafe_compliance,dual_use,dualuse_team_v1
du_D_disinfo_0147,"['hard_refusal', 'safe_completion', 'unsafe_compliance']",3,hard_refusal + safe_completion + unsafe_compliance,dual_use,dualuse_team_v1
du_D_disinfo_0148,"['hard_refusal', 'safe_completion', 'unsafe_compliance']",3,hard_refusal + safe_completion + unsafe_compliance,dual_use,dualuse_team_v1
du_D_disinfo_0149,"['hard_refusal', 'safe_completion', 'unsafe_compliance']",3,hard_refusal + safe_completion + unsafe_compliance,dual_use,dualuse_team_v1
du_D_disinfo_0150,"['hard_refusal', 'safe_completion', 'unsafe_compliance']",3,hard_refusal + safe_completion + unsafe_compliance,dual_use,dualuse_team_v1
du_D_fincrime_0001,"['hard_refusal', 'safe_completion', 'unsafe_compliance']",3,hard_refusal + safe_completion + unsafe_compliance,dual_use,dualuse_team_v1
du_D_fincrime_0002,"['hard_refusal', 'safe_completion', 'unsafe_compliance']",3,hard_refusal + safe_completion + unsafe_compliance,dual_use,dualuse_team_v1
du_D_fincrime_0003,"['hard_refusal', 'safe_completion', 'unsafe_compliance']",3,hard_refusal + safe_completion + unsafe_compliance,dual_use,dualuse_team_v1
du_D_fincrime_0004,"['hard_refusal', 'safe_completion', 'unsafe_compliance']",3,hard_refusal + safe_completion + unsafe_compliance,dual_use,dualuse_team_v1
du_D_fincrime_0005,"['hard_refusal', 'safe_completion', 'unsafe_compliance']",3,hard_refusal + safe_completion + unsafe_compliance,dual_use,dualuse_team_v1
du_D_fincrime_0006,"['hard_refusal', 'safe_completion', 'unsafe_compliance']",3,hard_refusal + safe_completion + unsafe_compliance,dual_use,dualuse_team_v1
du_D_fincrime_0007,"['hard_refusal', 'safe_completion', 'unsafe_compliance']",3,hard_refusal + safe_completion + unsafe_compliance,dual_use,dualuse_team_v1
du_D_fincrime_0008,"['hard_refusal', 'safe_completion', 'unsafe_compliance']",3,hard_refusal + safe_completion + unsafe_compliance,dual_use,dualuse_team_v1
du_D_fincrime_0009,"['hard_refusal', 'safe_completion', 'unsafe_compliance']",3,hard_refusal + safe_completion + unsafe_compliance,dual_use,dualuse_team_v1
du_D_fincrime_0010,"['hard_refusal', 'safe_completion', 'unsafe_compliance']",3,hard_refusal + safe_completion + unsafe_compliance,dual_use,dualuse_team_v1
du_D_fincrime_0011,"['hard_refusal', 'safe_completion', 'unsafe_compliance']",3,hard_refusal + safe_completion + unsafe_compliance,dual_use,dualuse_team_v1
du_D_fincrime_0012,"['hard_refusal', 'safe_completion', 'unsafe_compliance']",3,hard_refusal + safe_completion + unsafe_compliance,dual_use,dualuse_team_v1
du_D_fincrime_0013,"['hard_refusal', 'safe_completion', 'unsafe_compliance']",3,hard_refusal + safe_completion + unsafe_compliance,dual_use,dualuse_team_v1
du_D_fincrime_0014,"['hard_refusal', 'safe_completion', 'unsafe_compliance']",3,hard_refusal + safe_completion + unsafe_compliance,dual_use,dualuse_team_v1
du_D_fincrime_0015,"['hard_refusal', 'safe_completion', 'unsafe_compliance']",3,hard_refusal + safe_completion + unsafe_compliance,dual_use,dualuse_team_v1
du_D_fincrime_0016,"['hard_refusal', 'safe_completion', 'unsafe_compliance']",3,hard_refusal + safe_completion + unsafe_compliance,dual_use,dualuse_team_v1
du_D_fincrime_0017,"['hard_refusal', 'safe_completion', 'unsafe_compliance']",3,hard_refusal + safe_completion + unsafe_compliance,dual_use,dualuse_team_v1
du_D_fincrime_0018,"['hard_refusal', 'safe_completion', 'unsafe_compliance']",3,hard_refusal + safe_completion + unsafe_compliance,dual_use,dualuse_team_v1
du_D_fincrime_0019,"['hard_refusal', 'safe_completion', 'unsafe_compliance']",3,hard_refusal + safe_completion + unsafe_compliance,dual_use,dualuse_team_v1
du_D_fincrime_0020,"['hard_refusal', 'safe_completion', 'unsafe_compliance']",3,hard_refusal + safe_completion + unsafe_compliance,dual_use,dualuse_team_v1
du_D_fincrime_0021,"['hard_refusal', 'safe_completion', 'unsafe_compliance']",3,hard_refusal + safe_completion + unsafe_compliance,dual_use,dualuse_team_v1
du_D_fincrime_0022,"['hard_refusal', 'safe_completion', 'unsafe_compliance']",3,hard_refusal + safe_completion + unsafe_compliance,dual_use,dualuse_team_v1
du_D_fincrime_0023,"['hard_refusal', 'safe_completion', 'unsafe_compliance']",3,hard_refusal + safe_completion + unsafe_compliance,dual_use,dualuse_team_v1
du_D_fincrime_0024,"['hard_refusal', 'safe_completion', 'unsafe_compliance']",3,hard_refusal + safe_completion + unsafe_compliance,dual_use,dualuse_team_v1
du_D_fincrime_0025,"['hard_refusal', 'safe_completion', 'unsafe_compliance']",3,hard_refusal + safe_completion + unsafe_compliance,dual_use,dualuse_team_v1
du_D_fincrime_0026,"['hard_refusal', 'safe_completion', 'unsafe_compliance']",3,hard_refusal + safe_completion + unsafe_compliance,dual_use,dualuse_team_v1
du_D_fincrime_0027,"['hard_refusal', 'safe_completion', 'unsafe_compliance']",3,hard_refusal + safe_completion + unsafe_compliance,dual_use,dualuse_team_v1
du_D_fincrime_0028,"['hard_refusal', 'safe_completion', 'unsafe_compliance']",3,hard_refusal + safe_completion + unsafe_compliance,dual_use,dualuse_team_v1
du_D_fincrime_0029,"['hard_refusal', 'safe_completion', 'unsafe_compliance']",3,hard_refusal + safe_completion + unsafe_compliance,dual_use,dualuse_team_v1
du_D_fincrime_0030,"['hard_refusal', 'safe_completion', 'unsafe_compliance']",3,hard_refusal + safe_completion + unsafe_compliance,dual_use,dualuse_team_v1
du_D_fincrime_0031,"['hard_refusal', 'safe_completion', 'unsafe_compliance']",3,hard_refusal + safe_completion + unsafe_compliance,dual_use,dualuse_team_v1
du_D_fincrime_0032,"['hard_refusal', 'safe_completion', 'unsafe_compliance']",3,hard_refusal + safe_completion + unsafe_compliance,dual_use,dualuse_team_v1
du_D_fincrime_0033,"['hard_refusal', 'safe_completion', 'unsafe_compliance']",3,hard_refusal + safe_completion + unsafe_compliance,dual_use,dualuse_team_v1
du_D_fincrime_0034,"['hard_refusal', 'safe_completion', 'unsafe_compliance']",3,hard_refusal + safe_completion + unsafe_compliance,dual_use,dualuse_team_v1
du_D_fincrime_0035,"['hard_refusal', 'safe_completion', 'unsafe_compliance']",3,hard_refusal + safe_completion + unsafe_compliance,dual_use,dualuse_team_v1
du_D_fincrime_0036,"['hard_refusal', 'safe_completion', 'unsafe_compliance']",3,hard_refusal + safe_completion + unsafe_compliance,dual_use,dualuse_team_v1
du_D_fincrime_0037,"['hard_refusal', 'safe_completion', 'unsafe_compliance']",3,hard_refusal + safe_completion + unsafe_compliance,dual_use,dualuse_team_v1
du_D_fincrime_0038,"['hard_refusal', 'safe_completion', 'unsafe_compliance']",3,hard_refusal + safe_completion + unsafe_compliance,dual_use,dualuse_team_v1
du_D_fincrime_0039,"['hard_refusal', 'safe_completion', 'unsafe_compliance']",3,hard_refusal + safe_completion + unsafe_compliance,dual_use,dualuse_team_v1
du_D_fincrime_0040,"['hard_refusal', 'safe_completion', 'unsafe_compliance']",3,hard_refusal + safe_completion + unsafe_compliance,dual_use,dualuse_team_v1
du_D_fincrime_0041,"['hard_refusal', 'safe_completion', 'unsafe_compliance']",3,hard_refusal + safe_completion + unsafe_compliance,dual_use,dualuse_team_v1
du_D_fincrime_0042,"['hard_refusal', 'safe_completion', 'unsafe_compliance']",3,hard_refusal + safe_completion + unsafe_compliance,dual_use,dualuse_team_v1
du_D_fincrime_0043,"['hard_refusal', 'safe_completion', 'unsafe_compliance']",3,hard_refusal + safe_completion + unsafe_compliance,dual_use,dualuse_team_v1
du_D_fincrime_0044,"['hard_refusal', 'safe_completion', 'unsafe_compliance']",3,hard_refusal + safe_completion + unsafe_compliance,dual_use,dualuse_team_v1
du_D_fincrime_0045,"['hard_refusal', 'safe_completion', 'unsafe_compliance']",3,hard_refusal + safe_completion + unsafe_compliance,dual_use,dualuse_team_v1
du_D_fincrime_0046,"['hard_refusal', 'safe_completion', 'unsafe_compliance']",3,hard_refusal + safe_completion + unsafe_compliance,dual_use,dualuse_team_v1
du_D_fincrime_0047,"['hard_refusal', 'safe_completion', 'unsafe_compliance']",3,hard_refusal + safe_completion + unsafe_compliance,dual_use,dualuse_team_v1
du_D_fincrime_0048,"['hard_refusal', 'safe_completion', 'unsafe_compliance']",3,hard_refusal + safe_completion + unsafe_compliance,dual_use,dualuse_team_v1
du_D_fincrime_0049,"['hard_refusal', 'safe_completion', 'unsafe_compliance']",3,hard_refusal + safe_completion + unsafe_compliance,dual_use,dualuse_team_v1
du_D_fincrime_0050,"['hard_refusal', 'safe_completion', 'unsafe_compliance']",3,hard_refusal + safe_completion + unsafe_compliance,dual_use,dualuse_team_v1
du_D_fincrime_0051,"['hard_refusal', 'safe_completion', 'unsafe_compliance']",3,hard_refusal + safe_completion + unsafe_compliance,dual_use,dualuse_team_v1
du_D_fincrime_0052,"['hard_refusal', 'safe_completion', 'unsafe_compliance']",3,hard_refusal + safe_completion + unsafe_compliance,dual_use,dualuse_team_v1
du_D_fincrime_0053,"['hard_refusal', 'safe_completion', 'unsafe_compliance']",3,hard_refusal + safe_completion + unsafe_compliance,dual_use,dualuse_team_v1
du_D_fincrime_0054,"['hard_refusal', 'safe_completion', 'unsafe_compliance']",3,hard_refusal + safe_completion + unsafe_compliance,dual_use,dualuse_team_v1
du_D_fincrime_0055,"['hard_refusal', 'safe_completion', 'unsafe_compliance']",3,hard_refusal + safe_completion + unsafe_compliance,dual_use,dualuse_team_v1
du_D_fincrime_0056,"['hard_refusal', 'safe_completion', 'unsafe_compliance']",3,hard_refusal + safe_completion + unsafe_compliance,dual_use,dualuse_team_v1
du_D_fincrime_0057,"['hard_refusal', 'safe_completion', 'unsafe_compliance']",3,hard_refusal + safe_completion + unsafe_compliance,dual_use,dualuse_team_v1
du_D_fincrime_0058,"['hard_refusal', 'safe_completion', 'unsafe_compliance']",3,hard_refusal + safe_completion + unsafe_compliance,dual_use,dualuse_team_v1
du_D_fincrime_0059,"['hard_refusal', 'safe_completion', 'unsafe_compliance']",3,hard_refusal + safe_completion + unsafe_compliance,dual_use,dualuse_team_v1
du_D_fincrime_0060,"['hard_refusal', 'safe_completion', 'unsafe_compliance']",3,hard_refusal + safe_completion + unsafe_compliance,dual_use,dualuse_team_v1
du_D_fincrime_0061,"['hard_refusal', 'safe_completion', 'unsafe_compliance']",3,hard_refusal + safe_completion + unsafe_compliance,dual_use,dualuse_team_v1
du_D_fincrime_0062,"['hard_refusal', 'safe_completion', 'unsafe_compliance']",3,hard_refusal + safe_completion + unsafe_compliance,dual_use,dualuse_team_v1
du_D_fincrime_0063,"['hard_refusal', 'safe_completion', 'unsafe_compliance']",3,hard_refusal + safe_completion + unsafe_compliance,dual_use,dualuse_team_v1
du_D_fincrime_0064,"['hard_refusal', 'safe_completion', 'unsafe_compliance']",3,hard_refusal + safe_completion + unsafe_compliance,dual_use,dualuse_team_v1
du_D_fincrime_0065,"['hard_refusal', 'safe_completion', 'unsafe_compliance']",3,hard_refusal + safe_completion + unsafe_compliance,dual_use,dualuse_team_v1
du_D_fincrime_0066,"['hard_refusal', 'safe_completion', 'unsafe_compliance']",3,hard_refusal + safe_completion + unsafe_compliance,dual_use,dualuse_team_v1
du_D_fincrime_0067,"['hard_refusal', 'safe_completion', 'unsafe_compliance']",3,hard_refusal + safe_completion + unsafe_compliance,dual_use,dualuse_team_v1
du_D_fincrime_0068,"['hard_refusal', 'safe_completion', 'unsafe_compliance']",3,hard_refusal + safe_completion + unsafe_compliance,dual_use,dualuse_team_v1
du_D_fincrime_0069,"['hard_refusal', 'safe_completion', 'unsafe_compliance']",3,hard_refusal + safe_completion + unsafe_compliance,dual_use,dualuse_team_v1
du_D_fincrime_0070,"['hard_refusal', 'safe_completion', 'unsafe_compliance']",3,hard_refusal + safe_completion + unsafe_compliance,dual_use,dualuse_team_v1
du_D_fincrime_0071,"['hard_refusal', 'safe_completion', 'unsafe_compliance']",3,hard_refusal + safe_completion + unsafe_compliance,dual_use,dualuse_team_v1
du_D_fincrime_0072,"['hard_refusal', 'safe_completion', 'unsafe_compliance']",3,hard_refusal + safe_completion + unsafe_compliance,dual_use,dualuse_team_v1
du_D_fincrime_0073,"['hard_refusal', 'safe_completion', 'unsafe_compliance']",3,hard_refusal + safe_completion + unsafe_compliance,dual_use,dualuse_team_v1
du_D_fincrime_0074,"['hard_refusal', 'safe_completion', 'unsafe_compliance']",3,hard_refusal + safe_completion + unsafe_compliance,dual_use,dualuse_team_v1
du_D_fincrime_0075,"['hard_refusal', 'safe_completion', 'unsafe_compliance']",3,hard_refusal + safe_completion + unsafe_compliance,dual_use,dualuse_team_v1
du_D_fincrime_0076,"['hard_refusal', 'safe_completion', 'unsafe_compliance']",3,hard_refusal + safe_completion + unsafe_compliance,dual_use,dualuse_team_v1
du_D_fincrime_0077,"['hard_refusal', 'safe_completion', 'unsafe_compliance']",3,hard_refusal + safe_completion + unsafe_compliance,dual_use,dualuse_team_v1
du_D_fincrime_0078,"['hard_refusal', 'safe_completion', 'unsafe_compliance']",3,hard_refusal + safe_completion + unsafe_compliance,dual_use,dualuse_team_v1
du_D_fincrime_0079,"['hard_refusal', 'safe_completion', 'unsafe_compliance']",3,hard_refusal + safe_completion + unsafe_compliance,dual_use,dualuse_team_v1
du_D_fincrime_0080,"['hard_refusal', 'safe_completion', 'unsafe_compliance']",3,hard_refusal + safe_completion + unsafe_compliance,dual_use,dualuse_team_v1
du_D_fincrime_0081,"['hard_refusal', 'safe_completion', 'unsafe_compliance']",3,hard_refusal + safe_completion + unsafe_compliance,dual_use,dualuse_team_v1
du_D_fincrime_0082,"['hard_refusal', 'safe_completion', 'unsafe_compliance']",3,hard_refusal + safe_completion + unsafe_compliance,dual_use,dualuse_team_v1
du_D_fincrime_0083,"['hard_refusal', 'safe_completion', 'unsafe_compliance']",3,hard_refusal + safe_completion + unsafe_compliance,dual_use,dualuse_team_v1
du_D_fincrime_0084,"['hard_refusal', 'safe_completion', 'unsafe_compliance']",3,hard_refusal + safe_completion + unsafe_compliance,dual_use,dualuse_team_v1
du_D_fincrime_0085,"['hard_refusal', 'safe_completion', 'unsafe_compliance']",3,hard_refusal + safe_completion + unsafe_compliance,dual_use,dualuse_team_v1
du_D_fincrime_0086,"['hard_refusal', 'safe_completion', 'unsafe_compliance']",3,hard_refusal + safe_completion + unsafe_compliance,dual_use,dualuse_team_v1
du_D_fincrime_0087,"['hard_refusal', 'safe_completion', 'unsafe_compliance']",3,hard_refusal + safe_completion + unsafe_compliance,dual_use,dualuse_team_v1
du_D_fincrime_0088,"['hard_refusal', 'safe_completion', 'unsafe_compliance']",3,hard_refusal + safe_completion + unsafe_compliance,dual_use,dualuse_team_v1
du_D_fincrime_0089,"['hard_refusal', 'safe_completion', 'unsafe_compliance']",3,hard_refusal + safe_completion + unsafe_compliance,dual_use,dualuse_team_v1
du_D_fincrime_0090,"['hard_refusal', 'safe_completion', 'unsafe_compliance']",3,hard_refusal + safe_completion + unsafe_compliance,dual_use,dualuse_team_v1
du_D_fincrime_0091,"['hard_refusal', 'safe_completion', 'unsafe_compliance']",3,hard_refusal + safe_completion + unsafe_compliance,dual_use,dualuse_team_v1
du_D_fincrime_0092,"['hard_refusal', 'safe_completion', 'unsafe_compliance']",3,hard_refusal + safe_completion + unsafe_compliance,dual_use,dualuse_team_v1
du_D_fincrime_0093,"['hard_refusal', 'safe_completion', 'unsafe_compliance']",3,hard_refusal + safe_completion + unsafe_compliance,dual_use,dualuse_team_v1
du_D_fincrime_0094,"['hard_refusal', 'safe_completion', 'unsafe_compliance']",3,hard_refusal + safe_completion + unsafe_compliance,dual_use,dualuse_team_v1
du_D_fincrime_0095,"['hard_refusal', 'safe_completion', 'unsafe_compliance']",3,hard_refusal + safe_completion + unsafe_compliance,dual_use,dualuse_team_v1
du_D_fincrime_0096,"['hard_refusal', 'safe_completion', 'unsafe_compliance']",3,hard_refusal + safe_completion + unsafe_compliance,dual_use,dualuse_team_v1
du_D_fincrime_0097,"['hard_refusal', 'safe_completion', 'unsafe_compliance']",3,hard_refusal + safe_completion + unsafe_compliance,dual_use,dualuse_team_v1
du_D_fincrime_0098,"['hard_refusal', 'safe_completion', 'unsafe_compliance']",3,hard_refusal + safe_completion + unsafe_compliance,dual_use,dualuse_team_v1
du_D_fincrime_0099,"['hard_refusal', 'safe_completion', 'unsafe_compliance']",3,hard_refusal + safe_completion + unsafe_compliance,dual_use,dualuse_team_v1
du_D_fincrime_0100,"['hard_refusal', 'safe_completion', 'unsafe_compliance']",3,hard_refusal + safe_completion + unsafe_compliance,dual_use,dualuse_team_v1
du_D_fincrime_0101,"['hard_refusal', 'safe_completion', 'unsafe_compliance']",3,hard_refusal + safe_completion + unsafe_compliance,dual_use,dualuse_team_v1
du_D_fincrime_0102,"['hard_refusal', 'safe_completion', 'unsafe_compliance']",3,hard_refusal + safe_completion + unsafe_compliance,dual_use,dualuse_team_v1
du_D_fincrime_0103,"['hard_refusal', 'safe_completion', 'unsafe_compliance']",3,hard_refusal + safe_completion + unsafe_compliance,dual_use,dualuse_team_v1
du_D_fincrime_0104,"['hard_refusal', 'safe_completion', 'unsafe_compliance']",3,hard_refusal + safe_completion + unsafe_compliance,dual_use,dualuse_team_v1
du_D_fincrime_0105,"['hard_refusal', 'safe_completion', 'unsafe_compliance']",3,hard_refusal + safe_completion + unsafe_compliance,dual_use,dualuse_team_v1
du_D_fincrime_0106,"['hard_refusal', 'safe_completion', 'unsafe_compliance']",3,hard_refusal + safe_completion + unsafe_compliance,dual_use,dualuse_team_v1
du_D_fincrime_0107,"['hard_refusal', 'safe_completion', 'unsafe_compliance']",3,hard_refusal + safe_completion + unsafe_compliance,dual_use,dualuse_team_v1
du_D_fincrime_0108,"['hard_refusal', 'safe_completion', 'unsafe_compliance']",3,hard_refusal + safe_completion + unsafe_compliance,dual_use,dualuse_team_v1
du_D_fincrime_0109,"['hard_refusal', 'safe_completion', 'unsafe_compliance']",3,hard_refusal + safe_completion + unsafe_compliance,dual_use,dualuse_team_v1
du_D_fincrime_0110,"['hard_refusal', 'safe_completion', 'unsafe_compliance']",3,hard_refusal + safe_completion + unsafe_compliance,dual_use,dualuse_team_v1
du_D_fincrime_0111,"['hard_refusal', 'safe_completion', 'unsafe_compliance']",3,hard_refusal + safe_completion + unsafe_compliance,dual_use,dualuse_team_v1
du_D_fincrime_0112,"['hard_refusal', 'safe_completion', 'unsafe_compliance']",3,hard_refusal + safe_completion + unsafe_compliance,dual_use,dualuse_team_v1
du_D_fincrime_0113,"['hard_refusal', 'safe_completion', 'unsafe_compliance']",3,hard_refusal + safe_completion + unsafe_compliance,dual_use,dualuse_team_v1
du_D_fincrime_0114,"['hard_refusal', 'safe_completion', 'unsafe_compliance']",3,hard_refusal + safe_completion + unsafe_compliance,dual_use,dualuse_team_v1
du_D_fincrime_0115,"['hard_refusal', 'safe_completion', 'unsafe_compliance']",3,hard_refusal + safe_completion + unsafe_compliance,dual_use,dualuse_team_v1
du_D_fincrime_0116,"['hard_refusal', 'safe_completion', 'unsafe_compliance']",3,hard_refusal + safe_completion + unsafe_compliance,dual_use,dualuse_team_v1
du_D_fincrime_0117,"['hard_refusal', 'safe_completion', 'unsafe_compliance']",3,hard_refusal + safe_completion + unsafe_compliance,dual_use,dualuse_team_v1
du_D_fincrime_0118,"['hard_refusal', 'safe_completion', 'unsafe_compliance']",3,hard_refusal + safe_completion + unsafe_compliance,dual_use,dualuse_team_v1
du_D_fincrime_0119,"['hard_refusal', 'safe_completion', 'unsafe_compliance']",3,hard_refusal + safe_completion + unsafe_compliance,dual_use,dualuse_team_v1
du_D_fincrime_0120,"['hard_refusal', 'safe_completion', 'unsafe_compliance']",3,hard_refusal + safe_completion + unsafe_compliance,dual_use,dualuse_team_v1
du_D_fincrime_0121,"['hard_refusal', 'safe_completion', 'unsafe_compliance']",3,hard_refusal + safe_completion + unsafe_compliance,dual_use,dualuse_team_v1
du_D_fincrime_0122,"['hard_refusal', 'safe_completion', 'unsafe_compliance']",3,hard_refusal + safe_completion + unsafe_compliance,dual_use,dualuse_team_v1
du_D_fincrime_0123,"['hard_refusal', 'safe_completion', 'unsafe_compliance']",3,hard_refusal + safe_completion + unsafe_compliance,dual_use,dualuse_team_v1
du_D_fincrime_0124,"['hard_refusal', 'safe_completion', 'unsafe_compliance']",3,hard_refusal + safe_completion + unsafe_compliance,dual_use,dualuse_team_v1
du_D_fincrime_0125,"['hard_refusal', 'safe_completion', 'unsafe_compliance']",3,hard_refusal + safe_completion + unsafe_compliance,dual_use,dualuse_team_v1
du_D_fincrime_0126,"['hard_refusal', 'safe_completion', 'unsafe_compliance']",3,hard_refusal + safe_completion + unsafe_compliance,dual_use,dualuse_team_v1
du_D_fincrime_0127,"['hard_refusal', 'safe_completion', 'unsafe_compliance']",3,hard_refusal + safe_completion + unsafe_compliance,dual_use,dualuse_team_v1
du_D_fincrime_0128,"['hard_refusal', 'safe_completion', 'unsafe_compliance']",3,hard_refusal + safe_completion + unsafe_compliance,dual_use,dualuse_team_v1
du_D_fincrime_0129,"['hard_refusal', 'safe_completion', 'unsafe_compliance']",3,hard_refusal + safe_completion + unsafe_compliance,dual_use,dualuse_team_v1
du_D_fincrime_0130,"['hard_refusal', 'safe_completion', 'unsafe_compliance']",3,hard_refusal + safe_completion + unsafe_compliance,dual_use,dualuse_team_v1
du_D_fincrime_0131,"['hard_refusal', 'safe_completion', 'unsafe_compliance']",3,hard_refusal + safe_completion + unsafe_compliance,dual_use,dualuse_team_v1
du_D_fincrime_0132,"['hard_refusal', 'safe_completion', 'unsafe_compliance']",3,hard_refusal + safe_completion + unsafe_compliance,dual_use,dualuse_team_v1
du_D_fincrime_0133,"['hard_refusal', 'safe_completion', 'unsafe_compliance']",3,hard_refusal + safe_completion + unsafe_compliance,dual_use,dualuse_team_v1
du_D_fincrime_0134,"['hard_refusal', 'safe_completion', 'unsafe_compliance']",3,hard_refusal + safe_completion + unsafe_compliance,dual_use,dualuse_team_v1
du_D_fincrime_0135,"['hard_refusal', 'safe_completion', 'unsafe_compliance']",3,hard_refusal + safe_completion + unsafe_compliance,dual_use,dualuse_team_v1
du_D_fincrime_0136,"['hard_refusal', 'safe_completion', 'unsafe_compliance']",3,hard_refusal + safe_completion + unsafe_compliance,dual_use,dualuse_team_v1
du_D_fincrime_0137,"['hard_refusal', 'safe_completion', 'unsafe_compliance']",3,hard_refusal + safe_completion + unsafe_compliance,dual_use,dualuse_team_v1
du_D_fincrime_0138,"['hard_refusal', 'safe_completion', 'unsafe_compliance']",3,hard_refusal + safe_completion + unsafe_compliance,dual_use,dualuse_team_v1
du_D_fincrime_0139,"['hard_refusal', 'safe_completion', 'unsafe_compliance']",3,hard_refusal + safe_completion + unsafe_compliance,dual_use,dualuse_team_v1
du_D_fincrime_0140,"['hard_refusal', 'safe_completion', 'unsafe_compliance']",3,hard_refusal + safe_completion + unsafe_compliance,dual_use,dualuse_team_v1
du_D_fincrime_0141,"['hard_refusal', 'safe_completion', 'unsafe_compliance']",3,hard_refusal + safe_completion + unsafe_compliance,dual_use,dualuse_team_v1
du_D_fincrime_0142,"['hard_refusal', 'safe_completion', 'unsafe_compliance']",3,hard_refusal + safe_completion + unsafe_compliance,dual_use,dualuse_team_v1
du_D_fincrime_0143,"['hard_refusal', 'safe_completion', 'unsafe_compliance']",3,hard_refusal + safe_completion + unsafe_compliance,dual_use,dualuse_team_v1
du_D_fincrime_0144,"['hard_refusal', 'safe_completion', 'unsafe_compliance']",3,hard_refusal + safe_completion + unsafe_compliance,dual_use,dualuse_team_v1
du_D_fincrime_0145,"['hard_refusal', 'safe_completion', 'unsafe_compliance']",3,hard_refusal + safe_completion + unsafe_compliance,dual_use,dualuse_team_v1
du_D_fincrime_0146,"['hard_refusal', 'safe_completion', 'unsafe_compliance']",3,hard_refusal + safe_completion + unsafe_compliance,dual_use,dualuse_team_v1
du_D_fincrime_0147,"['hard_refusal', 'safe_completion', 'unsafe_compliance']",3,hard_refusal + safe_completion + unsafe_compliance,dual_use,dualuse_team_v1
du_D_fincrime_0148,"['hard_refusal', 'safe_completion', 'unsafe_compliance']",3,hard_refusal + safe_completion + unsafe_compliance,dual_use,dualuse_team_v1
du_D_fincrime_0149,"['hard_refusal', 'safe_completion', 'unsafe_compliance']",3,hard_refusal + safe_completion + unsafe_compliance,dual_use,dualuse_team_v1
du_D_fincrime_0150,"['hard_refusal', 'safe_completion', 'unsafe_compliance']",3,hard_refusal + safe_completion + unsafe_compliance,dual_use,dualuse_team_v1
du_D_fincrime_0151,"['hard_refusal', 'safe_completion', 'unsafe_compliance']",3,hard_refusal + safe_completion + unsafe_compliance,dual_use,dualuse_team_v1
du_D_fincrime_0152,"['hard_refusal', 'safe_completion', 'unsafe_compliance']",3,hard_refusal + safe_completion + unsafe_compliance,dual_use,dualuse_team_v1
du_D_fincrime_0153,"['hard_refusal', 'safe_completion', 'unsafe_compliance']",3,hard_refusal + safe_completion + unsafe_compliance,dual_use,dualuse_team_v1
du_D_fincrime_0154,"['hard_refusal', 'safe_completion', 'unsafe_compliance']",3,hard_refusal + safe_completion + unsafe_compliance,dual_use,dualuse_team_v1
du_D_fincrime_0155,"['hard_refusal', 'safe_completion', 'unsafe_compliance']",3,hard_refusal + safe_completion + unsafe_compliance,dual_use,dualuse_team_v1
du_D_fincrime_0156,"['hard_refusal', 'safe_completion', 'unsafe_compliance']",3,hard_refusal + safe_completion + unsafe_compliance,dual_use,dualuse_team_v1
du_D_fincrime_0157,"['hard_refusal', 'safe_completion', 'unsafe_compliance']",3,hard_refusal + safe_completion + unsafe_compliance,dual_use,dualuse_team_v1
du_D_fincrime_0158,"['hard_refusal', 'safe_completion', 'unsafe_compliance']",3,hard_refusal + safe_completion + unsafe_compliance,dual_use,dualuse_team_v1
du_D_fincrime_0159,"['hard_refusal', 'safe_completion', 'unsafe_compliance']",3,hard_refusal + safe_completion + unsafe_compliance,dual_use,dualuse_team_v1
du_D_fincrime_0160,"['hard_refusal', 'safe_completion', 'unsafe_compliance']",3,hard_refusal + safe_completion + unsafe_compliance,dual_use,dualuse_team_v1
du_D_fincrime_0161,"['hard_refusal', 'safe_completion', 'unsafe_compliance']",3,hard_refusal + safe_completion + unsafe_compliance,dual_use,dualuse_team_v1
du_D_fincrime_0162,"['hard_refusal', 'safe_completion', 'unsafe_compliance']",3,hard_refusal + safe_completion + unsafe_compliance,dual_use,dualuse_team_v1
du_D_fincrime_0163,"['hard_refusal', 'safe_completion', 'unsafe_compliance']",3,hard_refusal + safe_completion + unsafe_compliance,dual_use,dualuse_team_v1
du_D_fincrime_0164,"['hard_refusal', 'safe_completion', 'unsafe_compliance']",3,hard_refusal + safe_completion + unsafe_compliance,dual_use,dualuse_team_v1
du_D_fincrime_0165,"['hard_refusal', 'safe_completion', 'unsafe_compliance']",3,hard_refusal + safe_completion + unsafe_compliance,dual_use,dualuse_team_v1
du_D_fincrime_0166,"['hard_refusal', 'safe_completion', 'unsafe_compliance']",3,hard_refusal + safe_completion + unsafe_compliance,dual_use,dualuse_team_v1
du_D_fincrime_0167,"['hard_refusal', 'safe_completion', 'unsafe_compliance']",3,hard_refusal + safe_completion + unsafe_compliance,dual_use,dualuse_team_v1
du_D_fincrime_0168,"['hard_refusal', 'safe_completion', 'unsafe_compliance']",3,hard_refusal + safe_completion + unsafe_compliance,dual_use,dualuse_team_v1
du_D_fincrime_0169,"['hard_refusal', 'safe_completion', 'unsafe_compliance']",3,hard_refusal + safe_completion + unsafe_compliance,dual_use,dualuse_team_v1
du_D_fincrime_0170,"['hard_refusal', 'safe_completion', 'unsafe_compliance']",3,hard_refusal + safe_completion + unsafe_compliance,dual_use,dualuse_team_v1
du_D_fincrime_0171,"['hard_refusal', 'safe_completion', 'unsafe_compliance']",3,hard_refusal + safe_completion + unsafe_compliance,dual_use,dualuse_team_v1
du_D_fincrime_0172,"['hard_refusal', 'safe_completion', 'unsafe_compliance']",3,hard_refusal + safe_completion + unsafe_compliance,dual_use,dualuse_team_v1
du_D_fincrime_0173,"['hard_refusal', 'safe_completion', 'unsafe_compliance']",3,hard_refusal + safe_completion + unsafe_compliance,dual_use,dualuse_team_v1
du_D_fincrime_0174,"['hard_refusal', 'safe_completion', 'unsafe_compliance']",3,hard_refusal + safe_completion + unsafe_compliance,dual_use,dualuse_team_v1
du_D_fincrime_0175,"['hard_refusal', 'safe_completion', 'unsafe_compliance']",3,hard_refusal + safe_completion + unsafe_compliance,dual_use,dualuse_team_v1
du_D_fincrime_0176,"['hard_refusal', 'safe_completion', 'unsafe_compliance']",3,hard_refusal + safe_completion + unsafe_compliance,dual_use,dualuse_team_v1
du_D_fincrime_0177,"['hard_refusal', 'safe_completion', 'unsafe_compliance']",3,hard_refusal + safe_completion + unsafe_compliance,dual_use,dualuse_team_v1
du_D_fincrime_0178,"['hard_refusal', 'safe_completion', 'unsafe_compliance']",3,hard_refusal + safe_completion + unsafe_compliance,dual_use,dualuse_team_v1
du_D_fincrime_0179,"['hard_refusal', 'safe_completion', 'unsafe_compliance']",3,hard_refusal + safe_completion + unsafe_compliance,dual_use,dualuse_team_v1
du_D_fincrime_0180,"['hard_refusal', 'safe_completion', 'unsafe_compliance']",3,hard_refusal + safe_completion + unsafe_compliance,dual_use,dualuse_team_v1
du_D_fincrime_0181,"['hard_refusal', 'safe_completion', 'unsafe_compliance']",3,hard_refusal + safe_completion + unsafe_compliance,dual_use,dualuse_team_v1
du_D_fincrime_0182,"['hard_refusal', 'safe_completion', 'unsafe_compliance']",3,hard_refusal + safe_completion + unsafe_compliance,dual_use,dualuse_team_v1
du_D_fincrime_0183,"['hard_refusal', 'safe_completion', 'unsafe_compliance']",3,hard_refusal + safe_completion + unsafe_compliance,dual_use,dualuse_team_v1
du_D_fincrime_0184,"['hard_refusal', 'safe_completion', 'unsafe_compliance']",3,hard_refusal + safe_completion + unsafe_compliance,dual_use,dualuse_team_v1
du_D_fincrime_0185,"['hard_refusal', 'safe_completion', 'unsafe_compliance']",3,hard_refusal + safe_completion + unsafe_compliance,dual_use,dualuse_team_v1
du_D_fincrime_0186,"['hard_refusal', 'safe_completion', 'unsafe_compliance']",3,hard_refusal + safe_completion + unsafe_compliance,dual_use,dualuse_team_v1
du_D_fincrime_0187,"['hard_refusal', 'safe_completion', 'unsafe_compliance']",3,hard_refusal + safe_completion + unsafe_compliance,dual_use,dualuse_team_v1
du_D_fincrime_0188,"['hard_refusal', 'safe_completion', 'unsafe_compliance']",3,hard_refusal + safe_completion + unsafe_compliance,dual_use,dualuse_team_v1
du_D_fincrime_0189,"['hard_refusal', 'safe_completion', 'unsafe_compliance']",3,hard_refusal + safe_completion + unsafe_compliance,dual_use,dualuse_team_v1
du_D_fincrime_0190,"['hard_refusal', 'safe_completion', 'unsafe_compliance']",3,hard_refusal + safe_completion + unsafe_compliance,dual_use,dualuse_team_v1
du_D_fincrime_0191,"['hard_refusal', 'safe_completion', 'unsafe_compliance']",3,hard_refusal + safe_completion + unsafe_compliance,dual_use,dualuse_team_v1
du_D_fincrime_0192,"['hard_refusal', 'safe_completion', 'unsafe_compliance']",3,hard_refusal + safe_completion + unsafe_compliance,dual_use,dualuse_team_v1
du_D_fincrime_0193,"['hard_refusal', 'safe_completion', 'unsafe_compliance']",3,hard_refusal + safe_completion + unsafe_compliance,dual_use,dualuse_team_v1
du_D_fincrime_0194,"['hard_refusal', 'safe_completion', 'unsafe_compliance']",3,hard_refusal + safe_completion + unsafe_compliance,dual_use,dualuse_team_v1
du_D_fincrime_0195,"['hard_refusal', 'safe_completion', 'unsafe_compliance']",3,hard_refusal + safe_completion + unsafe_compliance,dual_use,dualuse_team_v1
du_D_fincrime_0196,"['hard_refusal', 'safe_completion', 'unsafe_compliance']",3,hard_refusal + safe_completion + unsafe_compliance,dual_use,dualuse_team_v1
du_D_fincrime_0197,"['hard_refusal', 'safe_completion', 'unsafe_compliance']",3,hard_refusal + safe_completion + unsafe_compliance,dual_use,dualuse_team_v1
du_D_fincrime_0198,"['hard_refusal', 'safe_completion', 'unsafe_compliance']",3,hard_refusal + safe_completion + unsafe_compliance,dual_use,dualuse_team_v1
du_D_fincrime_0199,"['hard_refusal', 'safe_completion', 'unsafe_compliance']",3,hard_refusal + safe_completion + unsafe_compliance,dual_use,dualuse_team_v1
du_D_fincrime_0200,"['hard_refusal', 'safe_completion', 'unsafe_compliance']",3,hard_refusal + safe_completion + unsafe_compliance,dual_use,dualuse_team_v1
du_D_fincrime_0201,"['hard_refusal', 'safe_completion', 'unsafe_compliance']",3,hard_refusal + safe_completion + unsafe_compliance,dual_use,dualuse_team_v1
du_D_fincrime_0202,"['hard_refusal', 'safe_completion', 'unsafe_compliance']",3,hard_refusal + safe_completion + unsafe_compliance,dual_use,dualuse_team_v1
du_D_fincrime_0203,"['hard_refusal', 'safe_completion', 'unsafe_compliance']",3,hard_refusal + safe_completion + unsafe_compliance,dual_use,dualuse_team_v1
du_D_fincrime_0204,"['hard_refusal', 'safe_completion', 'unsafe_compliance']",3,hard_refusal + safe_completion + unsafe_compliance,dual_use,dualuse_team_v1
du_D_fincrime_0205,"['hard_refusal', 'safe_completion', 'unsafe_compliance']",3,hard_refusal + safe_completion + unsafe_compliance,dual_use,dualuse_team_v1
du_D_fincrime_0206,"['hard_refusal', 'safe_completion', 'unsafe_compliance']",3,hard_refusal + safe_completion + unsafe_compliance,dual_use,dualuse_team_v1
du_D_fincrime_0207,"['hard_refusal', 'safe_completion', 'unsafe_compliance']",3,hard_refusal + safe_completion + unsafe_compliance,dual_use,dualuse_team_v1
du_D_fincrime_0208,"['hard_refusal', 'safe_completion', 'unsafe_compliance']",3,hard_refusal + safe_completion + unsafe_compliance,dual_use,dualuse_team_v1
du_D_fincrime_0209,"['hard_refusal', 'safe_completion', 'unsafe_compliance']",3,hard_refusal + safe_completion + unsafe_compliance,dual_use,dualuse_team_v1
du_D_fincrime_0210,"['hard_refusal', 'safe_completion', 'unsafe_compliance']",3,hard_refusal + safe_completion + unsafe_compliance,dual_use,dualuse_team_v1
du_D_fincrime_0211,"['hard_refusal', 'safe_completion', 'unsafe_compliance']",3,hard_refusal + safe_completion + unsafe_compliance,dual_use,dualuse_team_v1
du_D_fincrime_0212,"['hard_refusal', 'safe_completion', 'unsafe_compliance']",3,hard_refusal + safe_completion + unsafe_compliance,dual_use,dualuse_team_v1
du_D_fincrime_0213,"['hard_refusal', 'safe_completion', 'unsafe_compliance']",3,hard_refusal + safe_completion + unsafe_compliance,dual_use,dualuse_team_v1
du_D_fincrime_0214,"['hard_refusal', 'safe_completion', 'unsafe_compliance']",3,hard_refusal + safe_completion + unsafe_compliance,dual_use,dualuse_team_v1
du_D_fincrime_0215,"['hard_refusal', 'safe_completion', 'unsafe_compliance']",3,hard_refusal + safe_completion + unsafe_compliance,dual_use,dualuse_team_v1
du_D_fincrime_0216,"['hard_refusal', 'safe_completion', 'unsafe_compliance']",3,hard_refusal + safe_completion + unsafe_compliance,dual_use,dualuse_team_v1
du_D_fincrime_0217,"['hard_refusal', 'safe_completion', 'unsafe_compliance']",3,hard_refusal + safe_completion + unsafe_compliance,dual_use,dualuse_team_v1
du_D_fincrime_0218,"['hard_refusal', 'safe_completion', 'unsafe_compliance']",3,hard_refusal + safe_completion + unsafe_compliance,dual_use,dualuse_team_v1
du_D_fincrime_0219,"['hard_refusal', 'safe_completion', 'unsafe_compliance']",3,hard_refusal + safe_completion + unsafe_compliance,dual_use,dualuse_team_v1
du_D_fincrime_0220,"['hard_refusal', 'safe_completion', 'unsafe_compliance']",3,hard_refusal + safe_completion + unsafe_compliance,dual_use,dualuse_team_v1
du_D_fincrime_0221,"['hard_refusal', 'safe_completion', 'unsafe_compliance']",3,hard_refusal + safe_completion + unsafe_compliance,dual_use,dualuse_team_v1
du_D_fincrime_0222,"['hard_refusal', 'safe_completion', 'unsafe_compliance']",3,hard_refusal + safe_completion + unsafe_compliance,dual_use,dualuse_team_v1
du_D_fincrime_0223,"['hard_refusal', 'safe_completion', 'unsafe_compliance']",3,hard_refusal + safe_completion + unsafe_compliance,dual_use,dualuse_team_v1
du_D_fincrime_0224,"['hard_refusal', 'safe_completion', 'unsafe_compliance']",3,hard_refusal + safe_completion + unsafe_compliance,dual_use,dualuse_team_v1
du_D_fincrime_0225,"['hard_refusal', 'safe_completion', 'unsafe_compliance']",3,hard_refusal + safe_completion + unsafe_compliance,dual_use,dualuse_team_v1
du_D_fincrime_0226,"['hard_refusal', 'safe_completion', 'unsafe_compliance']",3,hard_refusal + safe_completion + unsafe_compliance,dual_use,dualuse_team_v1
du_D_fincrime_0227,"['hard_refusal', 'safe_completion', 'unsafe_compliance']",3,hard_refusal + safe_completion + unsafe_compliance,dual_use,dualuse_team_v1
du_D_fincrime_0228,"['hard_refusal', 'safe_completion', 'unsafe_compliance']",3,hard_refusal + safe_completion + unsafe_compliance,dual_use,dualuse_team_v1
du_D_fincrime_0229,"['hard_refusal', 'safe_completion', 'unsafe_compliance']",3,hard_refusal + safe_completion + unsafe_compliance,dual_use,dualuse_team_v1
du_D_fincrime_0230,"['hard_refusal', 'safe_completion', 'unsafe_compliance']",3,hard_refusal + safe_completion + unsafe_compliance,dual_use,dualuse_team_v1
du_D_fincrime_0231,"['hard_refusal', 'safe_completion', 'unsafe_compliance']",3,hard_refusal + safe_completion + unsafe_compliance,dual_use,dualuse_team_v1
du_D_fincrime_0232,"['hard_refusal', 'safe_completion', 'unsafe_compliance']",3,hard_refusal + safe_completion + unsafe_compliance,dual_use,dualuse_team_v1
du_D_fincrime_0233,"['hard_refusal', 'safe_completion', 'unsafe_compliance']",3,hard_refusal + safe_completion + unsafe_compliance,dual_use,dualuse_team_v1
du_D_fincrime_0234,"['hard_refusal', 'safe_completion', 'unsafe_compliance']",3,hard_refusal + safe_completion + unsafe_compliance,dual_use,dualuse_team_v1
du_D_fincrime_0235,"['hard_refusal', 'safe_completion', 'unsafe_compliance']",3,hard_refusal + safe_completion + unsafe_compliance,dual_use,dualuse_team_v1
du_D_fincrime_0236,"['hard_refusal', 'safe_completion', 'unsafe_compliance']",3,hard_refusal + safe_completion + unsafe_compliance,dual_use,dualuse_team_v1
du_D_fincrime_0237,"['hard_refusal', 'safe_completion', 'unsafe_compliance']",3,hard_refusal + safe_completion + unsafe_compliance,dual_use,dualuse_team_v1
du_D_fincrime_0238,"['hard_refusal', 'safe_completion', 'unsafe_compliance']",3,hard_refusal + safe_completion + unsafe_compliance,dual_use,dualuse_team_v1
du_D_fincrime_0239,"['hard_refusal', 'safe_completion', 'unsafe_compliance']",3,hard_refusal + safe_completion + unsafe_compliance,dual_use,dualuse_team_v1
du_D_fincrime_0240,"['hard_refusal', 'safe_completion', 'unsafe_compliance']",3,hard_refusal + safe_completion + unsafe_compliance,dual_use,dualuse_team_v1
du_D_fincrime_0241,"['hard_refusal', 'safe_completion', 'unsafe_compliance']",3,hard_refusal + safe_completion + unsafe_compliance,dual_use,dualuse_team_v1
du_D_fincrime_0242,"['hard_refusal', 'safe_completion', 'unsafe_compliance']",3,hard_refusal + safe_completion + unsafe_compliance,dual_use,dualuse_team_v1
du_D_fincrime_0243,"['hard_refusal', 'safe_completion', 'unsafe_compliance']",3,hard_refusal + safe_completion + unsafe_compliance,dual_use,dualuse_team_v1
du_D_fincrime_0244,"['hard_refusal', 'safe_completion', 'unsafe_compliance']",3,hard_refusal + safe_completion + unsafe_compliance,dual_use,dualuse_team_v1
du_D_fincrime_0245,"['hard_refusal', 'safe_completion', 'unsafe_compliance']",3,hard_refusal + safe_completion + unsafe_compliance,dual_use,dualuse_team_v1
du_D_fincrime_0246,"['hard_refusal', 'safe_completion', 'unsafe_compliance']",3,hard_refusal + safe_completion + unsafe_compliance,dual_use,dualuse_team_v1
du_D_fincrime_0247,"['hard_refusal', 'safe_completion', 'unsafe_compliance']",3,hard_refusal + safe_completion + unsafe_compliance,dual_use,dualuse_team_v1
du_D_fincrime_0248,"['hard_refusal', 'safe_completion', 'unsafe_compliance']",3,hard_refusal + safe_completion + unsafe_compliance,dual_use,dualuse_team_v1
du_D_fincrime_0249,"['hard_refusal', 'safe_completion', 'unsafe_compliance']",3,hard_refusal + safe_completion + unsafe_compliance,dual_use,dualuse_team_v1
du_D_fincrime_0250,"['hard_refusal', 'safe_completion', 'unsafe_compliance']",3,hard_refusal + safe_completion + unsafe_compliance,dual_use,dualuse_team_v1
du_D_soceng_0001,"['hard_refusal', 'safe_completion', 'unsafe_compliance']",3,hard_refusal + safe_completion + unsafe_compliance,dual_use,dualuse_team_v1
du_D_soceng_0002,"['hard_refusal', 'safe_completion', 'unsafe_compliance']",3,hard_refusal + safe_completion + unsafe_compliance,dual_use,dualuse_team_v1
du_D_soceng_0003,"['hard_refusal', 'safe_completion', 'unsafe_compliance']",3,hard_refusal + safe_completion + unsafe_compliance,dual_use,dualuse_team_v1
du_D_soceng_0005,"['hard_refusal', 'safe_completion', 'unsafe_compliance']",3,hard_refusal + safe_completion + unsafe_compliance,dual_use,dualuse_team_v1
du_D_soceng_0006,"['hard_refusal', 'safe_completion', 'unsafe_compliance']",3,hard_refusal + safe_completion + unsafe_compliance,dual_use,dualuse_team_v1
du_D_soceng_0007,"['hard_refusal', 'safe_completion', 'unsafe_compliance']",3,hard_refusal + safe_completion + unsafe_compliance,dual_use,dualuse_team_v1
du_D_soceng_0008,"['hard_refusal', 'safe_completion', 'unsafe_compliance']",3,hard_refusal + safe_completion + unsafe_compliance,dual_use,dualuse_team_v1
du_D_soceng_0009,"['hard_refusal', 'safe_completion', 'unsafe_compliance']",3,hard_refusal + safe_completion + unsafe_compliance,dual_use,dualuse_team_v1
du_D_soceng_0010,"['hard_refusal', 'safe_completion', 'unsafe_compliance']",3,hard_refusal + safe_completion + unsafe_compliance,dual_use,dualuse_team_v1
du_D_soceng_0011,"['hard_refusal', 'safe_completion', 'unsafe_compliance']",3,hard_refusal + safe_completion + unsafe_compliance,dual_use,dualuse_team_v1
du_D_soceng_0012,"['hard_refusal', 'safe_completion', 'unsafe_compliance']",3,hard_refusal + safe_completion + unsafe_compliance,dual_use,dualuse_team_v1
du_D_soceng_0013,"['hard_refusal', 'safe_completion', 'unsafe_compliance']",3,hard_refusal + safe_completion + unsafe_compliance,dual_use,dualuse_team_v1
du_D_soceng_0014,"['hard_refusal', 'safe_completion', 'unsafe_compliance']",3,hard_refusal + safe_completion + unsafe_compliance,dual_use,dualuse_team_v1
du_D_soceng_0015,"['hard_refusal', 'safe_completion', 'unsafe_compliance']",3,hard_refusal + safe_completion + unsafe_compliance,dual_use,dualuse_team_v1
du_D_soceng_0016,"['hard_refusal', 'safe_completion', 'unsafe_compliance']",3,hard_refusal + safe_completion + unsafe_compliance,dual_use,dualuse_team_v1
du_D_soceng_0017,"['hard_refusal', 'safe_completion', 'unsafe_compliance']",3,hard_refusal + safe_completion + unsafe_compliance,dual_use,dualuse_team_v1
du_D_soceng_0018,"['hard_refusal', 'safe_completion', 'unsafe_compliance']",3,hard_refusal + safe_completion + unsafe_compliance,dual_use,dualuse_team_v1
du_D_soceng_0019,"['hard_refusal', 'safe_completion', 'unsafe_compliance']",3,hard_refusal + safe_completion + unsafe_compliance,dual_use,dualuse_team_v1
du_D_soceng_0021,"['hard_refusal', 'safe_completion', 'unsafe_compliance']",3,hard_refusal + safe_completion + unsafe_compliance,dual_use,dualuse_team_v1
du_D_soceng_0022,"['hard_refusal', 'safe_completion', 'unsafe_compliance']",3,hard_refusal + safe_completion + unsafe_compliance,dual_use,dualuse_team_v1
du_D_soceng_0023,"['hard_refusal', 'safe_completion', 'unsafe_compliance']",3,hard_refusal + safe_completion + unsafe_compliance,dual_use,dualuse_team_v1
du_D_soceng_0024,"['hard_refusal', 'safe_completion', 'unsafe_compliance']",3,hard_refusal + safe_completion + unsafe_compliance,dual_use,dualuse_team_v1
du_D_soceng_0025,"['hard_refusal', 'safe_completion', 'unsafe_compliance']",3,hard_refusal + safe_completion + unsafe_compliance,dual_use,dualuse_team_v1
du_D_soceng_0026,"['hard_refusal', 'safe_completion', 'unsafe_compliance']",3,hard_refusal + safe_completion + unsafe_compliance,dual_use,dualuse_team_v1
du_D_soceng_0027,"['hard_refusal', 'safe_completion', 'unsafe_compliance']",3,hard_refusal + safe_completion + unsafe_compliance,dual_use,dualuse_team_v1
du_D_soceng_0028,"['hard_refusal', 'safe_completion', 'unsafe_compliance']",3,hard_refusal + safe_completion + unsafe_compliance,dual_use,dualuse_team_v1
du_D_soceng_0029,"['hard_refusal', 'safe_completion', 'unsafe_compliance']",3,hard_refusal + safe_completion + unsafe_compliance,dual_use,dualuse_team_v1
du_D_soceng_0031,"['hard_refusal', 'safe_completion', 'unsafe_compliance']",3,hard_refusal + safe_completion + unsafe_compliance,dual_use,dualuse_team_v1
du_D_soceng_0032,"['hard_refusal', 'safe_completion', 'unsafe_compliance']",3,hard_refusal + safe_completion + unsafe_compliance,dual_use,dualuse_team_v1
du_D_soceng_0033,"['hard_refusal', 'safe_completion', 'unsafe_compliance']",3,hard_refusal + safe_completion + unsafe_compliance,dual_use,dualuse_team_v1
du_D_soceng_0034,"['hard_refusal', 'safe_completion', 'unsafe_compliance']",3,hard_refusal + safe_completion + unsafe_compliance,dual_use,dualuse_team_v1
du_D_soceng_0035,"['hard_refusal', 'safe_completion', 'unsafe_compliance']",3,hard_refusal + safe_completion + unsafe_compliance,dual_use,dualuse_team_v1
du_D_soceng_0036,"['hard_refusal', 'safe_completion', 'unsafe_compliance']",3,hard_refusal + safe_completion + unsafe_compliance,dual_use,dualuse_team_v1
du_D_soceng_0037,"['hard_refusal', 'safe_completion', 'unsafe_compliance']",3,hard_refusal + safe_completion + unsafe_compliance,dual_use,dualuse_team_v1
du_D_soceng_0038,"['hard_refusal', 'safe_completion', 'unsafe_compliance']",3,hard_refusal + safe_completion + unsafe_compliance,dual_use,dualuse_team_v1
du_D_soceng_0039,"['hard_refusal', 'safe_completion', 'unsafe_compliance']",3,hard_refusal + safe_completion + unsafe_compliance,dual_use,dualuse_team_v1
du_D_soceng_0041,"['hard_refusal', 'safe_completion', 'unsafe_compliance']",3,hard_refusal + safe_completion + unsafe_compliance,dual_use,dualuse_team_v1
du_D_soceng_0042,"['hard_refusal', 'safe_completion', 'unsafe_compliance']",3,hard_refusal + safe_completion + unsafe_compliance,dual_use,dualuse_team_v1
du_D_soceng_0043,"['hard_refusal', 'safe_completion', 'unsafe_compliance']",3,hard_refusal + safe_completion + unsafe_compliance,dual_use,dualuse_team_v1
du_D_soceng_0044,"['hard_refusal', 'safe_completion', 'unsafe_compliance']",3,hard_refusal + safe_completion + unsafe_compliance,dual_use,dualuse_team_v1
du_D_soceng_0045,"['hard_refusal', 'safe_completion', 'unsafe_compliance']",3,hard_refusal + safe_completion + unsafe_compliance,dual_use,dualuse_team_v1
du_D_soceng_0046,"['hard_refusal', 'safe_completion', 'unsafe_compliance']",3,hard_refusal + safe_completion + unsafe_compliance,dual_use,dualuse_team_v1
du_D_soceng_0047,"['hard_refusal', 'safe_completion', 'unsafe_compliance']",3,hard_refusal + safe_completion + unsafe_compliance,dual_use,dualuse_team_v1
du_D_soceng_0048,"['hard_refusal', 'safe_completion', 'unsafe_compliance']",3,hard_refusal + safe_completion + unsafe_compliance,dual_use,dualuse_team_v1
du_D_soceng_0049,"['hard_refusal', 'safe_completion', 'unsafe_compliance']",3,hard_refusal + safe_completion + unsafe_compliance,dual_use,dualuse_team_v1
du_D_soceng_0050,"['hard_refusal', 'safe_completion', 'unsafe_compliance']",3,hard_refusal + safe_completion + unsafe_compliance,dual_use,dualuse_team_v1
du_D_soceng_0051,"['hard_refusal', 'safe_completion', 'unsafe_compliance']",3,hard_refusal + safe_completion + unsafe_compliance,dual_use,dualuse_team_v1
du_D_soceng_0052,"['hard_refusal', 'safe_completion', 'unsafe_compliance']",3,hard_refusal + safe_completion + unsafe_compliance,dual_use,dualuse_team_v1
du_D_soceng_0053,"['hard_refusal', 'safe_completion', 'unsafe_compliance']",3,hard_refusal + safe_completion + unsafe_compliance,dual_use,dualuse_team_v1
du_D_soceng_0054,"['hard_refusal', 'safe_completion', 'unsafe_compliance']",3,hard_refusal + safe_completion + unsafe_compliance,dual_use,dualuse_team_v1
du_D_soceng_0055,"['hard_refusal', 'safe_completion', 'unsafe_compliance']",3,hard_refusal + safe_completion + unsafe_compliance,dual_use,dualuse_team_v1
du_D_soceng_0056,"['hard_refusal', 'safe_completion', 'unsafe_compliance']",3,hard_refusal + safe_completion + unsafe_compliance,dual_use,dualuse_team_v1
du_D_soceng_0057,"['hard_refusal', 'safe_completion', 'unsafe_compliance']",3,hard_refusal + safe_completion + unsafe_compliance,dual_use,dualuse_team_v1
du_D_soceng_0058,"['hard_refusal', 'safe_completion', 'unsafe_compliance']",3,hard_refusal + safe_completion + unsafe_compliance,dual_use,dualuse_team_v1
du_D_soceng_0059,"['hard_refusal', 'safe_completion', 'unsafe_compliance']",3,hard_refusal + safe_completion + unsafe_compliance,dual_use,dualuse_team_v1
du_D_soceng_0060,"['hard_refusal', 'safe_completion', 'unsafe_compliance']",3,hard_refusal + safe_completion + unsafe_compliance,dual_use,dualuse_team_v1
du_D_soceng_0061,"['hard_refusal', 'safe_completion', 'unsafe_compliance']",3,hard_refusal + safe_completion + unsafe_compliance,dual_use,dualuse_team_v1
du_D_soceng_0062,"['hard_refusal', 'safe_completion', 'unsafe_compliance']",3,hard_refusal + safe_completion + unsafe_compliance,dual_use,dualuse_team_v1
du_D_soceng_0063,"['hard_refusal', 'safe_completion', 'unsafe_compliance']",3,hard_refusal + safe_completion + unsafe_compliance,dual_use,dualuse_team_v1
du_D_soceng_0064,"['hard_refusal', 'safe_completion', 'unsafe_compliance']",3,hard_refusal + safe_completion + unsafe_compliance,dual_use,dualuse_team_v1
du_D_soceng_0065,"['hard_refusal', 'safe_completion', 'unsafe_compliance']",3,hard_refusal + safe_completion + unsafe_compliance,dual_use,dualuse_team_v1
du_D_soceng_0066,"['hard_refusal', 'safe_completion', 'unsafe_compliance']",3,hard_refusal + safe_completion + unsafe_compliance,dual_use,dualuse_team_v1
du_D_soceng_0067,"['hard_refusal', 'safe_completion', 'unsafe_compliance']",3,hard_refusal + safe_completion + unsafe_compliance,dual_use,dualuse_team_v1
du_D_soceng_0068,"['hard_refusal', 'safe_completion', 'unsafe_compliance']",3,hard_refusal + safe_completion + unsafe_compliance,dual_use,dualuse_team_v1
du_D_soceng_0069,"['hard_refusal', 'safe_completion', 'unsafe_compliance']",3,hard_refusal + safe_completion + unsafe_compliance,dual_use,dualuse_team_v1
du_D_soceng_0070,"['hard_refusal', 'safe_completion', 'unsafe_compliance']",3,hard_refusal + safe_completion + unsafe_compliance,dual_use,dualuse_team_v1
du_D_soceng_0071,"['hard_refusal', 'safe_completion', 'unsafe_compliance']",3,hard_refusal + safe_completion + unsafe_compliance,dual_use,dualuse_team_v1
du_D_soceng_0072,"['hard_refusal', 'safe_completion', 'unsafe_compliance']",3,hard_refusal + safe_completion + unsafe_compliance,dual_use,dualuse_team_v1
du_D_soceng_0073,"['hard_refusal', 'safe_completion', 'unsafe_compliance']",3,hard_refusal + safe_completion + unsafe_compliance,dual_use,dualuse_team_v1
du_D_soceng_0074,"['hard_refusal', 'safe_completion', 'unsafe_compliance']",3,hard_refusal + safe_completion + unsafe_compliance,dual_use,dualuse_team_v1
du_D_soceng_0075,"['hard_refusal', 'safe_completion', 'unsafe_compliance']",3,hard_refusal + safe_completion + unsafe_compliance,dual_use,dualuse_team_v1
du_D_soceng_0076,"['hard_refusal', 'safe_completion', 'unsafe_compliance']",3,hard_refusal + safe_completion + unsafe_compliance,dual_use,dualuse_team_v1
du_D_soceng_0077,"['hard_refusal', 'safe_completion', 'unsafe_compliance']",3,hard_refusal + safe_completion + unsafe_compliance,dual_use,dualuse_team_v1
du_D_soceng_0078,"['hard_refusal', 'safe_completion', 'unsafe_compliance']",3,hard_refusal + safe_completion + unsafe_compliance,dual_use,dualuse_team_v1
du_D_soceng_0079,"['hard_refusal', 'safe_completion', 'unsafe_compliance']",3,hard_refusal + safe_completion + unsafe_compliance,dual_use,dualuse_team_v1
du_D_soceng_0080,"['hard_refusal', 'safe_completion', 'unsafe_compliance']",3,hard_refusal + safe_completion + unsafe_compliance,dual_use,dualuse_team_v1
du_D_soceng_0081,"['hard_refusal', 'safe_completion', 'unsafe_compliance']",3,hard_refusal + safe_completion + unsafe_compliance,dual_use,dualuse_team_v1
du_D_soceng_0082,"['hard_refusal', 'safe_completion', 'unsafe_compliance']",3,hard_refusal + safe_completion + unsafe_compliance,dual_use,dualuse_team_v1
du_D_soceng_0083,"['hard_refusal', 'safe_completion', 'unsafe_compliance']",3,hard_refusal + safe_completion + unsafe_compliance,dual_use,dualuse_team_v1
du_D_soceng_0085,"['hard_refusal', 'safe_completion', 'unsafe_compliance']",3,hard_refusal + safe_completion + unsafe_compliance,dual_use,dualuse_team_v1
du_D_soceng_0086,"['hard_refusal', 'safe_completion', 'unsafe_compliance']",3,hard_refusal + safe_completion + unsafe_compliance,dual_use,dualuse_team_v1
du_D_soceng_0087,"['hard_refusal', 'safe_completion', 'unsafe_compliance']",3,hard_refusal + safe_completion + unsafe_compliance,dual_use,dualuse_team_v1
du_D_soceng_0088,"['hard_refusal', 'safe_completion', 'unsafe_compliance']",3,hard_refusal + safe_completion + unsafe_compliance,dual_use,dualuse_team_v1
du_D_soceng_0089,"['hard_refusal', 'safe_completion', 'unsafe_compliance']",3,hard_refusal + safe_completion + unsafe_compliance,dual_use,dualuse_team_v1
du_D_soceng_0090,"['hard_refusal', 'safe_completion', 'unsafe_compliance']",3,hard_refusal + safe_completion + unsafe_compliance,dual_use,dualuse_team_v1
du_D_soceng_0091,"['hard_refusal', 'safe_completion', 'unsafe_compliance']",3,hard_refusal + safe_completion + unsafe_compliance,dual_use,dualuse_team_v1
du_D_soceng_0092,"['hard_refusal', 'safe_completion', 'unsafe_compliance']",3,hard_refusal + safe_completion + unsafe_compliance,dual_use,dualuse_team_v1
du_D_soceng_0093,"['hard_refusal', 'safe_completion', 'unsafe_compliance']",3,hard_refusal + safe_completion + unsafe_compliance,dual_use,dualuse_team_v1
du_D_soceng_0094,"['hard_refusal', 'safe_completion', 'unsafe_compliance']",3,hard_refusal + safe_completion + unsafe_compliance,dual_use,dualuse_team_v1
du_D_soceng_0095,"['hard_refusal', 'safe_completion', 'unsafe_compliance']",3,hard_refusal + safe_completion + unsafe_compliance,dual_use,dualuse_team_v1
du_D_soceng_0096,"['hard_refusal', 'safe_completion', 'unsafe_compliance']",3,hard_refusal + safe_completion + unsafe_compliance,dual_use,dualuse_team_v1
du_D_soceng_0097,"['hard_refusal', 'safe_completion', 'unsafe_compliance']",3,hard_refusal + safe_completion + unsafe_compliance,dual_use,dualuse_team_v1
du_D_soceng_0098,"['hard_refusal', 'safe_completion', 'unsafe_compliance']",3,hard_refusal + safe_completion + unsafe_compliance,dual_use,dualuse_team_v1
du_D_soceng_0099,"['hard_refusal', 'safe_completion', 'unsafe_compliance']",3,hard_refusal + safe_completion + unsafe_compliance,dual_use,dualuse_team_v1
du_D_soceng_0100,"['hard_refusal', 'safe_completion', 'unsafe_compliance']",3,hard_refusal + safe_completion + unsafe_compliance,dual_use,dualuse_team_v1
du_D_soceng_0101,"['hard_refusal', 'safe_completion', 'unsafe_compliance']",3,hard_refusal + safe_completion + unsafe_compliance,dual_use,dualuse_team_v1
du_D_soceng_0102,"['hard_refusal', 'safe_completion', 'unsafe_compliance']",3,hard_refusal + safe_completion + unsafe_compliance,dual_use,dualuse_team_v1
du_D_soceng_0103,"['hard_refusal', 'safe_completion', 'unsafe_compliance']",3,hard_refusal + safe_completion + unsafe_compliance,dual_use,dualuse_team_v1
du_D_soceng_0104,"['hard_refusal', 'safe_completion', 'unsafe_compliance']",3,hard_refusal + safe_completion + unsafe_compliance,dual_use,dualuse_team_v1
du_D_soceng_0105,"['hard_refusal', 'safe_completion', 'unsafe_compliance']",3,hard_refusal + safe_completion + unsafe_compliance,dual_use,dualuse_team_v1
du_D_soceng_0106,"['hard_refusal', 'safe_completion', 'unsafe_compliance']",3,hard_refusal + safe_completion + unsafe_compliance,dual_use,dualuse_team_v1
du_D_soceng_0107,"['hard_refusal', 'safe_completion', 'unsafe_compliance']",3,hard_refusal + safe_completion + unsafe_compliance,dual_use,dualuse_team_v1
du_D_soceng_0108,"['hard_refusal', 'safe_completion', 'unsafe_compliance']",3,hard_refusal + safe_completion + unsafe_compliance,dual_use,dualuse_team_v1
du_D_soceng_0109,"['hard_refusal', 'safe_completion', 'unsafe_compliance']",3,hard_refusal + safe_completion + unsafe_compliance,dual_use,dualuse_team_v1
du_D_soceng_0110,"['hard_refusal', 'safe_completion', 'unsafe_compliance']",3,hard_refusal + safe_completion + unsafe_compliance,dual_use,dualuse_team_v1
du_D_soceng_0111,"['hard_refusal', 'safe_completion', 'unsafe_compliance']",3,hard_refusal + safe_completion + unsafe_compliance,dual_use,dualuse_team_v1
du_D_soceng_0112,"['hard_refusal', 'safe_completion', 'unsafe_compliance']",3,hard_refusal + safe_completion + unsafe_compliance,dual_use,dualuse_team_v1
du_D_soceng_0113,"['hard_refusal', 'safe_completion', 'unsafe_compliance']",3,hard_refusal + safe_completion + unsafe_compliance,dual_use,dualuse_team_v1
du_D_soceng_0114,"['hard_refusal', 'safe_completion', 'unsafe_compliance']",3,hard_refusal + safe_completion + unsafe_compliance,dual_use,dualuse_team_v1
du_D_soceng_0115,"['hard_refusal', 'safe_completion', 'unsafe_compliance']",3,hard_refusal + safe_completion + unsafe_compliance,dual_use,dualuse_team_v1
du_D_soceng_0116,"['hard_refusal', 'safe_completion', 'unsafe_compliance']",3,hard_refusal + safe_completion + unsafe_compliance,dual_use,dualuse_team_v1
du_D_soceng_0117,"['hard_refusal', 'safe_completion', 'unsafe_compliance']",3,hard_refusal + safe_completion + unsafe_compliance,dual_use,dualuse_team_v1
du_D_soceng_0118,"['hard_refusal', 'safe_completion', 'unsafe_compliance']",3,hard_refusal + safe_completion + unsafe_compliance,dual_use,dualuse_team_v1
du_D_soceng_0119,"['hard_refusal', 'safe_completion', 'unsafe_compliance']",3,hard_refusal + safe_completion + unsafe_compliance,dual_use,dualuse_team_v1
du_D_soceng_0120,"['hard_refusal', 'safe_completion', 'unsafe_compliance']",3,hard_refusal + safe_completion + unsafe_compliance,dual_use,dualuse_team_v1
du_D_soceng_0121,"['hard_refusal', 'safe_completion', 'unsafe_compliance']",3,hard_refusal + safe_completion + unsafe_compliance,dual_use,dualuse_team_v1
du_D_soceng_0122,"['hard_refusal', 'safe_completion', 'unsafe_compliance']",3,hard_refusal + safe_completion + unsafe_compliance,dual_use,dualuse_team_v1
du_D_soceng_0123,"['hard_refusal', 'safe_completion', 'unsafe_compliance']",3,hard_refusal + safe_completion + unsafe_compliance,dual_use,dualuse_team_v1
du_D_soceng_0124,"['hard_refusal', 'safe_completion', 'unsafe_compliance']",3,hard_refusal + safe_completion + unsafe_compliance,dual_use,dualuse_team_v1
du_D_soceng_0125,"['hard_refusal', 'safe_completion', 'unsafe_compliance']",3,hard_refusal + safe_completion + unsafe_compliance,dual_use,dualuse_team_v1
du_D_soceng_0126,"['hard_refusal', 'safe_completion', 'unsafe_compliance']",3,hard_refusal + safe_completion + unsafe_compliance,dual_use,dualuse_team_v1
du_D_soceng_0127,"['hard_refusal', 'safe_completion', 'unsafe_compliance']",3,hard_refusal + safe_completion + unsafe_compliance,dual_use,dualuse_team_v1
du_D_soceng_0128,"['hard_refusal', 'safe_completion', 'unsafe_compliance']",3,hard_refusal + safe_completion + unsafe_compliance,dual_use,dualuse_team_v1
du_D_soceng_0129,"['hard_refusal', 'safe_completion', 'unsafe_compliance']",3,hard_refusal + safe_completion + unsafe_compliance,dual_use,dualuse_team_v1
du_D_soceng_0130,"['hard_refusal', 'safe_completion', 'unsafe_compliance']",3,hard_refusal + safe_completion + unsafe_compliance,dual_use,dualuse_team_v1
du_D_soceng_0131,"['hard_refusal', 'safe_completion', 'unsafe_compliance']",3,hard_refusal + safe_completion + unsafe_compliance,dual_use,dualuse_team_v1
du_D_soceng_0132,"['hard_refusal', 'safe_completion', 'unsafe_compliance']",3,hard_refusal + safe_completion + unsafe_compliance,dual_use,dualuse_team_v1
du_D_soceng_0133,"['hard_refusal', 'safe_completion', 'unsafe_compliance']",3,hard_refusal + safe_completion + unsafe_compliance,dual_use,dualuse_team_v1
du_D_soceng_0134,"['hard_refusal', 'safe_completion', 'unsafe_compliance']",3,hard_refusal + safe_completion + unsafe_compliance,dual_use,dualuse_team_v1
du_D_soceng_0135,"['hard_refusal', 'safe_completion', 'unsafe_compliance']",3,hard_refusal + safe_completion + unsafe_compliance,dual_use,dualuse_team_v1
du_D_soceng_0136,"['hard_refusal', 'safe_completion', 'unsafe_compliance']",3,hard_refusal + safe_completion + unsafe_compliance,dual_use,dualuse_team_v1
du_D_soceng_0137,"['hard_refusal', 'safe_completion', 'unsafe_compliance']",3,hard_refusal + safe_completion + unsafe_compliance,dual_use,dualuse_team_v1
du_D_soceng_0138,"['hard_refusal', 'safe_completion', 'unsafe_compliance']",3,hard_refusal + safe_completion + unsafe_compliance,dual_use,dualuse_team_v1
du_D_soceng_0139,"['hard_refusal', 'safe_completion', 'unsafe_compliance']",3,hard_refusal + safe_completion + unsafe_compliance,dual_use,dualuse_team_v1
du_D_soceng_0140,"['hard_refusal', 'safe_completion', 'unsafe_compliance']",3,hard_refusal + safe_completion + unsafe_compliance,dual_use,dualuse_team_v1
du_D_soceng_0141,"['hard_refusal', 'safe_completion', 'unsafe_compliance']",3,hard_refusal + safe_completion + unsafe_compliance,dual_use,dualuse_team_v1
du_D_soceng_0142,"['hard_refusal', 'safe_completion', 'unsafe_compliance']",3,hard_refusal + safe_completion + unsafe_compliance,dual_use,dualuse_team_v1
du_D_soceng_0143,"['hard_refusal', 'safe_completion', 'unsafe_compliance']",3,hard_refusal + safe_completion + unsafe_compliance,dual_use,dualuse_team_v1
du_D_soceng_0144,"['hard_refusal', 'safe_completion', 'unsafe_compliance']",3,hard_refusal + safe_completion + unsafe_compliance,dual_use,dualuse_team_v1
du_D_soceng_0145,"['hard_refusal', 'safe_completion', 'unsafe_compliance']",3,hard_refusal + safe_completion + unsafe_compliance,dual_use,dualuse_team_v1
du_D_soceng_0146,"['hard_refusal', 'safe_completion', 'unsafe_compliance']",3,hard_refusal + safe_completion + unsafe_compliance,dual_use,dualuse_team_v1
du_D_soceng_0147,"['hard_refusal', 'safe_completion', 'unsafe_compliance']",3,hard_refusal + safe_completion + unsafe_compliance,dual_use,dualuse_team_v1
du_D_soceng_0148,"['hard_refusal', 'safe_completion', 'unsafe_compliance']",3,hard_refusal + safe_completion + unsafe_compliance,dual_use,dualuse_team_v1
du_D_soceng_0149,"['hard_refusal', 'safe_completion', 'unsafe_compliance']",3,hard_refusal + safe_completion + unsafe_compliance,dual_use,dualuse_team_v1
du_D_soceng_0150,"['hard_refusal', 'safe_completion', 'unsafe_compliance']",3,hard_refusal + safe_completion + unsafe_compliance,dual_use,dualuse_team_v1
du_D_soceng_0151,"['hard_refusal', 'safe_completion', 'unsafe_compliance']",3,hard_refusal + safe_completion + unsafe_compliance,dual_use,dualuse_team_v1
du_D_soceng_0152,"['hard_refusal', 'safe_completion', 'unsafe_compliance']",3,hard_refusal + safe_completion + unsafe_compliance,dual_use,dualuse_team_v1
du_D_soceng_0153,"['hard_refusal', 'safe_completion', 'unsafe_compliance']",3,hard_refusal + safe_completion + unsafe_compliance,dual_use,dualuse_team_v1
du_D_soceng_0154,"['hard_refusal', 'safe_completion', 'unsafe_compliance']",3,hard_refusal + safe_completion + unsafe_compliance,dual_use,dualuse_team_v1
du_D_soceng_0155,"['hard_refusal', 'safe_completion', 'unsafe_compliance']",3,hard_refusal + safe_completion + unsafe_compliance,dual_use,dualuse_team_v1
du_D_soceng_0156,"['hard_refusal', 'safe_completion', 'unsafe_compliance']",3,hard_refusal + safe_completion + unsafe_compliance,dual_use,dualuse_team_v1
du_D_soceng_0157,"['hard_refusal', 'safe_completion', 'unsafe_compliance']",3,hard_refusal + safe_completion + unsafe_compliance,dual_use,dualuse_team_v1
du_D_soceng_0158,"['hard_refusal', 'safe_completion', 'unsafe_compliance']",3,hard_refusal + safe_completion + unsafe_compliance,dual_use,dualuse_team_v1
du_D_soceng_0159,"['hard_refusal', 'safe_completion', 'unsafe_compliance']",3,hard_refusal + safe_completion + unsafe_compliance,dual_use,dualuse_team_v1
du_D_soceng_0160,"['hard_refusal', 'safe_completion', 'unsafe_compliance']",3,hard_refusal + safe_completion + unsafe_compliance,dual_use,dualuse_team_v1
du_D_soceng_0161,"['hard_refusal', 'safe_completion', 'unsafe_compliance']",3,hard_refusal + safe_completion + unsafe_compliance,dual_use,dualuse_team_v1
du_D_soceng_0162,"['hard_refusal', 'safe_completion', 'unsafe_compliance']",3,hard_refusal + safe_completion + unsafe_compliance,dual_use,dualuse_team_v1
du_D_soceng_0163,"['hard_refusal', 'safe_completion', 'unsafe_compliance']",3,hard_refusal + safe_completion + unsafe_compliance,dual_use,dualuse_team_v1
du_D_soceng_0164,"['hard_refusal', 'safe_completion', 'unsafe_compliance']",3,hard_refusal + safe_completion + unsafe_compliance,dual_use,dualuse_team_v1
du_D_soceng_0165,"['hard_refusal', 'safe_completion', 'unsafe_compliance']",3,hard_refusal + safe_completion + unsafe_compliance,dual_use,dualuse_team_v1
du_D_soceng_0166,"['hard_refusal', 'safe_completion', 'unsafe_compliance']",3,hard_refusal + safe_completion + unsafe_compliance,dual_use,dualuse_team_v1
du_D_soceng_0167,"['hard_refusal', 'safe_completion', 'unsafe_compliance']",3,hard_refusal + safe_completion + unsafe_compliance,dual_use,dualuse_team_v1
du_D_soceng_0168,"['hard_refusal', 'safe_completion', 'unsafe_compliance']",3,hard_refusal + safe_completion + unsafe_compliance,dual_use,dualuse_team_v1
du_D_soceng_0169,"['hard_refusal', 'safe_completion', 'unsafe_compliance']",3,hard_refusal + safe_completion + unsafe_compliance,dual_use,dualuse_team_v1
du_D_soceng_0170,"['hard_refusal', 'safe_completion', 'unsafe_compliance']",3,hard_refusal + safe_completion + unsafe_compliance,dual_use,dualuse_team_v1
du_D_soceng_0171,"['hard_refusal', 'safe_completion', 'unsafe_compliance']",3,hard_refusal + safe_completion + unsafe_compliance,dual_use,dualuse_team_v1
du_D_soceng_0172,"['hard_refusal', 'safe_completion', 'unsafe_compliance']",3,hard_refusal + safe_completion + unsafe_compliance,dual_use,dualuse_team_v1
du_D_soceng_0173,"['hard_refusal', 'safe_completion', 'unsafe_compliance']",3,hard_refusal + safe_completion + unsafe_compliance,dual_use,dualuse_team_v1
du_D_soceng_0174,"['hard_refusal', 'safe_completion', 'unsafe_compliance']",3,hard_refusal + safe_completion + unsafe_compliance,dual_use,dualuse_team_v1
du_D_soceng_0175,"['hard_refusal', 'safe_completion', 'unsafe_compliance']",3,hard_refusal + safe_completion + unsafe_compliance,dual_use,dualuse_team_v1
du_D_soceng_0176,"['hard_refusal', 'safe_completion', 'unsafe_compliance']",3,hard_refusal + safe_completion + unsafe_compliance,dual_use,dualuse_team_v1
du_D_soceng_0177,"['hard_refusal', 'safe_completion', 'unsafe_compliance']",3,hard_refusal + safe_completion + unsafe_compliance,dual_use,dualuse_team_v1
du_D_soceng_0178,"['hard_refusal', 'safe_completion', 'unsafe_compliance']",3,hard_refusal + safe_completion + unsafe_compliance,dual_use,dualuse_team_v1
du_D_soceng_0179,"['hard_refusal', 'safe_completion', 'unsafe_compliance']",3,hard_refusal + safe_completion + unsafe_compliance,dual_use,dualuse_team_v1
du_D_soceng_0180,"['hard_refusal', 'safe_completion', 'unsafe_compliance']",3,hard_refusal + safe_completion + unsafe_compliance,dual_use,dualuse_team_v1
du_D_soceng_0181,"['hard_refusal', 'safe_completion', 'unsafe_compliance']",3,hard_refusal + safe_completion + unsafe_compliance,dual_use,dualuse_team_v1
du_D_soceng_0182,"['hard_refusal', 'safe_completion', 'unsafe_compliance']",3,hard_refusal + safe_completion + unsafe_compliance,dual_use,dualuse_team_v1
du_D_soceng_0183,"['hard_refusal', 'safe_completion', 'unsafe_compliance']",3,hard_refusal + safe_completion + unsafe_compliance,dual_use,dualuse_team_v1
du_D_soceng_0184,"['hard_refusal', 'safe_completion', 'unsafe_compliance']",3,hard_refusal + safe_completion + unsafe_compliance,dual_use,dualuse_team_v1
du_D_soceng_0185,"['hard_refusal', 'safe_completion', 'unsafe_compliance']",3,hard_refusal + safe_completion + unsafe_compliance,dual_use,dualuse_team_v1
du_D_soceng_0186,"['hard_refusal', 'safe_completion', 'unsafe_compliance']",3,hard_refusal + safe_completion + unsafe_compliance,dual_use,dualuse_team_v1
du_D_soceng_0187,"['hard_refusal', 'safe_completion', 'unsafe_compliance']",3,hard_refusal + safe_completion + unsafe_compliance,dual_use,dualuse_team_v1
du_D_soceng_0188,"['hard_refusal', 'safe_completion', 'unsafe_compliance']",3,hard_refusal + safe_completion + unsafe_compliance,dual_use,dualuse_team_v1
du_D_soceng_0189,"['hard_refusal', 'safe_completion', 'unsafe_compliance']",3,hard_refusal + safe_completion + unsafe_compliance,dual_use,dualuse_team_v1
du_D_soceng_0190,"['hard_refusal', 'safe_completion', 'unsafe_compliance']",3,hard_refusal + safe_completion + unsafe_compliance,dual_use,dualuse_team_v1
du_D_soceng_0191,"['hard_refusal', 'safe_completion', 'unsafe_compliance']",3,hard_refusal + safe_completion + unsafe_compliance,dual_use,dualuse_team_v1
du_D_soceng_0192,"['hard_refusal', 'safe_completion', 'unsafe_compliance']",3,hard_refusal + safe_completion + unsafe_compliance,dual_use,dualuse_team_v1
du_D_soceng_0193,"['hard_refusal', 'safe_completion', 'unsafe_compliance']",3,hard_refusal + safe_completion + unsafe_compliance,dual_use,dualuse_team_v1
du_D_soceng_0194,"['hard_refusal', 'safe_completion', 'unsafe_compliance']",3,hard_refusal + safe_completion + unsafe_compliance,dual_use,dualuse_team_v1
du_D_soceng_0195,"['hard_refusal', 'safe_completion', 'unsafe_compliance']",3,hard_refusal + safe_completion + unsafe_compliance,dual_use,dualuse_team_v1
du_D_soceng_0196,"['hard_refusal', 'safe_completion', 'unsafe_compliance']",3,hard_refusal + safe_completion + unsafe_compliance,dual_use,dualuse_team_v1
du_D_soceng_0197,"['hard_refusal', 'safe_completion', 'unsafe_compliance']",3,hard_refusal + safe_completion + unsafe_compliance,dual_use,dualuse_team_v1
du_D_soceng_0198,"['hard_refusal', 'safe_completion', 'unsafe_compliance']",3,hard_refusal + safe_completion + unsafe_compliance,dual_use,dualuse_team_v1
du_D_soceng_0199,"['hard_refusal', 'safe_completion', 'unsafe_compliance']",3,hard_refusal + safe_completion + unsafe_compliance,dual_use,dualuse_team_v1
du_D_soceng_0200,"['hard_refusal', 'safe_completion', 'unsafe_compliance']",3,hard_refusal + safe_completion + unsafe_compliance,dual_use,dualuse_team_v1
du_D_soceng_0201,"['hard_refusal', 'safe_completion', 'unsafe_compliance']",3,hard_refusal + safe_completion + unsafe_compliance,dual_use,dualuse_team_v1
du_D_soceng_0202,"['hard_refusal', 'safe_completion', 'unsafe_compliance']",3,hard_refusal + safe_completion + unsafe_compliance,dual_use,dualuse_team_v1
du_D_soceng_0203,"['hard_refusal', 'safe_completion', 'unsafe_compliance']",3,hard_refusal + safe_completion + unsafe_compliance,dual_use,dualuse_team_v1
du_D_soceng_0204,"['hard_refusal', 'safe_completion', 'unsafe_compliance']",3,hard_refusal + safe_completion + unsafe_compliance,dual_use,dualuse_team_v1
du_D_soceng_0205,"['hard_refusal', 'safe_completion', 'unsafe_compliance']",3,hard_refusal + safe_completion + unsafe_compliance,dual_use,dualuse_team_v1
du_D_soceng_0206,"['hard_refusal', 'safe_completion', 'unsafe_compliance']",3,hard_refusal + safe_completion + unsafe_compliance,dual_use,dualuse_team_v1
du_D_soceng_0207,"['hard_refusal', 'safe_completion', 'unsafe_compliance']",3,hard_refusal + safe_completion + unsafe_compliance,dual_use,dualuse_team_v1
du_D_soceng_0208,"['hard_refusal', 'safe_completion', 'unsafe_compliance']",3,hard_refusal + safe_completion + unsafe_compliance,dual_use,dualuse_team_v1
du_D_soceng_0209,"['hard_refusal', 'safe_completion', 'unsafe_compliance']",3,hard_refusal + safe_completion + unsafe_compliance,dual_use,dualuse_team_v1
du_D_soceng_0210,"['hard_refusal', 'safe_completion', 'unsafe_compliance']",3,hard_refusal + safe_completion + unsafe_compliance,dual_use,dualuse_team_v1
du_D_soceng_0211,"['hard_refusal', 'safe_completion', 'unsafe_compliance']",3,hard_refusal + safe_completion + unsafe_compliance,dual_use,dualuse_team_v1
du_D_soceng_0212,"['hard_refusal', 'safe_completion', 'unsafe_compliance']",3,hard_refusal + safe_completion + unsafe_compliance,dual_use,dualuse_team_v1
du_D_soceng_0213,"['hard_refusal', 'safe_completion', 'unsafe_compliance']",3,hard_refusal + safe_completion + unsafe_compliance,dual_use,dualuse_team_v1
du_D_soceng_0214,"['hard_refusal', 'safe_completion', 'unsafe_compliance']",3,hard_refusal + safe_completion + unsafe_compliance,dual_use,dualuse_team_v1
du_D_soceng_0215,"['hard_refusal', 'safe_completion', 'unsafe_compliance']",3,hard_refusal + safe_completion + unsafe_compliance,dual_use,dualuse_team_v1
du_D_soceng_0216,"['hard_refusal', 'safe_completion', 'unsafe_compliance']",3,hard_refusal + safe_completion + unsafe_compliance,dual_use,dualuse_team_v1
du_D_soceng_0217,"['hard_refusal', 'safe_completion', 'unsafe_compliance']",3,hard_refusal + safe_completion + unsafe_compliance,dual_use,dualuse_team_v1
du_D_soceng_0218,"['hard_refusal', 'safe_completion', 'unsafe_compliance']",3,hard_refusal + safe_completion + unsafe_compliance,dual_use,dualuse_team_v1
du_D_soceng_0219,"['hard_refusal', 'safe_completion', 'unsafe_compliance']",3,hard_refusal + safe_completion + unsafe_compliance,dual_use,dualuse_team_v1
du_D_soceng_0220,"['hard_refusal', 'safe_completion', 'unsafe_compliance']",3,hard_refusal + safe_completion + unsafe_compliance,dual_use,dualuse_team_v1
du_D_soceng_0221,"['hard_refusal', 'safe_completion', 'unsafe_compliance']",3,hard_refusal + safe_completion + unsafe_compliance,dual_use,dualuse_team_v1
du_D_soceng_0222,"['hard_refusal', 'safe_completion', 'unsafe_compliance']",3,hard_refusal + safe_completion + unsafe_compliance,dual_use,dualuse_team_v1
du_D_soceng_0223,"['hard_refusal', 'safe_completion', 'unsafe_compliance']",3,hard_refusal + safe_completion + unsafe_compliance,dual_use,dualuse_team_v1
du_D_soceng_0224,"['hard_refusal', 'safe_completion', 'unsafe_compliance']",3,hard_refusal + safe_completion + unsafe_compliance,dual_use,dualuse_team_v1
du_D_soceng_0225,"['hard_refusal', 'safe_completion', 'unsafe_compliance']",3,hard_refusal + safe_completion + unsafe_compliance,dual_use,dualuse_team_v1
du_D_soceng_0226,"['hard_refusal', 'safe_completion', 'unsafe_compliance']",3,hard_refusal + safe_completion + unsafe_compliance,dual_use,dualuse_team_v1
du_D_soceng_0227,"['hard_refusal', 'safe_completion', 'unsafe_compliance']",3,hard_refusal + safe_completion + unsafe_compliance,dual_use,dualuse_team_v1
du_D_soceng_0228,"['hard_refusal', 'safe_completion', 'unsafe_compliance']",3,hard_refusal + safe_completion + unsafe_compliance,dual_use,dualuse_team_v1
du_D_soceng_0229,"['hard_refusal', 'safe_completion', 'unsafe_compliance']",3,hard_refusal + safe_completion + unsafe_compliance,dual_use,dualuse_team_v1
du_D_soceng_0230,"['hard_refusal', 'safe_completion', 'unsafe_compliance']",3,hard_refusal + safe_completion + unsafe_compliance,dual_use,dualuse_team_v1
du_D_soceng_0231,"['hard_refusal', 'safe_completion', 'unsafe_compliance']",3,hard_refusal + safe_completion + unsafe_compliance,dual_use,dualuse_team_v1
du_D_soceng_0232,"['hard_refusal', 'safe_completion', 'unsafe_compliance']",3,hard_refusal + safe_completion + unsafe_compliance,dual_use,dualuse_team_v1
du_D_soceng_0233,"['hard_refusal', 'safe_completion', 'unsafe_compliance']",3,hard_refusal + safe_completion + unsafe_compliance,dual_use,dualuse_team_v1
du_D_soceng_0234,"['hard_refusal', 'safe_completion', 'unsafe_compliance']",3,hard_refusal + safe_completion + unsafe_compliance,dual_use,dualuse_team_v1
du_D_soceng_0235,"['hard_refusal', 'safe_completion', 'unsafe_compliance']",3,hard_refusal + safe_completion + unsafe_compliance,dual_use,dualuse_team_v1
du_D_soceng_0236,"['hard_refusal', 'safe_completion', 'unsafe_compliance']",3,hard_refusal + safe_completion + unsafe_compliance,dual_use,dualuse_team_v1
du_D_soceng_0237,"['hard_refusal', 'safe_completion', 'unsafe_compliance']",3,hard_refusal + safe_completion + unsafe_compliance,dual_use,dualuse_team_v1
du_D_soceng_0238,"['hard_refusal', 'safe_completion', 'unsafe_compliance']",3,hard_refusal + safe_completion + unsafe_compliance,dual_use,dualuse_team_v1
du_D_soceng_0239,"['hard_refusal', 'safe_completion', 'unsafe_compliance']",3,hard_refusal + safe_completion + unsafe_compliance,dual_use,dualuse_team_v1
du_D_soceng_0240,"['hard_refusal', 'safe_completion', 'unsafe_compliance']",3,hard_refusal + safe_completion + unsafe_compliance,dual_use,dualuse_team_v1
du_D_soceng_0241,"['hard_refusal', 'safe_completion', 'unsafe_compliance']",3,hard_refusal + safe_completion + unsafe_compliance,dual_use,dualuse_team_v1
du_D_soceng_0242,"['hard_refusal', 'safe_completion', 'unsafe_compliance']",3,hard_refusal + safe_completion + unsafe_compliance,dual_use,dualuse_team_v1
du_D_soceng_0243,"['hard_refusal', 'safe_completion', 'unsafe_compliance']",3,hard_refusal + safe_completion + unsafe_compliance,dual_use,dualuse_team_v1
du_D_soceng_0244,"['hard_refusal', 'safe_completion', 'unsafe_compliance']",3,hard_refusal + safe_completion + unsafe_compliance,dual_use,dualuse_team_v1
du_D_soceng_0245,"['hard_refusal', 'safe_completion', 'unsafe_compliance']",3,hard_refusal + safe_completion + unsafe_compliance,dual_use,dualuse_team_v1
du_D_soceng_0246,"['hard_refusal', 'safe_completion', 'unsafe_compliance']",3,hard_refusal + safe_completion + unsafe_compliance,dual_use,dualuse_team_v1
du_D_soceng_0247,"['hard_refusal', 'safe_completion', 'unsafe_compliance']",3,hard_refusal + safe_completion + unsafe_compliance,dual_use,dualuse_team_v1
du_D_soceng_0248,"['hard_refusal', 'safe_completion', 'unsafe_compliance']",3,hard_refusal + safe_completion + unsafe_compliance,dual_use,dualuse_team_v1
du_D_soceng_0249,"['hard_refusal', 'safe_completion', 'unsafe_compliance']",3,hard_refusal + safe_completion + unsafe_compliance,dual_use,dualuse_team_v1
du_D_soceng_0250,"['hard_refusal', 'safe_completion', 'unsafe_compliance']",3,hard_refusal + safe_completion + unsafe_compliance,dual_use,dualuse_team_v1
fr_train_000001,"['hard_refusal', 'helpful_answer']",2,hard_refusal + helpful_answer,benign_sensitive,falsereject
fr_train_000006,"['hard_refusal', 'helpful_answer']",2,hard_refusal + helpful_answer,benign_sensitive,falsereject
fr_train_000012,"['hard_refusal', 'helpful_answer']",2,hard_refusal + helpful_answer,benign_sensitive,falsereject
fr_train_000018,"['hard_refusal', 'helpful_answer']",2,hard_refusal + helpful_answer,benign_sensitive,falsereject
fr_train_000023,"['hard_refusal', 'helpful_answer']",2,hard_refusal + helpful_answer,benign_sensitive,falsereject
fr_train_000032,"['hard_refusal', 'helpful_answer']",2,hard_refusal + helpful_answer,benign_sensitive,falsereject
fr_train_000035,"['hard_refusal', 'helpful_answer']",2,hard_refusal + helpful_answer,benign_sensitive,falsereject
fr_train_000046,"['hard_refusal', 'helpful_answer']",2,hard_refusal + helpful_answer,benign_sensitive,falsereject
fr_train_000048,"['hard_refusal', 'helpful_answer']",2,hard_refusal + helpful_answer,benign_sensitive,falsereject
fr_train_000051,"['hard_refusal', 'helpful_answer']",2,hard_refusal + helpful_answer,benign_sensitive,falsereject
fr_train_000058,"['hard_refusal', 'helpful_answer']",2,hard_refusal + helpful_answer,benign_sensitive,falsereject
fr_train_000062,"['hard_refusal', 'helpful_answer']",2,hard_refusal + helpful_answer,benign_sensitive,falsereject
fr_train_000067,"['hard_refusal', 'helpful_answer']",2,hard_refusal + helpful_answer,benign_sensitive,falsereject
fr_train_000082,"['hard_refusal', 'helpful_answer']",2,hard_refusal + helpful_answer,benign_sensitive,falsereject
fr_train_000085,"['hard_refusal', 'helpful_answer']",2,hard_refusal + helpful_answer,benign_sensitive,falsereject
fr_train_000087,"['hard_refusal', 'helpful_answer']",2,hard_refusal + helpful_answer,benign_sensitive,falsereject
fr_train_000091,"['hard_refusal', 'helpful_answer']",2,hard_refusal + helpful_answer,benign_sensitive,falsereject
fr_train_000092,"['hard_refusal', 'helpful_answer']",2,hard_refusal + helpful_answer,benign_sensitive,falsereject
fr_train_000102,"['hard_refusal', 'helpful_answer']",2,hard_refusal + helpful_answer,benign_sensitive,falsereject
fr_train_000106,"['hard_refusal', 'helpful_answer']",2,hard_refusal + helpful_answer,benign_sensitive,falsereject
fr_train_000110,"['hard_refusal', 'helpful_answer']",2,hard_refusal + helpful_answer,benign_sensitive,falsereject
fr_train_000115,"['hard_refusal', 'helpful_answer']",2,hard_refusal + helpful_answer,benign_sensitive,falsereject
fr_train_000125,"['hard_refusal', 'helpful_answer']",2,hard_refusal + helpful_answer,benign_sensitive,falsereject
fr_train_000138,"['hard_refusal', 'helpful_answer']",2,hard_refusal + helpful_answer,benign_sensitive,falsereject
fr_train_000142,"['hard_refusal', 'helpful_answer']",2,hard_refusal + helpful_answer,benign_sensitive,falsereject
fr_train_000147,"['hard_refusal', 'helpful_answer']",2,hard_refusal + helpful_answer,benign_sensitive,falsereject
fr_train_000161,"['hard_refusal', 'helpful_answer']",2,hard_refusal + helpful_answer,benign_sensitive,falsereject
fr_train_000162,"['hard_refusal', 'helpful_answer']",2,hard_refusal + helpful_answer,benign_sensitive,falsereject
fr_train_000170,"['hard_refusal', 'helpful_answer']",2,hard_refusal + helpful_answer,benign_sensitive,falsereject
fr_train_000173,"['hard_refusal', 'helpful_answer']",2,hard_refusal + helpful_answer,benign_sensitive,falsereject
fr_train_000183,"['hard_refusal', 'helpful_answer']",2,hard_refusal + helpful_answer,benign_sensitive,falsereject
fr_train_000187,"['hard_refusal', 'helpful_answer']",2,hard_refusal + helpful_answer,benign_sensitive,falsereject
fr_train_000188,"['hard_refusal', 'helpful_answer']",2,hard_refusal + helpful_answer,benign_sensitive,falsereject
fr_train_000189,"['hard_refusal', 'helpful_answer']",2,hard_refusal + helpful_answer,benign_sensitive,falsereject
fr_train_000190,"['hard_refusal', 'helpful_answer']",2,hard_refusal + helpful_answer,benign_sensitive,falsereject
fr_train_000192,"['hard_refusal', 'helpful_answer']",2,hard_refusal + helpful_answer,benign_sensitive,falsereject
fr_train_000193,"['hard_refusal', 'helpful_answer']",2,hard_refusal + helpful_answer,benign_sensitive,falsereject
fr_train_000195,"['hard_refusal', 'helpful_answer']",2,hard_refusal + helpful_answer,benign_sensitive,falsereject
fr_train_000197,"['hard_refusal', 'helpful_answer']",2,hard_refusal + helpful_answer,benign_sensitive,falsereject
fr_train_000217,"['hard_refusal', 'helpful_answer']",2,hard_refusal + helpful_answer,benign_sensitive,falsereject
fr_train_000224,"['hard_refusal', 'helpful_answer']",2,hard_refusal + helpful_answer,benign_sensitive,falsereject
fr_train_000228,"['hard_refusal', 'helpful_answer']",2,hard_refusal + helpful_answer,benign_sensitive,falsereject
fr_train_000231,"['hard_refusal', 'helpful_answer']",2,hard_refusal + helpful_answer,benign_sensitive,falsereject
fr_train_000232,"['hard_refusal', 'helpful_answer']",2,hard_refusal + helpful_answer,benign_sensitive,falsereject
fr_train_000233,"['hard_refusal', 'helpful_answer']",2,hard_refusal + helpful_answer,benign_sensitive,falsereject
fr_train_000236,"['hard_refusal', 'helpful_answer']",2,hard_refusal + helpful_answer,benign_sensitive,falsereject
fr_train_000249,"['hard_refusal', 'helpful_answer']",2,hard_refusal + helpful_answer,benign_sensitive,falsereject
fr_train_000253,"['hard_refusal', 'helpful_answer']",2,hard_refusal + helpful_answer,benign_sensitive,falsereject
fr_train_000255,"['hard_refusal', 'helpful_answer']",2,hard_refusal + helpful_answer,benign_sensitive,falsereject
fr_train_000259,"['hard_refusal', 'helpful_answer']",2,hard_refusal + helpful_answer,benign_sensitive,falsereject
fr_train_000268,"['hard_refusal', 'helpful_answer']",2,hard_refusal + helpful_answer,benign_sensitive,falsereject
fr_train_000270,"['hard_refusal', 'helpful_answer']",2,hard_refusal + helpful_answer,benign_sensitive,falsereject
fr_train_000271,"['hard_refusal', 'helpful_answer']",2,hard_refusal + helpful_answer,benign_sensitive,falsereject
fr_train_000275,"['hard_refusal', 'helpful_answer']",2,hard_refusal + helpful_answer,benign_sensitive,falsereject
fr_train_000283,"['hard_refusal', 'helpful_answer']",2,hard_refusal + helpful_answer,benign_sensitive,falsereject
fr_train_000287,"['hard_refusal', 'helpful_answer']",2,hard_refusal + helpful_answer,benign_sensitive,falsereject
fr_train_000292,"['hard_refusal', 'helpful_answer']",2,hard_refusal + helpful_answer,benign_sensitive,falsereject
fr_train_000295,"['hard_refusal', 'helpful_answer']",2,hard_refusal + helpful_answer,benign_sensitive,falsereject
fr_train_000323,"['hard_refusal', 'helpful_answer']",2,hard_refusal + helpful_answer,benign_sensitive,falsereject
fr_train_000343,"['hard_refusal', 'helpful_answer']",2,hard_refusal + helpful_answer,benign_sensitive,falsereject
fr_train_000348,"['hard_refusal', 'helpful_answer']",2,hard_refusal + helpful_answer,benign_sensitive,falsereject
fr_train_000350,"['hard_refusal', 'helpful_answer']",2,hard_refusal + helpful_answer,benign_sensitive,falsereject
fr_train_000356,"['hard_refusal', 'helpful_answer']",2,hard_refusal + helpful_answer,benign_sensitive,falsereject
fr_train_000360,"['hard_refusal', 'helpful_answer']",2,hard_refusal + helpful_answer,benign_sensitive,falsereject
fr_train_000361,"['hard_refusal', 'helpful_answer']",2,hard_refusal + helpful_answer,benign_sensitive,falsereject
fr_train_000362,"['hard_refusal', 'helpful_answer']",2,hard_refusal + helpful_answer,benign_sensitive,falsereject
fr_train_000378,"['hard_refusal', 'helpful_answer']",2,hard_refusal + helpful_answer,benign_sensitive,falsereject
fr_train_000392,"['hard_refusal', 'helpful_answer']",2,hard_refusal + helpful_answer,benign_sensitive,falsereject
fr_train_000394,"['hard_refusal', 'helpful_answer']",2,hard_refusal + helpful_answer,benign_sensitive,falsereject
fr_train_000397,"['hard_refusal', 'helpful_answer']",2,hard_refusal + helpful_answer,benign_sensitive,falsereject
fr_train_000409,"['hard_refusal', 'helpful_answer']",2,hard_refusal + helpful_answer,benign_sensitive,falsereject
fr_train_000438,"['hard_refusal', 'helpful_answer']",2,hard_refusal + helpful_answer,benign_sensitive,falsereject
fr_train_000448,"['hard_refusal', 'helpful_answer']",2,hard_refusal + helpful_answer,benign_sensitive,falsereject
fr_train_000451,"['hard_refusal', 'helpful_answer']",2,hard_refusal + helpful_answer,benign_sensitive,falsereject
fr_train_000480,"['hard_refusal', 'helpful_answer']",2,hard_refusal + helpful_answer,benign_sensitive,falsereject
fr_train_000488,"['hard_refusal', 'helpful_answer']",2,hard_refusal + helpful_answer,benign_sensitive,falsereject
fr_train_000493,"['hard_refusal', 'helpful_answer']",2,hard_refusal + helpful_answer,benign_sensitive,falsereject
fr_train_000494,"['hard_refusal', 'helpful_answer']",2,hard_refusal + helpful_answer,benign_sensitive,falsereject
fr_train_000495,"['hard_refusal', 'helpful_answer']",2,hard_refusal + helpful_answer,benign_sensitive,falsereject
fr_train_000506,"['hard_refusal', 'helpful_answer']",2,hard_refusal + helpful_answer,benign_sensitive,falsereject
fr_train_000520,"['hard_refusal', 'helpful_answer']",2,hard_refusal + helpful_answer,benign_sensitive,falsereject
fr_train_000526,"['hard_refusal', 'helpful_answer']",2,hard_refusal + helpful_answer,benign_sensitive,falsereject
fr_train_000534,"['hard_refusal', 'helpful_answer']",2,hard_refusal + helpful_answer,benign_sensitive,falsereject
fr_train_000539,"['hard_refusal', 'helpful_answer']",2,hard_refusal + helpful_answer,benign_sensitive,falsereject
fr_train_000548,"['hard_refusal', 'helpful_answer']",2,hard_refusal + helpful_answer,benign_sensitive,falsereject
fr_train_000554,"['hard_refusal', 'helpful_answer']",2,hard_refusal + helpful_answer,benign_sensitive,falsereject
fr_train_000561,"['hard_refusal', 'helpful_answer']",2,hard_refusal + helpful_answer,benign_sensitive,falsereject
fr_train_000598,"['hard_refusal', 'helpful_answer']",2,hard_refusal + helpful_answer,benign_sensitive,falsereject
fr_train_000599,"['hard_refusal', 'helpful_answer']",2,hard_refusal + helpful_answer,benign_sensitive,falsereject
fr_train_000603,"['hard_refusal', 'helpful_answer']",2,hard_refusal + helpful_answer,benign_sensitive,falsereject
fr_train_000606,"['hard_refusal', 'helpful_answer']",2,hard_refusal + helpful_answer,benign_sensitive,falsereject
fr_train_000613,"['hard_refusal', 'helpful_answer']",2,hard_refusal + helpful_answer,benign_sensitive,falsereject
fr_train_000623,"['hard_refusal', 'helpful_answer']",2,hard_refusal + helpful_answer,benign_sensitive,falsereject
fr_train_000628,"['hard_refusal', 'helpful_answer']",2,hard_refusal + helpful_answer,benign_sensitive,falsereject
fr_train_000635,"['hard_refusal', 'helpful_answer']",2,hard_refusal + helpful_answer,benign_sensitive,falsereject
fr_train_000641,"['hard_refusal', 'helpful_answer']",2,hard_refusal + helpful_answer,benign_sensitive,falsereject
fr_train_000653,"['hard_refusal', 'helpful_answer']",2,hard_refusal + helpful_answer,benign_sensitive,falsereject
fr_train_000676,"['hard_refusal', 'helpful_answer']",2,hard_refusal + helpful_answer,benign_sensitive,falsereject
fr_train_000681,"['hard_refusal', 'helpful_answer']",2,hard_refusal + helpful_answer,benign_sensitive,falsereject
fr_train_000689,"['hard_refusal', 'helpful_answer']",2,hard_refusal + helpful_answer,benign_sensitive,falsereject
fr_train_000693,"['hard_refusal', 'helpful_answer']",2,hard_refusal + helpful_answer,benign_sensitive,falsereject
fr_train_000701,"['hard_refusal', 'helpful_answer']",2,hard_refusal + helpful_answer,benign_sensitive,falsereject
fr_train_000711,"['hard_refusal', 'helpful_answer']",2,hard_refusal + helpful_answer,benign_sensitive,falsereject
fr_train_000734,"['hard_refusal', 'helpful_answer']",2,hard_refusal + helpful_answer,benign_sensitive,falsereject
fr_train_000741,"['hard_refusal', 'helpful_answer']",2,hard_refusal + helpful_answer,benign_sensitive,falsereject
fr_train_000743,"['hard_refusal', 'helpful_answer']",2,hard_refusal + helpful_answer,benign_sensitive,falsereject
fr_train_000750,"['hard_refusal', 'helpful_answer']",2,hard_refusal + helpful_answer,benign_sensitive,falsereject
fr_train_000755,"['hard_refusal', 'helpful_answer']",2,hard_refusal + helpful_answer,benign_sensitive,falsereject
fr_train_000757,"['hard_refusal', 'helpful_answer']",2,hard_refusal + helpful_answer,benign_sensitive,falsereject
fr_train_000780,"['hard_refusal', 'helpful_answer']",2,hard_refusal + helpful_answer,benign_sensitive,falsereject
fr_train_000781,"['hard_refusal', 'helpful_answer']",2,hard_refusal + helpful_answer,benign_sensitive,falsereject
fr_train_000783,"['hard_refusal', 'helpful_answer']",2,hard_refusal + helpful_answer,benign_sensitive,falsereject
fr_train_000784,"['hard_refusal', 'helpful_answer']",2,hard_refusal + helpful_answer,benign_sensitive,falsereject
fr_train_000786,"['hard_refusal', 'helpful_answer']",2,hard_refusal + helpful_answer,benign_sensitive,falsereject
fr_train_000792,"['hard_refusal', 'helpful_answer']",2,hard_refusal + helpful_answer,benign_sensitive,falsereject
fr_train_000793,"['hard_refusal', 'helpful_answer']",2,hard_refusal + helpful_answer,benign_sensitive,falsereject
fr_train_000803,"['hard_refusal', 'helpful_answer']",2,hard_refusal + helpful_answer,benign_sensitive,falsereject
fr_train_000808,"['hard_refusal', 'helpful_answer']",2,hard_refusal + helpful_answer,benign_sensitive,falsereject
fr_train_000823,"['hard_refusal', 'helpful_answer']",2,hard_refusal + helpful_answer,benign_sensitive,falsereject
fr_train_000828,"['hard_refusal', 'helpful_answer']",2,hard_refusal + helpful_answer,benign_sensitive,falsereject
fr_train_000843,"['hard_refusal', 'helpful_answer']",2,hard_refusal + helpful_answer,benign_sensitive,falsereject
fr_train_000845,"['hard_refusal', 'helpful_answer']",2,hard_refusal + helpful_answer,benign_sensitive,falsereject
fr_train_000848,"['hard_refusal', 'helpful_answer']",2,hard_refusal + helpful_answer,benign_sensitive,falsereject
fr_train_000853,"['hard_refusal', 'helpful_answer']",2,hard_refusal + helpful_answer,benign_sensitive,falsereject
fr_train_000860,"['hard_refusal', 'helpful_answer']",2,hard_refusal + helpful_answer,benign_sensitive,falsereject
fr_train_000865,"['hard_refusal', 'helpful_answer']",2,hard_refusal + helpful_answer,benign_sensitive,falsereject
fr_train_000869,"['hard_refusal', 'helpful_answer']",2,hard_refusal + helpful_answer,benign_sensitive,falsereject
fr_train_000880,"['hard_refusal', 'helpful_answer']",2,hard_refusal + helpful_answer,benign_sensitive,falsereject
fr_train_000885,"['hard_refusal', 'helpful_answer']",2,hard_refusal + helpful_answer,benign_sensitive,falsereject
fr_train_000893,"['hard_refusal', 'helpful_answer']",2,hard_refusal + helpful_answer,benign_sensitive,falsereject
fr_train_000894,"['hard_refusal', 'helpful_answer']",2,hard_refusal + helpful_answer,benign_sensitive,falsereject
fr_train_000900,"['hard_refusal', 'helpful_answer']",2,hard_refusal + helpful_answer,benign_sensitive,falsereject
fr_train_000910,"['hard_refusal', 'helpful_answer']",2,hard_refusal + helpful_answer,benign_sensitive,falsereject
fr_train_000914,"['hard_refusal', 'helpful_answer']",2,hard_refusal + helpful_answer,benign_sensitive,falsereject
fr_train_000918,"['hard_refusal', 'helpful_answer']",2,hard_refusal + helpful_answer,benign_sensitive,falsereject
fr_train_000938,"['hard_refusal', 'helpful_answer']",2,hard_refusal + helpful_answer,benign_sensitive,falsereject
fr_train_000942,"['hard_refusal', 'helpful_answer']",2,hard_refusal + helpful_answer,benign_sensitive,falsereject
fr_train_000944,"['hard_refusal', 'helpful_answer']",2,hard_refusal + helpful_answer,benign_sensitive,falsereject
fr_train_000945,"['hard_refusal', 'helpful_answer']",2,hard_refusal + helpful_answer,benign_sensitive,falsereject
fr_train_000946,"['hard_refusal', 'helpful_answer']",2,hard_refusal + helpful_answer,benign_sensitive,falsereject
fr_train_000952,"['hard_refusal', 'helpful_answer']",2,hard_refusal + helpful_answer,benign_sensitive,falsereject
fr_train_000954,"['hard_refusal', 'helpful_answer']",2,hard_refusal + helpful_answer,benign_sensitive,falsereject
fr_train_000955,"['hard_refusal', 'helpful_answer']",2,hard_refusal + helpful_answer,benign_sensitive,falsereject
fr_train_000956,"['hard_refusal', 'helpful_answer']",2,hard_refusal + helpful_answer,benign_sensitive,falsereject
fr_train_000959,"['hard_refusal', 'helpful_answer']",2,hard_refusal + helpful_answer,benign_sensitive,falsereject
fr_train_000961,"['hard_refusal', 'helpful_answer']",2,hard_refusal + helpful_answer,benign_sensitive,falsereject
fr_train_000963,"['hard_refusal', 'helpful_answer']",2,hard_refusal + helpful_answer,benign_sensitive,falsereject
fr_train_000964,"['hard_refusal', 'helpful_answer']",2,hard_refusal + helpful_answer,benign_sensitive,falsereject
fr_train_000965,"['hard_refusal', 'helpful_answer']",2,hard_refusal + helpful_answer,benign_sensitive,falsereject
fr_train_000967,"['hard_refusal', 'helpful_answer']",2,hard_refusal + helpful_answer,benign_sensitive,falsereject
fr_train_000968,"['hard_refusal', 'helpful_answer']",2,hard_refusal + helpful_answer,benign_sensitive,falsereject
fr_train_000973,"['hard_refusal', 'helpful_answer']",2,hard_refusal + helpful_answer,benign_sensitive,falsereject
fr_train_000985,"['hard_refusal', 'helpful_answer']",2,hard_refusal + helpful_answer,benign_sensitive,falsereject
fr_train_000987,"['hard_refusal', 'helpful_answer']",2,hard_refusal + helpful_answer,benign_sensitive,falsereject
fr_train_000989,"['hard_refusal', 'helpful_answer']",2,hard_refusal + helpful_answer,benign_sensitive,falsereject
fr_train_001000,"['hard_refusal', 'helpful_answer']",2,hard_refusal + helpful_answer,benign_sensitive,falsereject
fr_train_001001,"['hard_refusal', 'helpful_answer']",2,hard_refusal + helpful_answer,benign_sensitive,falsereject
fr_train_001004,"['hard_refusal', 'helpful_answer']",2,hard_refusal + helpful_answer,benign_sensitive,falsereject
fr_train_001005,"['hard_refusal', 'helpful_answer']",2,hard_refusal + helpful_answer,benign_sensitive,falsereject
fr_train_001006,"['hard_refusal', 'helpful_answer']",2,hard_refusal + helpful_answer,benign_sensitive,falsereject
fr_train_001009,"['hard_refusal', 'helpful_answer']",2,hard_refusal + helpful_answer,benign_sensitive,falsereject
fr_train_001012,"['hard_refusal', 'helpful_answer']",2,hard_refusal + helpful_answer,benign_sensitive,falsereject
fr_train_001013,"['hard_refusal', 'helpful_answer']",2,hard_refusal + helpful_answer,benign_sensitive,falsereject
fr_train_001038,"['hard_refusal', 'helpful_answer']",2,hard_refusal + helpful_answer,benign_sensitive,falsereject
fr_train_001039,"['hard_refusal', 'helpful_answer']",2,hard_refusal + helpful_answer,benign_sensitive,falsereject
fr_train_001053,"['hard_refusal', 'helpful_answer']",2,hard_refusal + helpful_answer,benign_sensitive,falsereject
fr_train_001063,"['hard_refusal', 'helpful_answer']",2,hard_refusal + helpful_answer,benign_sensitive,falsereject
fr_train_001064,"['hard_refusal', 'helpful_answer']",2,hard_refusal + helpful_answer,benign_sensitive,falsereject
fr_train_001098,"['hard_refusal', 'helpful_answer']",2,hard_refusal + helpful_answer,benign_sensitive,falsereject
fr_train_001102,"['hard_refusal', 'helpful_answer']",2,hard_refusal + helpful_answer,benign_sensitive,falsereject
fr_train_001110,"['hard_refusal', 'helpful_answer']",2,hard_refusal + helpful_answer,benign_sensitive,falsereject
fr_train_001111,"['hard_refusal', 'helpful_answer']",2,hard_refusal + helpful_answer,benign_sensitive,falsereject
fr_train_001112,"['hard_refusal', 'helpful_answer']",2,hard_refusal + helpful_answer,benign_sensitive,falsereject
fr_train_001126,"['hard_refusal', 'helpful_answer']",2,hard_refusal + helpful_answer,benign_sensitive,falsereject
fr_train_001127,"['hard_refusal', 'helpful_answer']",2,hard_refusal + helpful_answer,benign_sensitive,falsereject
fr_train_001130,"['hard_refusal', 'helpful_answer']",2,hard_refusal + helpful_answer,benign_sensitive,falsereject
fr_train_001132,"['hard_refusal', 'helpful_answer']",2,hard_refusal + helpful_answer,benign_sensitive,falsereject
fr_train_001147,"['hard_refusal', 'helpful_answer']",2,hard_refusal + helpful_answer,benign_sensitive,falsereject
fr_train_001156,"['hard_refusal', 'helpful_answer']",2,hard_refusal + helpful_answer,benign_sensitive,falsereject
fr_train_001160,"['hard_refusal', 'helpful_answer']",2,hard_refusal + helpful_answer,benign_sensitive,falsereject
fr_train_001163,"['hard_refusal', 'helpful_answer']",2,hard_refusal + helpful_answer,benign_sensitive,falsereject
fr_train_001179,"['hard_refusal', 'helpful_answer']",2,hard_refusal + helpful_answer,benign_sensitive,falsereject
fr_train_001183,"['hard_refusal', 'helpful_answer']",2,hard_refusal + helpful_answer,benign_sensitive,falsereject
fr_train_001202,"['hard_refusal', 'helpful_answer']",2,hard_refusal + helpful_answer,benign_sensitive,falsereject
fr_train_001205,"['hard_refusal', 'helpful_answer']",2,hard_refusal + helpful_answer,benign_sensitive,falsereject
fr_train_001209,"['hard_refusal', 'helpful_answer']",2,hard_refusal + helpful_answer,benign_sensitive,falsereject
fr_train_001220,"['hard_refusal', 'helpful_answer']",2,hard_refusal + helpful_answer,benign_sensitive,falsereject
fr_train_001231,"['hard_refusal', 'helpful_answer']",2,hard_refusal + helpful_answer,benign_sensitive,falsereject
fr_train_001232,"['hard_refusal', 'helpful_answer']",2,hard_refusal + helpful_answer,benign_sensitive,falsereject
fr_train_001234,"['hard_refusal', 'helpful_answer']",2,hard_refusal + helpful_answer,benign_sensitive,falsereject
fr_train_001238,"['hard_refusal', 'helpful_answer']",2,hard_refusal + helpful_answer,benign_sensitive,falsereject
fr_train_001239,"['hard_refusal', 'helpful_answer']",2,hard_refusal + helpful_answer,benign_sensitive,falsereject
fr_train_001241,"['hard_refusal', 'helpful_answer']",2,hard_refusal + helpful_answer,benign_sensitive,falsereject
fr_train_001250,"['hard_refusal', 'helpful_answer']",2,hard_refusal + helpful_answer,benign_sensitive,falsereject
fr_train_001251,"['hard_refusal', 'helpful_answer']",2,hard_refusal + helpful_answer,benign_sensitive,falsereject
fr_train_001255,"['hard_refusal', 'helpful_answer']",2,hard_refusal + helpful_answer,benign_sensitive,falsereject
fr_train_001256,"['hard_refusal', 'helpful_answer']",2,hard_refusal + helpful_answer,benign_sensitive,falsereject
fr_train_001268,"['hard_refusal', 'helpful_answer']",2,hard_refusal + helpful_answer,benign_sensitive,falsereject
fr_train_001272,"['hard_refusal', 'helpful_answer']",2,hard_refusal + helpful_answer,benign_sensitive,falsereject
fr_train_001296,"['hard_refusal', 'helpful_answer']",2,hard_refusal + helpful_answer,benign_sensitive,falsereject
fr_train_001298,"['hard_refusal', 'helpful_answer']",2,hard_refusal + helpful_answer,benign_sensitive,falsereject
fr_train_001300,"['hard_refusal', 'helpful_answer']",2,hard_refusal + helpful_answer,benign_sensitive,falsereject
fr_train_001302,"['hard_refusal', 'helpful_answer']",2,hard_refusal + helpful_answer,benign_sensitive,falsereject
fr_train_001310,"['hard_refusal', 'helpful_answer']",2,hard_refusal + helpful_answer,benign_sensitive,falsereject
fr_train_001314,"['hard_refusal', 'helpful_answer']",2,hard_refusal + helpful_answer,benign_sensitive,falsereject
fr_train_001318,"['hard_refusal', 'helpful_answer']",2,hard_refusal + helpful_answer,benign_sensitive,falsereject
fr_train_001321,"['hard_refusal', 'helpful_answer']",2,hard_refusal + helpful_answer,benign_sensitive,falsereject
fr_train_001326,"['hard_refusal', 'helpful_answer']",2,hard_refusal + helpful_answer,benign_sensitive,falsereject
fr_train_001327,"['hard_refusal', 'helpful_answer']",2,hard_refusal + helpful_answer,benign_sensitive,falsereject
fr_train_001328,"['hard_refusal', 'helpful_answer']",2,hard_refusal + helpful_answer,benign_sensitive,falsereject
fr_train_001339,"['hard_refusal', 'helpful_answer']",2,hard_refusal + helpful_answer,benign_sensitive,falsereject
fr_train_001346,"['hard_refusal', 'helpful_answer']",2,hard_refusal + helpful_answer,benign_sensitive,falsereject
fr_train_001358,"['hard_refusal', 'helpful_answer']",2,hard_refusal + helpful_answer,benign_sensitive,falsereject
fr_train_001359,"['hard_refusal', 'helpful_answer']",2,hard_refusal + helpful_answer,benign_sensitive,falsereject
fr_train_001360,"['hard_refusal', 'helpful_answer']",2,hard_refusal + helpful_answer,benign_sensitive,falsereject
fr_train_001364,"['hard_refusal', 'helpful_answer']",2,hard_refusal + helpful_answer,benign_sensitive,falsereject
fr_train_001370,"['hard_refusal', 'helpful_answer']",2,hard_refusal + helpful_answer,benign_sensitive,falsereject
fr_train_001375,"['hard_refusal', 'helpful_answer']",2,hard_refusal + helpful_answer,benign_sensitive,falsereject
fr_train_001376,"['hard_refusal', 'helpful_answer']",2,hard_refusal + helpful_answer,benign_sensitive,falsereject
fr_train_001377,"['hard_refusal', 'helpful_answer']",2,hard_refusal + helpful_answer,benign_sensitive,falsereject
fr_train_001379,"['hard_refusal', 'helpful_answer']",2,hard_refusal + helpful_answer,benign_sensitive,falsereject
fr_train_001382,"['hard_refusal', 'helpful_answer']",2,hard_refusal + helpful_answer,benign_sensitive,falsereject
fr_train_001387,"['hard_refusal', 'helpful_answer']",2,hard_refusal + helpful_answer,benign_sensitive,falsereject
fr_train_001398,"['hard_refusal', 'helpful_answer']",2,hard_refusal + helpful_answer,benign_sensitive,falsereject
fr_train_001407,"['hard_refusal', 'helpful_answer']",2,hard_refusal + helpful_answer,benign_sensitive,falsereject
fr_train_001411,"['hard_refusal', 'helpful_answer']",2,hard_refusal + helpful_answer,benign_sensitive,falsereject
fr_train_001412,"['hard_refusal', 'helpful_answer']",2,hard_refusal + helpful_answer,benign_sensitive,falsereject
fr_train_001419,"['hard_refusal', 'helpful_answer']",2,hard_refusal + helpful_answer,benign_sensitive,falsereject
fr_train_001421,"['hard_refusal', 'helpful_answer']",2,hard_refusal + helpful_answer,benign_sensitive,falsereject
fr_train_001429,"['hard_refusal', 'helpful_answer']",2,hard_refusal + helpful_answer,benign_sensitive,falsereject
fr_train_001433,"['hard_refusal', 'helpful_answer']",2,hard_refusal + helpful_answer,benign_sensitive,falsereject
fr_train_001435,"['hard_refusal', 'helpful_answer']",2,hard_refusal + helpful_answer,benign_sensitive,falsereject
fr_train_001445,"['hard_refusal', 'helpful_answer']",2,hard_refusal + helpful_answer,benign_sensitive,falsereject
fr_train_001450,"['hard_refusal', 'helpful_answer']",2,hard_refusal + helpful_answer,benign_sensitive,falsereject
fr_train_001452,"['hard_refusal', 'helpful_answer']",2,hard_refusal + helpful_answer,benign_sensitive,falsereject
fr_train_001454,"['hard_refusal', 'helpful_answer']",2,hard_refusal + helpful_answer,benign_sensitive,falsereject
fr_train_001468,"['hard_refusal', 'helpful_answer']",2,hard_refusal + helpful_answer,benign_sensitive,falsereject
fr_train_001469,"['hard_refusal', 'helpful_answer']",2,hard_refusal + helpful_answer,benign_sensitive,falsereject
fr_train_001473,"['hard_refusal', 'helpful_answer']",2,hard_refusal + helpful_answer,benign_sensitive,falsereject
fr_train_001478,"['hard_refusal', 'helpful_answer']",2,hard_refusal + helpful_answer,benign_sensitive,falsereject
fr_train_001480,"['hard_refusal', 'helpful_answer']",2,hard_refusal + helpful_answer,benign_sensitive,falsereject
fr_train_001482,"['hard_refusal', 'helpful_answer']",2,hard_refusal + helpful_answer,benign_sensitive,falsereject
fr_train_001488,"['hard_refusal', 'helpful_answer']",2,hard_refusal + helpful_answer,benign_sensitive,falsereject
fr_train_001495,"['hard_refusal', 'helpful_answer']",2,hard_refusal + helpful_answer,benign_sensitive,falsereject
fr_train_001502,"['hard_refusal', 'helpful_answer']",2,hard_refusal + helpful_answer,benign_sensitive,falsereject
fr_train_001511,"['hard_refusal', 'helpful_answer']",2,hard_refusal + helpful_answer,benign_sensitive,falsereject
fr_train_001512,"['hard_refusal', 'helpful_answer']",2,hard_refusal + helpful_answer,benign_sensitive,falsereject
fr_train_001514,"['hard_refusal', 'helpful_answer']",2,hard_refusal + helpful_answer,benign_sensitive,falsereject
fr_train_001515,"['hard_refusal', 'helpful_answer']",2,hard_refusal + helpful_answer,benign_sensitive,falsereject
fr_train_001516,"['hard_refusal', 'helpful_answer']",2,hard_refusal + helpful_answer,benign_sensitive,falsereject
fr_train_001518,"['hard_refusal', 'helpful_answer']",2,hard_refusal + helpful_answer,benign_sensitive,falsereject
fr_train_001525,"['hard_refusal', 'helpful_answer']",2,hard_refusal + helpful_answer,benign_sensitive,falsereject
fr_train_001530,"['hard_refusal', 'helpful_answer']",2,hard_refusal + helpful_answer,benign_sensitive,falsereject
fr_train_001533,"['hard_refusal', 'helpful_answer']",2,hard_refusal + helpful_answer,benign_sensitive,falsereject
fr_train_001539,"['hard_refusal', 'helpful_answer']",2,hard_refusal + helpful_answer,benign_sensitive,falsereject
fr_train_001543,"['hard_refusal', 'helpful_answer']",2,hard_refusal + helpful_answer,benign_sensitive,falsereject
fr_train_001548,"['hard_refusal', 'helpful_answer']",2,hard_refusal + helpful_answer,benign_sensitive,falsereject
fr_train_001549,"['hard_refusal', 'helpful_answer']",2,hard_refusal + helpful_answer,benign_sensitive,falsereject
fr_train_001552,"['hard_refusal', 'helpful_answer']",2,hard_refusal + helpful_answer,benign_sensitive,falsereject
fr_train_001557,"['hard_refusal', 'helpful_answer']",2,hard_refusal + helpful_answer,benign_sensitive,falsereject
fr_train_001559,"['hard_refusal', 'helpful_answer']",2,hard_refusal + helpful_answer,benign_sensitive,falsereject
fr_train_001566,"['hard_refusal', 'helpful_answer']",2,hard_refusal + helpful_answer,benign_sensitive,falsereject
fr_train_001568,"['hard_refusal', 'helpful_answer']",2,hard_refusal + helpful_answer,benign_sensitive,falsereject
fr_train_001571,"['hard_refusal', 'helpful_answer']",2,hard_refusal + helpful_answer,benign_sensitive,falsereject
fr_train_001597,"['hard_refusal', 'helpful_answer']",2,hard_refusal + helpful_answer,benign_sensitive,falsereject
fr_train_001603,"['hard_refusal', 'helpful_answer']",2,hard_refusal + helpful_answer,benign_sensitive,falsereject
fr_train_001604,"['hard_refusal', 'helpful_answer']",2,hard_refusal + helpful_answer,benign_sensitive,falsereject
fr_train_001611,"['hard_refusal', 'helpful_answer']",2,hard_refusal + helpful_answer,benign_sensitive,falsereject
fr_train_001614,"['hard_refusal', 'helpful_answer']",2,hard_refusal + helpful_answer,benign_sensitive,falsereject
fr_train_001617,"['hard_refusal', 'helpful_answer']",2,hard_refusal + helpful_answer,benign_sensitive,falsereject
fr_train_001634,"['hard_refusal', 'helpful_answer']",2,hard_refusal + helpful_answer,benign_sensitive,falsereject
fr_train_001637,"['hard_refusal', 'helpful_answer']",2,hard_refusal + helpful_answer,benign_sensitive,falsereject
fr_train_001639,"['hard_refusal', 'helpful_answer']",2,hard_refusal + helpful_answer,benign_sensitive,falsereject
fr_train_001645,"['hard_refusal', 'helpful_answer']",2,hard_refusal + helpful_answer,benign_sensitive,falsereject
fr_train_001647,"['hard_refusal', 'helpful_answer']",2,hard_refusal + helpful_answer,benign_sensitive,falsereject
fr_train_001649,"['hard_refusal', 'helpful_answer']",2,hard_refusal + helpful_answer,benign_sensitive,falsereject
fr_train_001661,"['hard_refusal', 'helpful_answer']",2,hard_refusal + helpful_answer,benign_sensitive,falsereject
fr_train_001665,"['hard_refusal', 'helpful_answer']",2,hard_refusal + helpful_answer,benign_sensitive,falsereject
fr_train_001676,"['hard_refusal', 'helpful_answer']",2,hard_refusal + helpful_answer,benign_sensitive,falsereject
fr_train_001693,"['hard_refusal', 'helpful_answer']",2,hard_refusal + helpful_answer,benign_sensitive,falsereject
fr_train_001712,"['hard_refusal', 'helpful_answer']",2,hard_refusal + helpful_answer,benign_sensitive,falsereject
fr_train_001726,"['hard_refusal', 'helpful_answer']",2,hard_refusal + helpful_answer,benign_sensitive,falsereject
fr_train_001731,"['hard_refusal', 'helpful_answer']",2,hard_refusal + helpful_answer,benign_sensitive,falsereject
fr_train_001741,"['hard_refusal', 'helpful_answer']",2,hard_refusal + helpful_answer,benign_sensitive,falsereject
fr_train_001746,"['hard_refusal', 'helpful_answer']",2,hard_refusal + helpful_answer,benign_sensitive,falsereject
fr_train_001748,"['hard_refusal', 'helpful_answer']",2,hard_refusal + helpful_answer,benign_sensitive,falsereject
fr_train_001756,"['hard_refusal', 'helpful_answer']",2,hard_refusal + helpful_answer,benign_sensitive,falsereject
fr_train_001759,"['hard_refusal', 'helpful_answer']",2,hard_refusal + helpful_answer,benign_sensitive,falsereject
fr_train_001761,"['hard_refusal', 'helpful_answer']",2,hard_refusal + helpful_answer,benign_sensitive,falsereject
fr_train_001763,"['hard_refusal', 'helpful_answer']",2,hard_refusal + helpful_answer,benign_sensitive,falsereject
fr_train_001773,"['hard_refusal', 'helpful_answer']",2,hard_refusal + helpful_answer,benign_sensitive,falsereject
fr_train_001774,"['hard_refusal', 'helpful_answer']",2,hard_refusal + helpful_answer,benign_sensitive,falsereject
fr_train_001779,"['hard_refusal', 'helpful_answer']",2,hard_refusal + helpful_answer,benign_sensitive,falsereject
fr_train_001784,"['hard_refusal', 'helpful_answer']",2,hard_refusal + helpful_answer,benign_sensitive,falsereject
fr_train_001801,"['hard_refusal', 'helpful_answer']",2,hard_refusal + helpful_answer,benign_sensitive,falsereject
fr_train_001802,"['hard_refusal', 'helpful_answer']",2,hard_refusal + helpful_answer,benign_sensitive,falsereject
fr_train_001825,"['hard_refusal', 'helpful_answer']",2,hard_refusal + helpful_answer,benign_sensitive,falsereject
fr_train_001830,"['hard_refusal', 'helpful_answer']",2,hard_refusal + helpful_answer,benign_sensitive,falsereject
fr_train_001839,"['hard_refusal', 'helpful_answer']",2,hard_refusal + helpful_answer,benign_sensitive,falsereject
fr_train_001848,"['hard_refusal', 'helpful_answer']",2,hard_refusal + helpful_answer,benign_sensitive,falsereject
fr_train_001853,"['hard_refusal', 'helpful_answer']",2,hard_refusal + helpful_answer,benign_sensitive,falsereject
fr_train_001871,"['hard_refusal', 'helpful_answer']",2,hard_refusal + helpful_answer,benign_sensitive,falsereject
fr_train_001883,"['hard_refusal', 'helpful_answer']",2,hard_refusal + helpful_answer,benign_sensitive,falsereject
fr_train_001893,"['hard_refusal', 'helpful_answer']",2,hard_refusal + helpful_answer,benign_sensitive,falsereject
fr_train_001895,"['hard_refusal', 'helpful_answer']",2,hard_refusal + helpful_answer,benign_sensitive,falsereject
fr_train_001901,"['hard_refusal', 'helpful_answer']",2,hard_refusal + helpful_answer,benign_sensitive,falsereject
fr_train_001904,"['hard_refusal', 'helpful_answer']",2,hard_refusal + helpful_answer,benign_sensitive,falsereject
fr_train_001911,"['hard_refusal', 'helpful_answer']",2,hard_refusal + helpful_answer,benign_sensitive,falsereject
fr_train_001914,"['hard_refusal', 'helpful_answer']",2,hard_refusal + helpful_answer,benign_sensitive,falsereject
fr_train_001916,"['hard_refusal', 'helpful_answer']",2,hard_refusal + helpful_answer,benign_sensitive,falsereject
fr_train_001920,"['hard_refusal', 'helpful_answer']",2,hard_refusal + helpful_answer,benign_sensitive,falsereject
fr_train_001921,"['hard_refusal', 'helpful_answer']",2,hard_refusal + helpful_answer,benign_sensitive,falsereject
fr_train_001934,"['hard_refusal', 'helpful_answer']",2,hard_refusal + helpful_answer,benign_sensitive,falsereject
fr_train_001937,"['hard_refusal', 'helpful_answer']",2,hard_refusal + helpful_answer,benign_sensitive,falsereject
fr_train_001941,"['hard_refusal', 'helpful_answer']",2,hard_refusal + helpful_answer,benign_sensitive,falsereject
fr_train_001942,"['hard_refusal', 'helpful_answer']",2,hard_refusal + helpful_answer,benign_sensitive,falsereject
fr_train_001948,"['hard_refusal', 'helpful_answer']",2,hard_refusal + helpful_answer,benign_sensitive,falsereject
fr_train_001950,"['hard_refusal', 'helpful_answer']",2,hard_refusal + helpful_answer,benign_sensitive,falsereject
fr_train_001956,"['hard_refusal', 'helpful_answer']",2,hard_refusal + helpful_answer,benign_sensitive,falsereject
fr_train_001964,"['hard_refusal', 'helpful_answer']",2,hard_refusal + helpful_answer,benign_sensitive,falsereject
fr_train_001967,"['hard_refusal', 'helpful_answer']",2,hard_refusal + helpful_answer,benign_sensitive,falsereject
fr_train_001969,"['hard_refusal', 'helpful_answer']",2,hard_refusal + helpful_answer,benign_sensitive,falsereject
fr_train_001984,"['hard_refusal', 'helpful_answer']",2,hard_refusal + helpful_answer,benign_sensitive,falsereject
fr_train_001988,"['hard_refusal', 'helpful_answer']",2,hard_refusal + helpful_answer,benign_sensitive,falsereject
fr_train_001997,"['hard_refusal', 'helpful_answer']",2,hard_refusal + helpful_answer,benign_sensitive,falsereject
fr_train_002011,"['hard_refusal', 'helpful_answer']",2,hard_refusal + helpful_answer,benign_sensitive,falsereject
fr_train_002013,"['hard_refusal', 'helpful_answer']",2,hard_refusal + helpful_answer,benign_sensitive,falsereject
fr_train_002019,"['hard_refusal', 'helpful_answer']",2,hard_refusal + helpful_answer,benign_sensitive,falsereject
fr_train_002023,"['hard_refusal', 'helpful_answer']",2,hard_refusal + helpful_answer,benign_sensitive,falsereject
fr_train_002030,"['hard_refusal', 'helpful_answer']",2,hard_refusal + helpful_answer,benign_sensitive,falsereject
fr_train_002037,"['hard_refusal', 'helpful_answer']",2,hard_refusal + helpful_answer,benign_sensitive,falsereject
fr_train_002043,"['hard_refusal', 'helpful_answer']",2,hard_refusal + helpful_answer,benign_sensitive,falsereject
fr_train_002076,"['hard_refusal', 'helpful_answer']",2,hard_refusal + helpful_answer,benign_sensitive,falsereject
fr_train_002079,"['hard_refusal', 'helpful_answer']",2,hard_refusal + helpful_answer,benign_sensitive,falsereject
fr_train_002081,"['hard_refusal', 'helpful_answer']",2,hard_refusal + helpful_answer,benign_sensitive,falsereject
fr_train_002085,"['hard_refusal', 'helpful_answer']",2,hard_refusal + helpful_answer,benign_sensitive,falsereject
fr_train_002088,"['hard_refusal', 'helpful_answer']",2,hard_refusal + helpful_answer,benign_sensitive,falsereject
fr_train_002104,"['hard_refusal', 'helpful_answer']",2,hard_refusal + helpful_answer,benign_sensitive,falsereject
fr_train_002118,"['hard_refusal', 'helpful_answer']",2,hard_refusal + helpful_answer,benign_sensitive,falsereject
fr_train_002125,"['hard_refusal', 'helpful_answer']",2,hard_refusal + helpful_answer,benign_sensitive,falsereject
fr_train_002133,"['hard_refusal', 'helpful_answer']",2,hard_refusal + helpful_answer,benign_sensitive,falsereject
fr_train_002139,"['hard_refusal', 'helpful_answer']",2,hard_refusal + helpful_answer,benign_sensitive,falsereject
fr_train_002145,"['hard_refusal', 'helpful_answer']",2,hard_refusal + helpful_answer,benign_sensitive,falsereject
fr_train_002148,"['hard_refusal', 'helpful_answer']",2,hard_refusal + helpful_answer,benign_sensitive,falsereject
fr_train_002169,"['hard_refusal', 'helpful_answer']",2,hard_refusal + helpful_answer,benign_sensitive,falsereject
fr_train_002170,"['hard_refusal', 'helpful_answer']",2,hard_refusal + helpful_answer,benign_sensitive,falsereject
fr_train_002199,"['hard_refusal', 'helpful_answer']",2,hard_refusal + helpful_answer,benign_sensitive,falsereject
fr_train_002217,"['hard_refusal', 'helpful_answer']",2,hard_refusal + helpful_answer,benign_sensitive,falsereject
fr_train_002218,"['hard_refusal', 'helpful_answer']",2,hard_refusal + helpful_answer,benign_sensitive,falsereject
fr_train_002221,"['hard_refusal', 'helpful_answer']",2,hard_refusal + helpful_answer,benign_sensitive,falsereject
fr_train_002225,"['hard_refusal', 'helpful_answer']",2,hard_refusal + helpful_answer,benign_sensitive,falsereject
fr_train_002230,"['hard_refusal', 'helpful_answer']",2,hard_refusal + helpful_answer,benign_sensitive,falsereject
fr_train_002234,"['hard_refusal', 'helpful_answer']",2,hard_refusal + helpful_answer,benign_sensitive,falsereject
fr_train_002240,"['hard_refusal', 'helpful_answer']",2,hard_refusal + helpful_answer,benign_sensitive,falsereject
fr_train_002247,"['hard_refusal', 'helpful_answer']",2,hard_refusal + helpful_answer,benign_sensitive,falsereject
fr_train_002248,"['hard_refusal', 'helpful_answer']",2,hard_refusal + helpful_answer,benign_sensitive,falsereject
fr_train_002260,"['hard_refusal', 'helpful_answer']",2,hard_refusal + helpful_answer,benign_sensitive,falsereject
fr_train_002262,"['hard_refusal', 'helpful_answer']",2,hard_refusal + helpful_answer,benign_sensitive,falsereject
fr_train_002269,"['hard_refusal', 'helpful_answer']",2,hard_refusal + helpful_answer,benign_sensitive,falsereject
fr_train_002273,"['hard_refusal', 'helpful_answer']",2,hard_refusal + helpful_answer,benign_sensitive,falsereject
fr_train_002276,"['hard_refusal', 'helpful_answer']",2,hard_refusal + helpful_answer,benign_sensitive,falsereject
fr_train_002280,"['hard_refusal', 'helpful_answer']",2,hard_refusal + helpful_answer,benign_sensitive,falsereject
fr_train_002283,"['hard_refusal', 'helpful_answer']",2,hard_refusal + helpful_answer,benign_sensitive,falsereject
fr_train_002292,"['hard_refusal', 'helpful_answer']",2,hard_refusal + helpful_answer,benign_sensitive,falsereject
fr_train_002302,"['hard_refusal', 'helpful_answer']",2,hard_refusal + helpful_answer,benign_sensitive,falsereject
fr_train_002316,"['hard_refusal', 'helpful_answer']",2,hard_refusal + helpful_answer,benign_sensitive,falsereject
fr_train_002324,"['hard_refusal', 'helpful_answer']",2,hard_refusal + helpful_answer,benign_sensitive,falsereject
fr_train_002331,"['hard_refusal', 'helpful_answer']",2,hard_refusal + helpful_answer,benign_sensitive,falsereject
fr_train_002332,"['hard_refusal', 'helpful_answer']",2,hard_refusal + helpful_answer,benign_sensitive,falsereject
fr_train_002333,"['hard_refusal', 'helpful_answer']",2,hard_refusal + helpful_answer,benign_sensitive,falsereject
fr_train_002335,"['hard_refusal', 'helpful_answer']",2,hard_refusal + helpful_answer,benign_sensitive,falsereject
fr_train_002341,"['hard_refusal', 'helpful_answer']",2,hard_refusal + helpful_answer,benign_sensitive,falsereject
fr_train_002361,"['hard_refusal', 'helpful_answer']",2,hard_refusal + helpful_answer,benign_sensitive,falsereject
fr_train_002362,"['hard_refusal', 'helpful_answer']",2,hard_refusal + helpful_answer,benign_sensitive,falsereject
fr_train_002363,"['hard_refusal', 'helpful_answer']",2,hard_refusal + helpful_answer,benign_sensitive,falsereject
fr_train_002368,"['hard_refusal', 'helpful_answer']",2,hard_refusal + helpful_answer,benign_sensitive,falsereject
fr_train_002373,"['hard_refusal', 'helpful_answer']",2,hard_refusal + helpful_answer,benign_sensitive,falsereject
fr_train_002374,"['hard_refusal', 'helpful_answer']",2,hard_refusal + helpful_answer,benign_sensitive,falsereject
fr_train_002382,"['hard_refusal', 'helpful_answer']",2,hard_refusal + helpful_answer,benign_sensitive,falsereject
fr_train_002386,"['hard_refusal', 'helpful_answer']",2,hard_refusal + helpful_answer,benign_sensitive,falsereject
fr_train_002388,"['hard_refusal', 'helpful_answer']",2,hard_refusal + helpful_answer,benign_sensitive,falsereject
fr_train_002391,"['hard_refusal', 'helpful_answer']",2,hard_refusal + helpful_answer,benign_sensitive,falsereject
fr_train_002392,"['hard_refusal', 'helpful_answer']",2,hard_refusal + helpful_answer,benign_sensitive,falsereject
fr_train_002396,"['hard_refusal', 'helpful_answer']",2,hard_refusal + helpful_answer,benign_sensitive,falsereject
fr_train_002403,"['hard_refusal', 'helpful_answer']",2,hard_refusal + helpful_answer,benign_sensitive,falsereject
fr_train_002414,"['hard_refusal', 'helpful_answer']",2,hard_refusal + helpful_answer,benign_sensitive,falsereject
fr_train_002415,"['hard_refusal', 'helpful_answer']",2,hard_refusal + helpful_answer,benign_sensitive,falsereject
fr_train_002421,"['hard_refusal', 'helpful_answer']",2,hard_refusal + helpful_answer,benign_sensitive,falsereject
fr_train_002429,"['hard_refusal', 'helpful_answer']",2,hard_refusal + helpful_answer,benign_sensitive,falsereject
fr_train_002444,"['hard_refusal', 'helpful_answer']",2,hard_refusal + helpful_answer,benign_sensitive,falsereject
fr_train_002446,"['hard_refusal', 'helpful_answer']",2,hard_refusal + helpful_answer,benign_sensitive,falsereject
fr_train_002463,"['hard_refusal', 'helpful_answer']",2,hard_refusal + helpful_answer,benign_sensitive,falsereject
fr_train_002469,"['hard_refusal', 'helpful_answer']",2,hard_refusal + helpful_answer,benign_sensitive,falsereject
fr_train_002471,"['hard_refusal', 'helpful_answer']",2,hard_refusal + helpful_answer,benign_sensitive,falsereject
fr_train_002480,"['hard_refusal', 'helpful_answer']",2,hard_refusal + helpful_answer,benign_sensitive,falsereject
fr_train_002482,"['hard_refusal', 'helpful_answer']",2,hard_refusal + helpful_answer,benign_sensitive,falsereject
fr_train_002485,"['hard_refusal', 'helpful_answer']",2,hard_refusal + helpful_answer,benign_sensitive,falsereject
fr_train_002495,"['hard_refusal', 'helpful_answer']",2,hard_refusal + helpful_answer,benign_sensitive,falsereject
fr_train_002497,"['hard_refusal', 'helpful_answer']",2,hard_refusal + helpful_answer,benign_sensitive,falsereject
fr_train_002505,"['hard_refusal', 'helpful_answer']",2,hard_refusal + helpful_answer,benign_sensitive,falsereject
fr_train_002506,"['hard_refusal', 'helpful_answer']",2,hard_refusal + helpful_answer,benign_sensitive,falsereject
fr_train_002515,"['hard_refusal', 'helpful_answer']",2,hard_refusal + helpful_answer,benign_sensitive,falsereject
fr_train_002517,"['hard_refusal', 'helpful_answer']",2,hard_refusal + helpful_answer,benign_sensitive,falsereject
fr_train_002527,"['hard_refusal', 'helpful_answer']",2,hard_refusal + helpful_answer,benign_sensitive,falsereject
fr_train_002530,"['hard_refusal', 'helpful_answer']",2,hard_refusal + helpful_answer,benign_sensitive,falsereject
fr_train_002545,"['hard_refusal', 'helpful_answer']",2,hard_refusal + helpful_answer,benign_sensitive,falsereject
fr_train_002547,"['hard_refusal', 'helpful_answer']",2,hard_refusal + helpful_answer,benign_sensitive,falsereject
fr_train_002551,"['hard_refusal', 'helpful_answer']",2,hard_refusal + helpful_answer,benign_sensitive,falsereject
fr_train_002559,"['hard_refusal', 'helpful_answer']",2,hard_refusal + helpful_answer,benign_sensitive,falsereject
fr_train_002560,"['hard_refusal', 'helpful_answer']",2,hard_refusal + helpful_answer,benign_sensitive,falsereject
fr_train_002563,"['hard_refusal', 'helpful_answer']",2,hard_refusal + helpful_answer,benign_sensitive,falsereject
fr_train_002569,"['hard_refusal', 'helpful_answer']",2,hard_refusal + helpful_answer,benign_sensitive,falsereject
fr_train_002573,"['hard_refusal', 'helpful_answer']",2,hard_refusal + helpful_answer,benign_sensitive,falsereject
fr_train_002580,"['hard_refusal', 'helpful_answer']",2,hard_refusal + helpful_answer,benign_sensitive,falsereject
fr_train_002581,"['hard_refusal', 'helpful_answer']",2,hard_refusal + helpful_answer,benign_sensitive,falsereject
fr_train_002622,"['hard_refusal', 'helpful_answer']",2,hard_refusal + helpful_answer,benign_sensitive,falsereject
fr_train_002624,"['hard_refusal', 'helpful_answer']",2,hard_refusal + helpful_answer,benign_sensitive,falsereject
fr_train_002642,"['hard_refusal', 'helpful_answer']",2,hard_refusal + helpful_answer,benign_sensitive,falsereject
fr_train_002653,"['hard_refusal', 'helpful_answer']",2,hard_refusal + helpful_answer,benign_sensitive,falsereject
fr_train_002654,"['hard_refusal', 'helpful_answer']",2,hard_refusal + helpful_answer,benign_sensitive,falsereject
fr_train_002667,"['hard_refusal', 'helpful_answer']",2,hard_refusal + helpful_answer,benign_sensitive,falsereject
fr_train_002679,"['hard_refusal', 'helpful_answer']",2,hard_refusal + helpful_answer,benign_sensitive,falsereject
fr_train_002687,"['hard_refusal', 'helpful_answer']",2,hard_refusal + helpful_answer,benign_sensitive,falsereject
fr_train_002704,"['hard_refusal', 'helpful_answer']",2,hard_refusal + helpful_answer,benign_sensitive,falsereject
fr_train_002713,"['hard_refusal', 'helpful_answer']",2,hard_refusal + helpful_answer,benign_sensitive,falsereject
fr_train_002717,"['hard_refusal', 'helpful_answer']",2,hard_refusal + helpful_answer,benign_sensitive,falsereject
fr_train_002726,"['hard_refusal', 'helpful_answer']",2,hard_refusal + helpful_answer,benign_sensitive,falsereject
fr_train_002753,"['hard_refusal', 'helpful_answer']",2,hard_refusal + helpful_answer,benign_sensitive,falsereject
fr_train_002760,"['hard_refusal', 'helpful_answer']",2,hard_refusal + helpful_answer,benign_sensitive,falsereject
fr_train_002763,"['hard_refusal', 'helpful_answer']",2,hard_refusal + helpful_answer,benign_sensitive,falsereject
fr_train_002766,"['hard_refusal', 'helpful_answer']",2,hard_refusal + helpful_answer,benign_sensitive,falsereject
fr_train_002779,"['hard_refusal', 'helpful_answer']",2,hard_refusal + helpful_answer,benign_sensitive,falsereject
fr_train_002780,"['hard_refusal', 'helpful_answer']",2,hard_refusal + helpful_answer,benign_sensitive,falsereject
fr_train_002783,"['hard_refusal', 'helpful_answer']",2,hard_refusal + helpful_answer,benign_sensitive,falsereject
fr_train_002787,"['hard_refusal', 'helpful_answer']",2,hard_refusal + helpful_answer,benign_sensitive,falsereject
fr_train_002790,"['hard_refusal', 'helpful_answer']",2,hard_refusal + helpful_answer,benign_sensitive,falsereject
fr_train_002791,"['hard_refusal', 'helpful_answer']",2,hard_refusal + helpful_answer,benign_sensitive,falsereject
fr_train_002800,"['hard_refusal', 'helpful_answer']",2,hard_refusal + helpful_answer,benign_sensitive,falsereject
fr_train_002816,"['hard_refusal', 'helpful_answer']",2,hard_refusal + helpful_answer,benign_sensitive,falsereject
fr_train_002829,"['hard_refusal', 'helpful_answer']",2,hard_refusal + helpful_answer,benign_sensitive,falsereject
fr_train_002834,"['hard_refusal', 'helpful_answer']",2,hard_refusal + helpful_answer,benign_sensitive,falsereject
fr_train_002845,"['hard_refusal', 'helpful_answer']",2,hard_refusal + helpful_answer,benign_sensitive,falsereject
fr_train_002854,"['hard_refusal', 'helpful_answer']",2,hard_refusal + helpful_answer,benign_sensitive,falsereject
fr_train_002856,"['hard_refusal', 'helpful_answer']",2,hard_refusal + helpful_answer,benign_sensitive,falsereject
fr_train_002867,"['hard_refusal', 'helpful_answer']",2,hard_refusal + helpful_answer,benign_sensitive,falsereject
fr_train_002888,"['hard_refusal', 'helpful_answer']",2,hard_refusal + helpful_answer,benign_sensitive,falsereject
fr_train_002904,"['hard_refusal', 'helpful_answer']",2,hard_refusal + helpful_answer,benign_sensitive,falsereject
fr_train_002905,"['hard_refusal', 'helpful_answer']",2,hard_refusal + helpful_answer,benign_sensitive,falsereject
fr_train_002923,"['hard_refusal', 'helpful_answer']",2,hard_refusal + helpful_answer,benign_sensitive,falsereject
fr_train_002924,"['hard_refusal', 'helpful_answer']",2,hard_refusal + helpful_answer,benign_sensitive,falsereject
fr_train_002938,"['hard_refusal', 'helpful_answer']",2,hard_refusal + helpful_answer,benign_sensitive,falsereject
fr_train_002949,"['hard_refusal', 'helpful_answer']",2,hard_refusal + helpful_answer,benign_sensitive,falsereject
fr_train_002959,"['hard_refusal', 'helpful_answer']",2,hard_refusal + helpful_answer,benign_sensitive,falsereject
fr_train_002976,"['hard_refusal', 'helpful_answer']",2,hard_refusal + helpful_answer,benign_sensitive,falsereject
fr_train_002982,"['hard_refusal', 'helpful_answer']",2,hard_refusal + helpful_answer,benign_sensitive,falsereject
fr_train_002985,"['hard_refusal', 'helpful_answer']",2,hard_refusal + helpful_answer,benign_sensitive,falsereject
fr_train_002992,"['hard_refusal', 'helpful_answer']",2,hard_refusal + helpful_answer,benign_sensitive,falsereject
fr_train_003005,"['hard_refusal', 'helpful_answer']",2,hard_refusal + helpful_answer,benign_sensitive,falsereject
fr_train_003008,"['hard_refusal', 'helpful_answer']",2,hard_refusal + helpful_answer,benign_sensitive,falsereject
fr_train_003020,"['hard_refusal', 'helpful_answer']",2,hard_refusal + helpful_answer,benign_sensitive,falsereject
fr_train_003022,"['hard_refusal', 'helpful_answer']",2,hard_refusal + helpful_answer,benign_sensitive,falsereject
fr_train_003023,"['hard_refusal', 'helpful_answer']",2,hard_refusal + helpful_answer,benign_sensitive,falsereject
fr_train_003024,"['hard_refusal', 'helpful_answer']",2,hard_refusal + helpful_answer,benign_sensitive,falsereject
fr_train_003025,"['hard_refusal', 'helpful_answer']",2,hard_refusal + helpful_answer,benign_sensitive,falsereject
fr_train_003039,"['hard_refusal', 'helpful_answer']",2,hard_refusal + helpful_answer,benign_sensitive,falsereject
fr_train_003040,"['hard_refusal', 'helpful_answer']",2,hard_refusal + helpful_answer,benign_sensitive,falsereject
fr_train_003042,"['hard_refusal', 'helpful_answer']",2,hard_refusal + helpful_answer,benign_sensitive,falsereject
fr_train_003074,"['hard_refusal', 'helpful_answer']",2,hard_refusal + helpful_answer,benign_sensitive,falsereject
fr_train_003079,"['hard_refusal', 'helpful_answer']",2,hard_refusal + helpful_answer,benign_sensitive,falsereject
fr_train_003080,"['hard_refusal', 'helpful_answer']",2,hard_refusal + helpful_answer,benign_sensitive,falsereject
fr_train_003085,"['hard_refusal', 'helpful_answer']",2,hard_refusal + helpful_answer,benign_sensitive,falsereject
fr_train_003089,"['hard_refusal', 'helpful_answer']",2,hard_refusal + helpful_answer,benign_sensitive,falsereject
fr_train_003110,"['hard_refusal', 'helpful_answer']",2,hard_refusal + helpful_answer,benign_sensitive,falsereject
fr_train_003142,"['hard_refusal', 'helpful_answer']",2,hard_refusal + helpful_answer,benign_sensitive,falsereject
fr_train_003153,"['hard_refusal', 'helpful_answer']",2,hard_refusal + helpful_answer,benign_sensitive,falsereject
fr_train_003165,"['hard_refusal', 'helpful_answer']",2,hard_refusal + helpful_answer,benign_sensitive,falsereject
fr_train_003166,"['hard_refusal', 'helpful_answer']",2,hard_refusal + helpful_answer,benign_sensitive,falsereject
fr_train_003170,"['hard_refusal', 'helpful_answer']",2,hard_refusal + helpful_answer,benign_sensitive,falsereject
fr_train_003173,"['hard_refusal', 'helpful_answer']",2,hard_refusal + helpful_answer,benign_sensitive,falsereject
fr_train_003176,"['hard_refusal', 'helpful_answer']",2,hard_refusal + helpful_answer,benign_sensitive,falsereject
fr_train_003216,"['hard_refusal', 'helpful_answer']",2,hard_refusal + helpful_answer,benign_sensitive,falsereject
fr_train_003219,"['hard_refusal', 'helpful_answer']",2,hard_refusal + helpful_answer,benign_sensitive,falsereject
fr_train_003238,"['hard_refusal', 'helpful_answer']",2,hard_refusal + helpful_answer,benign_sensitive,falsereject
fr_train_003267,"['hard_refusal', 'helpful_answer']",2,hard_refusal + helpful_answer,benign_sensitive,falsereject
fr_train_003272,"['hard_refusal', 'helpful_answer']",2,hard_refusal + helpful_answer,benign_sensitive,falsereject
fr_train_003278,"['hard_refusal', 'helpful_answer']",2,hard_refusal + helpful_answer,benign_sensitive,falsereject
fr_train_003303,"['hard_refusal', 'helpful_answer']",2,hard_refusal + helpful_answer,benign_sensitive,falsereject
fr_train_003305,"['hard_refusal', 'helpful_answer']",2,hard_refusal + helpful_answer,benign_sensitive,falsereject
fr_train_003313,"['hard_refusal', 'helpful_answer']",2,hard_refusal + helpful_answer,benign_sensitive,falsereject
fr_train_003316,"['hard_refusal', 'helpful_answer']",2,hard_refusal + helpful_answer,benign_sensitive,falsereject
fr_train_003323,"['hard_refusal', 'helpful_answer']",2,hard_refusal + helpful_answer,benign_sensitive,falsereject
fr_train_003343,"['hard_refusal', 'helpful_answer']",2,hard_refusal + helpful_answer,benign_sensitive,falsereject
fr_train_003364,"['hard_refusal', 'helpful_answer']",2,hard_refusal + helpful_answer,benign_sensitive,falsereject
fr_train_003365,"['hard_refusal', 'helpful_answer']",2,hard_refusal + helpful_answer,benign_sensitive,falsereject
fr_train_003370,"['hard_refusal', 'helpful_answer']",2,hard_refusal + helpful_answer,benign_sensitive,falsereject
fr_train_003380,"['hard_refusal', 'helpful_answer']",2,hard_refusal + helpful_answer,benign_sensitive,falsereject
fr_train_003383,"['hard_refusal', 'helpful_answer']",2,hard_refusal + helpful_answer,benign_sensitive,falsereject
fr_train_003384,"['hard_refusal', 'helpful_answer']",2,hard_refusal + helpful_answer,benign_sensitive,falsereject
fr_train_003390,"['hard_refusal', 'helpful_answer']",2,hard_refusal + helpful_answer,benign_sensitive,falsereject
fr_train_003392,"['hard_refusal', 'helpful_answer']",2,hard_refusal + helpful_answer,benign_sensitive,falsereject
fr_train_003397,"['hard_refusal', 'helpful_answer']",2,hard_refusal + helpful_answer,benign_sensitive,falsereject
fr_train_003432,"['hard_refusal', 'helpful_answer']",2,hard_refusal + helpful_answer,benign_sensitive,falsereject
fr_train_003435,"['hard_refusal', 'helpful_answer']",2,hard_refusal + helpful_answer,benign_sensitive,falsereject
fr_train_003436,"['hard_refusal', 'helpful_answer']",2,hard_refusal + helpful_answer,benign_sensitive,falsereject
fr_train_003438,"['hard_refusal', 'helpful_answer']",2,hard_refusal + helpful_answer,benign_sensitive,falsereject
fr_train_003441,"['hard_refusal', 'helpful_answer']",2,hard_refusal + helpful_answer,benign_sensitive,falsereject
fr_train_003454,"['hard_refusal', 'helpful_answer']",2,hard_refusal + helpful_answer,benign_sensitive,falsereject
fr_train_003456,"['hard_refusal', 'helpful_answer']",2,hard_refusal + helpful_answer,benign_sensitive,falsereject
fr_train_003469,"['hard_refusal', 'helpful_answer']",2,hard_refusal + helpful_answer,benign_sensitive,falsereject
fr_train_003470,"['hard_refusal', 'helpful_answer']",2,hard_refusal + helpful_answer,benign_sensitive,falsereject
fr_train_003475,"['hard_refusal', 'helpful_answer']",2,hard_refusal + helpful_answer,benign_sensitive,falsereject
fr_train_003476,"['hard_refusal', 'helpful_answer']",2,hard_refusal + helpful_answer,benign_sensitive,falsereject
fr_train_003504,"['hard_refusal', 'helpful_answer']",2,hard_refusal + helpful_answer,benign_sensitive,falsereject
fr_train_003511,"['hard_refusal', 'helpful_answer']",2,hard_refusal + helpful_answer,benign_sensitive,falsereject
fr_train_003520,"['hard_refusal', 'helpful_answer']",2,hard_refusal + helpful_answer,benign_sensitive,falsereject
fr_train_003522,"['hard_refusal', 'helpful_answer']",2,hard_refusal + helpful_answer,benign_sensitive,falsereject
fr_train_003535,"['hard_refusal', 'helpful_answer']",2,hard_refusal + helpful_answer,benign_sensitive,falsereject
fr_train_003538,"['hard_refusal', 'helpful_answer']",2,hard_refusal + helpful_answer,benign_sensitive,falsereject
fr_train_003541,"['hard_refusal', 'helpful_answer']",2,hard_refusal + helpful_answer,benign_sensitive,falsereject
fr_train_003551,"['hard_refusal', 'helpful_answer']",2,hard_refusal + helpful_answer,benign_sensitive,falsereject
fr_train_003553,"['hard_refusal', 'helpful_answer']",2,hard_refusal + helpful_answer,benign_sensitive,falsereject
fr_train_003558,"['hard_refusal', 'helpful_answer']",2,hard_refusal + helpful_answer,benign_sensitive,falsereject
fr_train_003561,"['hard_refusal', 'helpful_answer']",2,hard_refusal + helpful_answer,benign_sensitive,falsereject
fr_train_003568,"['hard_refusal', 'helpful_answer']",2,hard_refusal + helpful_answer,benign_sensitive,falsereject
fr_train_003577,"['hard_refusal', 'helpful_answer']",2,hard_refusal + helpful_answer,benign_sensitive,falsereject
fr_train_003582,"['hard_refusal', 'helpful_answer']",2,hard_refusal + helpful_answer,benign_sensitive,falsereject
fr_train_003583,"['hard_refusal', 'helpful_answer']",2,hard_refusal + helpful_answer,benign_sensitive,falsereject
fr_train_003604,"['hard_refusal', 'helpful_answer']",2,hard_refusal + helpful_answer,benign_sensitive,falsereject
fr_train_003613,"['hard_refusal', 'helpful_answer']",2,hard_refusal + helpful_answer,benign_sensitive,falsereject
fr_train_003614,"['hard_refusal', 'helpful_answer']",2,hard_refusal + helpful_answer,benign_sensitive,falsereject
fr_train_003619,"['hard_refusal', 'helpful_answer']",2,hard_refusal + helpful_answer,benign_sensitive,falsereject
fr_train_003622,"['hard_refusal', 'helpful_answer']",2,hard_refusal + helpful_answer,benign_sensitive,falsereject
fr_train_003625,"['hard_refusal', 'helpful_answer']",2,hard_refusal + helpful_answer,benign_sensitive,falsereject
fr_train_003633,"['hard_refusal', 'helpful_answer']",2,hard_refusal + helpful_answer,benign_sensitive,falsereject
fr_train_003635,"['hard_refusal', 'helpful_answer']",2,hard_refusal + helpful_answer,benign_sensitive,falsereject
fr_train_003664,"['hard_refusal', 'helpful_answer']",2,hard_refusal + helpful_answer,benign_sensitive,falsereject
fr_train_003665,"['hard_refusal', 'helpful_answer']",2,hard_refusal + helpful_answer,benign_sensitive,falsereject
fr_train_003667,"['hard_refusal', 'helpful_answer']",2,hard_refusal + helpful_answer,benign_sensitive,falsereject
fr_train_003675,"['hard_refusal', 'helpful_answer']",2,hard_refusal + helpful_answer,benign_sensitive,falsereject
fr_train_003691,"['hard_refusal', 'helpful_answer']",2,hard_refusal + helpful_answer,benign_sensitive,falsereject
fr_train_003693,"['hard_refusal', 'helpful_answer']",2,hard_refusal + helpful_answer,benign_sensitive,falsereject
fr_train_003721,"['hard_refusal', 'helpful_answer']",2,hard_refusal + helpful_answer,benign_sensitive,falsereject
fr_train_003723,"['hard_refusal', 'helpful_answer']",2,hard_refusal + helpful_answer,benign_sensitive,falsereject
fr_train_003732,"['hard_refusal', 'helpful_answer']",2,hard_refusal + helpful_answer,benign_sensitive,falsereject
fr_train_003739,"['hard_refusal', 'helpful_answer']",2,hard_refusal + helpful_answer,benign_sensitive,falsereject
fr_train_003740,"['hard_refusal', 'helpful_answer']",2,hard_refusal + helpful_answer,benign_sensitive,falsereject
fr_train_003741,"['hard_refusal', 'helpful_answer']",2,hard_refusal + helpful_answer,benign_sensitive,falsereject
fr_train_003743,"['hard_refusal', 'helpful_answer']",2,hard_refusal + helpful_answer,benign_sensitive,falsereject
fr_train_003744,"['hard_refusal', 'helpful_answer']",2,hard_refusal + helpful_answer,benign_sensitive,falsereject
fr_train_003751,"['hard_refusal', 'helpful_answer']",2,hard_refusal + helpful_answer,benign_sensitive,falsereject
fr_train_003753,"['hard_refusal', 'helpful_answer']",2,hard_refusal + helpful_answer,benign_sensitive,falsereject
fr_train_003763,"['hard_refusal', 'helpful_answer']",2,hard_refusal + helpful_answer,benign_sensitive,falsereject
fr_train_003772,"['hard_refusal', 'helpful_answer']",2,hard_refusal + helpful_answer,benign_sensitive,falsereject
fr_train_003773,"['hard_refusal', 'helpful_answer']",2,hard_refusal + helpful_answer,benign_sensitive,falsereject
fr_train_003776,"['hard_refusal', 'helpful_answer']",2,hard_refusal + helpful_answer,benign_sensitive,falsereject
fr_train_003777,"['hard_refusal', 'helpful_answer']",2,hard_refusal + helpful_answer,benign_sensitive,falsereject
fr_train_003786,"['hard_refusal', 'helpful_answer']",2,hard_refusal + helpful_answer,benign_sensitive,falsereject
fr_train_003799,"['hard_refusal', 'helpful_answer']",2,hard_refusal + helpful_answer,benign_sensitive,falsereject
fr_train_003810,"['hard_refusal', 'helpful_answer']",2,hard_refusal + helpful_answer,benign_sensitive,falsereject
fr_train_003813,"['hard_refusal', 'helpful_answer']",2,hard_refusal + helpful_answer,benign_sensitive,falsereject
fr_train_003814,"['hard_refusal', 'helpful_answer']",2,hard_refusal + helpful_answer,benign_sensitive,falsereject
fr_train_003820,"['hard_refusal', 'helpful_answer']",2,hard_refusal + helpful_answer,benign_sensitive,falsereject
fr_train_003827,"['hard_refusal', 'helpful_answer']",2,hard_refusal + helpful_answer,benign_sensitive,falsereject
fr_train_003831,"['hard_refusal', 'helpful_answer']",2,hard_refusal + helpful_answer,benign_sensitive,falsereject
fr_train_003844,"['hard_refusal', 'helpful_answer']",2,hard_refusal + helpful_answer,benign_sensitive,falsereject
fr_train_003855,"['hard_refusal', 'helpful_answer']",2,hard_refusal + helpful_answer,benign_sensitive,falsereject
fr_train_003857,"['hard_refusal', 'helpful_answer']",2,hard_refusal + helpful_answer,benign_sensitive,falsereject
fr_train_003858,"['hard_refusal', 'helpful_answer']",2,hard_refusal + helpful_answer,benign_sensitive,falsereject
fr_train_003869,"['hard_refusal', 'helpful_answer']",2,hard_refusal + helpful_answer,benign_sensitive,falsereject
fr_train_003871,"['hard_refusal', 'helpful_answer']",2,hard_refusal + helpful_answer,benign_sensitive,falsereject
fr_train_003872,"['hard_refusal', 'helpful_answer']",2,hard_refusal + helpful_answer,benign_sensitive,falsereject
fr_train_003905,"['hard_refusal', 'helpful_answer']",2,hard_refusal + helpful_answer,benign_sensitive,falsereject
fr_train_003907,"['hard_refusal', 'helpful_answer']",2,hard_refusal + helpful_answer,benign_sensitive,falsereject
fr_train_003908,"['hard_refusal', 'helpful_answer']",2,hard_refusal + helpful_answer,benign_sensitive,falsereject
fr_train_003915,"['hard_refusal', 'helpful_answer']",2,hard_refusal + helpful_answer,benign_sensitive,falsereject
fr_train_003916,"['hard_refusal', 'helpful_answer']",2,hard_refusal + helpful_answer,benign_sensitive,falsereject
fr_train_003920,"['hard_refusal', 'helpful_answer']",2,hard_refusal + helpful_answer,benign_sensitive,falsereject
fr_train_003941,"['hard_refusal', 'helpful_answer']",2,hard_refusal + helpful_answer,benign_sensitive,falsereject
fr_train_003945,"['hard_refusal', 'helpful_answer']",2,hard_refusal + helpful_answer,benign_sensitive,falsereject
fr_train_003961,"['hard_refusal', 'helpful_answer']",2,hard_refusal + helpful_answer,benign_sensitive,falsereject
fr_train_003973,"['hard_refusal', 'helpful_answer']",2,hard_refusal + helpful_answer,benign_sensitive,falsereject
fr_train_003981,"['hard_refusal', 'helpful_answer']",2,hard_refusal + helpful_answer,benign_sensitive,falsereject
fr_train_003985,"['hard_refusal', 'helpful_answer']",2,hard_refusal + helpful_answer,benign_sensitive,falsereject
fr_train_004001,"['hard_refusal', 'helpful_answer']",2,hard_refusal + helpful_answer,benign_sensitive,falsereject
fr_train_004007,"['hard_refusal', 'helpful_answer']",2,hard_refusal + helpful_answer,benign_sensitive,falsereject
fr_train_004017,"['hard_refusal', 'helpful_answer']",2,hard_refusal + helpful_answer,benign_sensitive,falsereject
fr_train_004027,"['hard_refusal', 'helpful_answer']",2,hard_refusal + helpful_answer,benign_sensitive,falsereject
fr_train_004041,"['hard_refusal', 'helpful_answer']",2,hard_refusal + helpful_answer,benign_sensitive,falsereject
fr_train_004045,"['hard_refusal', 'helpful_answer']",2,hard_refusal + helpful_answer,benign_sensitive,falsereject
fr_train_004050,"['hard_refusal', 'helpful_answer']",2,hard_refusal + helpful_answer,benign_sensitive,falsereject
fr_train_004053,"['hard_refusal', 'helpful_answer']",2,hard_refusal + helpful_answer,benign_sensitive,falsereject
fr_train_004055,"['hard_refusal', 'helpful_answer']",2,hard_refusal + helpful_answer,benign_sensitive,falsereject
fr_train_004057,"['hard_refusal', 'helpful_answer']",2,hard_refusal + helpful_answer,benign_sensitive,falsereject
fr_train_004062,"['hard_refusal', 'helpful_answer']",2,hard_refusal + helpful_answer,benign_sensitive,falsereject
fr_train_004068,"['hard_refusal', 'helpful_answer']",2,hard_refusal + helpful_answer,benign_sensitive,falsereject
fr_train_004070,"['hard_refusal', 'helpful_answer']",2,hard_refusal + helpful_answer,benign_sensitive,falsereject
fr_train_004077,"['hard_refusal', 'helpful_answer']",2,hard_refusal + helpful_answer,benign_sensitive,falsereject
fr_train_004079,"['hard_refusal', 'helpful_answer']",2,hard_refusal + helpful_answer,benign_sensitive,falsereject
fr_train_004080,"['hard_refusal', 'helpful_answer']",2,hard_refusal + helpful_answer,benign_sensitive,falsereject
fr_train_004093,"['hard_refusal', 'helpful_answer']",2,hard_refusal + helpful_answer,benign_sensitive,falsereject
fr_train_004102,"['hard_refusal', 'helpful_answer']",2,hard_refusal + helpful_answer,benign_sensitive,falsereject
fr_train_004112,"['hard_refusal', 'helpful_answer']",2,hard_refusal + helpful_answer,benign_sensitive,falsereject
fr_train_004118,"['hard_refusal', 'helpful_answer']",2,hard_refusal + helpful_answer,benign_sensitive,falsereject
fr_train_004124,"['hard_refusal', 'helpful_answer']",2,hard_refusal + helpful_answer,benign_sensitive,falsereject
fr_train_004132,"['hard_refusal', 'helpful_answer']",2,hard_refusal + helpful_answer,benign_sensitive,falsereject
fr_train_004141,"['hard_refusal', 'helpful_answer']",2,hard_refusal + helpful_answer,benign_sensitive,falsereject
fr_train_004154,"['hard_refusal', 'helpful_answer']",2,hard_refusal + helpful_answer,benign_sensitive,falsereject
fr_train_004173,"['hard_refusal', 'helpful_answer']",2,hard_refusal + helpful_answer,benign_sensitive,falsereject
fr_train_004176,"['hard_refusal', 'helpful_answer']",2,hard_refusal + helpful_answer,benign_sensitive,falsereject
fr_train_004177,"['hard_refusal', 'helpful_answer']",2,hard_refusal + helpful_answer,benign_sensitive,falsereject
fr_train_004186,"['hard_refusal', 'helpful_answer']",2,hard_refusal + helpful_answer,benign_sensitive,falsereject
fr_train_004187,"['hard_refusal', 'helpful_answer']",2,hard_refusal + helpful_answer,benign_sensitive,falsereject
fr_train_004188,"['hard_refusal', 'helpful_answer']",2,hard_refusal + helpful_answer,benign_sensitive,falsereject
fr_train_004192,"['hard_refusal', 'helpful_answer']",2,hard_refusal + helpful_answer,benign_sensitive,falsereject
fr_train_004193,"['hard_refusal', 'helpful_answer']",2,hard_refusal + helpful_answer,benign_sensitive,falsereject
fr_train_004202,"['hard_refusal', 'helpful_answer']",2,hard_refusal + helpful_answer,benign_sensitive,falsereject
fr_train_004204,"['hard_refusal', 'helpful_answer']",2,hard_refusal + helpful_answer,benign_sensitive,falsereject
fr_train_004212,"['hard_refusal', 'helpful_answer']",2,hard_refusal + helpful_answer,benign_sensitive,falsereject
fr_train_004213,"['hard_refusal', 'helpful_answer']",2,hard_refusal + helpful_answer,benign_sensitive,falsereject
fr_train_004217,"['hard_refusal', 'helpful_answer']",2,hard_refusal + helpful_answer,benign_sensitive,falsereject
fr_train_004223,"['hard_refusal', 'helpful_answer']",2,hard_refusal + helpful_answer,benign_sensitive,falsereject
fr_train_004238,"['hard_refusal', 'helpful_answer']",2,hard_refusal + helpful_answer,benign_sensitive,falsereject
fr_train_004239,"['hard_refusal', 'helpful_answer']",2,hard_refusal + helpful_answer,benign_sensitive,falsereject
fr_train_004240,"['hard_refusal', 'helpful_answer']",2,hard_refusal + helpful_answer,benign_sensitive,falsereject
fr_train_004245,"['hard_refusal', 'helpful_answer']",2,hard_refusal + helpful_answer,benign_sensitive,falsereject
fr_train_004260,"['hard_refusal', 'helpful_answer']",2,hard_refusal + helpful_answer,benign_sensitive,falsereject
fr_train_004276,"['hard_refusal', 'helpful_answer']",2,hard_refusal + helpful_answer,benign_sensitive,falsereject
fr_train_004291,"['hard_refusal', 'helpful_answer']",2,hard_refusal + helpful_answer,benign_sensitive,falsereject
fr_train_004292,"['hard_refusal', 'helpful_answer']",2,hard_refusal + helpful_answer,benign_sensitive,falsereject
fr_train_004307,"['hard_refusal', 'helpful_answer']",2,hard_refusal + helpful_answer,benign_sensitive,falsereject
fr_train_004310,"['hard_refusal', 'helpful_answer']",2,hard_refusal + helpful_answer,benign_sensitive,falsereject
fr_train_004338,"['hard_refusal', 'helpful_answer']",2,hard_refusal + helpful_answer,benign_sensitive,falsereject
fr_train_004346,"['hard_refusal', 'helpful_answer']",2,hard_refusal + helpful_answer,benign_sensitive,falsereject
fr_train_004350,"['hard_refusal', 'helpful_answer']",2,hard_refusal + helpful_answer,benign_sensitive,falsereject
fr_train_004352,"['hard_refusal', 'helpful_answer']",2,hard_refusal + helpful_answer,benign_sensitive,falsereject
fr_train_004353,"['hard_refusal', 'helpful_answer']",2,hard_refusal + helpful_answer,benign_sensitive,falsereject
fr_train_004364,"['hard_refusal', 'helpful_answer']",2,hard_refusal + helpful_answer,benign_sensitive,falsereject
fr_train_004370,"['hard_refusal', 'helpful_answer']",2,hard_refusal + helpful_answer,benign_sensitive,falsereject
fr_train_004380,"['hard_refusal', 'helpful_answer']",2,hard_refusal + helpful_answer,benign_sensitive,falsereject
fr_train_004398,"['hard_refusal', 'helpful_answer']",2,hard_refusal + helpful_answer,benign_sensitive,falsereject
fr_train_004404,"['hard_refusal', 'helpful_answer']",2,hard_refusal + helpful_answer,benign_sensitive,falsereject
fr_train_004412,"['hard_refusal', 'helpful_answer']",2,hard_refusal + helpful_answer,benign_sensitive,falsereject
fr_train_004414,"['hard_refusal', 'helpful_answer']",2,hard_refusal + helpful_answer,benign_sensitive,falsereject
fr_train_004420,"['hard_refusal', 'helpful_answer']",2,hard_refusal + helpful_answer,benign_sensitive,falsereject
fr_train_004424,"['hard_refusal', 'helpful_answer']",2,hard_refusal + helpful_answer,benign_sensitive,falsereject
fr_train_004425,"['hard_refusal', 'helpful_answer']",2,hard_refusal + helpful_answer,benign_sensitive,falsereject
fr_train_004432,"['hard_refusal', 'helpful_answer']",2,hard_refusal + helpful_answer,benign_sensitive,falsereject
fr_train_004437,"['hard_refusal', 'helpful_answer']",2,hard_refusal + helpful_answer,benign_sensitive,falsereject
fr_train_004444,"['hard_refusal', 'helpful_answer']",2,hard_refusal + helpful_answer,benign_sensitive,falsereject
fr_train_004447,"['hard_refusal', 'helpful_answer']",2,hard_refusal + helpful_answer,benign_sensitive,falsereject
fr_train_004453,"['hard_refusal', 'helpful_answer']",2,hard_refusal + helpful_answer,benign_sensitive,falsereject
fr_train_004454,"['hard_refusal', 'helpful_answer']",2,hard_refusal + helpful_answer,benign_sensitive,falsereject
fr_train_004463,"['hard_refusal', 'helpful_answer']",2,hard_refusal + helpful_answer,benign_sensitive,falsereject
fr_train_004472,"['hard_refusal', 'helpful_answer']",2,hard_refusal + helpful_answer,benign_sensitive,falsereject
fr_train_004477,"['hard_refusal', 'helpful_answer']",2,hard_refusal + helpful_answer,benign_sensitive,falsereject
fr_train_004502,"['hard_refusal', 'helpful_answer']",2,hard_refusal + helpful_answer,benign_sensitive,falsereject
fr_train_004518,"['hard_refusal', 'helpful_answer']",2,hard_refusal + helpful_answer,benign_sensitive,falsereject
fr_train_004521,"['hard_refusal', 'helpful_answer']",2,hard_refusal + helpful_answer,benign_sensitive,falsereject
fr_train_004530,"['hard_refusal', 'helpful_answer']",2,hard_refusal + helpful_answer,benign_sensitive,falsereject
fr_train_004531,"['hard_refusal', 'helpful_answer']",2,hard_refusal + helpful_answer,benign_sensitive,falsereject
fr_train_004535,"['hard_refusal', 'helpful_answer']",2,hard_refusal + helpful_answer,benign_sensitive,falsereject
fr_train_004538,"['hard_refusal', 'helpful_answer']",2,hard_refusal + helpful_answer,benign_sensitive,falsereject
fr_train_004542,"['hard_refusal', 'helpful_answer']",2,hard_refusal + helpful_answer,benign_sensitive,falsereject
fr_train_004546,"['hard_refusal', 'helpful_answer']",2,hard_refusal + helpful_answer,benign_sensitive,falsereject
fr_train_004557,"['hard_refusal', 'helpful_answer']",2,hard_refusal + helpful_answer,benign_sensitive,falsereject
fr_train_004561,"['hard_refusal', 'helpful_answer']",2,hard_refusal + helpful_answer,benign_sensitive,falsereject
fr_train_004563,"['hard_refusal', 'helpful_answer']",2,hard_refusal + helpful_answer,benign_sensitive,falsereject
fr_train_004566,"['hard_refusal', 'helpful_answer']",2,hard_refusal + helpful_answer,benign_sensitive,falsereject
fr_train_004570,"['hard_refusal', 'helpful_answer']",2,hard_refusal + helpful_answer,benign_sensitive,falsereject
fr_train_004574,"['hard_refusal', 'helpful_answer']",2,hard_refusal + helpful_answer,benign_sensitive,falsereject
fr_train_004577,"['hard_refusal', 'helpful_answer']",2,hard_refusal + helpful_answer,benign_sensitive,falsereject
fr_train_004588,"['hard_refusal', 'helpful_answer']",2,hard_refusal + helpful_answer,benign_sensitive,falsereject
fr_train_004594,"['hard_refusal', 'helpful_answer']",2,hard_refusal + helpful_answer,benign_sensitive,falsereject
fr_train_004598,"['hard_refusal', 'helpful_answer']",2,hard_refusal + helpful_answer,benign_sensitive,falsereject
fr_train_004600,"['hard_refusal', 'helpful_answer']",2,hard_refusal + helpful_answer,benign_sensitive,falsereject
fr_train_004613,"['hard_refusal', 'helpful_answer']",2,hard_refusal + helpful_answer,benign_sensitive,falsereject
fr_train_004618,"['hard_refusal', 'helpful_answer']",2,hard_refusal + helpful_answer,benign_sensitive,falsereject
fr_train_004636,"['hard_refusal', 'helpful_answer']",2,hard_refusal + helpful_answer,benign_sensitive,falsereject
fr_train_004647,"['hard_refusal', 'helpful_answer']",2,hard_refusal + helpful_answer,benign_sensitive,falsereject
fr_train_004649,"['hard_refusal', 'helpful_answer']",2,hard_refusal + helpful_answer,benign_sensitive,falsereject
fr_train_004650,"['hard_refusal', 'helpful_answer']",2,hard_refusal + helpful_answer,benign_sensitive,falsereject
fr_train_004658,"['hard_refusal', 'helpful_answer']",2,hard_refusal + helpful_answer,benign_sensitive,falsereject
fr_train_004663,"['hard_refusal', 'helpful_answer']",2,hard_refusal + helpful_answer,benign_sensitive,falsereject
fr_train_004664,"['hard_refusal', 'helpful_answer']",2,hard_refusal + helpful_answer,benign_sensitive,falsereject
fr_train_004668,"['hard_refusal', 'helpful_answer']",2,hard_refusal + helpful_answer,benign_sensitive,falsereject
fr_train_004670,"['hard_refusal', 'helpful_answer']",2,hard_refusal + helpful_answer,benign_sensitive,falsereject
fr_train_004671,"['hard_refusal', 'helpful_answer']",2,hard_refusal + helpful_answer,benign_sensitive,falsereject
fr_train_004672,"['hard_refusal', 'helpful_answer']",2,hard_refusal + helpful_answer,benign_sensitive,falsereject
fr_train_004676,"['hard_refusal', 'helpful_answer']",2,hard_refusal + helpful_answer,benign_sensitive,falsereject
fr_train_004688,"['hard_refusal', 'helpful_answer']",2,hard_refusal + helpful_answer,benign_sensitive,falsereject
fr_train_004697,"['hard_refusal', 'helpful_answer']",2,hard_refusal + helpful_answer,benign_sensitive,falsereject
fr_train_004702,"['hard_refusal', 'helpful_answer']",2,hard_refusal + helpful_answer,benign_sensitive,falsereject
fr_train_004707,"['hard_refusal', 'helpful_answer']",2,hard_refusal + helpful_answer,benign_sensitive,falsereject
fr_train_004715,"['hard_refusal', 'helpful_answer']",2,hard_refusal + helpful_answer,benign_sensitive,falsereject
fr_train_004716,"['hard_refusal', 'helpful_answer']",2,hard_refusal + helpful_answer,benign_sensitive,falsereject
fr_train_004725,"['hard_refusal', 'helpful_answer']",2,hard_refusal + helpful_answer,benign_sensitive,falsereject
fr_train_004728,"['hard_refusal', 'helpful_answer']",2,hard_refusal + helpful_answer,benign_sensitive,falsereject
fr_train_004734,"['hard_refusal', 'helpful_answer']",2,hard_refusal + helpful_answer,benign_sensitive,falsereject
fr_train_004736,"['hard_refusal', 'helpful_answer']",2,hard_refusal + helpful_answer,benign_sensitive,falsereject
fr_train_004741,"['hard_refusal', 'helpful_answer']",2,hard_refusal + helpful_answer,benign_sensitive,falsereject
fr_train_004747,"['hard_refusal', 'helpful_answer']",2,hard_refusal + helpful_answer,benign_sensitive,falsereject
fr_train_004749,"['hard_refusal', 'helpful_answer']",2,hard_refusal + helpful_answer,benign_sensitive,falsereject
fr_train_004750,"['hard_refusal', 'helpful_answer']",2,hard_refusal + helpful_answer,benign_sensitive,falsereject
fr_train_004758,"['hard_refusal', 'helpful_answer']",2,hard_refusal + helpful_answer,benign_sensitive,falsereject
fr_train_004774,"['hard_refusal', 'helpful_answer']",2,hard_refusal + helpful_answer,benign_sensitive,falsereject
fr_train_004780,"['hard_refusal', 'helpful_answer']",2,hard_refusal + helpful_answer,benign_sensitive,falsereject
fr_train_004782,"['hard_refusal', 'helpful_answer']",2,hard_refusal + helpful_answer,benign_sensitive,falsereject
fr_train_004797,"['hard_refusal', 'helpful_answer']",2,hard_refusal + helpful_answer,benign_sensitive,falsereject
fr_train_004799,"['hard_refusal', 'helpful_answer']",2,hard_refusal + helpful_answer,benign_sensitive,falsereject
fr_train_004806,"['hard_refusal', 'helpful_answer']",2,hard_refusal + helpful_answer,benign_sensitive,falsereject
fr_train_004807,"['hard_refusal', 'helpful_answer']",2,hard_refusal + helpful_answer,benign_sensitive,falsereject
fr_train_004810,"['hard_refusal', 'helpful_answer']",2,hard_refusal + helpful_answer,benign_sensitive,falsereject
fr_train_004813,"['hard_refusal', 'helpful_answer']",2,hard_refusal + helpful_answer,benign_sensitive,falsereject
fr_train_004814,"['hard_refusal', 'helpful_answer']",2,hard_refusal + helpful_answer,benign_sensitive,falsereject
fr_train_004822,"['hard_refusal', 'helpful_answer']",2,hard_refusal + helpful_answer,benign_sensitive,falsereject
fr_train_004829,"['hard_refusal', 'helpful_answer']",2,hard_refusal + helpful_answer,benign_sensitive,falsereject
fr_train_004834,"['hard_refusal', 'helpful_answer']",2,hard_refusal + helpful_answer,benign_sensitive,falsereject
fr_train_004837,"['hard_refusal', 'helpful_answer']",2,hard_refusal + helpful_answer,benign_sensitive,falsereject
fr_train_004847,"['hard_refusal', 'helpful_answer']",2,hard_refusal + helpful_answer,benign_sensitive,falsereject
fr_train_004853,"['hard_refusal', 'helpful_answer']",2,hard_refusal + helpful_answer,benign_sensitive,falsereject
fr_train_004866,"['hard_refusal', 'helpful_answer']",2,hard_refusal + helpful_answer,benign_sensitive,falsereject
fr_train_004876,"['hard_refusal', 'helpful_answer']",2,hard_refusal + helpful_answer,benign_sensitive,falsereject
fr_train_004886,"['hard_refusal', 'helpful_answer']",2,hard_refusal + helpful_answer,benign_sensitive,falsereject
fr_train_004890,"['hard_refusal', 'helpful_answer']",2,hard_refusal + helpful_answer,benign_sensitive,falsereject
fr_train_004896,"['hard_refusal', 'helpful_answer']",2,hard_refusal + helpful_answer,benign_sensitive,falsereject
fr_train_004901,"['hard_refusal', 'helpful_answer']",2,hard_refusal + helpful_answer,benign_sensitive,falsereject
fr_train_004902,"['hard_refusal', 'helpful_answer']",2,hard_refusal + helpful_answer,benign_sensitive,falsereject
fr_train_004903,"['hard_refusal', 'helpful_answer']",2,hard_refusal + helpful_answer,benign_sensitive,falsereject
fr_train_004914,"['hard_refusal', 'helpful_answer']",2,hard_refusal + helpful_answer,benign_sensitive,falsereject
fr_train_004917,"['hard_refusal', 'helpful_answer']",2,hard_refusal + helpful_answer,benign_sensitive,falsereject
fr_train_004923,"['hard_refusal', 'helpful_answer']",2,hard_refusal + helpful_answer,benign_sensitive,falsereject
fr_train_004924,"['hard_refusal', 'helpful_answer']",2,hard_refusal + helpful_answer,benign_sensitive,falsereject
fr_train_004927,"['hard_refusal', 'helpful_answer']",2,hard_refusal + helpful_answer,benign_sensitive,falsereject
fr_train_004934,"['hard_refusal', 'helpful_answer']",2,hard_refusal + helpful_answer,benign_sensitive,falsereject
fr_train_004938,"['hard_refusal', 'helpful_answer']",2,hard_refusal + helpful_answer,benign_sensitive,falsereject
fr_train_004939,"['hard_refusal', 'helpful_answer']",2,hard_refusal + helpful_answer,benign_sensitive,falsereject
fr_train_004948,"['hard_refusal', 'helpful_answer']",2,hard_refusal + helpful_answer,benign_sensitive,falsereject
fr_train_004950,"['hard_refusal', 'helpful_answer']",2,hard_refusal + helpful_answer,benign_sensitive,falsereject
fr_train_004959,"['hard_refusal', 'helpful_answer']",2,hard_refusal + helpful_answer,benign_sensitive,falsereject
fr_train_004963,"['hard_refusal', 'helpful_answer']",2,hard_refusal + helpful_answer,benign_sensitive,falsereject
fr_train_004966,"['hard_refusal', 'helpful_answer']",2,hard_refusal + helpful_answer,benign_sensitive,falsereject
fr_train_004971,"['hard_refusal', 'helpful_answer']",2,hard_refusal + helpful_answer,benign_sensitive,falsereject
fr_train_004973,"['hard_refusal', 'helpful_answer']",2,hard_refusal + helpful_answer,benign_sensitive,falsereject
fr_train_004979,"['hard_refusal', 'helpful_answer']",2,hard_refusal + helpful_answer,benign_sensitive,falsereject
fr_train_004984,"['hard_refusal', 'helpful_answer']",2,hard_refusal + helpful_answer,benign_sensitive,falsereject
fr_train_004988,"['hard_refusal', 'helpful_answer']",2,hard_refusal + helpful_answer,benign_sensitive,falsereject
fr_train_004990,"['hard_refusal', 'helpful_answer']",2,hard_refusal + helpful_answer,benign_sensitive,falsereject
fr_train_004994,"['hard_refusal', 'helpful_answer']",2,hard_refusal + helpful_answer,benign_sensitive,falsereject
fr_train_004998,"['hard_refusal', 'helpful_answer']",2,hard_refusal + helpful_answer,benign_sensitive,falsereject
fr_train_005005,"['hard_refusal', 'helpful_answer']",2,hard_refusal + helpful_answer,benign_sensitive,falsereject
fr_train_005007,"['hard_refusal', 'helpful_answer']",2,hard_refusal + helpful_answer,benign_sensitive,falsereject
fr_train_005008,"['hard_refusal', 'helpful_answer']",2,hard_refusal + helpful_answer,benign_sensitive,falsereject
fr_train_005020,"['hard_refusal', 'helpful_answer']",2,hard_refusal + helpful_answer,benign_sensitive,falsereject
fr_train_005021,"['hard_refusal', 'helpful_answer']",2,hard_refusal + helpful_answer,benign_sensitive,falsereject
fr_train_005026,"['hard_refusal', 'helpful_answer']",2,hard_refusal + helpful_answer,benign_sensitive,falsereject
fr_train_005038,"['hard_refusal', 'helpful_answer']",2,hard_refusal + helpful_answer,benign_sensitive,falsereject
fr_train_005040,"['hard_refusal', 'helpful_answer']",2,hard_refusal + helpful_answer,benign_sensitive,falsereject
fr_train_005047,"['hard_refusal', 'helpful_answer']",2,hard_refusal + helpful_answer,benign_sensitive,falsereject
fr_train_005049,"['hard_refusal', 'helpful_answer']",2,hard_refusal + helpful_answer,benign_sensitive,falsereject
fr_train_005059,"['hard_refusal', 'helpful_answer']",2,hard_refusal + helpful_answer,benign_sensitive,falsereject
fr_train_005068,"['hard_refusal', 'helpful_answer']",2,hard_refusal + helpful_answer,benign_sensitive,falsereject
fr_train_005076,"['hard_refusal', 'helpful_answer']",2,hard_refusal + helpful_answer,benign_sensitive,falsereject
fr_train_005078,"['hard_refusal', 'helpful_answer']",2,hard_refusal + helpful_answer,benign_sensitive,falsereject
fr_train_005079,"['hard_refusal', 'helpful_answer']",2,hard_refusal + helpful_answer,benign_sensitive,falsereject
fr_train_005087,"['hard_refusal', 'helpful_answer']",2,hard_refusal + helpful_answer,benign_sensitive,falsereject
fr_train_005098,"['hard_refusal', 'helpful_answer']",2,hard_refusal + helpful_answer,benign_sensitive,falsereject
fr_train_005100,"['hard_refusal', 'helpful_answer']",2,hard_refusal + helpful_answer,benign_sensitive,falsereject
fr_train_005101,"['hard_refusal', 'helpful_answer']",2,hard_refusal + helpful_answer,benign_sensitive,falsereject
fr_train_005102,"['hard_refusal', 'helpful_answer']",2,hard_refusal + helpful_answer,benign_sensitive,falsereject
fr_train_005106,"['hard_refusal', 'helpful_answer']",2,hard_refusal + helpful_answer,benign_sensitive,falsereject
fr_train_005107,"['hard_refusal', 'helpful_answer']",2,hard_refusal + helpful_answer,benign_sensitive,falsereject
fr_train_005127,"['hard_refusal', 'helpful_answer']",2,hard_refusal + helpful_answer,benign_sensitive,falsereject
fr_train_005129,"['hard_refusal', 'helpful_answer']",2,hard_refusal + helpful_answer,benign_sensitive,falsereject
fr_train_005137,"['hard_refusal', 'helpful_answer']",2,hard_refusal + helpful_answer,benign_sensitive,falsereject
fr_train_005138,"['hard_refusal', 'helpful_answer']",2,hard_refusal + helpful_answer,benign_sensitive,falsereject
fr_train_005144,"['hard_refusal', 'helpful_answer']",2,hard_refusal + helpful_answer,benign_sensitive,falsereject
fr_train_005147,"['hard_refusal', 'helpful_answer']",2,hard_refusal + helpful_answer,benign_sensitive,falsereject
fr_train_005151,"['hard_refusal', 'helpful_answer']",2,hard_refusal + helpful_answer,benign_sensitive,falsereject
fr_train_005154,"['hard_refusal', 'helpful_answer']",2,hard_refusal + helpful_answer,benign_sensitive,falsereject
fr_train_005157,"['hard_refusal', 'helpful_answer']",2,hard_refusal + helpful_answer,benign_sensitive,falsereject
fr_train_005163,"['hard_refusal', 'helpful_answer']",2,hard_refusal + helpful_answer,benign_sensitive,falsereject
fr_train_005164,"['hard_refusal', 'helpful_answer']",2,hard_refusal + helpful_answer,benign_sensitive,falsereject
fr_train_005170,"['hard_refusal', 'helpful_answer']",2,hard_refusal + helpful_answer,benign_sensitive,falsereject
fr_train_005173,"['hard_refusal', 'helpful_answer']",2,hard_refusal + helpful_answer,benign_sensitive,falsereject
fr_train_005175,"['hard_refusal', 'helpful_answer']",2,hard_refusal + helpful_answer,benign_sensitive,falsereject
fr_train_005177,"['hard_refusal', 'helpful_answer']",2,hard_refusal + helpful_answer,benign_sensitive,falsereject
fr_train_005185,"['hard_refusal', 'helpful_answer']",2,hard_refusal + helpful_answer,benign_sensitive,falsereject
fr_train_005188,"['hard_refusal', 'helpful_answer']",2,hard_refusal + helpful_answer,benign_sensitive,falsereject
fr_train_005194,"['hard_refusal', 'helpful_answer']",2,hard_refusal + helpful_answer,benign_sensitive,falsereject
fr_train_005201,"['hard_refusal', 'helpful_answer']",2,hard_refusal + helpful_answer,benign_sensitive,falsereject
fr_train_005217,"['hard_refusal', 'helpful_answer']",2,hard_refusal + helpful_answer,benign_sensitive,falsereject
fr_train_005220,"['hard_refusal', 'helpful_answer']",2,hard_refusal + helpful_answer,benign_sensitive,falsereject
fr_train_005221,"['hard_refusal', 'helpful_answer']",2,hard_refusal + helpful_answer,benign_sensitive,falsereject
fr_train_005231,"['hard_refusal', 'helpful_answer']",2,hard_refusal + helpful_answer,benign_sensitive,falsereject
fr_train_005233,"['hard_refusal', 'helpful_answer']",2,hard_refusal + helpful_answer,benign_sensitive,falsereject
fr_train_005234,"['hard_refusal', 'helpful_answer']",2,hard_refusal + helpful_answer,benign_sensitive,falsereject
fr_train_005235,"['hard_refusal', 'helpful_answer']",2,hard_refusal + helpful_answer,benign_sensitive,falsereject
fr_train_005238,"['hard_refusal', 'helpful_answer']",2,hard_refusal + helpful_answer,benign_sensitive,falsereject
fr_train_005253,"['hard_refusal', 'helpful_answer']",2,hard_refusal + helpful_answer,benign_sensitive,falsereject
fr_train_005254,"['hard_refusal', 'helpful_answer']",2,hard_refusal + helpful_answer,benign_sensitive,falsereject
fr_train_005256,"['hard_refusal', 'helpful_answer']",2,hard_refusal + helpful_answer,benign_sensitive,falsereject
fr_train_005260,"['hard_refusal', 'helpful_answer']",2,hard_refusal + helpful_answer,benign_sensitive,falsereject
fr_train_005263,"['hard_refusal', 'helpful_answer']",2,hard_refusal + helpful_answer,benign_sensitive,falsereject
fr_train_005264,"['hard_refusal', 'helpful_answer']",2,hard_refusal + helpful_answer,benign_sensitive,falsereject
fr_train_005270,"['hard_refusal', 'helpful_answer']",2,hard_refusal + helpful_answer,benign_sensitive,falsereject
fr_train_005275,"['hard_refusal', 'helpful_answer']",2,hard_refusal + helpful_answer,benign_sensitive,falsereject
fr_train_005297,"['hard_refusal', 'helpful_answer']",2,hard_refusal + helpful_answer,benign_sensitive,falsereject
fr_train_005298,"['hard_refusal', 'helpful_answer']",2,hard_refusal + helpful_answer,benign_sensitive,falsereject
fr_train_005301,"['hard_refusal', 'helpful_answer']",2,hard_refusal + helpful_answer,benign_sensitive,falsereject
fr_train_005310,"['hard_refusal', 'helpful_answer']",2,hard_refusal + helpful_answer,benign_sensitive,falsereject
fr_train_005315,"['hard_refusal', 'helpful_answer']",2,hard_refusal + helpful_answer,benign_sensitive,falsereject
fr_train_005318,"['hard_refusal', 'helpful_answer']",2,hard_refusal + helpful_answer,benign_sensitive,falsereject
fr_train_005321,"['hard_refusal', 'helpful_answer']",2,hard_refusal + helpful_answer,benign_sensitive,falsereject
fr_train_005327,"['hard_refusal', 'helpful_answer']",2,hard_refusal + helpful_answer,benign_sensitive,falsereject
fr_train_005330,"['hard_refusal', 'helpful_answer']",2,hard_refusal + helpful_answer,benign_sensitive,falsereject
fr_train_005333,"['hard_refusal', 'helpful_answer']",2,hard_refusal + helpful_answer,benign_sensitive,falsereject
fr_train_005335,"['hard_refusal', 'helpful_answer']",2,hard_refusal + helpful_answer,benign_sensitive,falsereject
fr_train_005344,"['hard_refusal', 'helpful_answer']",2,hard_refusal + helpful_answer,benign_sensitive,falsereject
fr_train_005359,"['hard_refusal', 'helpful_answer']",2,hard_refusal + helpful_answer,benign_sensitive,falsereject
fr_train_005363,"['hard_refusal', 'helpful_answer']",2,hard_refusal + helpful_answer,benign_sensitive,falsereject
fr_train_005366,"['hard_refusal', 'helpful_answer']",2,hard_refusal + helpful_answer,benign_sensitive,falsereject
fr_train_005374,"['hard_refusal', 'helpful_answer']",2,hard_refusal + helpful_answer,benign_sensitive,falsereject
fr_train_005375,"['hard_refusal', 'helpful_answer']",2,hard_refusal + helpful_answer,benign_sensitive,falsereject
fr_train_005376,"['hard_refusal', 'helpful_answer']",2,hard_refusal + helpful_answer,benign_sensitive,falsereject
fr_train_005377,"['hard_refusal', 'helpful_answer']",2,hard_refusal + helpful_answer,benign_sensitive,falsereject
fr_train_005379,"['hard_refusal', 'helpful_answer']",2,hard_refusal + helpful_answer,benign_sensitive,falsereject
fr_train_005382,"['hard_refusal', 'helpful_answer']",2,hard_refusal + helpful_answer,benign_sensitive,falsereject
fr_train_005389,"['hard_refusal', 'helpful_answer']",2,hard_refusal + helpful_answer,benign_sensitive,falsereject
fr_train_005407,"['hard_refusal', 'helpful_answer']",2,hard_refusal + helpful_answer,benign_sensitive,falsereject
fr_train_005416,"['hard_refusal', 'helpful_answer']",2,hard_refusal + helpful_answer,benign_sensitive,falsereject
fr_train_005421,"['hard_refusal', 'helpful_answer']",2,hard_refusal + helpful_answer,benign_sensitive,falsereject
fr_train_005428,"['hard_refusal', 'helpful_answer']",2,hard_refusal + helpful_answer,benign_sensitive,falsereject
fr_train_005430,"['hard_refusal', 'helpful_answer']",2,hard_refusal + helpful_answer,benign_sensitive,falsereject
fr_train_005433,"['hard_refusal', 'helpful_answer']",2,hard_refusal + helpful_answer,benign_sensitive,falsereject
fr_train_005436,"['hard_refusal', 'helpful_answer']",2,hard_refusal + helpful_answer,benign_sensitive,falsereject
fr_train_005438,"['hard_refusal', 'helpful_answer']",2,hard_refusal + helpful_answer,benign_sensitive,falsereject
fr_train_005447,"['hard_refusal', 'helpful_answer']",2,hard_refusal + helpful_answer,benign_sensitive,falsereject
fr_train_005449,"['hard_refusal', 'helpful_answer']",2,hard_refusal + helpful_answer,benign_sensitive,falsereject
fr_train_005454,"['hard_refusal', 'helpful_answer']",2,hard_refusal + helpful_answer,benign_sensitive,falsereject
fr_train_005455,"['hard_refusal', 'helpful_answer']",2,hard_refusal + helpful_answer,benign_sensitive,falsereject
fr_train_005476,"['hard_refusal', 'helpful_answer']",2,hard_refusal + helpful_answer,benign_sensitive,falsereject
fr_train_005479,"['hard_refusal', 'helpful_answer']",2,hard_refusal + helpful_answer,benign_sensitive,falsereject
fr_train_005481,"['hard_refusal', 'helpful_answer']",2,hard_refusal + helpful_answer,benign_sensitive,falsereject
fr_train_005482,"['hard_refusal', 'helpful_answer']",2,hard_refusal + helpful_answer,benign_sensitive,falsereject
fr_train_005488,"['hard_refusal', 'helpful_answer']",2,hard_refusal + helpful_answer,benign_sensitive,falsereject
fr_train_005489,"['hard_refusal', 'helpful_answer']",2,hard_refusal + helpful_answer,benign_sensitive,falsereject
fr_train_005491,"['hard_refusal', 'helpful_answer']",2,hard_refusal + helpful_answer,benign_sensitive,falsereject
fr_train_005494,"['hard_refusal', 'helpful_answer']",2,hard_refusal + helpful_answer,benign_sensitive,falsereject
fr_train_005497,"['hard_refusal', 'helpful_answer']",2,hard_refusal + helpful_answer,benign_sensitive,falsereject
fr_train_005506,"['hard_refusal', 'helpful_answer']",2,hard_refusal + helpful_answer,benign_sensitive,falsereject
fr_train_005517,"['hard_refusal', 'helpful_answer']",2,hard_refusal + helpful_answer,benign_sensitive,falsereject
fr_train_005522,"['hard_refusal', 'helpful_answer']",2,hard_refusal + helpful_answer,benign_sensitive,falsereject
fr_train_005523,"['hard_refusal', 'helpful_answer']",2,hard_refusal + helpful_answer,benign_sensitive,falsereject
fr_train_005524,"['hard_refusal', 'helpful_answer']",2,hard_refusal + helpful_answer,benign_sensitive,falsereject
fr_train_005530,"['hard_refusal', 'helpful_answer']",2,hard_refusal + helpful_answer,benign_sensitive,falsereject
fr_train_005533,"['hard_refusal', 'helpful_answer']",2,hard_refusal + helpful_answer,benign_sensitive,falsereject
fr_train_005537,"['hard_refusal', 'helpful_answer']",2,hard_refusal + helpful_answer,benign_sensitive,falsereject
fr_train_005543,"['hard_refusal', 'helpful_answer']",2,hard_refusal + helpful_answer,benign_sensitive,falsereject
fr_train_005547,"['hard_refusal', 'helpful_answer']",2,hard_refusal + helpful_answer,benign_sensitive,falsereject
fr_train_005550,"['hard_refusal', 'helpful_answer']",2,hard_refusal + helpful_answer,benign_sensitive,falsereject
fr_train_005551,"['hard_refusal', 'helpful_answer']",2,hard_refusal + helpful_answer,benign_sensitive,falsereject
fr_train_005554,"['hard_refusal', 'helpful_answer']",2,hard_refusal + helpful_answer,benign_sensitive,falsereject
fr_train_005560,"['hard_refusal', 'helpful_answer']",2,hard_refusal + helpful_answer,benign_sensitive,falsereject
fr_train_005561,"['hard_refusal', 'helpful_answer']",2,hard_refusal + helpful_answer,benign_sensitive,falsereject
fr_train_005562,"['hard_refusal', 'helpful_answer']",2,hard_refusal + helpful_answer,benign_sensitive,falsereject
fr_train_005564,"['hard_refusal', 'helpful_answer']",2,hard_refusal + helpful_answer,benign_sensitive,falsereject
fr_train_005565,"['hard_refusal', 'helpful_answer']",2,hard_refusal + helpful_answer,benign_sensitive,falsereject
fr_train_005568,"['hard_refusal', 'helpful_answer']",2,hard_refusal + helpful_answer,benign_sensitive,falsereject
fr_train_005570,"['hard_refusal', 'helpful_answer']",2,hard_refusal + helpful_answer,benign_sensitive,falsereject
fr_train_005572,"['hard_refusal', 'helpful_answer']",2,hard_refusal + helpful_answer,benign_sensitive,falsereject
fr_train_005575,"['hard_refusal', 'helpful_answer']",2,hard_refusal + helpful_answer,benign_sensitive,falsereject
fr_train_005580,"['hard_refusal', 'helpful_answer']",2,hard_refusal + helpful_answer,benign_sensitive,falsereject
fr_train_005587,"['hard_refusal', 'helpful_answer']",2,hard_refusal + helpful_answer,benign_sensitive,falsereject
fr_train_005591,"['hard_refusal', 'helpful_answer']",2,hard_refusal + helpful_answer,benign_sensitive,falsereject
fr_train_005602,"['hard_refusal', 'helpful_answer']",2,hard_refusal + helpful_answer,benign_sensitive,falsereject
fr_train_005603,"['hard_refusal', 'helpful_answer']",2,hard_refusal + helpful_answer,benign_sensitive,falsereject
fr_train_005608,"['hard_refusal', 'helpful_answer']",2,hard_refusal + helpful_answer,benign_sensitive,falsereject
fr_train_005616,"['hard_refusal', 'helpful_answer']",2,hard_refusal + helpful_answer,benign_sensitive,falsereject
fr_train_005619,"['hard_refusal', 'helpful_answer']",2,hard_refusal + helpful_answer,benign_sensitive,falsereject
fr_train_005621,"['hard_refusal', 'helpful_answer']",2,hard_refusal + helpful_answer,benign_sensitive,falsereject
fr_train_005622,"['hard_refusal', 'helpful_answer']",2,hard_refusal + helpful_answer,benign_sensitive,falsereject
fr_train_005630,"['hard_refusal', 'helpful_answer']",2,hard_refusal + helpful_answer,benign_sensitive,falsereject
fr_train_005635,"['hard_refusal', 'helpful_answer']",2,hard_refusal + helpful_answer,benign_sensitive,falsereject
fr_train_005646,"['hard_refusal', 'helpful_answer']",2,hard_refusal + helpful_answer,benign_sensitive,falsereject
fr_train_005661,"['hard_refusal', 'helpful_answer']",2,hard_refusal + helpful_answer,benign_sensitive,falsereject
fr_train_005670,"['hard_refusal', 'helpful_answer']",2,hard_refusal + helpful_answer,benign_sensitive,falsereject
fr_train_005679,"['hard_refusal', 'helpful_answer']",2,hard_refusal + helpful_answer,benign_sensitive,falsereject
fr_train_005682,"['hard_refusal', 'helpful_answer']",2,hard_refusal + helpful_answer,benign_sensitive,falsereject
fr_train_005688,"['hard_refusal', 'helpful_answer']",2,hard_refusal + helpful_answer,benign_sensitive,falsereject
fr_train_005702,"['hard_refusal', 'helpful_answer']",2,hard_refusal + helpful_answer,benign_sensitive,falsereject
fr_train_005748,"['hard_refusal', 'helpful_answer']",2,hard_refusal + helpful_answer,benign_sensitive,falsereject
fr_train_005752,"['hard_refusal', 'helpful_answer']",2,hard_refusal + helpful_answer,benign_sensitive,falsereject
fr_train_005769,"['hard_refusal', 'helpful_answer']",2,hard_refusal + helpful_answer,benign_sensitive,falsereject
fr_train_005770,"['hard_refusal', 'helpful_answer']",2,hard_refusal + helpful_answer,benign_sensitive,falsereject
fr_train_005776,"['hard_refusal', 'helpful_answer']",2,hard_refusal + helpful_answer,benign_sensitive,falsereject
fr_train_005789,"['hard_refusal', 'helpful_answer']",2,hard_refusal + helpful_answer,benign_sensitive,falsereject
fr_train_005795,"['hard_refusal', 'helpful_answer']",2,hard_refusal + helpful_answer,benign_sensitive,falsereject
fr_train_005797,"['hard_refusal', 'helpful_answer']",2,hard_refusal + helpful_answer,benign_sensitive,falsereject
fr_train_005801,"['hard_refusal', 'helpful_answer']",2,hard_refusal + helpful_answer,benign_sensitive,falsereject
fr_train_005807,"['hard_refusal', 'helpful_answer']",2,hard_refusal + helpful_answer,benign_sensitive,falsereject
fr_train_005817,"['hard_refusal', 'helpful_answer']",2,hard_refusal + helpful_answer,benign_sensitive,falsereject
fr_train_005826,"['hard_refusal', 'helpful_answer']",2,hard_refusal + helpful_answer,benign_sensitive,falsereject
fr_train_005856,"['hard_refusal', 'helpful_answer']",2,hard_refusal + helpful_answer,benign_sensitive,falsereject
fr_train_005871,"['hard_refusal', 'helpful_answer']",2,hard_refusal + helpful_answer,benign_sensitive,falsereject
fr_train_005872,"['hard_refusal', 'helpful_answer']",2,hard_refusal + helpful_answer,benign_sensitive,falsereject
fr_train_005900,"['hard_refusal', 'helpful_answer']",2,hard_refusal + helpful_answer,benign_sensitive,falsereject
fr_train_005901,"['hard_refusal', 'helpful_answer']",2,hard_refusal + helpful_answer,benign_sensitive,falsereject
fr_train_005924,"['hard_refusal', 'helpful_answer']",2,hard_refusal + helpful_answer,benign_sensitive,falsereject
fr_train_005926,"['hard_refusal', 'helpful_answer']",2,hard_refusal + helpful_answer,benign_sensitive,falsereject
fr_train_005934,"['hard_refusal', 'helpful_answer']",2,hard_refusal + helpful_answer,benign_sensitive,falsereject
fr_train_005946,"['hard_refusal', 'helpful_answer']",2,hard_refusal + helpful_answer,benign_sensitive,falsereject
fr_train_005947,"['hard_refusal', 'helpful_answer']",2,hard_refusal + helpful_answer,benign_sensitive,falsereject
fr_train_005955,"['hard_refusal', 'helpful_answer']",2,hard_refusal + helpful_answer,benign_sensitive,falsereject
fr_train_005960,"['hard_refusal', 'helpful_answer']",2,hard_refusal + helpful_answer,benign_sensitive,falsereject
fr_train_005963,"['hard_refusal', 'helpful_answer']",2,hard_refusal + helpful_answer,benign_sensitive,falsereject
fr_train_005974,"['hard_refusal', 'helpful_answer']",2,hard_refusal + helpful_answer,benign_sensitive,falsereject
fr_train_005983,"['hard_refusal', 'helpful_answer']",2,hard_refusal + helpful_answer,benign_sensitive,falsereject
fr_train_006005,"['hard_refusal', 'helpful_answer']",2,hard_refusal + helpful_answer,benign_sensitive,falsereject
fr_train_006010,"['hard_refusal', 'helpful_answer']",2,hard_refusal + helpful_answer,benign_sensitive,falsereject
fr_train_006013,"['hard_refusal', 'helpful_answer']",2,hard_refusal + helpful_answer,benign_sensitive,falsereject
fr_train_006016,"['hard_refusal', 'helpful_answer']",2,hard_refusal + helpful_answer,benign_sensitive,falsereject
fr_train_006022,"['hard_refusal', 'helpful_answer']",2,hard_refusal + helpful_answer,benign_sensitive,falsereject
fr_train_006024,"['hard_refusal', 'helpful_answer']",2,hard_refusal + helpful_answer,benign_sensitive,falsereject
fr_train_006025,"['hard_refusal', 'helpful_answer']",2,hard_refusal + helpful_answer,benign_sensitive,falsereject
fr_train_006030,"['hard_refusal', 'helpful_answer']",2,hard_refusal + helpful_answer,benign_sensitive,falsereject
fr_train_006056,"['hard_refusal', 'helpful_answer']",2,hard_refusal + helpful_answer,benign_sensitive,falsereject
fr_train_006066,"['hard_refusal', 'helpful_answer']",2,hard_refusal + helpful_answer,benign_sensitive,falsereject
fr_train_006084,"['hard_refusal', 'helpful_answer']",2,hard_refusal + helpful_answer,benign_sensitive,falsereject
fr_train_006086,"['hard_refusal', 'helpful_answer']",2,hard_refusal + helpful_answer,benign_sensitive,falsereject
fr_train_006090,"['hard_refusal', 'helpful_answer']",2,hard_refusal + helpful_answer,benign_sensitive,falsereject
fr_train_006105,"['hard_refusal', 'helpful_answer']",2,hard_refusal + helpful_answer,benign_sensitive,falsereject
fr_train_006110,"['hard_refusal', 'helpful_answer']",2,hard_refusal + helpful_answer,benign_sensitive,falsereject
fr_train_006122,"['hard_refusal', 'helpful_answer']",2,hard_refusal + helpful_answer,benign_sensitive,falsereject
fr_train_006126,"['hard_refusal', 'helpful_answer']",2,hard_refusal + helpful_answer,benign_sensitive,falsereject
fr_train_006132,"['hard_refusal', 'helpful_answer']",2,hard_refusal + helpful_answer,benign_sensitive,falsereject
fr_train_006144,"['hard_refusal', 'helpful_answer']",2,hard_refusal + helpful_answer,benign_sensitive,falsereject
fr_train_006145,"['hard_refusal', 'helpful_answer']",2,hard_refusal + helpful_answer,benign_sensitive,falsereject
fr_train_006155,"['hard_refusal', 'helpful_answer']",2,hard_refusal + helpful_answer,benign_sensitive,falsereject
fr_train_006165,"['hard_refusal', 'helpful_answer']",2,hard_refusal + helpful_answer,benign_sensitive,falsereject
fr_train_006169,"['hard_refusal', 'helpful_answer']",2,hard_refusal + helpful_answer,benign_sensitive,falsereject
fr_train_006171,"['hard_refusal', 'helpful_answer']",2,hard_refusal + helpful_answer,benign_sensitive,falsereject
fr_train_006182,"['hard_refusal', 'helpful_answer']",2,hard_refusal + helpful_answer,benign_sensitive,falsereject
fr_train_006186,"['hard_refusal', 'helpful_answer']",2,hard_refusal + helpful_answer,benign_sensitive,falsereject
fr_train_006192,"['hard_refusal', 'helpful_answer']",2,hard_refusal + helpful_answer,benign_sensitive,falsereject
fr_train_006199,"['hard_refusal', 'helpful_answer']",2,hard_refusal + helpful_answer,benign_sensitive,falsereject
fr_train_006204,"['hard_refusal', 'helpful_answer']",2,hard_refusal + helpful_answer,benign_sensitive,falsereject
fr_train_006214,"['hard_refusal', 'helpful_answer']",2,hard_refusal + helpful_answer,benign_sensitive,falsereject
fr_train_006218,"['hard_refusal', 'helpful_answer']",2,hard_refusal + helpful_answer,benign_sensitive,falsereject
fr_train_006220,"['hard_refusal', 'helpful_answer']",2,hard_refusal + helpful_answer,benign_sensitive,falsereject
fr_train_006232,"['hard_refusal', 'helpful_answer']",2,hard_refusal + helpful_answer,benign_sensitive,falsereject
fr_train_006238,"['hard_refusal', 'helpful_answer']",2,hard_refusal + helpful_answer,benign_sensitive,falsereject
fr_train_006244,"['hard_refusal', 'helpful_answer']",2,hard_refusal + helpful_answer,benign_sensitive,falsereject
fr_train_006253,"['hard_refusal', 'helpful_answer']",2,hard_refusal + helpful_answer,benign_sensitive,falsereject
fr_train_006259,"['hard_refusal', 'helpful_answer']",2,hard_refusal + helpful_answer,benign_sensitive,falsereject
fr_train_006262,"['hard_refusal', 'helpful_answer']",2,hard_refusal + helpful_answer,benign_sensitive,falsereject
fr_train_006266,"['hard_refusal', 'helpful_answer']",2,hard_refusal + helpful_answer,benign_sensitive,falsereject
fr_train_006267,"['hard_refusal', 'helpful_answer']",2,hard_refusal + helpful_answer,benign_sensitive,falsereject
fr_train_006271,"['hard_refusal', 'helpful_answer']",2,hard_refusal + helpful_answer,benign_sensitive,falsereject
fr_train_006273,"['hard_refusal', 'helpful_answer']",2,hard_refusal + helpful_answer,benign_sensitive,falsereject
fr_train_006274,"['hard_refusal', 'helpful_answer']",2,hard_refusal + helpful_answer,benign_sensitive,falsereject
fr_train_006288,"['hard_refusal', 'helpful_answer']",2,hard_refusal + helpful_answer,benign_sensitive,falsereject
fr_train_006296,"['hard_refusal', 'helpful_answer']",2,hard_refusal + helpful_answer,benign_sensitive,falsereject
fr_train_006298,"['hard_refusal', 'helpful_answer']",2,hard_refusal + helpful_answer,benign_sensitive,falsereject
fr_train_006322,"['hard_refusal', 'helpful_answer']",2,hard_refusal + helpful_answer,benign_sensitive,falsereject
fr_train_006324,"['hard_refusal', 'helpful_answer']",2,hard_refusal + helpful_answer,benign_sensitive,falsereject
fr_train_006334,"['hard_refusal', 'helpful_answer']",2,hard_refusal + helpful_answer,benign_sensitive,falsereject
fr_train_006339,"['hard_refusal', 'helpful_answer']",2,hard_refusal + helpful_answer,benign_sensitive,falsereject
fr_train_006340,"['hard_refusal', 'helpful_answer']",2,hard_refusal + helpful_answer,benign_sensitive,falsereject
fr_train_006349,"['hard_refusal', 'helpful_answer']",2,hard_refusal + helpful_answer,benign_sensitive,falsereject
fr_train_006357,"['hard_refusal', 'helpful_answer']",2,hard_refusal + helpful_answer,benign_sensitive,falsereject
fr_train_006364,"['hard_refusal', 'helpful_answer']",2,hard_refusal + helpful_answer,benign_sensitive,falsereject
fr_train_006366,"['hard_refusal', 'helpful_answer']",2,hard_refusal + helpful_answer,benign_sensitive,falsereject
fr_train_006374,"['hard_refusal', 'helpful_answer']",2,hard_refusal + helpful_answer,benign_sensitive,falsereject
fr_train_006379,"['hard_refusal', 'helpful_answer']",2,hard_refusal + helpful_answer,benign_sensitive,falsereject
fr_train_006384,"['hard_refusal', 'helpful_answer']",2,hard_refusal + helpful_answer,benign_sensitive,falsereject
fr_train_006396,"['hard_refusal', 'helpful_answer']",2,hard_refusal + helpful_answer,benign_sensitive,falsereject
fr_train_006401,"['hard_refusal', 'helpful_answer']",2,hard_refusal + helpful_answer,benign_sensitive,falsereject
fr_train_006409,"['hard_refusal', 'helpful_answer']",2,hard_refusal + helpful_answer,benign_sensitive,falsereject
fr_train_006415,"['hard_refusal', 'helpful_answer']",2,hard_refusal + helpful_answer,benign_sensitive,falsereject
fr_train_006420,"['hard_refusal', 'helpful_answer']",2,hard_refusal + helpful_answer,benign_sensitive,falsereject
fr_train_006424,"['hard_refusal', 'helpful_answer']",2,hard_refusal + helpful_answer,benign_sensitive,falsereject
fr_train_006426,"['hard_refusal', 'helpful_answer']",2,hard_refusal + helpful_answer,benign_sensitive,falsereject
fr_train_006434,"['hard_refusal', 'helpful_answer']",2,hard_refusal + helpful_answer,benign_sensitive,falsereject
fr_train_006435,"['hard_refusal', 'helpful_answer']",2,hard_refusal + helpful_answer,benign_sensitive,falsereject
fr_train_006457,"['hard_refusal', 'helpful_answer']",2,hard_refusal + helpful_answer,benign_sensitive,falsereject
fr_train_006459,"['hard_refusal', 'helpful_answer']",2,hard_refusal + helpful_answer,benign_sensitive,falsereject
fr_train_006471,"['hard_refusal', 'helpful_answer']",2,hard_refusal + helpful_answer,benign_sensitive,falsereject
fr_train_006503,"['hard_refusal', 'helpful_answer']",2,hard_refusal + helpful_answer,benign_sensitive,falsereject
fr_train_006549,"['hard_refusal', 'helpful_answer']",2,hard_refusal + helpful_answer,benign_sensitive,falsereject
fr_train_006559,"['hard_refusal', 'helpful_answer']",2,hard_refusal + helpful_answer,benign_sensitive,falsereject
fr_train_006561,"['hard_refusal', 'helpful_answer']",2,hard_refusal + helpful_answer,benign_sensitive,falsereject
fr_train_006600,"['hard_refusal', 'helpful_answer']",2,hard_refusal + helpful_answer,benign_sensitive,falsereject
fr_train_006602,"['hard_refusal', 'helpful_answer']",2,hard_refusal + helpful_answer,benign_sensitive,falsereject
fr_train_006610,"['hard_refusal', 'helpful_answer']",2,hard_refusal + helpful_answer,benign_sensitive,falsereject
fr_train_006613,"['hard_refusal', 'helpful_answer']",2,hard_refusal + helpful_answer,benign_sensitive,falsereject
fr_train_006620,"['hard_refusal', 'helpful_answer']",2,hard_refusal + helpful_answer,benign_sensitive,falsereject
fr_train_006625,"['hard_refusal', 'helpful_answer']",2,hard_refusal + helpful_answer,benign_sensitive,falsereject
fr_train_006626,"['hard_refusal', 'helpful_answer']",2,hard_refusal + helpful_answer,benign_sensitive,falsereject
fr_train_006639,"['hard_refusal', 'helpful_answer']",2,hard_refusal + helpful_answer,benign_sensitive,falsereject
fr_train_006654,"['hard_refusal', 'helpful_answer']",2,hard_refusal + helpful_answer,benign_sensitive,falsereject
fr_train_006668,"['hard_refusal', 'helpful_answer']",2,hard_refusal + helpful_answer,benign_sensitive,falsereject
fr_train_006675,"['hard_refusal', 'helpful_answer']",2,hard_refusal + helpful_answer,benign_sensitive,falsereject
fr_train_006683,"['hard_refusal', 'helpful_answer']",2,hard_refusal + helpful_answer,benign_sensitive,falsereject
fr_train_006686,"['hard_refusal', 'helpful_answer']",2,hard_refusal + helpful_answer,benign_sensitive,falsereject
fr_train_006695,"['hard_refusal', 'helpful_answer']",2,hard_refusal + helpful_answer,benign_sensitive,falsereject
fr_train_006701,"['hard_refusal', 'helpful_answer']",2,hard_refusal + helpful_answer,benign_sensitive,falsereject
fr_train_006714,"['hard_refusal', 'helpful_answer']",2,hard_refusal + helpful_answer,benign_sensitive,falsereject
fr_train_006719,"['hard_refusal', 'helpful_answer']",2,hard_refusal + helpful_answer,benign_sensitive,falsereject
fr_train_006720,"['hard_refusal', 'helpful_answer']",2,hard_refusal + helpful_answer,benign_sensitive,falsereject
fr_train_006722,"['hard_refusal', 'helpful_answer']",2,hard_refusal + helpful_answer,benign_sensitive,falsereject
fr_train_006724,"['hard_refusal', 'helpful_answer']",2,hard_refusal + helpful_answer,benign_sensitive,falsereject
fr_train_006733,"['hard_refusal', 'helpful_answer']",2,hard_refusal + helpful_answer,benign_sensitive,falsereject
fr_train_006742,"['hard_refusal', 'helpful_answer']",2,hard_refusal + helpful_answer,benign_sensitive,falsereject
fr_train_006754,"['hard_refusal', 'helpful_answer']",2,hard_refusal + helpful_answer,benign_sensitive,falsereject
fr_train_006755,"['hard_refusal', 'helpful_answer']",2,hard_refusal + helpful_answer,benign_sensitive,falsereject
fr_train_006757,"['hard_refusal', 'helpful_answer']",2,hard_refusal + helpful_answer,benign_sensitive,falsereject
fr_train_006763,"['hard_refusal', 'helpful_answer']",2,hard_refusal + helpful_answer,benign_sensitive,falsereject
fr_train_006778,"['hard_refusal', 'helpful_answer']",2,hard_refusal + helpful_answer,benign_sensitive,falsereject
fr_train_006780,"['hard_refusal', 'helpful_answer']",2,hard_refusal + helpful_answer,benign_sensitive,falsereject
fr_train_006802,"['hard_refusal', 'helpful_answer']",2,hard_refusal + helpful_answer,benign_sensitive,falsereject
fr_train_006805,"['hard_refusal', 'helpful_answer']",2,hard_refusal + helpful_answer,benign_sensitive,falsereject
fr_train_006806,"['hard_refusal', 'helpful_answer']",2,hard_refusal + helpful_answer,benign_sensitive,falsereject
fr_train_006828,"['hard_refusal', 'helpful_answer']",2,hard_refusal + helpful_answer,benign_sensitive,falsereject
fr_train_006829,"['hard_refusal', 'helpful_answer']",2,hard_refusal + helpful_answer,benign_sensitive,falsereject
fr_train_006832,"['hard_refusal', 'helpful_answer']",2,hard_refusal + helpful_answer,benign_sensitive,falsereject
fr_train_006852,"['hard_refusal', 'helpful_answer']",2,hard_refusal + helpful_answer,benign_sensitive,falsereject
fr_train_006862,"['hard_refusal', 'helpful_answer']",2,hard_refusal + helpful_answer,benign_sensitive,falsereject
fr_train_006877,"['hard_refusal', 'helpful_answer']",2,hard_refusal + helpful_answer,benign_sensitive,falsereject
fr_train_006884,"['hard_refusal', 'helpful_answer']",2,hard_refusal + helpful_answer,benign_sensitive,falsereject
fr_train_006885,"['hard_refusal', 'helpful_answer']",2,hard_refusal + helpful_answer,benign_sensitive,falsereject
fr_train_006890,"['hard_refusal', 'helpful_answer']",2,hard_refusal + helpful_answer,benign_sensitive,falsereject
fr_train_006893,"['hard_refusal', 'helpful_answer']",2,hard_refusal + helpful_answer,benign_sensitive,falsereject
fr_train_006894,"['hard_refusal', 'helpful_answer']",2,hard_refusal + helpful_answer,benign_sensitive,falsereject
fr_train_006903,"['hard_refusal', 'helpful_answer']",2,hard_refusal + helpful_answer,benign_sensitive,falsereject
fr_train_006909,"['hard_refusal', 'helpful_answer']",2,hard_refusal + helpful_answer,benign_sensitive,falsereject
fr_train_006913,"['hard_refusal', 'helpful_answer']",2,hard_refusal + helpful_answer,benign_sensitive,falsereject
fr_train_006916,"['hard_refusal', 'helpful_answer']",2,hard_refusal + helpful_answer,benign_sensitive,falsereject
fr_train_006942,"['hard_refusal', 'helpful_answer']",2,hard_refusal + helpful_answer,benign_sensitive,falsereject
fr_train_006957,"['hard_refusal', 'helpful_answer']",2,hard_refusal + helpful_answer,benign_sensitive,falsereject
fr_train_006961,"['hard_refusal', 'helpful_answer']",2,hard_refusal + helpful_answer,benign_sensitive,falsereject
fr_train_006970,"['hard_refusal', 'helpful_answer']",2,hard_refusal + helpful_answer,benign_sensitive,falsereject
fr_train_006971,"['hard_refusal', 'helpful_answer']",2,hard_refusal + helpful_answer,benign_sensitive,falsereject
fr_train_006979,"['hard_refusal', 'helpful_answer']",2,hard_refusal + helpful_answer,benign_sensitive,falsereject
fr_train_006999,"['hard_refusal', 'helpful_answer']",2,hard_refusal + helpful_answer,benign_sensitive,falsereject
fr_train_007005,"['hard_refusal', 'helpful_answer']",2,hard_refusal + helpful_answer,benign_sensitive,falsereject
fr_train_007010,"['hard_refusal', 'helpful_answer']",2,hard_refusal + helpful_answer,benign_sensitive,falsereject
fr_train_007019,"['hard_refusal', 'helpful_answer']",2,hard_refusal + helpful_answer,benign_sensitive,falsereject
fr_train_007025,"['hard_refusal', 'helpful_answer']",2,hard_refusal + helpful_answer,benign_sensitive,falsereject
fr_train_007029,"['hard_refusal', 'helpful_answer']",2,hard_refusal + helpful_answer,benign_sensitive,falsereject
fr_train_007051,"['hard_refusal', 'helpful_answer']",2,hard_refusal + helpful_answer,benign_sensitive,falsereject
fr_train_007064,"['hard_refusal', 'helpful_answer']",2,hard_refusal + helpful_answer,benign_sensitive,falsereject
fr_train_007066,"['hard_refusal', 'helpful_answer']",2,hard_refusal + helpful_answer,benign_sensitive,falsereject
fr_train_007073,"['hard_refusal', 'helpful_answer']",2,hard_refusal + helpful_answer,benign_sensitive,falsereject
fr_train_007075,"['hard_refusal', 'helpful_answer']",2,hard_refusal + helpful_answer,benign_sensitive,falsereject
fr_train_007076,"['hard_refusal', 'helpful_answer']",2,hard_refusal + helpful_answer,benign_sensitive,falsereject
fr_train_007093,"['hard_refusal', 'helpful_answer']",2,hard_refusal + helpful_answer,benign_sensitive,falsereject
fr_train_007110,"['hard_refusal', 'helpful_answer']",2,hard_refusal + helpful_answer,benign_sensitive,falsereject
fr_train_007112,"['hard_refusal', 'helpful_answer']",2,hard_refusal + helpful_answer,benign_sensitive,falsereject
fr_train_007132,"['hard_refusal', 'helpful_answer']",2,hard_refusal + helpful_answer,benign_sensitive,falsereject
fr_train_007133,"['hard_refusal', 'helpful_answer']",2,hard_refusal + helpful_answer,benign_sensitive,falsereject
fr_train_007139,"['hard_refusal', 'helpful_answer']",2,hard_refusal + helpful_answer,benign_sensitive,falsereject
fr_train_007140,"['hard_refusal', 'helpful_answer']",2,hard_refusal + helpful_answer,benign_sensitive,falsereject
fr_train_007144,"['hard_refusal', 'helpful_answer']",2,hard_refusal + helpful_answer,benign_sensitive,falsereject
fr_train_007147,"['hard_refusal', 'helpful_answer']",2,hard_refusal + helpful_answer,benign_sensitive,falsereject
fr_train_007153,"['hard_refusal', 'helpful_answer']",2,hard_refusal + helpful_answer,benign_sensitive,falsereject
fr_train_007163,"['hard_refusal', 'helpful_answer']",2,hard_refusal + helpful_answer,benign_sensitive,falsereject
fr_train_007171,"['hard_refusal', 'helpful_answer']",2,hard_refusal + helpful_answer,benign_sensitive,falsereject
fr_train_007181,"['hard_refusal', 'helpful_answer']",2,hard_refusal + helpful_answer,benign_sensitive,falsereject
fr_train_007187,"['hard_refusal', 'helpful_answer']",2,hard_refusal + helpful_answer,benign_sensitive,falsereject
fr_train_007195,"['hard_refusal', 'helpful_answer']",2,hard_refusal + helpful_answer,benign_sensitive,falsereject
fr_train_007204,"['hard_refusal', 'helpful_answer']",2,hard_refusal + helpful_answer,benign_sensitive,falsereject
fr_train_007212,"['hard_refusal', 'helpful_answer']",2,hard_refusal + helpful_answer,benign_sensitive,falsereject
fr_train_007240,"['hard_refusal', 'helpful_answer']",2,hard_refusal + helpful_answer,benign_sensitive,falsereject
fr_train_007243,"['hard_refusal', 'helpful_answer']",2,hard_refusal + helpful_answer,benign_sensitive,falsereject
fr_train_007249,"['hard_refusal', 'helpful_answer']",2,hard_refusal + helpful_answer,benign_sensitive,falsereject
fr_train_007251,"['hard_refusal', 'helpful_answer']",2,hard_refusal + helpful_answer,benign_sensitive,falsereject
fr_train_007258,"['hard_refusal', 'helpful_answer']",2,hard_refusal + helpful_answer,benign_sensitive,falsereject
fr_train_007259,"['hard_refusal', 'helpful_answer']",2,hard_refusal + helpful_answer,benign_sensitive,falsereject
fr_train_007260,"['hard_refusal', 'helpful_answer']",2,hard_refusal + helpful_answer,benign_sensitive,falsereject
fr_train_007261,"['hard_refusal', 'helpful_answer']",2,hard_refusal + helpful_answer,benign_sensitive,falsereject
fr_train_007265,"['hard_refusal', 'helpful_answer']",2,hard_refusal + helpful_answer,benign_sensitive,falsereject
fr_train_007267,"['hard_refusal', 'helpful_answer']",2,hard_refusal + helpful_answer,benign_sensitive,falsereject
fr_train_007273,"['hard_refusal', 'helpful_answer']",2,hard_refusal + helpful_answer,benign_sensitive,falsereject
fr_train_007277,"['hard_refusal', 'helpful_answer']",2,hard_refusal + helpful_answer,benign_sensitive,falsereject
fr_train_007284,"['hard_refusal', 'helpful_answer']",2,hard_refusal + helpful_answer,benign_sensitive,falsereject
fr_train_007288,"['hard_refusal', 'helpful_answer']",2,hard_refusal + helpful_answer,benign_sensitive,falsereject
fr_train_007292,"['hard_refusal', 'helpful_answer']",2,hard_refusal + helpful_answer,benign_sensitive,falsereject
fr_train_007307,"['hard_refusal', 'helpful_answer']",2,hard_refusal + helpful_answer,benign_sensitive,falsereject
fr_train_007310,"['hard_refusal', 'helpful_answer']",2,hard_refusal + helpful_answer,benign_sensitive,falsereject
fr_train_007327,"['hard_refusal', 'helpful_answer']",2,hard_refusal + helpful_answer,benign_sensitive,falsereject
fr_train_007339,"['hard_refusal', 'helpful_answer']",2,hard_refusal + helpful_answer,benign_sensitive,falsereject
fr_train_007340,"['hard_refusal', 'helpful_answer']",2,hard_refusal + helpful_answer,benign_sensitive,falsereject
fr_train_007341,"['hard_refusal', 'helpful_answer']",2,hard_refusal + helpful_answer,benign_sensitive,falsereject
fr_train_007352,"['hard_refusal', 'helpful_answer']",2,hard_refusal + helpful_answer,benign_sensitive,falsereject
fr_train_007370,"['hard_refusal', 'helpful_answer']",2,hard_refusal + helpful_answer,benign_sensitive,falsereject
fr_train_007372,"['hard_refusal', 'helpful_answer']",2,hard_refusal + helpful_answer,benign_sensitive,falsereject
fr_train_007376,"['hard_refusal', 'helpful_answer']",2,hard_refusal + helpful_answer,benign_sensitive,falsereject
fr_train_007383,"['hard_refusal', 'helpful_answer']",2,hard_refusal + helpful_answer,benign_sensitive,falsereject
fr_train_007387,"['hard_refusal', 'helpful_answer']",2,hard_refusal + helpful_answer,benign_sensitive,falsereject
fr_train_007393,"['hard_refusal', 'helpful_answer']",2,hard_refusal + helpful_answer,benign_sensitive,falsereject
fr_train_007398,"['hard_refusal', 'helpful_answer']",2,hard_refusal + helpful_answer,benign_sensitive,falsereject
fr_train_007402,"['hard_refusal', 'helpful_answer']",2,hard_refusal + helpful_answer,benign_sensitive,falsereject
fr_train_007403,"['hard_refusal', 'helpful_answer']",2,hard_refusal + helpful_answer,benign_sensitive,falsereject
fr_train_007418,"['hard_refusal', 'helpful_answer']",2,hard_refusal + helpful_answer,benign_sensitive,falsereject
fr_train_007431,"['hard_refusal', 'helpful_answer']",2,hard_refusal + helpful_answer,benign_sensitive,falsereject
fr_train_007432,"['hard_refusal', 'helpful_answer']",2,hard_refusal + helpful_answer,benign_sensitive,falsereject
fr_train_007446,"['hard_refusal', 'helpful_answer']",2,hard_refusal + helpful_answer,benign_sensitive,falsereject
fr_train_007453,"['hard_refusal', 'helpful_answer']",2,hard_refusal + helpful_answer,benign_sensitive,falsereject
fr_train_007460,"['hard_refusal', 'helpful_answer']",2,hard_refusal + helpful_answer,benign_sensitive,falsereject
fr_train_007463,"['hard_refusal', 'helpful_answer']",2,hard_refusal + helpful_answer,benign_sensitive,falsereject
fr_train_007476,"['hard_refusal', 'helpful_answer']",2,hard_refusal + helpful_answer,benign_sensitive,falsereject
fr_train_007480,"['hard_refusal', 'helpful_answer']",2,hard_refusal + helpful_answer,benign_sensitive,falsereject
fr_train_007485,"['hard_refusal', 'helpful_answer']",2,hard_refusal + helpful_answer,benign_sensitive,falsereject
fr_train_007486,"['hard_refusal', 'helpful_answer']",2,hard_refusal + helpful_answer,benign_sensitive,falsereject
fr_train_007487,"['hard_refusal', 'helpful_answer']",2,hard_refusal + helpful_answer,benign_sensitive,falsereject
fr_train_007490,"['hard_refusal', 'helpful_answer']",2,hard_refusal + helpful_answer,benign_sensitive,falsereject
fr_train_007493,"['hard_refusal', 'helpful_answer']",2,hard_refusal + helpful_answer,benign_sensitive,falsereject
fr_train_007498,"['hard_refusal', 'helpful_answer']",2,hard_refusal + helpful_answer,benign_sensitive,falsereject
fr_train_007509,"['hard_refusal', 'helpful_answer']",2,hard_refusal + helpful_answer,benign_sensitive,falsereject
fr_train_007512,"['hard_refusal', 'helpful_answer']",2,hard_refusal + helpful_answer,benign_sensitive,falsereject
fr_train_007513,"['hard_refusal', 'helpful_answer']",2,hard_refusal + helpful_answer,benign_sensitive,falsereject
fr_train_007521,"['hard_refusal', 'helpful_answer']",2,hard_refusal + helpful_answer,benign_sensitive,falsereject
fr_train_007522,"['hard_refusal', 'helpful_answer']",2,hard_refusal + helpful_answer,benign_sensitive,falsereject
fr_train_007526,"['hard_refusal', 'helpful_answer']",2,hard_refusal + helpful_answer,benign_sensitive,falsereject
fr_train_007535,"['hard_refusal', 'helpful_answer']",2,hard_refusal + helpful_answer,benign_sensitive,falsereject
fr_train_007537,"['hard_refusal', 'helpful_answer']",2,hard_refusal + helpful_answer,benign_sensitive,falsereject
fr_train_007539,"['hard_refusal', 'helpful_answer']",2,hard_refusal + helpful_answer,benign_sensitive,falsereject
fr_train_007544,"['hard_refusal', 'helpful_answer']",2,hard_refusal + helpful_answer,benign_sensitive,falsereject
fr_train_007553,"['hard_refusal', 'helpful_answer']",2,hard_refusal + helpful_answer,benign_sensitive,falsereject
fr_train_007554,"['hard_refusal', 'helpful_answer']",2,hard_refusal + helpful_answer,benign_sensitive,falsereject
fr_train_007561,"['hard_refusal', 'helpful_answer']",2,hard_refusal + helpful_answer,benign_sensitive,falsereject
fr_train_007569,"['hard_refusal', 'helpful_answer']",2,hard_refusal + helpful_answer,benign_sensitive,falsereject
fr_train_007576,"['hard_refusal', 'helpful_answer']",2,hard_refusal + helpful_answer,benign_sensitive,falsereject
fr_train_007581,"['hard_refusal', 'helpful_answer']",2,hard_refusal + helpful_answer,benign_sensitive,falsereject
fr_train_007584,"['hard_refusal', 'helpful_answer']",2,hard_refusal + helpful_answer,benign_sensitive,falsereject
fr_train_007585,"['hard_refusal', 'helpful_answer']",2,hard_refusal + helpful_answer,benign_sensitive,falsereject
fr_train_007604,"['hard_refusal', 'helpful_answer']",2,hard_refusal + helpful_answer,benign_sensitive,falsereject
fr_train_007611,"['hard_refusal', 'helpful_answer']",2,hard_refusal + helpful_answer,benign_sensitive,falsereject
fr_train_007622,"['hard_refusal', 'helpful_answer']",2,hard_refusal + helpful_answer,benign_sensitive,falsereject
fr_train_007627,"['hard_refusal', 'helpful_answer']",2,hard_refusal + helpful_answer,benign_sensitive,falsereject
fr_train_007645,"['hard_refusal', 'helpful_answer']",2,hard_refusal + helpful_answer,benign_sensitive,falsereject
fr_train_007647,"['hard_refusal', 'helpful_answer']",2,hard_refusal + helpful_answer,benign_sensitive,falsereject
fr_train_007648,"['hard_refusal', 'helpful_answer']",2,hard_refusal + helpful_answer,benign_sensitive,falsereject
fr_train_007652,"['hard_refusal', 'helpful_answer']",2,hard_refusal + helpful_answer,benign_sensitive,falsereject
fr_train_007662,"['hard_refusal', 'helpful_answer']",2,hard_refusal + helpful_answer,benign_sensitive,falsereject
fr_train_007668,"['hard_refusal', 'helpful_answer']",2,hard_refusal + helpful_answer,benign_sensitive,falsereject
fr_train_007671,"['hard_refusal', 'helpful_answer']",2,hard_refusal + helpful_answer,benign_sensitive,falsereject
fr_train_007672,"['hard_refusal', 'helpful_answer']",2,hard_refusal + helpful_answer,benign_sensitive,falsereject
fr_train_007685,"['hard_refusal', 'helpful_answer']",2,hard_refusal + helpful_answer,benign_sensitive,falsereject
fr_train_007693,"['hard_refusal', 'helpful_answer']",2,hard_refusal + helpful_answer,benign_sensitive,falsereject
fr_train_007708,"['hard_refusal', 'helpful_answer']",2,hard_refusal + helpful_answer,benign_sensitive,falsereject
fr_train_007716,"['hard_refusal', 'helpful_answer']",2,hard_refusal + helpful_answer,benign_sensitive,falsereject
fr_train_007733,"['hard_refusal', 'helpful_answer']",2,hard_refusal + helpful_answer,benign_sensitive,falsereject
fr_train_007734,"['hard_refusal', 'helpful_answer']",2,hard_refusal + helpful_answer,benign_sensitive,falsereject
fr_train_007741,"['hard_refusal', 'helpful_answer']",2,hard_refusal + helpful_answer,benign_sensitive,falsereject
fr_train_007743,"['hard_refusal', 'helpful_answer']",2,hard_refusal + helpful_answer,benign_sensitive,falsereject
fr_train_007745,"['hard_refusal', 'helpful_answer']",2,hard_refusal + helpful_answer,benign_sensitive,falsereject
fr_train_007749,"['hard_refusal', 'helpful_answer']",2,hard_refusal + helpful_answer,benign_sensitive,falsereject
fr_train_007754,"['hard_refusal', 'helpful_answer']",2,hard_refusal + helpful_answer,benign_sensitive,falsereject
fr_train_007755,"['hard_refusal', 'helpful_answer']",2,hard_refusal + helpful_answer,benign_sensitive,falsereject
fr_train_007761,"['hard_refusal', 'helpful_answer']",2,hard_refusal + helpful_answer,benign_sensitive,falsereject
fr_train_007771,"['hard_refusal', 'helpful_answer']",2,hard_refusal + helpful_answer,benign_sensitive,falsereject
fr_train_007772,"['hard_refusal', 'helpful_answer']",2,hard_refusal + helpful_answer,benign_sensitive,falsereject
fr_train_007777,"['hard_refusal', 'helpful_answer']",2,hard_refusal + helpful_answer,benign_sensitive,falsereject
fr_train_007781,"['hard_refusal', 'helpful_answer']",2,hard_refusal + helpful_answer,benign_sensitive,falsereject
fr_train_007792,"['hard_refusal', 'helpful_answer']",2,hard_refusal + helpful_answer,benign_sensitive,falsereject
fr_train_007816,"['hard_refusal', 'helpful_answer']",2,hard_refusal + helpful_answer,benign_sensitive,falsereject
fr_train_007829,"['hard_refusal', 'helpful_answer']",2,hard_refusal + helpful_answer,benign_sensitive,falsereject
fr_train_007850,"['hard_refusal', 'helpful_answer']",2,hard_refusal + helpful_answer,benign_sensitive,falsereject
fr_train_007863,"['hard_refusal', 'helpful_answer']",2,hard_refusal + helpful_answer,benign_sensitive,falsereject
fr_train_007864,"['hard_refusal', 'helpful_answer']",2,hard_refusal + helpful_answer,benign_sensitive,falsereject
fr_train_007871,"['hard_refusal', 'helpful_answer']",2,hard_refusal + helpful_answer,benign_sensitive,falsereject
fr_train_007878,"['hard_refusal', 'helpful_answer']",2,hard_refusal + helpful_answer,benign_sensitive,falsereject
fr_train_007889,"['hard_refusal', 'helpful_answer']",2,hard_refusal + helpful_answer,benign_sensitive,falsereject
fr_train_007894,"['hard_refusal', 'helpful_answer']",2,hard_refusal + helpful_answer,benign_sensitive,falsereject
fr_train_007896,"['hard_refusal', 'helpful_answer']",2,hard_refusal + helpful_answer,benign_sensitive,falsereject
fr_train_007905,"['hard_refusal', 'helpful_answer']",2,hard_refusal + helpful_answer,benign_sensitive,falsereject
fr_train_007916,"['hard_refusal', 'helpful_answer']",2,hard_refusal + helpful_answer,benign_sensitive,falsereject
fr_train_007917,"['hard_refusal', 'helpful_answer']",2,hard_refusal + helpful_answer,benign_sensitive,falsereject
fr_train_007923,"['hard_refusal', 'helpful_answer']",2,hard_refusal + helpful_answer,benign_sensitive,falsereject
fr_train_007927,"['hard_refusal', 'helpful_answer']",2,hard_refusal + helpful_answer,benign_sensitive,falsereject
fr_train_007938,"['hard_refusal', 'helpful_answer']",2,hard_refusal + helpful_answer,benign_sensitive,falsereject
fr_train_007948,"['hard_refusal', 'helpful_answer']",2,hard_refusal + helpful_answer,benign_sensitive,falsereject
fr_train_007967,"['hard_refusal', 'helpful_answer']",2,hard_refusal + helpful_answer,benign_sensitive,falsereject
fr_train_007970,"['hard_refusal', 'helpful_answer']",2,hard_refusal + helpful_answer,benign_sensitive,falsereject
fr_train_007978,"['hard_refusal', 'helpful_answer']",2,hard_refusal + helpful_answer,benign_sensitive,falsereject
fr_train_007979,"['hard_refusal', 'helpful_answer']",2,hard_refusal + helpful_answer,benign_sensitive,falsereject
fr_train_007992,"['hard_refusal', 'helpful_answer']",2,hard_refusal + helpful_answer,benign_sensitive,falsereject
fr_train_008002,"['hard_refusal', 'helpful_answer']",2,hard_refusal + helpful_answer,benign_sensitive,falsereject
fr_train_008016,"['hard_refusal', 'helpful_answer']",2,hard_refusal + helpful_answer,benign_sensitive,falsereject
fr_train_008026,"['hard_refusal', 'helpful_answer']",2,hard_refusal + helpful_answer,benign_sensitive,falsereject
fr_train_008032,"['hard_refusal', 'helpful_answer']",2,hard_refusal + helpful_answer,benign_sensitive,falsereject
fr_train_008046,"['hard_refusal', 'helpful_answer']",2,hard_refusal + helpful_answer,benign_sensitive,falsereject
fr_train_008047,"['hard_refusal', 'helpful_answer']",2,hard_refusal + helpful_answer,benign_sensitive,falsereject
fr_train_008063,"['hard_refusal', 'helpful_answer']",2,hard_refusal + helpful_answer,benign_sensitive,falsereject
fr_train_008066,"['hard_refusal', 'helpful_answer']",2,hard_refusal + helpful_answer,benign_sensitive,falsereject
fr_train_008072,"['hard_refusal', 'helpful_answer']",2,hard_refusal + helpful_answer,benign_sensitive,falsereject
fr_train_008076,"['hard_refusal', 'helpful_answer']",2,hard_refusal + helpful_answer,benign_sensitive,falsereject
fr_train_008080,"['hard_refusal', 'helpful_answer']",2,hard_refusal + helpful_answer,benign_sensitive,falsereject
fr_train_008089,"['hard_refusal', 'helpful_answer']",2,hard_refusal + helpful_answer,benign_sensitive,falsereject
fr_train_008096,"['hard_refusal', 'helpful_answer']",2,hard_refusal + helpful_answer,benign_sensitive,falsereject
fr_train_008101,"['hard_refusal', 'helpful_answer']",2,hard_refusal + helpful_answer,benign_sensitive,falsereject
fr_train_008111,"['hard_refusal', 'helpful_answer']",2,hard_refusal + helpful_answer,benign_sensitive,falsereject
fr_train_008113,"['hard_refusal', 'helpful_answer']",2,hard_refusal + helpful_answer,benign_sensitive,falsereject
fr_train_008117,"['hard_refusal', 'helpful_answer']",2,hard_refusal + helpful_answer,benign_sensitive,falsereject
fr_train_008119,"['hard_refusal', 'helpful_answer']",2,hard_refusal + helpful_answer,benign_sensitive,falsereject
fr_train_008120,"['hard_refusal', 'helpful_answer']",2,hard_refusal + helpful_answer,benign_sensitive,falsereject
fr_train_008124,"['hard_refusal', 'helpful_answer']",2,hard_refusal + helpful_answer,benign_sensitive,falsereject
fr_train_008125,"['hard_refusal', 'helpful_answer']",2,hard_refusal + helpful_answer,benign_sensitive,falsereject
fr_train_008127,"['hard_refusal', 'helpful_answer']",2,hard_refusal + helpful_answer,benign_sensitive,falsereject
fr_train_008151,"['hard_refusal', 'helpful_answer']",2,hard_refusal + helpful_answer,benign_sensitive,falsereject
fr_train_008161,"['hard_refusal', 'helpful_answer']",2,hard_refusal + helpful_answer,benign_sensitive,falsereject
fr_train_008165,"['hard_refusal', 'helpful_answer']",2,hard_refusal + helpful_answer,benign_sensitive,falsereject
fr_train_008170,"['hard_refusal', 'helpful_answer']",2,hard_refusal + helpful_answer,benign_sensitive,falsereject
fr_train_008171,"['hard_refusal', 'helpful_answer']",2,hard_refusal + helpful_answer,benign_sensitive,falsereject
fr_train_008184,"['hard_refusal', 'helpful_answer']",2,hard_refusal + helpful_answer,benign_sensitive,falsereject
fr_train_008214,"['hard_refusal', 'helpful_answer']",2,hard_refusal + helpful_answer,benign_sensitive,falsereject
fr_train_008226,"['hard_refusal', 'helpful_answer']",2,hard_refusal + helpful_answer,benign_sensitive,falsereject
fr_train_008231,"['hard_refusal', 'helpful_answer']",2,hard_refusal + helpful_answer,benign_sensitive,falsereject
fr_train_008243,"['hard_refusal', 'helpful_answer']",2,hard_refusal + helpful_answer,benign_sensitive,falsereject
fr_train_008254,"['hard_refusal', 'helpful_answer']",2,hard_refusal + helpful_answer,benign_sensitive,falsereject
fr_train_008257,"['hard_refusal', 'helpful_answer']",2,hard_refusal + helpful_answer,benign_sensitive,falsereject
fr_train_008281,"['hard_refusal', 'helpful_answer']",2,hard_refusal + helpful_answer,benign_sensitive,falsereject
fr_train_008283,"['hard_refusal', 'helpful_answer']",2,hard_refusal + helpful_answer,benign_sensitive,falsereject
fr_train_008286,"['hard_refusal', 'helpful_answer']",2,hard_refusal + helpful_answer,benign_sensitive,falsereject
fr_train_008291,"['hard_refusal', 'helpful_answer']",2,hard_refusal + helpful_answer,benign_sensitive,falsereject
fr_train_008295,"['hard_refusal', 'helpful_answer']",2,hard_refusal + helpful_answer,benign_sensitive,falsereject
fr_train_008306,"['hard_refusal', 'helpful_answer']",2,hard_refusal + helpful_answer,benign_sensitive,falsereject
fr_train_008325,"['hard_refusal', 'helpful_answer']",2,hard_refusal + helpful_answer,benign_sensitive,falsereject
fr_train_008330,"['hard_refusal', 'helpful_answer']",2,hard_refusal + helpful_answer,benign_sensitive,falsereject
fr_train_008338,"['hard_refusal', 'helpful_answer']",2,hard_refusal + helpful_answer,benign_sensitive,falsereject
fr_train_008352,"['hard_refusal', 'helpful_answer']",2,hard_refusal + helpful_answer,benign_sensitive,falsereject
fr_train_008356,"['hard_refusal', 'helpful_answer']",2,hard_refusal + helpful_answer,benign_sensitive,falsereject
fr_train_008360,"['hard_refusal', 'helpful_answer']",2,hard_refusal + helpful_answer,benign_sensitive,falsereject
fr_train_008380,"['hard_refusal', 'helpful_answer']",2,hard_refusal + helpful_answer,benign_sensitive,falsereject
fr_train_008384,"['hard_refusal', 'helpful_answer']",2,hard_refusal + helpful_answer,benign_sensitive,falsereject
fr_train_008385,"['hard_refusal', 'helpful_answer']",2,hard_refusal + helpful_answer,benign_sensitive,falsereject
fr_train_008400,"['hard_refusal', 'helpful_answer']",2,hard_refusal + helpful_answer,benign_sensitive,falsereject
fr_train_008404,"['hard_refusal', 'helpful_answer']",2,hard_refusal + helpful_answer,benign_sensitive,falsereject
fr_train_008414,"['hard_refusal', 'helpful_answer']",2,hard_refusal + helpful_answer,benign_sensitive,falsereject
fr_train_008417,"['hard_refusal', 'helpful_answer']",2,hard_refusal + helpful_answer,benign_sensitive,falsereject
fr_train_008423,"['hard_refusal', 'helpful_answer']",2,hard_refusal + helpful_answer,benign_sensitive,falsereject
fr_train_008429,"['hard_refusal', 'helpful_answer']",2,hard_refusal + helpful_answer,benign_sensitive,falsereject
fr_train_008431,"['hard_refusal', 'helpful_answer']",2,hard_refusal + helpful_answer,benign_sensitive,falsereject
fr_train_008436,"['hard_refusal', 'helpful_answer']",2,hard_refusal + helpful_answer,benign_sensitive,falsereject
fr_train_008442,"['hard_refusal', 'helpful_answer']",2,hard_refusal + helpful_answer,benign_sensitive,falsereject
fr_train_008464,"['hard_refusal', 'helpful_answer']",2,hard_refusal + helpful_answer,benign_sensitive,falsereject
fr_train_008474,"['hard_refusal', 'helpful_answer']",2,hard_refusal + helpful_answer,benign_sensitive,falsereject
fr_train_008484,"['hard_refusal', 'helpful_answer']",2,hard_refusal + helpful_answer,benign_sensitive,falsereject
fr_train_008492,"['hard_refusal', 'helpful_answer']",2,hard_refusal + helpful_answer,benign_sensitive,falsereject
fr_train_008496,"['hard_refusal', 'helpful_answer']",2,hard_refusal + helpful_answer,benign_sensitive,falsereject
fr_train_008504,"['hard_refusal', 'helpful_answer']",2,hard_refusal + helpful_answer,benign_sensitive,falsereject
fr_train_008506,"['hard_refusal', 'helpful_answer']",2,hard_refusal + helpful_answer,benign_sensitive,falsereject
fr_train_008525,"['hard_refusal', 'helpful_answer']",2,hard_refusal + helpful_answer,benign_sensitive,falsereject
fr_train_008528,"['hard_refusal', 'helpful_answer']",2,hard_refusal + helpful_answer,benign_sensitive,falsereject
fr_train_008537,"['hard_refusal', 'helpful_answer']",2,hard_refusal + helpful_answer,benign_sensitive,falsereject
fr_train_008539,"['hard_refusal', 'helpful_answer']",2,hard_refusal + helpful_answer,benign_sensitive,falsereject
fr_train_008543,"['hard_refusal', 'helpful_answer']",2,hard_refusal + helpful_answer,benign_sensitive,falsereject
fr_train_008544,"['hard_refusal', 'helpful_answer']",2,hard_refusal + helpful_answer,benign_sensitive,falsereject
fr_train_008555,"['hard_refusal', 'helpful_answer']",2,hard_refusal + helpful_answer,benign_sensitive,falsereject
fr_train_008567,"['hard_refusal', 'helpful_answer']",2,hard_refusal + helpful_answer,benign_sensitive,falsereject
fr_train_008574,"['hard_refusal', 'helpful_answer']",2,hard_refusal + helpful_answer,benign_sensitive,falsereject
fr_train_008578,"['hard_refusal', 'helpful_answer']",2,hard_refusal + helpful_answer,benign_sensitive,falsereject
fr_train_008610,"['hard_refusal', 'helpful_answer']",2,hard_refusal + helpful_answer,benign_sensitive,falsereject
fr_train_008611,"['hard_refusal', 'helpful_answer']",2,hard_refusal + helpful_answer,benign_sensitive,falsereject
fr_train_008627,"['hard_refusal', 'helpful_answer']",2,hard_refusal + helpful_answer,benign_sensitive,falsereject
fr_train_008643,"['hard_refusal', 'helpful_answer']",2,hard_refusal + helpful_answer,benign_sensitive,falsereject
fr_train_008647,"['hard_refusal', 'helpful_answer']",2,hard_refusal + helpful_answer,benign_sensitive,falsereject
fr_train_008651,"['hard_refusal', 'helpful_answer']",2,hard_refusal + helpful_answer,benign_sensitive,falsereject
fr_train_008653,"['hard_refusal', 'helpful_answer']",2,hard_refusal + helpful_answer,benign_sensitive,falsereject
fr_train_008667,"['hard_refusal', 'helpful_answer']",2,hard_refusal + helpful_answer,benign_sensitive,falsereject
fr_train_008686,"['hard_refusal', 'helpful_answer']",2,hard_refusal + helpful_answer,benign_sensitive,falsereject
fr_train_008694,"['hard_refusal', 'helpful_answer']",2,hard_refusal + helpful_answer,benign_sensitive,falsereject
fr_train_008699,"['hard_refusal', 'helpful_answer']",2,hard_refusal + helpful_answer,benign_sensitive,falsereject
fr_train_008712,"['hard_refusal', 'helpful_answer']",2,hard_refusal + helpful_answer,benign_sensitive,falsereject
fr_train_008722,"['hard_refusal', 'helpful_answer']",2,hard_refusal + helpful_answer,benign_sensitive,falsereject
fr_train_008725,"['hard_refusal', 'helpful_answer']",2,hard_refusal + helpful_answer,benign_sensitive,falsereject
fr_train_008736,"['hard_refusal', 'helpful_answer']",2,hard_refusal + helpful_answer,benign_sensitive,falsereject
fr_train_008737,"['hard_refusal', 'helpful_answer']",2,hard_refusal + helpful_answer,benign_sensitive,falsereject
fr_train_008740,"['hard_refusal', 'helpful_answer']",2,hard_refusal + helpful_answer,benign_sensitive,falsereject
fr_train_008751,"['hard_refusal', 'helpful_answer']",2,hard_refusal + helpful_answer,benign_sensitive,falsereject
fr_train_008758,"['hard_refusal', 'helpful_answer']",2,hard_refusal + helpful_answer,benign_sensitive,falsereject
fr_train_008774,"['hard_refusal', 'helpful_answer']",2,hard_refusal + helpful_answer,benign_sensitive,falsereject
fr_train_008796,"['hard_refusal', 'helpful_answer']",2,hard_refusal + helpful_answer,benign_sensitive,falsereject
fr_train_008797,"['hard_refusal', 'helpful_answer']",2,hard_refusal + helpful_answer,benign_sensitive,falsereject
fr_train_008822,"['hard_refusal', 'helpful_answer']",2,hard_refusal + helpful_answer,benign_sensitive,falsereject
fr_train_008825,"['hard_refusal', 'helpful_answer']",2,hard_refusal + helpful_answer,benign_sensitive,falsereject
fr_train_008830,"['hard_refusal', 'helpful_answer']",2,hard_refusal + helpful_answer,benign_sensitive,falsereject
fr_train_008847,"['hard_refusal', 'helpful_answer']",2,hard_refusal + helpful_answer,benign_sensitive,falsereject
fr_train_008860,"['hard_refusal', 'helpful_answer']",2,hard_refusal + helpful_answer,benign_sensitive,falsereject
fr_train_008867,"['hard_refusal', 'helpful_answer']",2,hard_refusal + helpful_answer,benign_sensitive,falsereject
fr_train_008881,"['hard_refusal', 'helpful_answer']",2,hard_refusal + helpful_answer,benign_sensitive,falsereject
fr_train_008884,"['hard_refusal', 'helpful_answer']",2,hard_refusal + helpful_answer,benign_sensitive,falsereject
fr_train_008889,"['hard_refusal', 'helpful_answer']",2,hard_refusal + helpful_answer,benign_sensitive,falsereject
fr_train_008900,"['hard_refusal', 'helpful_answer']",2,hard_refusal + helpful_answer,benign_sensitive,falsereject
fr_train_008903,"['hard_refusal', 'helpful_answer']",2,hard_refusal + helpful_answer,benign_sensitive,falsereject
fr_train_008906,"['hard_refusal', 'helpful_answer']",2,hard_refusal + helpful_answer,benign_sensitive,falsereject
fr_train_008930,"['hard_refusal', 'helpful_answer']",2,hard_refusal + helpful_answer,benign_sensitive,falsereject
fr_train_008931,"['hard_refusal', 'helpful_answer']",2,hard_refusal + helpful_answer,benign_sensitive,falsereject
fr_train_008943,"['hard_refusal', 'helpful_answer']",2,hard_refusal + helpful_answer,benign_sensitive,falsereject
fr_train_008950,"['hard_refusal', 'helpful_answer']",2,hard_refusal + helpful_answer,benign_sensitive,falsereject
fr_train_008951,"['hard_refusal', 'helpful_answer']",2,hard_refusal + helpful_answer,benign_sensitive,falsereject
fr_train_008959,"['hard_refusal', 'helpful_answer']",2,hard_refusal + helpful_answer,benign_sensitive,falsereject
fr_train_008972,"['hard_refusal', 'helpful_answer']",2,hard_refusal + helpful_answer,benign_sensitive,falsereject
fr_train_008988,"['hard_refusal', 'helpful_answer']",2,hard_refusal + helpful_answer,benign_sensitive,falsereject
fr_train_008993,"['hard_refusal', 'helpful_answer']",2,hard_refusal + helpful_answer,benign_sensitive,falsereject
fr_train_008995,"['hard_refusal', 'helpful_answer']",2,hard_refusal + helpful_answer,benign_sensitive,falsereject
fr_train_008998,"['hard_refusal', 'helpful_answer']",2,hard_refusal + helpful_answer,benign_sensitive,falsereject
fr_train_008999,"['hard_refusal', 'helpful_answer']",2,hard_refusal + helpful_answer,benign_sensitive,falsereject
fr_train_009000,"['hard_refusal', 'helpful_answer']",2,hard_refusal + helpful_answer,benign_sensitive,falsereject
fr_train_009003,"['hard_refusal', 'helpful_answer']",2,hard_refusal + helpful_answer,benign_sensitive,falsereject
fr_train_009007,"['hard_refusal', 'helpful_answer']",2,hard_refusal + helpful_answer,benign_sensitive,falsereject
fr_train_009016,"['hard_refusal', 'helpful_answer']",2,hard_refusal + helpful_answer,benign_sensitive,falsereject
fr_train_009018,"['hard_refusal', 'helpful_answer']",2,hard_refusal + helpful_answer,benign_sensitive,falsereject
fr_train_009022,"['hard_refusal', 'helpful_answer']",2,hard_refusal + helpful_answer,benign_sensitive,falsereject
fr_train_009028,"['hard_refusal', 'helpful_answer']",2,hard_refusal + helpful_answer,benign_sensitive,falsereject
fr_train_009033,"['hard_refusal', 'helpful_answer']",2,hard_refusal + helpful_answer,benign_sensitive,falsereject
fr_train_009036,"['hard_refusal', 'helpful_answer']",2,hard_refusal + helpful_answer,benign_sensitive,falsereject
fr_train_009046,"['hard_refusal', 'helpful_answer']",2,hard_refusal + helpful_answer,benign_sensitive,falsereject
fr_train_009047,"['hard_refusal', 'helpful_answer']",2,hard_refusal + helpful_answer,benign_sensitive,falsereject
fr_train_009056,"['hard_refusal', 'helpful_answer']",2,hard_refusal + helpful_answer,benign_sensitive,falsereject
fr_train_009061,"['hard_refusal', 'helpful_answer']",2,hard_refusal + helpful_answer,benign_sensitive,falsereject
fr_train_009062,"['hard_refusal', 'helpful_answer']",2,hard_refusal + helpful_answer,benign_sensitive,falsereject
fr_train_009074,"['hard_refusal', 'helpful_answer']",2,hard_refusal + helpful_answer,benign_sensitive,falsereject
fr_train_009078,"['hard_refusal', 'helpful_answer']",2,hard_refusal + helpful_answer,benign_sensitive,falsereject
fr_train_009080,"['hard_refusal', 'helpful_answer']",2,hard_refusal + helpful_answer,benign_sensitive,falsereject
fr_train_009081,"['hard_refusal', 'helpful_answer']",2,hard_refusal + helpful_answer,benign_sensitive,falsereject
fr_train_009114,"['hard_refusal', 'helpful_answer']",2,hard_refusal + helpful_answer,benign_sensitive,falsereject
fr_train_009130,"['hard_refusal', 'helpful_answer']",2,hard_refusal + helpful_answer,benign_sensitive,falsereject
fr_train_009140,"['hard_refusal', 'helpful_answer']",2,hard_refusal + helpful_answer,benign_sensitive,falsereject
fr_train_009150,"['hard_refusal', 'helpful_answer']",2,hard_refusal + helpful_answer,benign_sensitive,falsereject
fr_train_009151,"['hard_refusal', 'helpful_answer']",2,hard_refusal + helpful_answer,benign_sensitive,falsereject
fr_train_009159,"['hard_refusal', 'helpful_answer']",2,hard_refusal + helpful_answer,benign_sensitive,falsereject
fr_train_009176,"['hard_refusal', 'helpful_answer']",2,hard_refusal + helpful_answer,benign_sensitive,falsereject
fr_train_009182,"['hard_refusal', 'helpful_answer']",2,hard_refusal + helpful_answer,benign_sensitive,falsereject
fr_train_009186,"['hard_refusal', 'helpful_answer']",2,hard_refusal + helpful_answer,benign_sensitive,falsereject
fr_train_009188,"['hard_refusal', 'helpful_answer']",2,hard_refusal + helpful_answer,benign_sensitive,falsereject
fr_train_009197,"['hard_refusal', 'helpful_answer']",2,hard_refusal + helpful_answer,benign_sensitive,falsereject
fr_train_009209,"['hard_refusal', 'helpful_answer']",2,hard_refusal + helpful_answer,benign_sensitive,falsereject
fr_train_009214,"['hard_refusal', 'helpful_answer']",2,hard_refusal + helpful_answer,benign_sensitive,falsereject
fr_train_009221,"['hard_refusal', 'helpful_answer']",2,hard_refusal + helpful_answer,benign_sensitive,falsereject
fr_train_009222,"['hard_refusal', 'helpful_answer']",2,hard_refusal + helpful_answer,benign_sensitive,falsereject
fr_train_009229,"['hard_refusal', 'helpful_answer']",2,hard_refusal + helpful_answer,benign_sensitive,falsereject
fr_train_009238,"['hard_refusal', 'helpful_answer']",2,hard_refusal + helpful_answer,benign_sensitive,falsereject
fr_train_009243,"['hard_refusal', 'helpful_answer']",2,hard_refusal + helpful_answer,benign_sensitive,falsereject
fr_train_009249,"['hard_refusal', 'helpful_answer']",2,hard_refusal + helpful_answer,benign_sensitive,falsereject
fr_train_009255,"['hard_refusal', 'helpful_answer']",2,hard_refusal + helpful_answer,benign_sensitive,falsereject
fr_train_009272,"['hard_refusal', 'helpful_answer']",2,hard_refusal + helpful_answer,benign_sensitive,falsereject
fr_train_009286,"['hard_refusal', 'helpful_answer']",2,hard_refusal + helpful_answer,benign_sensitive,falsereject
fr_train_009289,"['hard_refusal', 'helpful_answer']",2,hard_refusal + helpful_answer,benign_sensitive,falsereject
fr_train_009299,"['hard_refusal', 'helpful_answer']",2,hard_refusal + helpful_answer,benign_sensitive,falsereject
fr_train_009309,"['hard_refusal', 'helpful_answer']",2,hard_refusal + helpful_answer,benign_sensitive,falsereject
fr_train_009339,"['hard_refusal', 'helpful_answer']",2,hard_refusal + helpful_answer,benign_sensitive,falsereject
fr_train_009348,"['hard_refusal', 'helpful_answer']",2,hard_refusal + helpful_answer,benign_sensitive,falsereject
fr_train_009366,"['hard_refusal', 'helpful_answer']",2,hard_refusal + helpful_answer,benign_sensitive,falsereject
fr_train_009370,"['hard_refusal', 'helpful_answer']",2,hard_refusal + helpful_answer,benign_sensitive,falsereject
fr_train_009399,"['hard_refusal', 'helpful_answer']",2,hard_refusal + helpful_answer,benign_sensitive,falsereject
fr_train_009403,"['hard_refusal', 'helpful_answer']",2,hard_refusal + helpful_answer,benign_sensitive,falsereject
fr_train_009412,"['hard_refusal', 'helpful_answer']",2,hard_refusal + helpful_answer,benign_sensitive,falsereject
fr_train_009419,"['hard_refusal', 'helpful_answer']",2,hard_refusal + helpful_answer,benign_sensitive,falsereject
fr_train_009429,"['hard_refusal', 'helpful_answer']",2,hard_refusal + helpful_answer,benign_sensitive,falsereject
fr_train_009434,"['hard_refusal', 'helpful_answer']",2,hard_refusal + helpful_answer,benign_sensitive,falsereject
fr_train_009435,"['hard_refusal', 'helpful_answer']",2,hard_refusal + helpful_answer,benign_sensitive,falsereject
fr_train_009463,"['hard_refusal', 'helpful_answer']",2,hard_refusal + helpful_answer,benign_sensitive,falsereject
fr_train_009470,"['hard_refusal', 'helpful_answer']",2,hard_refusal + helpful_answer,benign_sensitive,falsereject
fr_train_009476,"['hard_refusal', 'helpful_answer']",2,hard_refusal + helpful_answer,benign_sensitive,falsereject
fr_train_009478,"['hard_refusal', 'helpful_answer']",2,hard_refusal + helpful_answer,benign_sensitive,falsereject
fr_train_009488,"['hard_refusal', 'helpful_answer']",2,hard_refusal + helpful_answer,benign_sensitive,falsereject
fr_train_009493,"['hard_refusal', 'helpful_answer']",2,hard_refusal + helpful_answer,benign_sensitive,falsereject
fr_train_009499,"['hard_refusal', 'helpful_answer']",2,hard_refusal + helpful_answer,benign_sensitive,falsereject
fr_train_009500,"['hard_refusal', 'helpful_answer']",2,hard_refusal + helpful_answer,benign_sensitive,falsereject
fr_train_009508,"['hard_refusal', 'helpful_answer']",2,hard_refusal + helpful_answer,benign_sensitive,falsereject
fr_train_009514,"['hard_refusal', 'helpful_answer']",2,hard_refusal + helpful_answer,benign_sensitive,falsereject
fr_train_009518,"['hard_refusal', 'helpful_answer']",2,hard_refusal + helpful_answer,benign_sensitive,falsereject
fr_train_009521,"['hard_refusal', 'helpful_answer']",2,hard_refusal + helpful_answer,benign_sensitive,falsereject
fr_train_009527,"['hard_refusal', 'helpful_answer']",2,hard_refusal + helpful_answer,benign_sensitive,falsereject
fr_train_009542,"['hard_refusal', 'helpful_answer']",2,hard_refusal + helpful_answer,benign_sensitive,falsereject
fr_train_009552,"['hard_refusal', 'helpful_answer']",2,hard_refusal + helpful_answer,benign_sensitive,falsereject
fr_train_009555,"['hard_refusal', 'helpful_answer']",2,hard_refusal + helpful_answer,benign_sensitive,falsereject
fr_train_009560,"['hard_refusal', 'helpful_answer']",2,hard_refusal + helpful_answer,benign_sensitive,falsereject
fr_train_009562,"['hard_refusal', 'helpful_answer']",2,hard_refusal + helpful_answer,benign_sensitive,falsereject
fr_train_009567,"['hard_refusal', 'helpful_answer']",2,hard_refusal + helpful_answer,benign_sensitive,falsereject
fr_train_009570,"['hard_refusal', 'helpful_answer']",2,hard_refusal + helpful_answer,benign_sensitive,falsereject
fr_train_009590,"['hard_refusal', 'helpful_answer']",2,hard_refusal + helpful_answer,benign_sensitive,falsereject
fr_train_009595,"['hard_refusal', 'helpful_answer']",2,hard_refusal + helpful_answer,benign_sensitive,falsereject
fr_train_009621,"['hard_refusal', 'helpful_answer']",2,hard_refusal + helpful_answer,benign_sensitive,falsereject
fr_train_009632,"['hard_refusal', 'helpful_answer']",2,hard_refusal + helpful_answer,benign_sensitive,falsereject
fr_train_009652,"['hard_refusal', 'helpful_answer']",2,hard_refusal + helpful_answer,benign_sensitive,falsereject
fr_train_009656,"['hard_refusal', 'helpful_answer']",2,hard_refusal + helpful_answer,benign_sensitive,falsereject
fr_train_009658,"['hard_refusal', 'helpful_answer']",2,hard_refusal + helpful_answer,benign_sensitive,falsereject
fr_train_009662,"['hard_refusal', 'helpful_answer']",2,hard_refusal + helpful_answer,benign_sensitive,falsereject
fr_train_009668,"['hard_refusal', 'helpful_answer']",2,hard_refusal + helpful_answer,benign_sensitive,falsereject
fr_train_009670,"['hard_refusal', 'helpful_answer']",2,hard_refusal + helpful_answer,benign_sensitive,falsereject
fr_train_009690,"['hard_refusal', 'helpful_answer']",2,hard_refusal + helpful_answer,benign_sensitive,falsereject
fr_train_009697,"['hard_refusal', 'helpful_answer']",2,hard_refusal + helpful_answer,benign_sensitive,falsereject
fr_train_009703,"['hard_refusal', 'helpful_answer']",2,hard_refusal + helpful_answer,benign_sensitive,falsereject
fr_train_009707,"['hard_refusal', 'helpful_answer']",2,hard_refusal + helpful_answer,benign_sensitive,falsereject
fr_train_009708,"['hard_refusal', 'helpful_answer']",2,hard_refusal + helpful_answer,benign_sensitive,falsereject
fr_train_009727,"['hard_refusal', 'helpful_answer']",2,hard_refusal + helpful_answer,benign_sensitive,falsereject
fr_train_009731,"['hard_refusal', 'helpful_answer']",2,hard_refusal + helpful_answer,benign_sensitive,falsereject
fr_train_009739,"['hard_refusal', 'helpful_answer']",2,hard_refusal + helpful_answer,benign_sensitive,falsereject
fr_train_009751,"['hard_refusal', 'helpful_answer']",2,hard_refusal + helpful_answer,benign_sensitive,falsereject
fr_train_009757,"['hard_refusal', 'helpful_answer']",2,hard_refusal + helpful_answer,benign_sensitive,falsereject
fr_train_009764,"['hard_refusal', 'helpful_answer']",2,hard_refusal + helpful_answer,benign_sensitive,falsereject
fr_train_009767,"['hard_refusal', 'helpful_answer']",2,hard_refusal + helpful_answer,benign_sensitive,falsereject
fr_train_009770,"['hard_refusal', 'helpful_answer']",2,hard_refusal + helpful_answer,benign_sensitive,falsereject
fr_train_009776,"['hard_refusal', 'helpful_answer']",2,hard_refusal + helpful_answer,benign_sensitive,falsereject
fr_train_009809,"['hard_refusal', 'helpful_answer']",2,hard_refusal + helpful_answer,benign_sensitive,falsereject
fr_train_009818,"['hard_refusal', 'helpful_answer']",2,hard_refusal + helpful_answer,benign_sensitive,falsereject
fr_train_009834,"['hard_refusal', 'helpful_answer']",2,hard_refusal + helpful_answer,benign_sensitive,falsereject
fr_train_009839,"['hard_refusal', 'helpful_answer']",2,hard_refusal + helpful_answer,benign_sensitive,falsereject
fr_train_009858,"['hard_refusal', 'helpful_answer']",2,hard_refusal + helpful_answer,benign_sensitive,falsereject
fr_train_009862,"['hard_refusal', 'helpful_answer']",2,hard_refusal + helpful_answer,benign_sensitive,falsereject
fr_train_009863,"['hard_refusal', 'helpful_answer']",2,hard_refusal + helpful_answer,benign_sensitive,falsereject
fr_train_009866,"['hard_refusal', 'helpful_answer']",2,hard_refusal + helpful_answer,benign_sensitive,falsereject
fr_train_009867,"['hard_refusal', 'helpful_answer']",2,hard_refusal + helpful_answer,benign_sensitive,falsereject
fr_train_009871,"['hard_refusal', 'helpful_answer']",2,hard_refusal + helpful_answer,benign_sensitive,falsereject
fr_train_009876,"['hard_refusal', 'helpful_answer']",2,hard_refusal + helpful_answer,benign_sensitive,falsereject
fr_train_009885,"['hard_refusal', 'helpful_answer']",2,hard_refusal + helpful_answer,benign_sensitive,falsereject
fr_train_009892,"['hard_refusal', 'helpful_answer']",2,hard_refusal + helpful_answer,benign_sensitive,falsereject
fr_train_009912,"['hard_refusal', 'helpful_answer']",2,hard_refusal + helpful_answer,benign_sensitive,falsereject
fr_train_009913,"['hard_refusal', 'helpful_answer']",2,hard_refusal + helpful_answer,benign_sensitive,falsereject
fr_train_009916,"['hard_refusal', 'helpful_answer']",2,hard_refusal + helpful_answer,benign_sensitive,falsereject
fr_train_009917,"['hard_refusal', 'helpful_answer']",2,hard_refusal + helpful_answer,benign_sensitive,falsereject
fr_train_009918,"['hard_refusal', 'helpful_answer']",2,hard_refusal + helpful_answer,benign_sensitive,falsereject
fr_train_009930,"['hard_refusal', 'helpful_answer']",2,hard_refusal + helpful_answer,benign_sensitive,falsereject
fr_train_009933,"['hard_refusal', 'helpful_answer']",2,hard_refusal + helpful_answer,benign_sensitive,falsereject
fr_train_009939,"['hard_refusal', 'helpful_answer']",2,hard_refusal + helpful_answer,benign_sensitive,falsereject
fr_train_009943,"['hard_refusal', 'helpful_answer']",2,hard_refusal + helpful_answer,benign_sensitive,falsereject
fr_train_009947,"['hard_refusal', 'helpful_answer']",2,hard_refusal + helpful_answer,benign_sensitive,falsereject
fr_train_009958,"['hard_refusal', 'helpful_answer']",2,hard_refusal + helpful_answer,benign_sensitive,falsereject
fr_train_009960,"['hard_refusal', 'helpful_answer']",2,hard_refusal + helpful_answer,benign_sensitive,falsereject
fr_train_009962,"['hard_refusal', 'helpful_answer']",2,hard_refusal + helpful_answer,benign_sensitive,falsereject
fr_train_009970,"['hard_refusal', 'helpful_answer']",2,hard_refusal + helpful_answer,benign_sensitive,falsereject
fr_train_009972,"['hard_refusal', 'helpful_answer']",2,hard_refusal + helpful_answer,benign_sensitive,falsereject
fr_train_009984,"['hard_refusal', 'helpful_answer']",2,hard_refusal + helpful_answer,benign_sensitive,falsereject
fr_train_009988,"['hard_refusal', 'helpful_answer']",2,hard_refusal + helpful_answer,benign_sensitive,falsereject
fr_train_010002,"['hard_refusal', 'helpful_answer']",2,hard_refusal + helpful_answer,benign_sensitive,falsereject
fr_train_010006,"['hard_refusal', 'helpful_answer']",2,hard_refusal + helpful_answer,benign_sensitive,falsereject
fr_train_010025,"['hard_refusal', 'helpful_answer']",2,hard_refusal + helpful_answer,benign_sensitive,falsereject
fr_train_010027,"['hard_refusal', 'helpful_answer']",2,hard_refusal + helpful_answer,benign_sensitive,falsereject
fr_train_010032,"['hard_refusal', 'helpful_answer']",2,hard_refusal + helpful_answer,benign_sensitive,falsereject
fr_train_010040,"['hard_refusal', 'helpful_answer']",2,hard_refusal + helpful_answer,benign_sensitive,falsereject
fr_train_010043,"['hard_refusal', 'helpful_answer']",2,hard_refusal + helpful_answer,benign_sensitive,falsereject
fr_train_010046,"['hard_refusal', 'helpful_answer']",2,hard_refusal + helpful_answer,benign_sensitive,falsereject
fr_train_010050,"['hard_refusal', 'helpful_answer']",2,hard_refusal + helpful_answer,benign_sensitive,falsereject
fr_train_010062,"['hard_refusal', 'helpful_answer']",2,hard_refusal + helpful_answer,benign_sensitive,falsereject
fr_train_010101,"['hard_refusal', 'helpful_answer']",2,hard_refusal + helpful_answer,benign_sensitive,falsereject
fr_train_010109,"['hard_refusal', 'helpful_answer']",2,hard_refusal + helpful_answer,benign_sensitive,falsereject
fr_train_010115,"['hard_refusal', 'helpful_answer']",2,hard_refusal + helpful_answer,benign_sensitive,falsereject
fr_train_010129,"['hard_refusal', 'helpful_answer']",2,hard_refusal + helpful_answer,benign_sensitive,falsereject
fr_train_010137,"['hard_refusal', 'helpful_answer']",2,hard_refusal + helpful_answer,benign_sensitive,falsereject
fr_train_010139,"['hard_refusal', 'helpful_answer']",2,hard_refusal + helpful_answer,benign_sensitive,falsereject
fr_train_010146,"['hard_refusal', 'helpful_answer']",2,hard_refusal + helpful_answer,benign_sensitive,falsereject
fr_train_010161,"['hard_refusal', 'helpful_answer']",2,hard_refusal + helpful_answer,benign_sensitive,falsereject
fr_train_010171,"['hard_refusal', 'helpful_answer']",2,hard_refusal + helpful_answer,benign_sensitive,falsereject
fr_train_010175,"['hard_refusal', 'helpful_answer']",2,hard_refusal + helpful_answer,benign_sensitive,falsereject
fr_train_010181,"['hard_refusal', 'helpful_answer']",2,hard_refusal + helpful_answer,benign_sensitive,falsereject
fr_train_010215,"['hard_refusal', 'helpful_answer']",2,hard_refusal + helpful_answer,benign_sensitive,falsereject
fr_train_010221,"['hard_refusal', 'helpful_answer']",2,hard_refusal + helpful_answer,benign_sensitive,falsereject
fr_train_010235,"['hard_refusal', 'helpful_answer']",2,hard_refusal + helpful_answer,benign_sensitive,falsereject
fr_train_010242,"['hard_refusal', 'helpful_answer']",2,hard_refusal + helpful_answer,benign_sensitive,falsereject
fr_train_010247,"['hard_refusal', 'helpful_answer']",2,hard_refusal + helpful_answer,benign_sensitive,falsereject
fr_train_010252,"['hard_refusal', 'helpful_answer']",2,hard_refusal + helpful_answer,benign_sensitive,falsereject
fr_train_010253,"['hard_refusal', 'helpful_answer']",2,hard_refusal + helpful_answer,benign_sensitive,falsereject
fr_train_010256,"['hard_refusal', 'helpful_answer']",2,hard_refusal + helpful_answer,benign_sensitive,falsereject
fr_train_010273,"['hard_refusal', 'helpful_answer']",2,hard_refusal + helpful_answer,benign_sensitive,falsereject
fr_train_010279,"['hard_refusal', 'helpful_answer']",2,hard_refusal + helpful_answer,benign_sensitive,falsereject
fr_train_010281,"['hard_refusal', 'helpful_answer']",2,hard_refusal + helpful_answer,benign_sensitive,falsereject
fr_train_010287,"['hard_refusal', 'helpful_answer']",2,hard_refusal + helpful_answer,benign_sensitive,falsereject
fr_train_010318,"['hard_refusal', 'helpful_answer']",2,hard_refusal + helpful_answer,benign_sensitive,falsereject
fr_train_010325,"['hard_refusal', 'helpful_answer']",2,hard_refusal + helpful_answer,benign_sensitive,falsereject
fr_train_010341,"['hard_refusal', 'helpful_answer']",2,hard_refusal + helpful_answer,benign_sensitive,falsereject
fr_train_010346,"['hard_refusal', 'helpful_answer']",2,hard_refusal + helpful_answer,benign_sensitive,falsereject
fr_train_010361,"['hard_refusal', 'helpful_answer']",2,hard_refusal + helpful_answer,benign_sensitive,falsereject
fr_train_010364,"['hard_refusal', 'helpful_answer']",2,hard_refusal + helpful_answer,benign_sensitive,falsereject
fr_train_010375,"['hard_refusal', 'helpful_answer']",2,hard_refusal + helpful_answer,benign_sensitive,falsereject
fr_train_010382,"['hard_refusal', 'helpful_answer']",2,hard_refusal + helpful_answer,benign_sensitive,falsereject
fr_train_010407,"['hard_refusal', 'helpful_answer']",2,hard_refusal + helpful_answer,benign_sensitive,falsereject
fr_train_010411,"['hard_refusal', 'helpful_answer']",2,hard_refusal + helpful_answer,benign_sensitive,falsereject
fr_train_010415,"['hard_refusal', 'helpful_answer']",2,hard_refusal + helpful_answer,benign_sensitive,falsereject
fr_train_010417,"['hard_refusal', 'helpful_answer']",2,hard_refusal + helpful_answer,benign_sensitive,falsereject
fr_train_010421,"['hard_refusal', 'helpful_answer']",2,hard_refusal + helpful_answer,benign_sensitive,falsereject
fr_train_010429,"['hard_refusal', 'helpful_answer']",2,hard_refusal + helpful_answer,benign_sensitive,falsereject
fr_train_010456,"['hard_refusal', 'helpful_answer']",2,hard_refusal + helpful_answer,benign_sensitive,falsereject
fr_train_010461,"['hard_refusal', 'helpful_answer']",2,hard_refusal + helpful_answer,benign_sensitive,falsereject
fr_train_010476,"['hard_refusal', 'helpful_answer']",2,hard_refusal + helpful_answer,benign_sensitive,falsereject
fr_train_010479,"['hard_refusal', 'helpful_answer']",2,hard_refusal + helpful_answer,benign_sensitive,falsereject
fr_train_010480,"['hard_refusal', 'helpful_answer']",2,hard_refusal + helpful_answer,benign_sensitive,falsereject
fr_train_010487,"['hard_refusal', 'helpful_answer']",2,hard_refusal + helpful_answer,benign_sensitive,falsereject
fr_train_010493,"['hard_refusal', 'helpful_answer']",2,hard_refusal + helpful_answer,benign_sensitive,falsereject
fr_train_010504,"['hard_refusal', 'helpful_answer']",2,hard_refusal + helpful_answer,benign_sensitive,falsereject
fr_train_010508,"['hard_refusal', 'helpful_answer']",2,hard_refusal + helpful_answer,benign_sensitive,falsereject
fr_train_010521,"['hard_refusal', 'helpful_answer']",2,hard_refusal + helpful_answer,benign_sensitive,falsereject
fr_train_010525,"['hard_refusal', 'helpful_answer']",2,hard_refusal + helpful_answer,benign_sensitive,falsereject
fr_train_010534,"['hard_refusal', 'helpful_answer']",2,hard_refusal + helpful_answer,benign_sensitive,falsereject
fr_train_010537,"['hard_refusal', 'helpful_answer']",2,hard_refusal + helpful_answer,benign_sensitive,falsereject
fr_train_010543,"['hard_refusal', 'helpful_answer']",2,hard_refusal + helpful_answer,benign_sensitive,falsereject
fr_train_010544,"['hard_refusal', 'helpful_answer']",2,hard_refusal + helpful_answer,benign_sensitive,falsereject
fr_train_010552,"['hard_refusal', 'helpful_answer']",2,hard_refusal + helpful_answer,benign_sensitive,falsereject
fr_train_010563,"['hard_refusal', 'helpful_answer']",2,hard_refusal + helpful_answer,benign_sensitive,falsereject
fr_train_010573,"['hard_refusal', 'helpful_answer']",2,hard_refusal + helpful_answer,benign_sensitive,falsereject
fr_train_010576,"['hard_refusal', 'helpful_answer']",2,hard_refusal + helpful_answer,benign_sensitive,falsereject
fr_train_010579,"['hard_refusal', 'helpful_answer']",2,hard_refusal + helpful_answer,benign_sensitive,falsereject
fr_train_010585,"['hard_refusal', 'helpful_answer']",2,hard_refusal + helpful_answer,benign_sensitive,falsereject
fr_train_010587,"['hard_refusal', 'helpful_answer']",2,hard_refusal + helpful_answer,benign_sensitive,falsereject
fr_train_010592,"['hard_refusal', 'helpful_answer']",2,hard_refusal + helpful_answer,benign_sensitive,falsereject
fr_train_010619,"['hard_refusal', 'helpful_answer']",2,hard_refusal + helpful_answer,benign_sensitive,falsereject
fr_train_010624,"['hard_refusal', 'helpful_answer']",2,hard_refusal + helpful_answer,benign_sensitive,falsereject
fr_train_010638,"['hard_refusal', 'helpful_answer']",2,hard_refusal + helpful_answer,benign_sensitive,falsereject
fr_train_010641,"['hard_refusal', 'helpful_answer']",2,hard_refusal + helpful_answer,benign_sensitive,falsereject
fr_train_010644,"['hard_refusal', 'helpful_answer']",2,hard_refusal + helpful_answer,benign_sensitive,falsereject
fr_train_010646,"['hard_refusal', 'helpful_answer']",2,hard_refusal + helpful_answer,benign_sensitive,falsereject
fr_train_010656,"['hard_refusal', 'helpful_answer']",2,hard_refusal + helpful_answer,benign_sensitive,falsereject
fr_train_010665,"['hard_refusal', 'helpful_answer']",2,hard_refusal + helpful_answer,benign_sensitive,falsereject
fr_train_010666,"['hard_refusal', 'helpful_answer']",2,hard_refusal + helpful_answer,benign_sensitive,falsereject
fr_train_010672,"['hard_refusal', 'helpful_answer']",2,hard_refusal + helpful_answer,benign_sensitive,falsereject
fr_train_010675,"['hard_refusal', 'helpful_answer']",2,hard_refusal + helpful_answer,benign_sensitive,falsereject
fr_train_010681,"['hard_refusal', 'helpful_answer']",2,hard_refusal + helpful_answer,benign_sensitive,falsereject
fr_train_010683,"['hard_refusal', 'helpful_answer']",2,hard_refusal + helpful_answer,benign_sensitive,falsereject
fr_train_010695,"['hard_refusal', 'helpful_answer']",2,hard_refusal + helpful_answer,benign_sensitive,falsereject
fr_train_010698,"['hard_refusal', 'helpful_answer']",2,hard_refusal + helpful_answer,benign_sensitive,falsereject
fr_train_010704,"['hard_refusal', 'helpful_answer']",2,hard_refusal + helpful_answer,benign_sensitive,falsereject
fr_train_010709,"['hard_refusal', 'helpful_answer']",2,hard_refusal + helpful_answer,benign_sensitive,falsereject
fr_train_010712,"['hard_refusal', 'helpful_answer']",2,hard_refusal + helpful_answer,benign_sensitive,falsereject
fr_train_010720,"['hard_refusal', 'helpful_answer']",2,hard_refusal + helpful_answer,benign_sensitive,falsereject
fr_train_010727,"['hard_refusal', 'helpful_answer']",2,hard_refusal + helpful_answer,benign_sensitive,falsereject
fr_train_010737,"['hard_refusal', 'helpful_answer']",2,hard_refusal + helpful_answer,benign_sensitive,falsereject
fr_train_010746,"['hard_refusal', 'helpful_answer']",2,hard_refusal + helpful_answer,benign_sensitive,falsereject
fr_train_010747,"['hard_refusal', 'helpful_answer']",2,hard_refusal + helpful_answer,benign_sensitive,falsereject
fr_train_010750,"['hard_refusal', 'helpful_answer']",2,hard_refusal + helpful_answer,benign_sensitive,falsereject
fr_train_010755,"['hard_refusal', 'helpful_answer']",2,hard_refusal + helpful_answer,benign_sensitive,falsereject
fr_train_010775,"['hard_refusal', 'helpful_answer']",2,hard_refusal + helpful_answer,benign_sensitive,falsereject
fr_train_010796,"['hard_refusal', 'helpful_answer']",2,hard_refusal + helpful_answer,benign_sensitive,falsereject
fr_train_010800,"['hard_refusal', 'helpful_answer']",2,hard_refusal + helpful_answer,benign_sensitive,falsereject
fr_train_010814,"['hard_refusal', 'helpful_answer']",2,hard_refusal + helpful_answer,benign_sensitive,falsereject
fr_train_010826,"['hard_refusal', 'helpful_answer']",2,hard_refusal + helpful_answer,benign_sensitive,falsereject
fr_train_010835,"['hard_refusal', 'helpful_answer']",2,hard_refusal + helpful_answer,benign_sensitive,falsereject
fr_train_010837,"['hard_refusal', 'helpful_answer']",2,hard_refusal + helpful_answer,benign_sensitive,falsereject
fr_train_010843,"['hard_refusal', 'helpful_answer']",2,hard_refusal + helpful_answer,benign_sensitive,falsereject
fr_train_010844,"['hard_refusal', 'helpful_answer']",2,hard_refusal + helpful_answer,benign_sensitive,falsereject
fr_train_010848,"['hard_refusal', 'helpful_answer']",2,hard_refusal + helpful_answer,benign_sensitive,falsereject
fr_train_010861,"['hard_refusal', 'helpful_answer']",2,hard_refusal + helpful_answer,benign_sensitive,falsereject
fr_train_010868,"['hard_refusal', 'helpful_answer']",2,hard_refusal + helpful_answer,benign_sensitive,falsereject
fr_train_010874,"['hard_refusal', 'helpful_answer']",2,hard_refusal + helpful_answer,benign_sensitive,falsereject
fr_train_010879,"['hard_refusal', 'helpful_answer']",2,hard_refusal + helpful_answer,benign_sensitive,falsereject
fr_train_010881,"['hard_refusal', 'helpful_answer']",2,hard_refusal + helpful_answer,benign_sensitive,falsereject
fr_train_010901,"['hard_refusal', 'helpful_answer']",2,hard_refusal + helpful_answer,benign_sensitive,falsereject
fr_train_010939,"['hard_refusal', 'helpful_answer']",2,hard_refusal + helpful_answer,benign_sensitive,falsereject
fr_train_010944,"['hard_refusal', 'helpful_answer']",2,hard_refusal + helpful_answer,benign_sensitive,falsereject
fr_train_010952,"['hard_refusal', 'helpful_answer']",2,hard_refusal + helpful_answer,benign_sensitive,falsereject
fr_train_010953,"['hard_refusal', 'helpful_answer']",2,hard_refusal + helpful_answer,benign_sensitive,falsereject
fr_train_010959,"['hard_refusal', 'helpful_answer']",2,hard_refusal + helpful_answer,benign_sensitive,falsereject
fr_train_010972,"['hard_refusal', 'helpful_answer']",2,hard_refusal + helpful_answer,benign_sensitive,falsereject
fr_train_010976,"['hard_refusal', 'helpful_answer']",2,hard_refusal + helpful_answer,benign_sensitive,falsereject
fr_train_010978,"['hard_refusal', 'helpful_answer']",2,hard_refusal + helpful_answer,benign_sensitive,falsereject
fr_train_010989,"['hard_refusal', 'helpful_answer']",2,hard_refusal + helpful_answer,benign_sensitive,falsereject
fr_train_011005,"['hard_refusal', 'helpful_answer']",2,hard_refusal + helpful_answer,benign_sensitive,falsereject
fr_train_011018,"['hard_refusal', 'helpful_answer']",2,hard_refusal + helpful_answer,benign_sensitive,falsereject
fr_train_011024,"['hard_refusal', 'helpful_answer']",2,hard_refusal + helpful_answer,benign_sensitive,falsereject
fr_train_011031,"['hard_refusal', 'helpful_answer']",2,hard_refusal + helpful_answer,benign_sensitive,falsereject
fr_train_011032,"['hard_refusal', 'helpful_answer']",2,hard_refusal + helpful_answer,benign_sensitive,falsereject
fr_train_011040,"['hard_refusal', 'helpful_answer']",2,hard_refusal + helpful_answer,benign_sensitive,falsereject
fr_train_011045,"['hard_refusal', 'helpful_answer']",2,hard_refusal + helpful_answer,benign_sensitive,falsereject
fr_train_011049,"['hard_refusal', 'helpful_answer']",2,hard_refusal + helpful_answer,benign_sensitive,falsereject
fr_train_011051,"['hard_refusal', 'helpful_answer']",2,hard_refusal + helpful_answer,benign_sensitive,falsereject
fr_train_011057,"['hard_refusal', 'helpful_answer']",2,hard_refusal + helpful_answer,benign_sensitive,falsereject
fr_train_011061,"['hard_refusal', 'helpful_answer']",2,hard_refusal + helpful_answer,benign_sensitive,falsereject
fr_train_011080,"['hard_refusal', 'helpful_answer']",2,hard_refusal + helpful_answer,benign_sensitive,falsereject
fr_train_011082,"['hard_refusal', 'helpful_answer']",2,hard_refusal + helpful_answer,benign_sensitive,falsereject
fr_train_011099,"['hard_refusal', 'helpful_answer']",2,hard_refusal + helpful_answer,benign_sensitive,falsereject
fr_train_011113,"['hard_refusal', 'helpful_answer']",2,hard_refusal + helpful_answer,benign_sensitive,falsereject
fr_train_011123,"['hard_refusal', 'helpful_answer']",2,hard_refusal + helpful_answer,benign_sensitive,falsereject
fr_train_011129,"['hard_refusal', 'helpful_answer']",2,hard_refusal + helpful_answer,benign_sensitive,falsereject
fr_train_011133,"['hard_refusal', 'helpful_answer']",2,hard_refusal + helpful_answer,benign_sensitive,falsereject
fr_train_011145,"['hard_refusal', 'helpful_answer']",2,hard_refusal + helpful_answer,benign_sensitive,falsereject
fr_train_011146,"['hard_refusal', 'helpful_answer']",2,hard_refusal + helpful_answer,benign_sensitive,falsereject
fr_train_011149,"['hard_refusal', 'helpful_answer']",2,hard_refusal + helpful_answer,benign_sensitive,falsereject
fr_train_011153,"['hard_refusal', 'helpful_answer']",2,hard_refusal + helpful_answer,benign_sensitive,falsereject
fr_train_011154,"['hard_refusal', 'helpful_answer']",2,hard_refusal + helpful_answer,benign_sensitive,falsereject
fr_train_011180,"['hard_refusal', 'helpful_answer']",2,hard_refusal + helpful_answer,benign_sensitive,falsereject
fr_train_011193,"['hard_refusal', 'helpful_answer']",2,hard_refusal + helpful_answer,benign_sensitive,falsereject
fr_train_011198,"['hard_refusal', 'helpful_answer']",2,hard_refusal + helpful_answer,benign_sensitive,falsereject
fr_train_011199,"['hard_refusal', 'helpful_answer']",2,hard_refusal + helpful_answer,benign_sensitive,falsereject
fr_train_011205,"['hard_refusal', 'helpful_answer']",2,hard_refusal + helpful_answer,benign_sensitive,falsereject
fr_train_011206,"['hard_refusal', 'helpful_answer']",2,hard_refusal + helpful_answer,benign_sensitive,falsereject
fr_train_011210,"['hard_refusal', 'helpful_answer']",2,hard_refusal + helpful_answer,benign_sensitive,falsereject
fr_train_011224,"['hard_refusal', 'helpful_answer']",2,hard_refusal + helpful_answer,benign_sensitive,falsereject
fr_train_011227,"['hard_refusal', 'helpful_answer']",2,hard_refusal + helpful_answer,benign_sensitive,falsereject
fr_train_011231,"['hard_refusal', 'helpful_answer']",2,hard_refusal + helpful_answer,benign_sensitive,falsereject
fr_train_011250,"['hard_refusal', 'helpful_answer']",2,hard_refusal + helpful_answer,benign_sensitive,falsereject
fr_train_011261,"['hard_refusal', 'helpful_answer']",2,hard_refusal + helpful_answer,benign_sensitive,falsereject
fr_train_011265,"['hard_refusal', 'helpful_answer']",2,hard_refusal + helpful_answer,benign_sensitive,falsereject
fr_train_011275,"['hard_refusal', 'helpful_answer']",2,hard_refusal + helpful_answer,benign_sensitive,falsereject
fr_train_011279,"['hard_refusal', 'helpful_answer']",2,hard_refusal + helpful_answer,benign_sensitive,falsereject
fr_train_011295,"['hard_refusal', 'helpful_answer']",2,hard_refusal + helpful_answer,benign_sensitive,falsereject
fr_train_011302,"['hard_refusal', 'helpful_answer']",2,hard_refusal + helpful_answer,benign_sensitive,falsereject
fr_train_011305,"['hard_refusal', 'helpful_answer']",2,hard_refusal + helpful_answer,benign_sensitive,falsereject
fr_train_011307,"['hard_refusal', 'helpful_answer']",2,hard_refusal + helpful_answer,benign_sensitive,falsereject
fr_train_011326,"['hard_refusal', 'helpful_answer']",2,hard_refusal + helpful_answer,benign_sensitive,falsereject
fr_train_011331,"['hard_refusal', 'helpful_answer']",2,hard_refusal + helpful_answer,benign_sensitive,falsereject
fr_train_011339,"['hard_refusal', 'helpful_answer']",2,hard_refusal + helpful_answer,benign_sensitive,falsereject
fr_train_011358,"['hard_refusal', 'helpful_answer']",2,hard_refusal + helpful_answer,benign_sensitive,falsereject
fr_train_011362,"['hard_refusal', 'helpful_answer']",2,hard_refusal + helpful_answer,benign_sensitive,falsereject
fr_train_011363,"['hard_refusal', 'helpful_answer']",2,hard_refusal + helpful_answer,benign_sensitive,falsereject
fr_train_011370,"['hard_refusal', 'helpful_answer']",2,hard_refusal + helpful_answer,benign_sensitive,falsereject
fr_train_011373,"['hard_refusal', 'helpful_answer']",2,hard_refusal + helpful_answer,benign_sensitive,falsereject
fr_train_011378,"['hard_refusal', 'helpful_answer']",2,hard_refusal + helpful_answer,benign_sensitive,falsereject
fr_train_011389,"['hard_refusal', 'helpful_answer']",2,hard_refusal + helpful_answer,benign_sensitive,falsereject
fr_train_011394,"['hard_refusal', 'helpful_answer']",2,hard_refusal + helpful_answer,benign_sensitive,falsereject
fr_train_011433,"['hard_refusal', 'helpful_answer']",2,hard_refusal + helpful_answer,benign_sensitive,falsereject
fr_train_011447,"['hard_refusal', 'helpful_answer']",2,hard_refusal + helpful_answer,benign_sensitive,falsereject
fr_train_011454,"['hard_refusal', 'helpful_answer']",2,hard_refusal + helpful_answer,benign_sensitive,falsereject
fr_train_011459,"['hard_refusal', 'helpful_answer']",2,hard_refusal + helpful_answer,benign_sensitive,falsereject
fr_train_011479,"['hard_refusal', 'helpful_answer']",2,hard_refusal + helpful_answer,benign_sensitive,falsereject
fr_train_011486,"['hard_refusal', 'helpful_answer']",2,hard_refusal + helpful_answer,benign_sensitive,falsereject
fr_train_011488,"['hard_refusal', 'helpful_answer']",2,hard_refusal + helpful_answer,benign_sensitive,falsereject
fr_train_011495,"['hard_refusal', 'helpful_answer']",2,hard_refusal + helpful_answer,benign_sensitive,falsereject
fr_train_011496,"['hard_refusal', 'helpful_answer']",2,hard_refusal + helpful_answer,benign_sensitive,falsereject
fr_train_011506,"['hard_refusal', 'helpful_answer']",2,hard_refusal + helpful_answer,benign_sensitive,falsereject
fr_train_011536,"['hard_refusal', 'helpful_answer']",2,hard_refusal + helpful_answer,benign_sensitive,falsereject
fr_train_011543,"['hard_refusal', 'helpful_answer']",2,hard_refusal + helpful_answer,benign_sensitive,falsereject
fr_train_011544,"['hard_refusal', 'helpful_answer']",2,hard_refusal + helpful_answer,benign_sensitive,falsereject
fr_train_011549,"['hard_refusal', 'helpful_answer']",2,hard_refusal + helpful_answer,benign_sensitive,falsereject
fr_train_011558,"['hard_refusal', 'helpful_answer']",2,hard_refusal + helpful_answer,benign_sensitive,falsereject
fr_train_011569,"['hard_refusal', 'helpful_answer']",2,hard_refusal + helpful_answer,benign_sensitive,falsereject
fr_train_011577,"['hard_refusal', 'helpful_answer']",2,hard_refusal + helpful_answer,benign_sensitive,falsereject
fr_train_011583,"['hard_refusal', 'helpful_answer']",2,hard_refusal + helpful_answer,benign_sensitive,falsereject
fr_train_011592,"['hard_refusal', 'helpful_answer']",2,hard_refusal + helpful_answer,benign_sensitive,falsereject
fr_train_011610,"['hard_refusal', 'helpful_answer']",2,hard_refusal + helpful_answer,benign_sensitive,falsereject
fr_train_011614,"['hard_refusal', 'helpful_answer']",2,hard_refusal + helpful_answer,benign_sensitive,falsereject
fr_train_011617,"['hard_refusal', 'helpful_answer']",2,hard_refusal + helpful_answer,benign_sensitive,falsereject
fr_train_011620,"['hard_refusal', 'helpful_answer']",2,hard_refusal + helpful_answer,benign_sensitive,falsereject
fr_train_011633,"['hard_refusal', 'helpful_answer']",2,hard_refusal + helpful_answer,benign_sensitive,falsereject
fr_train_011641,"['hard_refusal', 'helpful_answer']",2,hard_refusal + helpful_answer,benign_sensitive,falsereject
fr_train_011646,"['hard_refusal', 'helpful_answer']",2,hard_refusal + helpful_answer,benign_sensitive,falsereject
fr_train_011656,"['hard_refusal', 'helpful_answer']",2,hard_refusal + helpful_answer,benign_sensitive,falsereject
fr_train_011659,"['hard_refusal', 'helpful_answer']",2,hard_refusal + helpful_answer,benign_sensitive,falsereject
fr_train_011662,"['hard_refusal', 'helpful_answer']",2,hard_refusal + helpful_answer,benign_sensitive,falsereject
fr_train_011674,"['hard_refusal', 'helpful_answer']",2,hard_refusal + helpful_answer,benign_sensitive,falsereject
fr_train_011676,"['hard_refusal', 'helpful_answer']",2,hard_refusal + helpful_answer,benign_sensitive,falsereject
fr_train_011680,"['hard_refusal', 'helpful_answer']",2,hard_refusal + helpful_answer,benign_sensitive,falsereject
fr_train_011682,"['hard_refusal', 'helpful_answer']",2,hard_refusal + helpful_answer,benign_sensitive,falsereject
fr_train_011688,"['hard_refusal', 'helpful_answer']",2,hard_refusal + helpful_answer,benign_sensitive,falsereject
fr_train_011689,"['hard_refusal', 'helpful_answer']",2,hard_refusal + helpful_answer,benign_sensitive,falsereject
fr_train_011692,"['hard_refusal', 'helpful_answer']",2,hard_refusal + helpful_answer,benign_sensitive,falsereject
fr_train_011697,"['hard_refusal', 'helpful_answer']",2,hard_refusal + helpful_answer,benign_sensitive,falsereject
fr_train_011699,"['hard_refusal', 'helpful_answer']",2,hard_refusal + helpful_answer,benign_sensitive,falsereject
fr_train_011701,"['hard_refusal', 'helpful_answer']",2,hard_refusal + helpful_answer,benign_sensitive,falsereject
fr_train_011719,"['hard_refusal', 'helpful_answer']",2,hard_refusal + helpful_answer,benign_sensitive,falsereject
fr_train_011727,"['hard_refusal', 'helpful_answer']",2,hard_refusal + helpful_answer,benign_sensitive,falsereject
fr_train_011739,"['hard_refusal', 'helpful_answer']",2,hard_refusal + helpful_answer,benign_sensitive,falsereject
fr_train_011743,"['hard_refusal', 'helpful_answer']",2,hard_refusal + helpful_answer,benign_sensitive,falsereject
fr_train_011750,"['hard_refusal', 'helpful_answer']",2,hard_refusal + helpful_answer,benign_sensitive,falsereject
fr_train_011759,"['hard_refusal', 'helpful_answer']",2,hard_refusal + helpful_answer,benign_sensitive,falsereject
fr_train_011768,"['hard_refusal', 'helpful_answer']",2,hard_refusal + helpful_answer,benign_sensitive,falsereject
fr_train_011770,"['hard_refusal', 'helpful_answer']",2,hard_refusal + helpful_answer,benign_sensitive,falsereject
fr_train_011777,"['hard_refusal', 'helpful_answer']",2,hard_refusal + helpful_answer,benign_sensitive,falsereject
fr_train_011779,"['hard_refusal', 'helpful_answer']",2,hard_refusal + helpful_answer,benign_sensitive,falsereject
fr_train_011781,"['hard_refusal', 'helpful_answer']",2,hard_refusal + helpful_answer,benign_sensitive,falsereject
fr_train_011785,"['hard_refusal', 'helpful_answer']",2,hard_refusal + helpful_answer,benign_sensitive,falsereject
fr_train_011795,"['hard_refusal', 'helpful_answer']",2,hard_refusal + helpful_answer,benign_sensitive,falsereject
fr_train_011805,"['hard_refusal', 'helpful_answer']",2,hard_refusal + helpful_answer,benign_sensitive,falsereject
fr_train_011817,"['hard_refusal', 'helpful_answer']",2,hard_refusal + helpful_answer,benign_sensitive,falsereject
fr_train_011826,"['hard_refusal', 'helpful_answer']",2,hard_refusal + helpful_answer,benign_sensitive,falsereject
fr_train_011828,"['hard_refusal', 'helpful_answer']",2,hard_refusal + helpful_answer,benign_sensitive,falsereject
fr_train_011830,"['hard_refusal', 'helpful_answer']",2,hard_refusal + helpful_answer,benign_sensitive,falsereject
fr_train_011835,"['hard_refusal', 'helpful_answer']",2,hard_refusal + helpful_answer,benign_sensitive,falsereject
fr_train_011871,"['hard_refusal', 'helpful_answer']",2,hard_refusal + helpful_answer,benign_sensitive,falsereject
fr_train_011875,"['hard_refusal', 'helpful_answer']",2,hard_refusal + helpful_answer,benign_sensitive,falsereject
fr_train_011885,"['hard_refusal', 'helpful_answer']",2,hard_refusal + helpful_answer,benign_sensitive,falsereject
fr_train_011887,"['hard_refusal', 'helpful_answer']",2,hard_refusal + helpful_answer,benign_sensitive,falsereject
fr_train_011934,"['hard_refusal', 'helpful_answer']",2,hard_refusal + helpful_answer,benign_sensitive,falsereject
fr_train_011939,"['hard_refusal', 'helpful_answer']",2,hard_refusal + helpful_answer,benign_sensitive,falsereject
fr_train_011941,"['hard_refusal', 'helpful_answer']",2,hard_refusal + helpful_answer,benign_sensitive,falsereject
fr_train_011947,"['hard_refusal', 'helpful_answer']",2,hard_refusal + helpful_answer,benign_sensitive,falsereject
fr_train_011954,"['hard_refusal', 'helpful_answer']",2,hard_refusal + helpful_answer,benign_sensitive,falsereject
fr_train_011955,"['hard_refusal', 'helpful_answer']",2,hard_refusal + helpful_answer,benign_sensitive,falsereject
fr_train_011962,"['hard_refusal', 'helpful_answer']",2,hard_refusal + helpful_answer,benign_sensitive,falsereject
fr_train_011973,"['hard_refusal', 'helpful_answer']",2,hard_refusal + helpful_answer,benign_sensitive,falsereject
fr_train_011977,"['hard_refusal', 'helpful_answer']",2,hard_refusal + helpful_answer,benign_sensitive,falsereject
fr_train_011988,"['hard_refusal', 'helpful_answer']",2,hard_refusal + helpful_answer,benign_sensitive,falsereject
fr_train_011993,"['hard_refusal', 'helpful_answer']",2,hard_refusal + helpful_answer,benign_sensitive,falsereject
fr_train_012006,"['hard_refusal', 'helpful_answer']",2,hard_refusal + helpful_answer,benign_sensitive,falsereject
fr_train_012013,"['hard_refusal', 'helpful_answer']",2,hard_refusal + helpful_answer,benign_sensitive,falsereject
fr_train_012020,"['hard_refusal', 'helpful_answer']",2,hard_refusal + helpful_answer,benign_sensitive,falsereject
fr_train_012026,"['hard_refusal', 'helpful_answer']",2,hard_refusal + helpful_answer,benign_sensitive,falsereject
fr_train_012034,"['hard_refusal', 'helpful_answer']",2,hard_refusal + helpful_answer,benign_sensitive,falsereject
fr_train_012040,"['hard_refusal', 'helpful_answer']",2,hard_refusal + helpful_answer,benign_sensitive,falsereject
fr_train_012044,"['hard_refusal', 'helpful_answer']",2,hard_refusal + helpful_answer,benign_sensitive,falsereject
fr_train_012052,"['hard_refusal', 'helpful_answer']",2,hard_refusal + helpful_answer,benign_sensitive,falsereject
fr_train_012057,"['hard_refusal', 'helpful_answer']",2,hard_refusal + helpful_answer,benign_sensitive,falsereject
fr_train_012061,"['hard_refusal', 'helpful_answer']",2,hard_refusal + helpful_answer,benign_sensitive,falsereject
fr_train_012090,"['hard_refusal', 'helpful_answer']",2,hard_refusal + helpful_answer,benign_sensitive,falsereject
fr_train_012106,"['hard_refusal', 'helpful_answer']",2,hard_refusal + helpful_answer,benign_sensitive,falsereject
fr_train_012116,"['hard_refusal', 'helpful_answer']",2,hard_refusal + helpful_answer,benign_sensitive,falsereject
fr_train_012118,"['hard_refusal', 'helpful_answer']",2,hard_refusal + helpful_answer,benign_sensitive,falsereject
fr_train_012122,"['hard_refusal', 'helpful_answer']",2,hard_refusal + helpful_answer,benign_sensitive,falsereject
fr_train_012125,"['hard_refusal', 'helpful_answer']",2,hard_refusal + helpful_answer,benign_sensitive,falsereject
fr_train_012130,"['hard_refusal', 'helpful_answer']",2,hard_refusal + helpful_answer,benign_sensitive,falsereject
fr_train_012133,"['hard_refusal', 'helpful_answer']",2,hard_refusal + helpful_answer,benign_sensitive,falsereject
fr_train_012152,"['hard_refusal', 'helpful_answer']",2,hard_refusal + helpful_answer,benign_sensitive,falsereject
fr_train_012179,"['hard_refusal', 'helpful_answer']",2,hard_refusal + helpful_answer,benign_sensitive,falsereject
fr_train_012190,"['hard_refusal', 'helpful_answer']",2,hard_refusal + helpful_answer,benign_sensitive,falsereject
fr_train_012205,"['hard_refusal', 'helpful_answer']",2,hard_refusal + helpful_answer,benign_sensitive,falsereject
fr_train_012223,"['hard_refusal', 'helpful_answer']",2,hard_refusal + helpful_answer,benign_sensitive,falsereject
fr_train_012226,"['hard_refusal', 'helpful_answer']",2,hard_refusal + helpful_answer,benign_sensitive,falsereject
fr_train_012229,"['hard_refusal', 'helpful_answer']",2,hard_refusal + helpful_answer,benign_sensitive,falsereject
fr_train_012232,"['hard_refusal', 'helpful_answer']",2,hard_refusal + helpful_answer,benign_sensitive,falsereject
fr_train_012243,"['hard_refusal', 'helpful_answer']",2,hard_refusal + helpful_answer,benign_sensitive,falsereject
fr_train_012246,"['hard_refusal', 'helpful_answer']",2,hard_refusal + helpful_answer,benign_sensitive,falsereject
fr_train_012248,"['hard_refusal', 'helpful_answer']",2,hard_refusal + helpful_answer,benign_sensitive,falsereject
fr_train_012251,"['hard_refusal', 'helpful_answer']",2,hard_refusal + helpful_answer,benign_sensitive,falsereject
fr_train_012256,"['hard_refusal', 'helpful_answer']",2,hard_refusal + helpful_answer,benign_sensitive,falsereject
fr_train_012282,"['hard_refusal', 'helpful_answer']",2,hard_refusal + helpful_answer,benign_sensitive,falsereject
fr_train_012293,"['hard_refusal', 'helpful_answer']",2,hard_refusal + helpful_answer,benign_sensitive,falsereject
fr_train_012312,"['hard_refusal', 'helpful_answer']",2,hard_refusal + helpful_answer,benign_sensitive,falsereject
fr_train_012321,"['hard_refusal', 'helpful_answer']",2,hard_refusal + helpful_answer,benign_sensitive,falsereject
fr_train_012360,"['hard_refusal', 'helpful_answer']",2,hard_refusal + helpful_answer,benign_sensitive,falsereject
fr_train_012375,"['hard_refusal', 'helpful_answer']",2,hard_refusal + helpful_answer,benign_sensitive,falsereject
fr_train_012390,"['hard_refusal', 'helpful_answer']",2,hard_refusal + helpful_answer,benign_sensitive,falsereject
fr_train_012391,"['hard_refusal', 'helpful_answer']",2,hard_refusal + helpful_answer,benign_sensitive,falsereject
fr_train_012392,"['hard_refusal', 'helpful_answer']",2,hard_refusal + helpful_answer,benign_sensitive,falsereject
fr_train_012403,"['hard_refusal', 'helpful_answer']",2,hard_refusal + helpful_answer,benign_sensitive,falsereject
fr_train_012404,"['hard_refusal', 'helpful_answer']",2,hard_refusal + helpful_answer,benign_sensitive,falsereject
fr_train_012423,"['hard_refusal', 'helpful_answer']",2,hard_refusal + helpful_answer,benign_sensitive,falsereject
fr_train_012424,"['hard_refusal', 'helpful_answer']",2,hard_refusal + helpful_answer,benign_sensitive,falsereject
fr_train_012473,"['hard_refusal', 'helpful_answer']",2,hard_refusal + helpful_answer,benign_sensitive,falsereject
fr_train_012486,"['hard_refusal', 'helpful_answer']",2,hard_refusal + helpful_answer,benign_sensitive,falsereject
fr_train_012501,"['hard_refusal', 'helpful_answer']",2,hard_refusal + helpful_answer,benign_sensitive,falsereject
fr_train_012502,"['hard_refusal', 'helpful_answer']",2,hard_refusal + helpful_answer,benign_sensitive,falsereject
fr_train_012511,"['hard_refusal', 'helpful_answer']",2,hard_refusal + helpful_answer,benign_sensitive,falsereject
fr_train_012513,"['hard_refusal', 'helpful_answer']",2,hard_refusal + helpful_answer,benign_sensitive,falsereject
fr_train_012515,"['hard_refusal', 'helpful_answer']",2,hard_refusal + helpful_answer,benign_sensitive,falsereject
fr_train_012522,"['hard_refusal', 'helpful_answer']",2,hard_refusal + helpful_answer,benign_sensitive,falsereject
fr_train_012527,"['hard_refusal', 'helpful_answer']",2,hard_refusal + helpful_answer,benign_sensitive,falsereject
fr_train_012540,"['hard_refusal', 'helpful_answer']",2,hard_refusal + helpful_answer,benign_sensitive,falsereject
fr_train_012547,"['hard_refusal', 'helpful_answer']",2,hard_refusal + helpful_answer,benign_sensitive,falsereject
fr_train_012549,"['hard_refusal', 'helpful_answer']",2,hard_refusal + helpful_answer,benign_sensitive,falsereject
fr_train_012550,"['hard_refusal', 'helpful_answer']",2,hard_refusal + helpful_answer,benign_sensitive,falsereject
fr_train_012558,"['hard_refusal', 'helpful_answer']",2,hard_refusal + helpful_answer,benign_sensitive,falsereject
fr_train_012568,"['hard_refusal', 'helpful_answer']",2,hard_refusal + helpful_answer,benign_sensitive,falsereject
fr_train_012588,"['hard_refusal', 'helpful_answer']",2,hard_refusal + helpful_answer,benign_sensitive,falsereject
fr_train_012593,"['hard_refusal', 'helpful_answer']",2,hard_refusal + helpful_answer,benign_sensitive,falsereject
fr_train_012608,"['hard_refusal', 'helpful_answer']",2,hard_refusal + helpful_answer,benign_sensitive,falsereject
fr_train_012626,"['hard_refusal', 'helpful_answer']",2,hard_refusal + helpful_answer,benign_sensitive,falsereject
fr_train_012630,"['hard_refusal', 'helpful_answer']",2,hard_refusal + helpful_answer,benign_sensitive,falsereject
fr_train_012631,"['hard_refusal', 'helpful_answer']",2,hard_refusal + helpful_answer,benign_sensitive,falsereject
fr_train_012634,"['hard_refusal', 'helpful_answer']",2,hard_refusal + helpful_answer,benign_sensitive,falsereject
fr_train_012635,"['hard_refusal', 'helpful_answer']",2,hard_refusal + helpful_answer,benign_sensitive,falsereject
fr_train_012647,"['hard_refusal', 'helpful_answer']",2,hard_refusal + helpful_answer,benign_sensitive,falsereject
fr_train_012663,"['hard_refusal', 'helpful_answer']",2,hard_refusal + helpful_answer,benign_sensitive,falsereject
fr_train_012665,"['hard_refusal', 'helpful_answer']",2,hard_refusal + helpful_answer,benign_sensitive,falsereject
fr_train_012696,"['hard_refusal', 'helpful_answer']",2,hard_refusal + helpful_answer,benign_sensitive,falsereject
fr_train_012714,"['hard_refusal', 'helpful_answer']",2,hard_refusal + helpful_answer,benign_sensitive,falsereject
fr_train_012715,"['hard_refusal', 'helpful_answer']",2,hard_refusal + helpful_answer,benign_sensitive,falsereject
fr_train_012733,"['hard_refusal', 'helpful_answer']",2,hard_refusal + helpful_answer,benign_sensitive,falsereject
fr_train_012740,"['hard_refusal', 'helpful_answer']",2,hard_refusal + helpful_answer,benign_sensitive,falsereject
fr_train_012741,"['hard_refusal', 'helpful_answer']",2,hard_refusal + helpful_answer,benign_sensitive,falsereject
fr_train_012743,"['hard_refusal', 'helpful_answer']",2,hard_refusal + helpful_answer,benign_sensitive,falsereject
fr_train_012752,"['hard_refusal', 'helpful_answer']",2,hard_refusal + helpful_answer,benign_sensitive,falsereject
fr_train_012760,"['hard_refusal', 'helpful_answer']",2,hard_refusal + helpful_answer,benign_sensitive,falsereject
fr_train_012769,"['hard_refusal', 'helpful_answer']",2,hard_refusal + helpful_answer,benign_sensitive,falsereject
fr_train_012782,"['hard_refusal', 'helpful_answer']",2,hard_refusal + helpful_answer,benign_sensitive,falsereject
fr_train_012791,"['hard_refusal', 'helpful_answer']",2,hard_refusal + helpful_answer,benign_sensitive,falsereject
fr_train_012795,"['hard_refusal', 'helpful_answer']",2,hard_refusal + helpful_answer,benign_sensitive,falsereject
fr_train_012799,"['hard_refusal', 'helpful_answer']",2,hard_refusal + helpful_answer,benign_sensitive,falsereject
fr_train_012811,"['hard_refusal', 'helpful_answer']",2,hard_refusal + helpful_answer,benign_sensitive,falsereject
fr_train_012812,"['hard_refusal', 'helpful_answer']",2,hard_refusal + helpful_answer,benign_sensitive,falsereject
fr_train_012830,"['hard_refusal', 'helpful_answer']",2,hard_refusal + helpful_answer,benign_sensitive,falsereject
fr_train_012833,"['hard_refusal', 'helpful_answer']",2,hard_refusal + helpful_answer,benign_sensitive,falsereject
fr_train_012837,"['hard_refusal', 'helpful_answer']",2,hard_refusal + helpful_answer,benign_sensitive,falsereject
fr_train_012839,"['hard_refusal', 'helpful_answer']",2,hard_refusal + helpful_answer,benign_sensitive,falsereject
fr_train_012840,"['hard_refusal', 'helpful_answer']",2,hard_refusal + helpful_answer,benign_sensitive,falsereject
fr_train_012843,"['hard_refusal', 'helpful_answer']",2,hard_refusal + helpful_answer,benign_sensitive,falsereject
fr_train_012853,"['hard_refusal', 'helpful_answer']",2,hard_refusal + helpful_answer,benign_sensitive,falsereject
fr_train_012863,"['hard_refusal', 'helpful_answer']",2,hard_refusal + helpful_answer,benign_sensitive,falsereject
fr_train_012864,"['hard_refusal', 'helpful_answer']",2,hard_refusal + helpful_answer,benign_sensitive,falsereject
fr_train_012865,"['hard_refusal', 'helpful_answer']",2,hard_refusal + helpful_answer,benign_sensitive,falsereject
fr_train_012869,"['hard_refusal', 'helpful_answer']",2,hard_refusal + helpful_answer,benign_sensitive,falsereject
fr_train_012876,"['hard_refusal', 'helpful_answer']",2,hard_refusal + helpful_answer,benign_sensitive,falsereject
fr_train_012877,"['hard_refusal', 'helpful_answer']",2,hard_refusal + helpful_answer,benign_sensitive,falsereject
fr_train_012883,"['hard_refusal', 'helpful_answer']",2,hard_refusal + helpful_answer,benign_sensitive,falsereject
fr_train_012886,"['hard_refusal', 'helpful_answer']",2,hard_refusal + helpful_answer,benign_sensitive,falsereject
fr_train_012900,"['hard_refusal', 'helpful_answer']",2,hard_refusal + helpful_answer,benign_sensitive,falsereject
fr_train_012909,"['hard_refusal', 'helpful_answer']",2,hard_refusal + helpful_answer,benign_sensitive,falsereject
fr_train_012911,"['hard_refusal', 'helpful_answer']",2,hard_refusal + helpful_answer,benign_sensitive,falsereject
fr_train_012919,"['hard_refusal', 'helpful_answer']",2,hard_refusal + helpful_answer,benign_sensitive,falsereject
fr_train_012928,"['hard_refusal', 'helpful_answer']",2,hard_refusal + helpful_answer,benign_sensitive,falsereject
fr_train_012932,"['hard_refusal', 'helpful_answer']",2,hard_refusal + helpful_answer,benign_sensitive,falsereject
fr_train_012938,"['hard_refusal', 'helpful_answer']",2,hard_refusal + helpful_answer,benign_sensitive,falsereject
fr_train_012940,"['hard_refusal', 'helpful_answer']",2,hard_refusal + helpful_answer,benign_sensitive,falsereject
fr_train_012979,"['hard_refusal', 'helpful_answer']",2,hard_refusal + helpful_answer,benign_sensitive,falsereject
fr_train_012991,"['hard_refusal', 'helpful_answer']",2,hard_refusal + helpful_answer,benign_sensitive,falsereject
fr_train_012999,"['hard_refusal', 'helpful_answer']",2,hard_refusal + helpful_answer,benign_sensitive,falsereject
fr_train_013022,"['hard_refusal', 'helpful_answer']",2,hard_refusal + helpful_answer,benign_sensitive,falsereject
fr_train_013024,"['hard_refusal', 'helpful_answer']",2,hard_refusal + helpful_answer,benign_sensitive,falsereject
fr_train_013025,"['hard_refusal', 'helpful_answer']",2,hard_refusal + helpful_answer,benign_sensitive,falsereject
fr_train_013027,"['hard_refusal', 'helpful_answer']",2,hard_refusal + helpful_answer,benign_sensitive,falsereject
fr_train_013035,"['hard_refusal', 'helpful_answer']",2,hard_refusal + helpful_answer,benign_sensitive,falsereject
fr_train_013037,"['hard_refusal', 'helpful_answer']",2,hard_refusal + helpful_answer,benign_sensitive,falsereject
fr_train_013040,"['hard_refusal', 'helpful_answer']",2,hard_refusal + helpful_answer,benign_sensitive,falsereject
fr_train_013041,"['hard_refusal', 'helpful_answer']",2,hard_refusal + helpful_answer,benign_sensitive,falsereject
fr_train_013083,"['hard_refusal', 'helpful_answer']",2,hard_refusal + helpful_answer,benign_sensitive,falsereject
fr_train_013084,"['hard_refusal', 'helpful_answer']",2,hard_refusal + helpful_answer,benign_sensitive,falsereject
fr_train_013091,"['hard_refusal', 'helpful_answer']",2,hard_refusal + helpful_answer,benign_sensitive,falsereject
fr_train_013124,"['hard_refusal', 'helpful_answer']",2,hard_refusal + helpful_answer,benign_sensitive,falsereject
fr_train_013137,"['hard_refusal', 'helpful_answer']",2,hard_refusal + helpful_answer,benign_sensitive,falsereject
fr_train_013179,"['hard_refusal', 'helpful_answer']",2,hard_refusal + helpful_answer,benign_sensitive,falsereject
fr_train_013180,"['hard_refusal', 'helpful_answer']",2,hard_refusal + helpful_answer,benign_sensitive,falsereject
fr_train_013181,"['hard_refusal', 'helpful_answer']",2,hard_refusal + helpful_answer,benign_sensitive,falsereject
fr_train_013183,"['hard_refusal', 'helpful_answer']",2,hard_refusal + helpful_answer,benign_sensitive,falsereject
fr_train_013185,"['hard_refusal', 'helpful_answer']",2,hard_refusal + helpful_answer,benign_sensitive,falsereject
fr_train_013192,"['hard_refusal', 'helpful_answer']",2,hard_refusal + helpful_answer,benign_sensitive,falsereject
fr_train_013202,"['hard_refusal', 'helpful_answer']",2,hard_refusal + helpful_answer,benign_sensitive,falsereject
fr_train_013203,"['hard_refusal', 'helpful_answer']",2,hard_refusal + helpful_answer,benign_sensitive,falsereject
fr_train_013223,"['hard_refusal', 'helpful_answer']",2,hard_refusal + helpful_answer,benign_sensitive,falsereject
fr_train_013225,"['hard_refusal', 'helpful_answer']",2,hard_refusal + helpful_answer,benign_sensitive,falsereject
fr_train_013236,"['hard_refusal', 'helpful_answer']",2,hard_refusal + helpful_answer,benign_sensitive,falsereject
fr_train_013242,"['hard_refusal', 'helpful_answer']",2,hard_refusal + helpful_answer,benign_sensitive,falsereject
fr_train_013254,"['hard_refusal', 'helpful_answer']",2,hard_refusal + helpful_answer,benign_sensitive,falsereject
fr_train_013259,"['hard_refusal', 'helpful_answer']",2,hard_refusal + helpful_answer,benign_sensitive,falsereject
fr_train_013263,"['hard_refusal', 'helpful_answer']",2,hard_refusal + helpful_answer,benign_sensitive,falsereject
fr_train_013317,"['hard_refusal', 'helpful_answer']",2,hard_refusal + helpful_answer,benign_sensitive,falsereject
fr_train_013324,"['hard_refusal', 'helpful_answer']",2,hard_refusal + helpful_answer,benign_sensitive,falsereject
fr_train_013331,"['hard_refusal', 'helpful_answer']",2,hard_refusal + helpful_answer,benign_sensitive,falsereject
fr_train_013355,"['hard_refusal', 'helpful_answer']",2,hard_refusal + helpful_answer,benign_sensitive,falsereject
fr_train_013359,"['hard_refusal', 'helpful_answer']",2,hard_refusal + helpful_answer,benign_sensitive,falsereject
fr_train_013371,"['hard_refusal', 'helpful_answer']",2,hard_refusal + helpful_answer,benign_sensitive,falsereject
fr_train_013376,"['hard_refusal', 'helpful_answer']",2,hard_refusal + helpful_answer,benign_sensitive,falsereject
fr_train_013383,"['hard_refusal', 'helpful_answer']",2,hard_refusal + helpful_answer,benign_sensitive,falsereject
fr_train_013384,"['hard_refusal', 'helpful_answer']",2,hard_refusal + helpful_answer,benign_sensitive,falsereject
fr_train_013390,"['hard_refusal', 'helpful_answer']",2,hard_refusal + helpful_answer,benign_sensitive,falsereject
fr_train_013397,"['hard_refusal', 'helpful_answer']",2,hard_refusal + helpful_answer,benign_sensitive,falsereject
fr_train_013405,"['hard_refusal', 'helpful_answer']",2,hard_refusal + helpful_answer,benign_sensitive,falsereject
fr_train_013419,"['hard_refusal', 'helpful_answer']",2,hard_refusal + helpful_answer,benign_sensitive,falsereject
fr_train_013431,"['hard_refusal', 'helpful_answer']",2,hard_refusal + helpful_answer,benign_sensitive,falsereject
fr_train_013443,"['hard_refusal', 'helpful_answer']",2,hard_refusal + helpful_answer,benign_sensitive,falsereject
fr_train_013448,"['hard_refusal', 'helpful_answer']",2,hard_refusal + helpful_answer,benign_sensitive,falsereject
fr_train_013452,"['hard_refusal', 'helpful_answer']",2,hard_refusal + helpful_answer,benign_sensitive,falsereject
fr_train_013453,"['hard_refusal', 'helpful_answer']",2,hard_refusal + helpful_answer,benign_sensitive,falsereject
fr_train_013470,"['hard_refusal', 'helpful_answer']",2,hard_refusal + helpful_answer,benign_sensitive,falsereject
fr_train_013485,"['hard_refusal', 'helpful_answer']",2,hard_refusal + helpful_answer,benign_sensitive,falsereject
fr_train_013495,"['hard_refusal', 'helpful_answer']",2,hard_refusal + helpful_answer,benign_sensitive,falsereject
fr_train_013496,"['hard_refusal', 'helpful_answer']",2,hard_refusal + helpful_answer,benign_sensitive,falsereject
fr_train_013506,"['hard_refusal', 'helpful_answer']",2,hard_refusal + helpful_answer,benign_sensitive,falsereject
fr_train_013512,"['hard_refusal', 'helpful_answer']",2,hard_refusal + helpful_answer,benign_sensitive,falsereject
fr_train_013515,"['hard_refusal', 'helpful_answer']",2,hard_refusal + helpful_answer,benign_sensitive,falsereject
fr_train_013516,"['hard_refusal', 'helpful_answer']",2,hard_refusal + helpful_answer,benign_sensitive,falsereject
fr_train_013519,"['hard_refusal', 'helpful_answer']",2,hard_refusal + helpful_answer,benign_sensitive,falsereject
fr_train_013524,"['hard_refusal', 'helpful_answer']",2,hard_refusal + helpful_answer,benign_sensitive,falsereject
fr_train_013529,"['hard_refusal', 'helpful_answer']",2,hard_refusal + helpful_answer,benign_sensitive,falsereject
fr_train_013531,"['hard_refusal', 'helpful_answer']",2,hard_refusal + helpful_answer,benign_sensitive,falsereject
fr_train_013536,"['hard_refusal', 'helpful_answer']",2,hard_refusal + helpful_answer,benign_sensitive,falsereject
fr_train_013537,"['hard_refusal', 'helpful_answer']",2,hard_refusal + helpful_answer,benign_sensitive,falsereject
fr_train_013554,"['hard_refusal', 'helpful_answer']",2,hard_refusal + helpful_answer,benign_sensitive,falsereject
fr_train_013557,"['hard_refusal', 'helpful_answer']",2,hard_refusal + helpful_answer,benign_sensitive,falsereject
fr_train_013563,"['hard_refusal', 'helpful_answer']",2,hard_refusal + helpful_answer,benign_sensitive,falsereject
fr_train_013581,"['hard_refusal', 'helpful_answer']",2,hard_refusal + helpful_answer,benign_sensitive,falsereject
fr_train_013588,"['hard_refusal', 'helpful_answer']",2,hard_refusal + helpful_answer,benign_sensitive,falsereject
fr_train_013596,"['hard_refusal', 'helpful_answer']",2,hard_refusal + helpful_answer,benign_sensitive,falsereject
fr_train_013598,"['hard_refusal', 'helpful_answer']",2,hard_refusal + helpful_answer,benign_sensitive,falsereject
fr_train_013602,"['hard_refusal', 'helpful_answer']",2,hard_refusal + helpful_answer,benign_sensitive,falsereject
fr_train_013605,"['hard_refusal', 'helpful_answer']",2,hard_refusal + helpful_answer,benign_sensitive,falsereject
fr_train_013606,"['hard_refusal', 'helpful_answer']",2,hard_refusal + helpful_answer,benign_sensitive,falsereject
fr_train_013615,"['hard_refusal', 'helpful_answer']",2,hard_refusal + helpful_answer,benign_sensitive,falsereject
fr_train_013625,"['hard_refusal', 'helpful_answer']",2,hard_refusal + helpful_answer,benign_sensitive,falsereject
fr_train_013630,"['hard_refusal', 'helpful_answer']",2,hard_refusal + helpful_answer,benign_sensitive,falsereject
fr_train_013635,"['hard_refusal', 'helpful_answer']",2,hard_refusal + helpful_answer,benign_sensitive,falsereject
fr_train_013638,"['hard_refusal', 'helpful_answer']",2,hard_refusal + helpful_answer,benign_sensitive,falsereject
fr_train_013671,"['hard_refusal', 'helpful_answer']",2,hard_refusal + helpful_answer,benign_sensitive,falsereject
fr_train_013679,"['hard_refusal', 'helpful_answer']",2,hard_refusal + helpful_answer,benign_sensitive,falsereject
fr_train_013696,"['hard_refusal', 'helpful_answer']",2,hard_refusal + helpful_answer,benign_sensitive,falsereject
fr_train_013701,"['hard_refusal', 'helpful_answer']",2,hard_refusal + helpful_answer,benign_sensitive,falsereject
fr_train_013705,"['hard_refusal', 'helpful_answer']",2,hard_refusal + helpful_answer,benign_sensitive,falsereject
fr_train_013712,"['hard_refusal', 'helpful_answer']",2,hard_refusal + helpful_answer,benign_sensitive,falsereject
fr_train_013718,"['hard_refusal', 'helpful_answer']",2,hard_refusal + helpful_answer,benign_sensitive,falsereject
fr_train_013720,"['hard_refusal', 'helpful_answer']",2,hard_refusal + helpful_answer,benign_sensitive,falsereject
fr_train_013722,"['hard_refusal', 'helpful_answer']",2,hard_refusal + helpful_answer,benign_sensitive,falsereject
fr_train_013742,"['hard_refusal', 'helpful_answer']",2,hard_refusal + helpful_answer,benign_sensitive,falsereject
fr_train_013746,"['hard_refusal', 'helpful_answer']",2,hard_refusal + helpful_answer,benign_sensitive,falsereject
fr_train_013753,"['hard_refusal', 'helpful_answer']",2,hard_refusal + helpful_answer,benign_sensitive,falsereject
fr_train_013760,"['hard_refusal', 'helpful_answer']",2,hard_refusal + helpful_answer,benign_sensitive,falsereject
fr_train_013761,"['hard_refusal', 'helpful_answer']",2,hard_refusal + helpful_answer,benign_sensitive,falsereject
fr_train_013767,"['hard_refusal', 'helpful_answer']",2,hard_refusal + helpful_answer,benign_sensitive,falsereject
fr_train_013770,"['hard_refusal', 'helpful_answer']",2,hard_refusal + helpful_answer,benign_sensitive,falsereject
fr_train_013773,"['hard_refusal', 'helpful_answer']",2,hard_refusal + helpful_answer,benign_sensitive,falsereject
fr_train_013776,"['hard_refusal', 'helpful_answer']",2,hard_refusal + helpful_answer,benign_sensitive,falsereject
fr_train_013777,"['hard_refusal', 'helpful_answer']",2,hard_refusal + helpful_answer,benign_sensitive,falsereject
fr_train_013785,"['hard_refusal', 'helpful_answer']",2,hard_refusal + helpful_answer,benign_sensitive,falsereject
fr_train_013793,"['hard_refusal', 'helpful_answer']",2,hard_refusal + helpful_answer,benign_sensitive,falsereject
fr_train_013811,"['hard_refusal', 'helpful_answer']",2,hard_refusal + helpful_answer,benign_sensitive,falsereject
fr_train_013818,"['hard_refusal', 'helpful_answer']",2,hard_refusal + helpful_answer,benign_sensitive,falsereject
fr_train_013826,"['hard_refusal', 'helpful_answer']",2,hard_refusal + helpful_answer,benign_sensitive,falsereject
fr_train_013828,"['hard_refusal', 'helpful_answer']",2,hard_refusal + helpful_answer,benign_sensitive,falsereject
fr_train_013851,"['hard_refusal', 'helpful_answer']",2,hard_refusal + helpful_answer,benign_sensitive,falsereject
fr_train_013852,"['hard_refusal', 'helpful_answer']",2,hard_refusal + helpful_answer,benign_sensitive,falsereject
fr_train_013854,"['hard_refusal', 'helpful_answer']",2,hard_refusal + helpful_answer,benign_sensitive,falsereject
fr_train_013863,"['hard_refusal', 'helpful_answer']",2,hard_refusal + helpful_answer,benign_sensitive,falsereject
fr_train_013872,"['hard_refusal', 'helpful_answer']",2,hard_refusal + helpful_answer,benign_sensitive,falsereject
fr_train_013876,"['hard_refusal', 'helpful_answer']",2,hard_refusal + helpful_answer,benign_sensitive,falsereject
fr_train_013880,"['hard_refusal', 'helpful_answer']",2,hard_refusal + helpful_answer,benign_sensitive,falsereject
fr_train_013882,"['hard_refusal', 'helpful_answer']",2,hard_refusal + helpful_answer,benign_sensitive,falsereject
fr_train_013898,"['hard_refusal', 'helpful_answer']",2,hard_refusal + helpful_answer,benign_sensitive,falsereject
fr_train_013899,"['hard_refusal', 'helpful_answer']",2,hard_refusal + helpful_answer,benign_sensitive,falsereject
fr_train_013907,"['hard_refusal', 'helpful_answer']",2,hard_refusal + helpful_answer,benign_sensitive,falsereject
fr_train_013909,"['hard_refusal', 'helpful_answer']",2,hard_refusal + helpful_answer,benign_sensitive,falsereject
fr_train_013911,"['hard_refusal', 'helpful_answer']",2,hard_refusal + helpful_answer,benign_sensitive,falsereject
fr_train_013914,"['hard_refusal', 'helpful_answer']",2,hard_refusal + helpful_answer,benign_sensitive,falsereject
fr_train_013924,"['hard_refusal', 'helpful_answer']",2,hard_refusal + helpful_answer,benign_sensitive,falsereject
fr_train_013938,"['hard_refusal', 'helpful_answer']",2,hard_refusal + helpful_answer,benign_sensitive,falsereject
fr_train_013939,"['hard_refusal', 'helpful_answer']",2,hard_refusal + helpful_answer,benign_sensitive,falsereject
fr_train_013944,"['hard_refusal', 'helpful_answer']",2,hard_refusal + helpful_answer,benign_sensitive,falsereject
fr_train_013954,"['hard_refusal', 'helpful_answer']",2,hard_refusal + helpful_answer,benign_sensitive,falsereject
fr_train_013959,"['hard_refusal', 'helpful_answer']",2,hard_refusal + helpful_answer,benign_sensitive,falsereject
fr_train_013968,"['hard_refusal', 'helpful_answer']",2,hard_refusal + helpful_answer,benign_sensitive,falsereject
fr_train_013975,"['hard_refusal', 'helpful_answer']",2,hard_refusal + helpful_answer,benign_sensitive,falsereject
fr_train_013977,"['hard_refusal', 'helpful_answer']",2,hard_refusal + helpful_answer,benign_sensitive,falsereject
fr_train_013978,"['hard_refusal', 'helpful_answer']",2,hard_refusal + helpful_answer,benign_sensitive,falsereject
fr_train_014000,"['hard_refusal', 'helpful_answer']",2,hard_refusal + helpful_answer,benign_sensitive,falsereject
fr_train_014014,"['hard_refusal', 'helpful_answer']",2,hard_refusal + helpful_answer,benign_sensitive,falsereject
fr_train_014027,"['hard_refusal', 'helpful_answer']",2,hard_refusal + helpful_answer,benign_sensitive,falsereject
fr_train_014040,"['hard_refusal', 'helpful_answer']",2,hard_refusal + helpful_answer,benign_sensitive,falsereject
fr_train_014048,"['hard_refusal', 'helpful_answer']",2,hard_refusal + helpful_answer,benign_sensitive,falsereject
fr_train_014052,"['hard_refusal', 'helpful_answer']",2,hard_refusal + helpful_answer,benign_sensitive,falsereject
fr_train_014054,"['hard_refusal', 'helpful_answer']",2,hard_refusal + helpful_answer,benign_sensitive,falsereject
fr_train_014058,"['hard_refusal', 'helpful_answer']",2,hard_refusal + helpful_answer,benign_sensitive,falsereject
fr_train_014065,"['hard_refusal', 'helpful_answer']",2,hard_refusal + helpful_answer,benign_sensitive,falsereject
fr_train_014080,"['hard_refusal', 'helpful_answer']",2,hard_refusal + helpful_answer,benign_sensitive,falsereject
fr_train_014083,"['hard_refusal', 'helpful_answer']",2,hard_refusal + helpful_answer,benign_sensitive,falsereject
fr_train_014097,"['hard_refusal', 'helpful_answer']",2,hard_refusal + helpful_answer,benign_sensitive,falsereject
fr_train_014102,"['hard_refusal', 'helpful_answer']",2,hard_refusal + helpful_answer,benign_sensitive,falsereject
fr_train_014107,"['hard_refusal', 'helpful_answer']",2,hard_refusal + helpful_answer,benign_sensitive,falsereject
fr_train_014108,"['hard_refusal', 'helpful_answer']",2,hard_refusal + helpful_answer,benign_sensitive,falsereject
fr_train_014113,"['hard_refusal', 'helpful_answer']",2,hard_refusal + helpful_answer,benign_sensitive,falsereject
fr_train_014118,"['hard_refusal', 'helpful_answer']",2,hard_refusal + helpful_answer,benign_sensitive,falsereject
fr_train_014151,"['hard_refusal', 'helpful_answer']",2,hard_refusal + helpful_answer,benign_sensitive,falsereject
fr_train_014154,"['hard_refusal', 'helpful_answer']",2,hard_refusal + helpful_answer,benign_sensitive,falsereject
fr_train_014158,"['hard_refusal', 'helpful_answer']",2,hard_refusal + helpful_answer,benign_sensitive,falsereject
fr_train_014161,"['hard_refusal', 'helpful_answer']",2,hard_refusal + helpful_answer,benign_sensitive,falsereject
fr_train_014164,"['hard_refusal', 'helpful_answer']",2,hard_refusal + helpful_answer,benign_sensitive,falsereject
fr_train_014167,"['hard_refusal', 'helpful_answer']",2,hard_refusal + helpful_answer,benign_sensitive,falsereject
fr_train_014172,"['hard_refusal', 'helpful_answer']",2,hard_refusal + helpful_answer,benign_sensitive,falsereject
fr_train_014174,"['hard_refusal', 'helpful_answer']",2,hard_refusal + helpful_answer,benign_sensitive,falsereject
fr_train_014186,"['hard_refusal', 'helpful_answer']",2,hard_refusal + helpful_answer,benign_sensitive,falsereject
fr_train_014191,"['hard_refusal', 'helpful_answer']",2,hard_refusal + helpful_answer,benign_sensitive,falsereject
fr_train_014192,"['hard_refusal', 'helpful_answer']",2,hard_refusal + helpful_answer,benign_sensitive,falsereject
fr_train_014193,"['hard_refusal', 'helpful_answer']",2,hard_refusal + helpful_answer,benign_sensitive,falsereject
fr_train_014195,"['hard_refusal', 'helpful_answer']",2,hard_refusal + helpful_answer,benign_sensitive,falsereject
fr_train_014201,"['hard_refusal', 'helpful_answer']",2,hard_refusal + helpful_answer,benign_sensitive,falsereject
fr_train_014217,"['hard_refusal', 'helpful_answer']",2,hard_refusal + helpful_answer,benign_sensitive,falsereject
fr_train_014230,"['hard_refusal', 'helpful_answer']",2,hard_refusal + helpful_answer,benign_sensitive,falsereject
fr_train_014232,"['hard_refusal', 'helpful_answer']",2,hard_refusal + helpful_answer,benign_sensitive,falsereject
fr_train_014235,"['hard_refusal', 'helpful_answer']",2,hard_refusal + helpful_answer,benign_sensitive,falsereject
fr_train_014246,"['hard_refusal', 'helpful_answer']",2,hard_refusal + helpful_answer,benign_sensitive,falsereject
fr_train_014252,"['hard_refusal', 'helpful_answer']",2,hard_refusal + helpful_answer,benign_sensitive,falsereject
fr_train_014264,"['hard_refusal', 'helpful_answer']",2,hard_refusal + helpful_answer,benign_sensitive,falsereject
fr_train_014266,"['hard_refusal', 'helpful_answer']",2,hard_refusal + helpful_answer,benign_sensitive,falsereject
fr_train_014272,"['hard_refusal', 'helpful_answer']",2,hard_refusal + helpful_answer,benign_sensitive,falsereject
fr_train_014284,"['hard_refusal', 'helpful_answer']",2,hard_refusal + helpful_answer,benign_sensitive,falsereject
fr_train_014293,"['hard_refusal', 'helpful_answer']",2,hard_refusal + helpful_answer,benign_sensitive,falsereject
fr_train_014300,"['hard_refusal', 'helpful_answer']",2,hard_refusal + helpful_answer,benign_sensitive,falsereject
fr_train_014305,"['hard_refusal', 'helpful_answer']",2,hard_refusal + helpful_answer,benign_sensitive,falsereject
fr_train_014307,"['hard_refusal', 'helpful_answer']",2,hard_refusal + helpful_answer,benign_sensitive,falsereject
fr_train_014310,"['hard_refusal', 'helpful_answer']",2,hard_refusal + helpful_answer,benign_sensitive,falsereject
fr_train_014323,"['hard_refusal', 'helpful_answer']",2,hard_refusal + helpful_answer,benign_sensitive,falsereject
fr_train_014324,"['hard_refusal', 'helpful_answer']",2,hard_refusal + helpful_answer,benign_sensitive,falsereject
fr_train_014325,"['hard_refusal', 'helpful_answer']",2,hard_refusal + helpful_answer,benign_sensitive,falsereject
fr_train_014331,"['hard_refusal', 'helpful_answer']",2,hard_refusal + helpful_answer,benign_sensitive,falsereject
fr_train_014341,"['hard_refusal', 'helpful_answer']",2,hard_refusal + helpful_answer,benign_sensitive,falsereject
fr_train_014348,"['hard_refusal', 'helpful_answer']",2,hard_refusal + helpful_answer,benign_sensitive,falsereject
fr_train_014359,"['hard_refusal', 'helpful_answer']",2,hard_refusal + helpful_answer,benign_sensitive,falsereject
fr_train_014391,"['hard_refusal', 'helpful_answer']",2,hard_refusal + helpful_answer,benign_sensitive,falsereject
fr_train_014435,"['hard_refusal', 'helpful_answer']",2,hard_refusal + helpful_answer,benign_sensitive,falsereject
fr_train_014437,"['hard_refusal', 'helpful_answer']",2,hard_refusal + helpful_answer,benign_sensitive,falsereject
fr_train_014440,"['hard_refusal', 'helpful_answer']",2,hard_refusal + helpful_answer,benign_sensitive,falsereject
fr_train_014448,"['hard_refusal', 'helpful_answer']",2,hard_refusal + helpful_answer,benign_sensitive,falsereject
fr_train_014457,"['hard_refusal', 'helpful_answer']",2,hard_refusal + helpful_answer,benign_sensitive,falsereject
fr_train_014461,"['hard_refusal', 'helpful_answer']",2,hard_refusal + helpful_answer,benign_sensitive,falsereject
fr_train_014469,"['hard_refusal', 'helpful_answer']",2,hard_refusal + helpful_answer,benign_sensitive,falsereject
fr_train_014471,"['hard_refusal', 'helpful_answer']",2,hard_refusal + helpful_answer,benign_sensitive,falsereject
fr_train_014496,"['hard_refusal', 'helpful_answer']",2,hard_refusal + helpful_answer,benign_sensitive,falsereject
fr_train_014500,"['hard_refusal', 'helpful_answer']",2,hard_refusal + helpful_answer,benign_sensitive,falsereject
fr_train_014501,"['hard_refusal', 'helpful_answer']",2,hard_refusal + helpful_answer,benign_sensitive,falsereject
fr_train_014503,"['hard_refusal', 'helpful_answer']",2,hard_refusal + helpful_answer,benign_sensitive,falsereject
fr_train_014516,"['hard_refusal', 'helpful_answer']",2,hard_refusal + helpful_answer,benign_sensitive,falsereject
fr_train_014519,"['hard_refusal', 'helpful_answer']",2,hard_refusal + helpful_answer,benign_sensitive,falsereject
fr_train_014533,"['hard_refusal', 'helpful_answer']",2,hard_refusal + helpful_answer,benign_sensitive,falsereject
fr_train_014536,"['hard_refusal', 'helpful_answer']",2,hard_refusal + helpful_answer,benign_sensitive,falsereject
fr_train_014551,"['hard_refusal', 'helpful_answer']",2,hard_refusal + helpful_answer,benign_sensitive,falsereject
fr_train_014558,"['hard_refusal', 'helpful_answer']",2,hard_refusal + helpful_answer,benign_sensitive,falsereject
fr_train_014577,"['hard_refusal', 'helpful_answer']",2,hard_refusal + helpful_answer,benign_sensitive,falsereject
fr_train_014586,"['hard_refusal', 'helpful_answer']",2,hard_refusal + helpful_answer,benign_sensitive,falsereject
fr_train_014590,"['hard_refusal', 'helpful_answer']",2,hard_refusal + helpful_answer,benign_sensitive,falsereject
fr_train_014591,"['hard_refusal', 'helpful_answer']",2,hard_refusal + helpful_answer,benign_sensitive,falsereject
fr_train_014595,"['hard_refusal', 'helpful_answer']",2,hard_refusal + helpful_answer,benign_sensitive,falsereject
fr_train_014607,"['hard_refusal', 'helpful_answer']",2,hard_refusal + helpful_answer,benign_sensitive,falsereject
fr_train_014608,"['hard_refusal', 'helpful_answer']",2,hard_refusal + helpful_answer,benign_sensitive,falsereject
fr_train_014615,"['hard_refusal', 'helpful_answer']",2,hard_refusal + helpful_answer,benign_sensitive,falsereject
fr_train_014620,"['hard_refusal', 'helpful_answer']",2,hard_refusal + helpful_answer,benign_sensitive,falsereject
